sample,Family_ID,chrom,pos,ref,alt,gene,Inheritance,HGVSc,HGVSp,AA_ref,AA_alt,AA_pos,Exon,Consequence,Zygosity,DP,Sample_AF,acmg_disease_association,Special_Guidance,Rules_applied,disease_match,disease_match_level,disease_match_reason,clinvar_trait,clinvar_sig,clinvar_stars,hgmd_class,hgmd_phenotype,hgmd_publication_count,hgmd_rankscore,hgmd_dmsupported,hgmd_support_confirmed,internal_db_sig,database_summary,gnomAD_AF,gnomAD_version,REVEL,CADD,SpliceAI,AlphaMissense,ps1_matches,pm5_matches,phase,is_delins_part,criteria_assigned,criteria_points,total_points,Algorithmic_class,automated_class,PVS1_expl,PS1_expl,PM1_expl,PM2_expl,PM3_expl,PM4_expl,PM5_expl,PP1_expl,PP3_expl,PP5_expl,BA1_expl,BS1_expl,BS2_expl,BP4_expl,BP5_expl,BP6_expl,BP7_expl,in_auto_report,in_manual_review,auto_report_reasons,manual_reasons,comments,filtered_reasons,filtered_out
7024470,28730_2023,chr1,17044325,A,AT,SDHB,AD,ENST00000375499.8:c.200+435dup,Not provided,,,,,intron_variant,Hom,37,1.000,Hereditary paraganglioma-pheochromocytoma syndrome,No,,No,unknown_db_phenotype,No phenotype text in DB (unknown),Not provided,Not provided,0,Not provided,Not provided,0,Not provided,0,0,Not provided,No database evidence,0.0,Unknown,Not provided,Not provided,0.000,Not provided,[],[],unknown,No,PM2_Moderate,"{""PM2_Moderate"": 2}",2,VUS,VUS,,,,PM2_Moderate: gnomAD max AF=0 < threshold 0.0001 for MOI AD,,,,,,,,,,,,,,No,No,,,,,Yes
7024470,28730_2023,chr1,55055265,G,A,PCSK9,AD,ENST00000302118.5:c.800-728G>A,Not provided,,,,,intron_variant,Het,26,0.679,Familial hypercholesterolemia,Yes,"RULES_PRESENT_NO_MATCH: Include if Impact is ""MODERATE"" or ""LOW"";RULES_PRESENT_NO_MATCH: Include if Impact is ""MODERATE"" or ""LOW""",No,unknown_db_phenotype,No phenotype text in DB (unknown),Not provided,Not provided,0,Not provided,Not provided,0,Not provided,0,0,Not provided,No database evidence,0.0,Unknown,Not provided,Not provided,0.010,Not provided,[],[],unknown,No,PM2_Moderate,"{""PM2_Moderate"": 2}",2,VUS,VUS,,,,PM2_Moderate: gnomAD max AF=0 < threshold 0.0001 for MOI AD,,,,,,,,,,,,,,No,No,,,,,Yes
7024470,28730_2023,chr1,68435310,C,A,RPE65,AR,ENST00000262340.6:c.1128+2877G>T,Not provided,,,,,intron_variant,Het,27,0.517,RPE65-related retinopathy,No,,No,unknown_db_phenotype,No phenotype text in DB (unknown),Not provided,Not provided,0,Not provided,Not provided,0,Not provided,0,0,Not provided,No database evidence,0.0,Unknown,Not provided,Not provided,0.000,Not provided,[],[],unknown,No,PM2_Moderate,"{""PM2_Moderate"": 2}",2,VUS,VUS,,,,PM2_Moderate: gnomAD max AF=0 < threshold 0.005 for MOI AR,,,,,,,,,,,,,,No,No,,,,,Yes
7024470,28730_2023,chr1,68447524,A,G,RPE65,AR,ENST00000262340.6:c.95-664T>C,Not provided,,,,,intron_variant,Het,27,0.571,RPE65-related retinopathy,No,,No,unknown_db_phenotype,No phenotype text in DB (unknown),Not provided,Not provided,0,Not provided,Not provided,0,Not provided,0,0,Not provided,No database evidence,0.0,Unknown,Not provided,Not provided,0.010,Not provided,[],[],unknown,No,PM2_Moderate,"{""PM2_Moderate"": 2}",2,VUS,VUS,,,,PM2_Moderate: gnomAD max AF=0 < threshold 0.005 for MOI AR,,,,,,,,,,,,,,No,No,,,,,Yes
7024470,28730_2023,chr1,115712867,AAG,A,CASQ2,AR,ENST00000261448.6:c.838+4971_838+4972del,Not provided,,,,,intron_variant,Het,20,0.571,Catecholaminergic polymorphic ventricular tachycardia,No,,No,unknown_db_phenotype,No phenotype text in DB (unknown),Not provided,Not provided,0,Not provided,Not provided,0,Not provided,0,0,Not provided,No database evidence,0.0,Unknown,Not provided,Not provided,0.000,Not provided,[],[],unknown,No,PM2_Moderate,"{""PM2_Moderate"": 2}",2,VUS,VUS,,,,PM2_Moderate: gnomAD max AF=0 < threshold 0.005 for MOI AR,,,,,,,,,,,,,,No,No,,,,,Yes
7024470,28730_2023,chr1,115739061,T,TA,CASQ2,AR,ENST00000261448.6:c.421-727_421-726insT,Not provided,,,,,intron_variant,Het,30,0.387,Catecholaminergic polymorphic ventricular tachycardia,No,,No,unknown_db_phenotype,No phenotype text in DB (unknown),Not provided,Not provided,0,Not provided,Not provided,0,Not provided,0,0,Not provided,No database evidence,0.0,Unknown,Not provided,Not provided,0.000,Not provided,[],[],unknown,No,PM2_Moderate,"{""PM2_Moderate"": 2}",2,VUS,VUS,,,,PM2_Moderate: gnomAD max AF=0 < threshold 0.005 for MOI AR,,,,,,,,,,,,,,No,No,,,,,Yes
7024470,28730_2023,chr1,115758786,C,T,CASQ2,AR,ENST00000261448.6:c.234+9522G>A,Not provided,,,,,intron_variant,Het,43,0.511,Catecholaminergic polymorphic ventricular tachycardia,No,,No,unknown_db_phenotype,No phenotype text in DB (unknown),Not provided,Not provided,0,Not provided,Not provided,0,Not provided,0,0,Not provided,No database evidence,0.0,Unknown,Not provided,Not provided,0.000,Not provided,[],[],unknown,No,PM2_Moderate,"{""PM2_Moderate"": 2}",2,VUS,VUS,,,,PM2_Moderate: gnomAD max AF=0 < threshold 0.005 for MOI AR,,,,,,,,,,,,,,No,No,,,,,Yes
7024470,28730_2023,chr1,115788530,T,C,CASQ2,AR,ENST00000713728.1:c.-224+4403A>G,Not provided,,,,,intron_variant,Het,51,0.481,Catecholaminergic polymorphic ventricular tachycardia,No,,No,unknown_db_phenotype,No phenotype text in DB (unknown),Not provided,Not provided,0,Not provided,Not provided,0,Not provided,0,0,Not provided,No database evidence,0.0,Unknown,Not provided,Not provided,Not provided,Not provided,[],[],unknown,No,PM2_Moderate,"{""PM2_Moderate"": 2}",2,VUS,VUS,,,,PM2_Moderate: gnomAD max AF=0 < threshold 0.005 for MOI AR,,,,,,,,,,,,,,No,No,,,,,Yes
7024470,28730_2023,chr1,156094846,G,A,LMNA,AD,ENST00000368301.6:c.-207+4264G>A,Not provided,,,,,intron_variant,Het,20,0.391,Dilated cardiomyopathy,No,,No,unknown_db_phenotype,No phenotype text in DB (unknown),Not provided,Not provided,0,Not provided,Not provided,0,Not provided,0,0,Not provided,No database evidence,0.0,Unknown,Not provided,Not provided,Not provided,Not provided,[],[],unknown,No,PM2_Moderate,"{""PM2_Moderate"": 2}",2,VUS,VUS,,,,PM2_Moderate: gnomAD max AF=0 < threshold 0.0001 for MOI AD,,,,,,,,,,,,,,No,No,,,,,Yes
7024470,28730_2023,chr1,161309552,A,ATATAT,SDHC,AD,Not provided,Not provided,,,,,upstream_gene_variant,Het,13,0.533,Hereditary paraganglioma-pheochromocytoma syndrome,No,,No,unknown_db_phenotype,No phenotype text in DB (unknown),Not provided,Not provided,0,Not provided,Not provided,0,Not provided,0,0,Not provided,No database evidence,0.0,Unknown,Not provided,Not provided,Not provided,Not provided,[],[],unknown,Yes,PM2_Moderate,"{""PM2_Moderate"": 2}",2,VUS,VUS,,,,PM2_Moderate: gnomAD max AF=0 < threshold 0.0001 for MOI AD,,,,,,,,,,,,,,No,No,,,Delins cluster (unphased) detected (cluster_id=1; members=chr1:161309552:A:ATATAT:7024470;chr1:161309552:A:ATTTTTTTTTTTTTT:7024470) - phasing required to confirm cis/trans.;Delins/overlap cluster (id=1) detected but not all members meet P/LP or >5pts -> not auto-escalated (possible carrier).,,Yes
7024470,28730_2023,chr1,161309552,A,ATTTTTTTTTTTTTT,SDHC,AD,Not provided,Not provided,,,,,upstream_gene_variant,Het,12,0.333,Hereditary paraganglioma-pheochromocytoma syndrome,No,,No,unknown_db_phenotype,No phenotype text in DB (unknown),Not provided,Not provided,0,Not provided,Not provided,0,Not provided,0,0,Not provided,No database evidence,0.0,Unknown,Not provided,Not provided,Not provided,Not provided,[],[],unknown,Yes,PM2_Moderate,"{""PM2_Moderate"": 2}",2,VUS,VUS,,,,PM2_Moderate: gnomAD max AF=0 < threshold 0.0001 for MOI AD,,,,,,,,,,,,,,No,No,,,Delins cluster (unphased) detected (cluster_id=1; members=chr1:161309552:A:ATATAT:7024470;chr1:161309552:A:ATTTTTTTTTTTTTT:7024470) - phasing required to confirm cis/trans.;Delins/overlap cluster (id=1) detected but not all members meet P/LP or >5pts -> not auto-escalated (possible carrier).,,Yes
7024470,28730_2023,chr1,161318339,A,G,SDHC,AD,ENST00000367975.7:c.20+3914A>G,Not provided,,,,,intron_variant,Het,42,0.535,Hereditary paraganglioma-pheochromocytoma syndrome,No,,No,unknown_db_phenotype,No phenotype text in DB (unknown),Not provided,Not provided,0,Not provided,Not provided,0,Not provided,0,0,Not provided,No database evidence,0.0,Unknown,Not provided,Not provided,0.000,Not provided,[],[],unknown,No,PM2_Moderate,"{""PM2_Moderate"": 2}",2,VUS,VUS,,,,PM2_Moderate: gnomAD max AF=0 < threshold 0.0001 for MOI AD,,,,,,,,,,,,,,No,No,,,,,Yes
7024470,28730_2023,chr1,161319606,C,T,SDHC,AD,ENST00000367975.7:c.21-4008C>T,Not provided,,,,,intron_variant,Het,32,0.438,Hereditary paraganglioma-pheochromocytoma syndrome,No,,No,unknown_db_phenotype,No phenotype text in DB (unknown),Not provided,Not provided,0,Not provided,Not provided,0,Not provided,0,0,Not provided,No database evidence,0.0,Unknown,Not provided,Not provided,0.000,Not provided,[],[],unknown,No,PM2_Moderate,"{""PM2_Moderate"": 2}",2,VUS,VUS,,,,PM2_Moderate: gnomAD max AF=0 < threshold 0.0001 for MOI AD,,,,,,,,,,,,,,No,No,,,,,Yes
7024470,28730_2023,chr1,161323200,G,A,SDHC,AD,ENST00000367975.7:c.21-414G>A,Not provided,,,,,intron_variant,Het,29,0.367,Hereditary paraganglioma-pheochromocytoma syndrome,No,,No,unknown_db_phenotype,No phenotype text in DB (unknown),Not provided,Not provided,0,Not provided,Not provided,0,Not provided,0,0,Not provided,No database evidence,0.0,Unknown,Not provided,Not provided,0.000,Not provided,[],[],unknown,No,PM2_Moderate,"{""PM2_Moderate"": 2}",2,VUS,VUS,,,,PM2_Moderate: gnomAD max AF=0 < threshold 0.0001 for MOI AD,,,,,,,,,,,,,,No,No,,,,,Yes
7024470,28730_2023,chr1,161335812,CATACATAT,C,SDHC,AD,ENST00000367975.7:c.180-4766_180-4759del,Not provided,,,,,intron_variant,Het,27,0.655,Hereditary paraganglioma-pheochromocytoma syndrome,No,,No,unknown_db_phenotype,No phenotype text in DB (unknown),Not provided,Not provided,0,Not provided,Not provided,0,Not provided,0,0,Not provided,No database evidence,0.0,Unknown,Not provided,Not provided,Not provided,Not provided,[],[],unknown,No,PM2_Moderate,"{""PM2_Moderate"": 2}",2,VUS,VUS,,,,PM2_Moderate: gnomAD max AF=0 < threshold 0.0001 for MOI AD,,,,,,,,,,,,,,No,No,,,,,Yes
7024470,28730_2023,chr1,161339969,C,T,SDHC,AD,ENST00000367975.7:c.180-625C>T,Not provided,,,,,intron_variant,Het,25,0.640,Hereditary paraganglioma-pheochromocytoma syndrome,No,,No,unknown_db_phenotype,No phenotype text in DB (unknown),Not provided,Not provided,0,Not provided,Not provided,0,Not provided,0,0,Not provided,No database evidence,0.0,Unknown,Not provided,Not provided,0.020,Not provided,[],[],unknown,No,PM2_Moderate,"{""PM2_Moderate"": 2}",2,VUS,VUS,,,,PM2_Moderate: gnomAD max AF=0 < threshold 0.0001 for MOI AD,,,,,,,,,,,,,,No,No,,,,,Yes
7024470,28730_2023,chr1,161350888,C,T,SDHC,AD,ENST00000367975.7:c.242-5789C>T,Not provided,,,,,intron_variant,Het,33,0.412,Hereditary paraganglioma-pheochromocytoma syndrome,No,,No,unknown_db_phenotype,No phenotype text in DB (unknown),Not provided,Not provided,0,Not provided,Not provided,0,Not provided,0,0,Not provided,No database evidence,0.0,Unknown,Not provided,Not provided,0.000,Not provided,[],[],unknown,No,PM2_Moderate,"{""PM2_Moderate"": 2}",2,VUS,VUS,,,,PM2_Moderate: gnomAD max AF=0 < threshold 0.0001 for MOI AD,,,,,,,,,,,,,,No,No,,,,,Yes
7024470,28730_2023,chr1,161354663,TTGTGTG,T,SDHC,AD,ENST00000367975.7:c.242-1972_242-1967del,Not provided,,,,,intron_variant,Het,23,0.667,Hereditary paraganglioma-pheochromocytoma syndrome,No,,No,unknown_db_phenotype,No phenotype text in DB (unknown),Not provided,Not provided,0,Not provided,Not provided,0,Not provided,0,0,Not provided,No database evidence,0.0,Unknown,Not provided,Not provided,Not provided,Not provided,[],[],unknown,No,PM2_Moderate,"{""PM2_Moderate"": 2}",2,VUS,VUS,,,,PM2_Moderate: gnomAD max AF=0 < threshold 0.0001 for MOI AD,,,,,,,,,,,,,,No,No,,,,,Yes
7024470,28730_2023,chr1,161366055,C,G,SDHC,AD,Not provided,Not provided,,,,,downstream_gene_variant,Het,44,0.543,Hereditary paraganglioma-pheochromocytoma syndrome,No,,No,unknown_db_phenotype,No phenotype text in DB (unknown),Not provided,Not provided,0,Not provided,Not provided,0,Not provided,0,0,Not provided,No database evidence,0.0,Unknown,Not provided,Not provided,0.010,Not provided,[],[],unknown,No,PM2_Moderate,"{""PM2_Moderate"": 2}",2,VUS,VUS,,,,PM2_Moderate: gnomAD max AF=0 < threshold 0.0001 for MOI AD,,,,,,,,,,,,,,No,No,,,,,Yes
7024470,28730_2023,chr1,201056082,C,CACACACACACACAT,CACNA1S,AD,ENST00000362061.4:c.3610-1522_3610-1521insATGTGTGTGTGTGT,Not provided,,,,,intron_variant,Het,14,0.471,Malignant hyperthermia,No,,No,unknown_db_phenotype,No phenotype text in DB (unknown),Not provided,Not provided,0,Not provided,Not provided,0,Not provided,0,0,Not provided,No database evidence,0.0,Unknown,Not provided,Not provided,Not provided,Not provided,[],[],unknown,No,PM2_Moderate,"{""PM2_Moderate"": 2}",2,VUS,VUS,,,,PM2_Moderate: gnomAD max AF=0 < threshold 0.0001 for MOI AD,,,,,,,,,,,,,,No,No,,,,,Yes
7024470,28730_2023,chr1,201082029,AT,A,CACNA1S,AD,ENST00000362061.4:c.1393+1132del,Not provided,,,,,intron_variant,Het,21,0.522,Malignant hyperthermia,No,,No,unknown_db_phenotype,No phenotype text in DB (unknown),Not provided,Not provided,0,Not provided,Not provided,0,Not provided,0,0,Not provided,No database evidence,0.0,Unknown,Not provided,Not provided,0.000,Not provided,[],[],unknown,No,PM2_Moderate,"{""PM2_Moderate"": 2}",2,VUS,VUS,,,,PM2_Moderate: gnomAD max AF=0 < threshold 0.0001 for MOI AD,,,,,,,,,,,,,,No,No,,,,,Yes
7024470,28730_2023,chr1,201084410,T,G,CACNA1S,AD,ENST00000362061.4:c.1232+540A>C,Not provided,,,,,intron_variant,Het,26,0.556,Malignant hyperthermia,No,,No,unknown_db_phenotype,No phenotype text in DB (unknown),Not provided,Not provided,0,Not provided,Not provided,0,Not provided,0,0,Not provided,No database evidence,0.0,Unknown,Not provided,Not provided,0.030,Not provided,[],[],unknown,No,PM2_Moderate,"{""PM2_Moderate"": 2}",2,VUS,VUS,,,,PM2_Moderate: gnomAD max AF=0 < threshold 0.0001 for MOI AD,,,,,,,,,,,,,,No,No,,,,,Yes
7024470,28730_2023,chr1,201087733,C,T,CACNA1S,AD,ENST00000362061.4:c.1004+93G>A,Not provided,,,,,intron_variant,Het,21,0.545,Malignant hyperthermia,No,,No,unknown_db_phenotype,No phenotype text in DB (unknown),Not provided,Not provided,0,Not provided,Not provided,0,Not provided,0,0,Not provided,No database evidence,0.0,Unknown,Not provided,Not provided,0.000,Not provided,[],[],unknown,No,PM2_Moderate,"{""PM2_Moderate"": 2}",2,VUS,VUS,,,,PM2_Moderate: gnomAD max AF=0 < threshold 0.0001 for MOI AD,,,,,,,,,,,,,,No,No,,,,,Yes
7024470,28730_2023,chr1,201109243,C,CA,CACNA1S,AD,ENST00000362061.4:c.258+920dup,Not provided,,,,,intron_variant,Het,33,0.543,Malignant hyperthermia,No,,No,unknown_db_phenotype,No phenotype text in DB (unknown),Not provided,Not provided,0,Not provided,Not provided,0,Not provided,0,0,Not provided,No database evidence,0.0,Unknown,Not provided,Not provided,0.000,Not provided,[],[],unknown,No,PM2_Moderate,"{""PM2_Moderate"": 2}",2,VUS,VUS,,,,PM2_Moderate: gnomAD max AF=0 < threshold 0.0001 for MOI AD,,,,,,,,,,,,,,No,No,,,,,Yes
7024470,28730_2023,chr1,237049125,C,T,RYR2,AD,ENST00000366574.7:c.48+6556C>T,Not provided,,,,,intron_variant,Hom,18,1.000,Catecholaminergic polymorphic ventricular tachycardia,No,,No,unknown_db_phenotype,No phenotype text in DB (unknown),Not provided,Not provided,0,Not provided,Not provided,0,Not provided,0,0,Not provided,No database evidence,0.0,Unknown,Not provided,Not provided,0.000,Not provided,[],[],unknown,No,PM2_Moderate,"{""PM2_Moderate"": 2}",2,VUS,VUS,,,,PM2_Moderate: gnomAD max AF=0 < threshold 0.0001 for MOI AD,,,,,,,,,,,,,,No,No,,,,,Yes
7024470,28730_2023,chr1,237060136,A,C,RYR2,AD,ENST00000366574.7:c.48+17567A>C,Not provided,,,,,intron_variant,Het,32,0.312,Catecholaminergic polymorphic ventricular tachycardia,No,,No,unknown_db_phenotype,No phenotype text in DB (unknown),Not provided,Not provided,0,Not provided,Not provided,0,Not provided,0,0,Not provided,No database evidence,0.0,Unknown,Not provided,Not provided,0.000,Not provided,[],[],unknown,No,PM2_Moderate,"{""PM2_Moderate"": 2}",2,VUS,VUS,,,,PM2_Moderate: gnomAD max AF=0 < threshold 0.0001 for MOI AD,,,,,,,,,,,,,,No,No,,,,,Yes
7024470,28730_2023,chr1,237061276,CAT,C,RYR2,AD,ENST00000366574.7:c.48+18708_48+18709del,Not provided,,,,,intron_variant,Het,16,0.474,Catecholaminergic polymorphic ventricular tachycardia,No,,No,unknown_db_phenotype,No phenotype text in DB (unknown),Not provided,Not provided,0,Not provided,Not provided,0,Not provided,0,0,Not provided,No database evidence,0.0,Unknown,Not provided,Not provided,0.000,Not provided,[],[],unknown,No,PM2_Moderate,"{""PM2_Moderate"": 2}",2,VUS,VUS,,,,PM2_Moderate: gnomAD max AF=0 < threshold 0.0001 for MOI AD,,,,,,,,,,,,,,No,No,,,,,Yes
7024470,28730_2023,chr1,237073162,G,A,RYR2,AD,ENST00000366574.7:c.48+30593G>A,Not provided,,,,,intron_variant,Het,32,0.515,Catecholaminergic polymorphic ventricular tachycardia,No,,No,unknown_db_phenotype,No phenotype text in DB (unknown),Not provided,Not provided,0,Not provided,Not provided,0,Not provided,0,0,Not provided,No database evidence,0.0,Unknown,Not provided,Not provided,0.000,Not provided,[],[],unknown,No,PM2_Moderate,"{""PM2_Moderate"": 2}",2,VUS,VUS,,,,PM2_Moderate: gnomAD max AF=0 < threshold 0.0001 for MOI AD,,,,,,,,,,,,,,No,No,,,,,Yes
7024470,28730_2023,chr1,237077160,T,G,RYR2,AD,ENST00000366574.7:c.48+34591T>G,Not provided,,,,,intron_variant,Het,10,0.545,Catecholaminergic polymorphic ventricular tachycardia,No,,No,unknown_db_phenotype,No phenotype text in DB (unknown),Not provided,Not provided,0,Not provided,Not provided,0,Not provided,0,0,Not provided,No database evidence,0.0,Unknown,Not provided,Not provided,0.000,Not provided,[],[],unknown,Yes,PM2_Moderate,"{""PM2_Moderate"": 2}",2,VUS,VUS,,,,PM2_Moderate: gnomAD max AF=0 < threshold 0.0001 for MOI AD,,,,,,,,,,,,,,No,No,,,Delins cluster (unphased) detected (cluster_id=2; members=chr1:237077160:T:A:7024470;chr1:237077160:T:G:7024470) - phasing required to confirm cis/trans.;Delins/overlap cluster (id=2) detected but not all members meet P/LP or >5pts -> not auto-escalated (possible carrier).,,Yes
7024470,28730_2023,chr1,237079510,G,A,RYR2,AD,ENST00000366574.7:c.48+36941G>A,Not provided,,,,,intron_variant,Het,12,0.333,Catecholaminergic polymorphic ventricular tachycardia,No,,No,unknown_db_phenotype,No phenotype text in DB (unknown),Not provided,Not provided,0,Not provided,Not provided,0,Not provided,0,0,Not provided,No database evidence,0.0,Unknown,Not provided,Not provided,0.000,Not provided,[],[],unknown,No,PM2_Moderate,"{""PM2_Moderate"": 2}",2,VUS,VUS,,,,PM2_Moderate: gnomAD max AF=0 < threshold 0.0001 for MOI AD,,,,,,,,,,,,,,No,No,,,,,Yes
7024470,28730_2023,chr1,237080582,A,G,RYR2,AD,ENST00000366574.7:c.48+38013A>G,Not provided,,,,,intron_variant,Het,10,0.636,Catecholaminergic polymorphic ventricular tachycardia,No,,No,unknown_db_phenotype,No phenotype text in DB (unknown),Not provided,Not provided,0,Not provided,Not provided,0,Not provided,0,0,Not provided,No database evidence,0.0,Unknown,Not provided,Not provided,0.000,Not provided,[],[],unknown,No,PM2_Moderate,"{""PM2_Moderate"": 2}",2,VUS,VUS,,,,PM2_Moderate: gnomAD max AF=0 < threshold 0.0001 for MOI AD,,,,,,,,,,,,,,No,No,,,,,Yes
7024470,28730_2023,chr1,237084165,G,A,RYR2,AD,ENST00000366574.7:c.48+41596G>A,Not provided,,,,,intron_variant,Het,25,0.520,Catecholaminergic polymorphic ventricular tachycardia,No,,No,unknown_db_phenotype,No phenotype text in DB (unknown),Not provided,Not provided,0,Not provided,Not provided,0,Not provided,0,0,Not provided,No database evidence,0.0,Unknown,Not provided,Not provided,0.000,Not provided,[],[],unknown,No,PM2_Moderate,"{""PM2_Moderate"": 2}",2,VUS,VUS,,,,PM2_Moderate: gnomAD max AF=0 < threshold 0.0001 for MOI AD,,,,,,,,,,,,,,No,No,,,,,Yes
7024470,28730_2023,chr1,237086638,C,T,RYR2,AD,ENST00000366574.7:c.48+44069C>T,Not provided,,,,,intron_variant,Het,32,0.500,Catecholaminergic polymorphic ventricular tachycardia,No,,No,unknown_db_phenotype,No phenotype text in DB (unknown),Not provided,Not provided,0,Not provided,Not provided,0,Not provided,0,0,Not provided,No database evidence,0.0,Unknown,Not provided,Not provided,0.000,Not provided,[],[],unknown,No,PM2_Moderate,"{""PM2_Moderate"": 2}",2,VUS,VUS,,,,PM2_Moderate: gnomAD max AF=0 < threshold 0.0001 for MOI AD,,,,,,,,,,,,,,No,No,,,,,Yes
7024470,28730_2023,chr1,237087424,G,A,RYR2,AD,ENST00000366574.7:c.48+44855G>A,Not provided,,,,,intron_variant,Het,44,0.543,Catecholaminergic polymorphic ventricular tachycardia,No,,No,unknown_db_phenotype,No phenotype text in DB (unknown),Not provided,Not provided,0,Not provided,Not provided,0,Not provided,0,0,Not provided,No database evidence,0.0,Unknown,Not provided,Not provided,0.000,Not provided,[],[],unknown,No,PM2_Moderate,"{""PM2_Moderate"": 2}",2,VUS,VUS,,,,PM2_Moderate: gnomAD max AF=0 < threshold 0.0001 for MOI AD,,,,,,,,,,,,,,No,No,,,,,Yes
7024470,28730_2023,chr1,237092811,G,A,RYR2,AD,ENST00000366574.7:c.48+50242G>A,Not provided,,,,,intron_variant,Het,27,0.357,Catecholaminergic polymorphic ventricular tachycardia,No,,No,unknown_db_phenotype,No phenotype text in DB (unknown),Not provided,Not provided,0,Not provided,Not provided,0,Not provided,0,0,Not provided,No database evidence,0.0,Unknown,Not provided,Not provided,0.000,Not provided,[],[],unknown,No,PM2_Moderate,"{""PM2_Moderate"": 2}",2,VUS,VUS,,,,PM2_Moderate: gnomAD max AF=0 < threshold 0.0001 for MOI AD,,,,,,,,,,,,,,No,No,,,,,Yes
7024470,28730_2023,chr1,237149527,A,C,RYR2,AD,ENST00000366574.7:c.48+106958A>C,Not provided,,,,,intron_variant,Het,43,0.568,Catecholaminergic polymorphic ventricular tachycardia,No,,No,unknown_db_phenotype,No phenotype text in DB (unknown),Not provided,Not provided,0,Not provided,Not provided,0,Not provided,0,0,Not provided,No database evidence,0.000020,v3,Not provided,Not provided,0.000,Not provided,[],[],unknown,No,PM2_Moderate,"{""PM2_Moderate"": 2}",2,VUS,VUS,,,,PM2_Moderate: gnomAD max AF=1.97156e-05 < threshold 0.0001 for MOI AD,,,,,,,,,,,,,,No,No,,,,,Yes
7024470,28730_2023,chr1,237176242,G,GAA,RYR2,AD,ENST00000366574.7:c.49-94249_49-94248dup,Not provided,,,,,intron_variant,Het,35,0.639,Catecholaminergic polymorphic ventricular tachycardia,No,,No,unknown_db_phenotype,No phenotype text in DB (unknown),Not provided,Not provided,0,Not provided,Not provided,0,Not provided,0,0,Not provided,No database evidence,0.0,Unknown,Not provided,Not provided,Not provided,Not provided,[],[],unknown,Yes,PM2_Moderate,"{""PM2_Moderate"": 2}",2,VUS,VUS,,,,PM2_Moderate: gnomAD max AF=0 < threshold 0.0001 for MOI AD,,,,,,,,,,,,,,No,No,,,Delins cluster (unphased) detected (cluster_id=3; members=chr1:237176242:G:GAA:7024470;chr1:237176242:G:GA:7024470) - phasing required to confirm cis/trans.;Delins/overlap cluster (id=3) detected but not all members meet P/LP or >5pts -> not auto-escalated (possible carrier).,,Yes
7024470,28730_2023,chr1,237176242,G,GA,RYR2,AD,ENST00000366574.7:c.49-94248dup,Not provided,,,,,intron_variant,Het,33,0.361,Catecholaminergic polymorphic ventricular tachycardia,No,,No,unknown_db_phenotype,No phenotype text in DB (unknown),Not provided,Not provided,0,Not provided,Not provided,0,Not provided,0,0,Not provided,No database evidence,0.0,Unknown,Not provided,Not provided,0.000,Not provided,[],[],unknown,Yes,PM2_Moderate,"{""PM2_Moderate"": 2}",2,VUS,VUS,,,,PM2_Moderate: gnomAD max AF=0 < threshold 0.0001 for MOI AD,,,,,,,,,,,,,,No,No,,,Delins cluster (unphased) detected (cluster_id=3; members=chr1:237176242:G:GAA:7024470;chr1:237176242:G:GA:7024470) - phasing required to confirm cis/trans.;Delins/overlap cluster (id=3) detected but not all members meet P/LP or >5pts -> not auto-escalated (possible carrier).,,Yes
7024470,28730_2023,chr1,237176254,T,A,RYR2,AD,ENST00000366574.7:c.49-94243T>A,Not provided,,,,,intron_variant,Het,33,0.412,Catecholaminergic polymorphic ventricular tachycardia,No,,No,unknown_db_phenotype,No phenotype text in DB (unknown),Not provided,Not provided,0,Not provided,Not provided,0,Not provided,0,0,Not provided,No database evidence,0.0,Unknown,Not provided,Not provided,0.000,Not provided,[],[],unknown,No,PM2_Moderate,"{""PM2_Moderate"": 2}",2,VUS,VUS,,,,PM2_Moderate: gnomAD max AF=0 < threshold 0.0001 for MOI AD,,,,,,,,,,,,,,No,No,,,,,Yes
7024470,28730_2023,chr1,237176583,T,TA,RYR2,AD,ENST00000366574.7:c.49-93908dup,Not provided,,,,,intron_variant,Het,52,0.528,Catecholaminergic polymorphic ventricular tachycardia,No,,No,unknown_db_phenotype,No phenotype text in DB (unknown),Not provided,Not provided,0,Not provided,Not provided,0,Not provided,0,0,Not provided,No database evidence,0.0,Unknown,Not provided,Not provided,0.000,Not provided,[],[],unknown,No,PM2_Moderate,"{""PM2_Moderate"": 2}",2,VUS,VUS,,,,PM2_Moderate: gnomAD max AF=0 < threshold 0.0001 for MOI AD,,,,,,,,,,,,,,No,No,,,,,Yes
7024470,28730_2023,chr1,237184877,G,GT,RYR2,AD,ENST00000366574.7:c.49-85608dup,Not provided,,,,,intron_variant,Het,37,0.553,Catecholaminergic polymorphic ventricular tachycardia,No,,No,unknown_db_phenotype,No phenotype text in DB (unknown),Not provided,Not provided,0,Not provided,Not provided,0,Not provided,0,0,Not provided,No database evidence,0.0,Unknown,Not provided,Not provided,0.020,Not provided,[],[],unknown,No,PM2_Moderate,"{""PM2_Moderate"": 2}",2,VUS,VUS,,,,PM2_Moderate: gnomAD max AF=0 < threshold 0.0001 for MOI AD,,,,,,,,,,,,,,No,No,,,,,Yes
7024470,28730_2023,chr1,237200306,C,T,RYR2,AD,ENST00000366574.7:c.49-70191C>T,Not provided,,,,,intron_variant,Het,27,0.321,Catecholaminergic polymorphic ventricular tachycardia,No,,No,unknown_db_phenotype,No phenotype text in DB (unknown),Not provided,Not provided,0,Not provided,Not provided,0,Not provided,0,0,Not provided,No database evidence,0.0,Unknown,Not provided,Not provided,0.030,Not provided,[],[],unknown,No,PM2_Moderate,"{""PM2_Moderate"": 2}",2,VUS,VUS,,,,PM2_Moderate: gnomAD max AF=0 < threshold 0.0001 for MOI AD,,,,,,,,,,,,,,No,No,,,,,Yes
7024470,28730_2023,chr1,237219708,G,A,RYR2,AD,ENST00000366574.7:c.49-50789G>A,Not provided,,,,,intron_variant,Het,36,0.436,Catecholaminergic polymorphic ventricular tachycardia,No,,No,unknown_db_phenotype,No phenotype text in DB (unknown),Not provided,Not provided,0,Not provided,Not provided,0,Not provided,0,0,Not provided,No database evidence,0.0,Unknown,Not provided,Not provided,0.000,Not provided,[],[],unknown,No,PM2_Moderate,"{""PM2_Moderate"": 2}",2,VUS,VUS,,,,PM2_Moderate: gnomAD max AF=0 < threshold 0.0001 for MOI AD,,,,,,,,,,,,,,No,No,,,,,Yes
7024470,28730_2023,chr1,237234708,T,C,RYR2,AD,ENST00000366574.7:c.49-35789T>C,Not provided,,,,,intron_variant,Het,40,0.450,Catecholaminergic polymorphic ventricular tachycardia,No,,No,unknown_db_phenotype,No phenotype text in DB (unknown),Not provided,Not provided,0,Not provided,Not provided,0,Not provided,0,0,Not provided,No database evidence,0.0,Unknown,Not provided,Not provided,0.000,Not provided,[],[],unknown,No,PM2_Moderate,"{""PM2_Moderate"": 2}",2,VUS,VUS,,,,PM2_Moderate: gnomAD max AF=0 < threshold 0.0001 for MOI AD,,,,,,,,,,,,,,No,No,,,,,Yes
7024470,28730_2023,chr1,237268951,A,AAAAAC,RYR2,AD,ENST00000366574.7:c.49-1542_49-1541insCAAAA,Not provided,,,,,intron_variant,Het,25,0.393,Catecholaminergic polymorphic ventricular tachycardia,No,,No,unknown_db_phenotype,No phenotype text in DB (unknown),Not provided,Not provided,0,Not provided,Not provided,0,Not provided,0,0,Not provided,No database evidence,0.0,Unknown,Not provided,Not provided,Not provided,Not provided,[],[],unknown,No,PM2_Moderate,"{""PM2_Moderate"": 2}",2,VUS,VUS,,,,PM2_Moderate: gnomAD max AF=0 < threshold 0.0001 for MOI AD,,,,,,,,,,,,,,No,No,,,,,Yes
7024470,28730_2023,chr1,237284680,ATG,A,RYR2,AD,ENST00000366574.7:c.168+14066_168+14067del,Not provided,,,,,intron_variant,Het,12,0.333,Catecholaminergic polymorphic ventricular tachycardia,No,,No,unknown_db_phenotype,No phenotype text in DB (unknown),Not provided,Not provided,0,Not provided,Not provided,0,Not provided,0,0,Not provided,No database evidence,0.0,Unknown,Not provided,Not provided,0.000,Not provided,[],[],unknown,Yes,PM2_Moderate,"{""PM2_Moderate"": 2}",2,VUS,VUS,,,,PM2_Moderate: gnomAD max AF=0 < threshold 0.0001 for MOI AD,,,,,,,,,,,,,,No,No,,,Delins cluster (unphased) detected (cluster_id=4; members=chr1:237284680:ATG:A:7024470;chr1:237284683:T:CACACACACAC:7024470) - phasing required to confirm cis/trans.;Delins/overlap cluster (id=4) detected but not all members meet P/LP or >5pts -> not auto-escalated (possible carrier).,,Yes
7024470,28730_2023,chr1,237284683,T,CACACACACAC,RYR2,AD,ENST00000366574.7:c.168+14067delinsCACACACACAC,Not provided,,,,,intron_variant,Het,14,0.353,Catecholaminergic polymorphic ventricular tachycardia,No,,No,unknown_db_phenotype,No phenotype text in DB (unknown),Not provided,Not provided,0,Not provided,Not provided,0,Not provided,0,0,Not provided,No database evidence,0.0,Unknown,Not provided,Not provided,Not provided,Not provided,[],[],unknown,Yes,PM2_Moderate,"{""PM2_Moderate"": 2}",2,VUS,VUS,,,,PM2_Moderate: gnomAD max AF=0 < threshold 0.0001 for MOI AD,,,,,,,,,,,,,,No,No,,,Delins cluster (unphased) detected (cluster_id=4; members=chr1:237284680:ATG:A:7024470;chr1:237284683:T:CACACACACAC:7024470) - phasing required to confirm cis/trans.;Delins/overlap cluster (id=4) detected but not all members meet P/LP or >5pts -> not auto-escalated (possible carrier).,,Yes
7024470,28730_2023,chr1,237329438,C,T,RYR2,AD,ENST00000366574.7:c.169-1440C>T,Not provided,,,,,intron_variant,Het,35,0.417,Catecholaminergic polymorphic ventricular tachycardia,No,,No,unknown_db_phenotype,No phenotype text in DB (unknown),Not provided,Not provided,0,Not provided,Not provided,0,Not provided,0,0,Not provided,No database evidence,0.0,Unknown,Not provided,Not provided,0.000,Not provided,[],[],unknown,No,PM2_Moderate,"{""PM2_Moderate"": 2}",2,VUS,VUS,,,,PM2_Moderate: gnomAD max AF=0 < threshold 0.0001 for MOI AD,,,,,,,,,,,,,,No,No,,,,,Yes
7024470,28730_2023,chr1,237329466,C,A,RYR2,AD,ENST00000366574.7:c.169-1412C>A,Not provided,,,,,intron_variant,Het,27,0.433,Catecholaminergic polymorphic ventricular tachycardia,No,,No,unknown_db_phenotype,No phenotype text in DB (unknown),Not provided,Not provided,0,Not provided,Not provided,0,Not provided,0,0,Not provided,No database evidence,0.0,Unknown,Not provided,Not provided,0.000,Not provided,[],[],unknown,No,PM2_Moderate,"{""PM2_Moderate"": 2}",2,VUS,VUS,,,,PM2_Moderate: gnomAD max AF=0 < threshold 0.0001 for MOI AD,,,,,,,,,,,,,,No,No,,,,,Yes
7024470,28730_2023,chr1,237330544,C,T,RYR2,AD,ENST00000366574.7:c.169-334C>T,Not provided,,,,,intron_variant,Het,28,0.345,Catecholaminergic polymorphic ventricular tachycardia,No,,No,unknown_db_phenotype,No phenotype text in DB (unknown),Not provided,Not provided,0,Not provided,Not provided,0,Not provided,0,0,Not provided,No database evidence,0.0,Unknown,Not provided,Not provided,0.000,Not provided,[],[],unknown,No,PM2_Moderate,"{""PM2_Moderate"": 2}",2,VUS,VUS,,,,PM2_Moderate: gnomAD max AF=0 < threshold 0.0001 for MOI AD,,,,,,,,,,,,,,No,No,,,,,Yes
7024470,28730_2023,chr1,237343821,GT,G,RYR2,AD,ENST00000366574.7:c.274-12128del,Not provided,,,,,intron_variant,Het,12,0.769,Catecholaminergic polymorphic ventricular tachycardia,No,,No,unknown_db_phenotype,No phenotype text in DB (unknown),Not provided,Not provided,0,Not provided,Not provided,0,Not provided,0,0,Not provided,No database evidence,0.0,Unknown,Not provided,Not provided,0.000,Not provided,[],[],unknown,No,PM2_Moderate,"{""PM2_Moderate"": 2}",2,VUS,VUS,,,,PM2_Moderate: gnomAD max AF=0 < threshold 0.0001 for MOI AD,,,,,,,,,,,,,,No,No,,,,,Yes
7024470,28730_2023,chr1,237359860,C,G,RYR2,AD,ENST00000366574.7:c.294+3875C>G,Not provided,,,,,intron_variant,Het,24,0.444,Catecholaminergic polymorphic ventricular tachycardia,No,,No,unknown_db_phenotype,No phenotype text in DB (unknown),Not provided,Not provided,0,Not provided,Not provided,0,Not provided,0,0,Not provided,No database evidence,0.0,Unknown,Not provided,Not provided,0.000,Not provided,[],[],unknown,No,PM2_Moderate,"{""PM2_Moderate"": 2}",2,VUS,VUS,,,,PM2_Moderate: gnomAD max AF=0 < threshold 0.0001 for MOI AD,,,,,,,,,,,,,,No,No,,,,,Yes
7024470,28730_2023,chr1,237387447,T,A,RYR2,AD,ENST00000366574.7:c.676+67T>A,Not provided,,,,,intron_variant,Het,34,0.500,Catecholaminergic polymorphic ventricular tachycardia,No,,No,unknown_db_phenotype,No phenotype text in DB (unknown),Not provided,Not provided,0,Not provided,Not provided,0,Not provided,0,0,Not provided,No database evidence,0.0,Unknown,Not provided,Not provided,0.000,Not provided,[],[],unknown,No,PM2_Moderate,"{""PM2_Moderate"": 2}",2,VUS,VUS,,,,PM2_Moderate: gnomAD max AF=0 < threshold 0.0001 for MOI AD,,,,,,,,,,,,,,No,No,,,,,Yes
7024470,28730_2023,chr1,237393296,C,A,RYR2,AD,ENST00000366574.7:c.773+5113C>A,Not provided,,,,,intron_variant,Het,35,0.600,Catecholaminergic polymorphic ventricular tachycardia,No,,No,unknown_db_phenotype,No phenotype text in DB (unknown),Not provided,Not provided,0,Not provided,Not provided,0,Not provided,0,0,Not provided,No database evidence,0.0,Unknown,Not provided,Not provided,0.000,Not provided,[],[],unknown,No,PM2_Moderate,"{""PM2_Moderate"": 2}",2,VUS,VUS,,,,PM2_Moderate: gnomAD max AF=0 < threshold 0.0001 for MOI AD,,,,,,,,,,,,,,No,No,,,,,Yes
7024470,28730_2023,chr1,237406432,T,C,RYR2,AD,ENST00000366574.7:c.774-10617T>C,Not provided,,,,,intron_variant,Het,20,0.591,Catecholaminergic polymorphic ventricular tachycardia,No,,No,unknown_db_phenotype,No phenotype text in DB (unknown),Not provided,Not provided,0,Not provided,Not provided,0,Not provided,0,0,Not provided,No database evidence,0.000007,v3,Not provided,Not provided,0.000,Not provided,[],[],unknown,No,PM2_Moderate,"{""PM2_Moderate"": 2}",2,VUS,VUS,,,,PM2_Moderate: gnomAD max AF=6.59065e-06 < threshold 0.0001 for MOI AD,,,,,,,,,,,,,,No,No,,,,,Yes
7024470,28730_2023,chr1,237417567,G,A,RYR2,AD,ENST00000366574.7:c.848+444G>A,Not provided,,,,,intron_variant,Het,50,0.529,Catecholaminergic polymorphic ventricular tachycardia,No,,No,unknown_db_phenotype,No phenotype text in DB (unknown),Not provided,Not provided,0,Not provided,Not provided,0,Not provided,0,0,Not provided,No database evidence,0.000020,v3,Not provided,Not provided,0.000,Not provided,[],[],unknown,No,PM2_Moderate,"{""PM2_Moderate"": 2}",2,VUS,VUS,,,,PM2_Moderate: gnomAD max AF=1.97208e-05 < threshold 0.0001 for MOI AD,,,,,,,,,,,,,,No,No,,,,,Yes
7024470,28730_2023,chr1,237418051,T,A,RYR2,AD,ENST00000366574.7:c.848+928T>A,Not provided,,,,,intron_variant,Het,40,0.450,Catecholaminergic polymorphic ventricular tachycardia,No,,No,unknown_db_phenotype,No phenotype text in DB (unknown),Not provided,Not provided,0,Not provided,Not provided,0,Not provided,0,0,Not provided,No database evidence,0.000007,v3,Not provided,Not provided,0.000,Not provided,[],[],unknown,No,PM2_Moderate,"{""PM2_Moderate"": 2}",2,VUS,VUS,,,,PM2_Moderate: gnomAD max AF=6.57514e-06 < threshold 0.0001 for MOI AD,,,,,,,,,,,,,,No,No,,,,,Yes
7024470,28730_2023,chr1,237423868,T,C,RYR2,AD,ENST00000366574.7:c.1005+620T>C,Not provided,,,,,intron_variant,Het,36,0.579,Catecholaminergic polymorphic ventricular tachycardia,No,,No,unknown_db_phenotype,No phenotype text in DB (unknown),Not provided,Not provided,0,Not provided,Not provided,0,Not provided,0,0,Not provided,No database evidence,0.0,Unknown,Not provided,Not provided,0.030,Not provided,[],[],unknown,No,PM2_Moderate,"{""PM2_Moderate"": 2}",2,VUS,VUS,,,,PM2_Moderate: gnomAD max AF=0 < threshold 0.0001 for MOI AD,,,,,,,,,,,,,,No,No,,,,,Yes
7024470,28730_2023,chr1,237452581,T,G,RYR2,AD,ENST00000366574.7:c.1293-1810T>G,Not provided,,,,,intron_variant,Het,13,0.733,Catecholaminergic polymorphic ventricular tachycardia,No,,No,unknown_db_phenotype,No phenotype text in DB (unknown),Not provided,Not provided,0,Not provided,Not provided,0,Not provided,0,0,Not provided,No database evidence,0.0,Unknown,Not provided,Not provided,0.000,Not provided,[],[],unknown,No,PM2_Moderate,"{""PM2_Moderate"": 2}",2,VUS,VUS,,,,PM2_Moderate: gnomAD max AF=0 < threshold 0.0001 for MOI AD,,,,,,,,,,,,,,No,No,,,,,Yes
7024470,28730_2023,chr1,237464673,C,T,RYR2,AD,ENST00000366574.7:c.1613-4419C>T,Not provided,,,,,intron_variant,Het,40,0.349,Catecholaminergic polymorphic ventricular tachycardia,No,,No,unknown_db_phenotype,No phenotype text in DB (unknown),Not provided,Not provided,0,Not provided,Not provided,0,Not provided,0,0,Not provided,No database evidence,0.0,Unknown,Not provided,Not provided,0.000,Not provided,[],[],unknown,No,PM2_Moderate,"{""PM2_Moderate"": 2}",2,VUS,VUS,,,,PM2_Moderate: gnomAD max AF=0 < threshold 0.0001 for MOI AD,,,,,,,,,,,,,,No,No,,,,,Yes
7024470,28730_2023,chr1,237467182,TTA,T,RYR2,AD,ENST00000366574.7:c.1613-1901_1613-1900del,Not provided,,,,,intron_variant,Het,43,0.545,Catecholaminergic polymorphic ventricular tachycardia,No,,No,unknown_db_phenotype,No phenotype text in DB (unknown),Not provided,Not provided,0,Not provided,Not provided,0,Not provided,0,0,Not provided,No database evidence,0.0,Unknown,Not provided,Not provided,0.000,Not provided,[],[],unknown,No,PM2_Moderate,"{""PM2_Moderate"": 2}",2,VUS,VUS,,,,PM2_Moderate: gnomAD max AF=0 < threshold 0.0001 for MOI AD,,,,,,,,,,,,,,No,No,,,,,Yes
7024470,28730_2023,chr1,237468254,A,G,RYR2,AD,ENST00000366574.7:c.1613-838A>G,Not provided,,,,,intron_variant,Het,64,0.562,Catecholaminergic polymorphic ventricular tachycardia,No,,No,unknown_db_phenotype,No phenotype text in DB (unknown),Not provided,Not provided,0,Not provided,Not provided,0,Not provided,0,0,Not provided,No database evidence,0.0,Unknown,Not provided,Not provided,0.000,Not provided,[],[],unknown,No,PM2_Moderate,"{""PM2_Moderate"": 2}",2,VUS,VUS,,,,PM2_Moderate: gnomAD max AF=0 < threshold 0.0001 for MOI AD,,,,,,,,,,,,,,No,No,,,,,Yes
7024470,28730_2023,chr1,237478418,TA,T,RYR2,AD,ENST00000366574.7:c.1708+9232del,Not provided,,,,,intron_variant,Het,36,0.500,Catecholaminergic polymorphic ventricular tachycardia,No,,No,unknown_db_phenotype,No phenotype text in DB (unknown),Not provided,Not provided,0,Not provided,Not provided,0,Not provided,0,0,Not provided,No database evidence,0.000033,v3,Not provided,Not provided,0.000,Not provided,[],[],unknown,Yes,PM2_Moderate,"{""PM2_Moderate"": 2}",2,VUS,VUS,,,,PM2_Moderate: gnomAD max AF=3.28437e-05 < threshold 0.0001 for MOI AD,,,,,,,,,,,,,,No,No,,,Delins cluster (unphased) detected (cluster_id=5; members=chr1:237478418:TA:T:7024470;chr1:237478420:TTAAATTA:T:7024470) - phasing required to confirm cis/trans.;Delins/overlap cluster (id=5) detected but not all members meet P/LP or >5pts -> not auto-escalated (possible carrier).,,Yes
7024470,28730_2023,chr1,237478420,TTAAATTA,T,RYR2,AD,ENST00000366574.7:c.1708+9234_1708+9240del,Not provided,,,,,intron_variant,Het,35,0.474,Catecholaminergic polymorphic ventricular tachycardia,No,,No,unknown_db_phenotype,No phenotype text in DB (unknown),Not provided,Not provided,0,Not provided,Not provided,0,Not provided,0,0,Not provided,No database evidence,0.000033,v3,Not provided,Not provided,Not provided,Not provided,[],[],unknown,Yes,PM2_Moderate,"{""PM2_Moderate"": 2}",2,VUS,VUS,,,,PM2_Moderate: gnomAD max AF=3.28459e-05 < threshold 0.0001 for MOI AD,,,,,,,,,,,,,,No,No,,,Delins cluster (unphased) detected (cluster_id=5; members=chr1:237478418:TA:T:7024470;chr1:237478420:TTAAATTA:T:7024470) - phasing required to confirm cis/trans.;Delins/overlap cluster (id=5) detected but not all members meet P/LP or >5pts -> not auto-escalated (possible carrier).,,Yes
7024470,28730_2023,chr1,237489028,C,T,RYR2,AD,ENST00000366574.7:c.1709-2778C>T,Not provided,,,,,intron_variant,Het,21,0.231,Catecholaminergic polymorphic ventricular tachycardia,No,,No,unknown_db_phenotype,No phenotype text in DB (unknown),Not provided,Not provided,0,Not provided,Not provided,0,Not provided,0,0,Not provided,No database evidence,0.0,Unknown,Not provided,Not provided,0.000,Not provided,[],[],unknown,No,PM2_Moderate,"{""PM2_Moderate"": 2}",2,VUS,VUS,,,,PM2_Moderate: gnomAD max AF=0 < threshold 0.0001 for MOI AD,,,,,,,,,,,,,,No,No,,,,,Yes
7024470,28730_2023,chr1,237533300,G,A,RYR2,AD,ENST00000366574.7:c.2906+2790G>A,Not provided,,,,,intron_variant,Het,43,0.477,Catecholaminergic polymorphic ventricular tachycardia,No,,No,unknown_db_phenotype,No phenotype text in DB (unknown),Not provided,Not provided,0,Not provided,Not provided,0,Not provided,0,0,Not provided,No database evidence,0.0,Unknown,Not provided,Not provided,0.000,Not provided,[],[],unknown,No,PM2_Moderate,"{""PM2_Moderate"": 2}",2,VUS,VUS,,,,PM2_Moderate: gnomAD max AF=0 < threshold 0.0001 for MOI AD,,,,,,,,,,,,,,No,No,,,,,Yes
7024470,28730_2023,chr1,237578714,AGGTGGTGGG,A,RYR2,AD,ENST00000366574.7:c.3598+9396_3598+9404del,Not provided,,,,,intron_variant,Het,45,0.600,Catecholaminergic polymorphic ventricular tachycardia,No,,No,unknown_db_phenotype,No phenotype text in DB (unknown),Not provided,Not provided,0,Not provided,Not provided,0,Not provided,0,0,Not provided,No database evidence,0.000013,v3,Not provided,Not provided,Not provided,Not provided,[],[],unknown,No,PM2_Moderate,"{""PM2_Moderate"": 2}",2,VUS,VUS,,,,PM2_Moderate: gnomAD max AF=1.30883e-05 < threshold 0.0001 for MOI AD,,,,,,,,,,,,,,No,No,,,,,Yes
7024470,28730_2023,chr1,237592632,CA,C,RYR2,AD,ENST00000366574.7:c.4275+792del,Not provided,,,,,intron_variant,Het,35,0.600,Catecholaminergic polymorphic ventricular tachycardia,No,,No,unknown_db_phenotype,No phenotype text in DB (unknown),Not provided,Not provided,0,Not provided,Not provided,0,Not provided,0,0,Not provided,No database evidence,0.0,Unknown,Not provided,Not provided,0.000,Not provided,[],[],unknown,No,PM2_Moderate,"{""PM2_Moderate"": 2}",2,VUS,VUS,,,,PM2_Moderate: gnomAD max AF=0 < threshold 0.0001 for MOI AD,,,,,,,,,,,,,,No,No,,,,,Yes
7024470,28730_2023,chr1,237594886,GTTTTTTTTTTTTT,G,RYR2,AD,ENST00000366574.7:c.4437-579_4437-567del,Not provided,,,,,intron_variant,Het,29,0.667,Catecholaminergic polymorphic ventricular tachycardia,No,,No,unknown_db_phenotype,No phenotype text in DB (unknown),Not provided,Not provided,0,Not provided,Not provided,0,Not provided,0,0,Not provided,No database evidence,0.0,Unknown,Not provided,Not provided,Not provided,Not provided,[],[],unknown,No,PM2_Moderate,"{""PM2_Moderate"": 2}",2,VUS,VUS,,,,PM2_Moderate: gnomAD max AF=0 < threshold 0.0001 for MOI AD,,,,,,,,,,,,,,No,No,,,,,Yes
7024470,28730_2023,chr1,237610818,G,A,RYR2,AD,ENST00000366574.7:c.4740G>A,ENSP00000355533.2:p.Pro1580%3D,,,1580,36/105,synonymous_variant,Het,36,0.487,Catecholaminergic polymorphic ventricular tachycardia,No,,No,N/A,N/A,not_specified|Catecholaminergic_polymorphic_ventricular_tachycardia|Cardiovascular_phenotype|Arrhythmogenic_right_ventricular_dysplasia_2|Cardiomyopathy|Catecholaminergic_polymorphic_ventricular_tachycardia_1|not_provided,Benign/Likely_benign,2,Not provided,Not provided,0,Not provided,0,0,Not provided,ClinVar: Benign/Likely_benign (2*),0.0,Unknown,Not provided,Not provided,0.000,Not provided,[],[],unknown,No,PM2_Moderate,"{""PM2_Moderate"": 2}",2,VUS,VUS,,,,PM2_Moderate: gnomAD max AF=0 < threshold 0.0001 for MOI AD,,,,,,,,,,,,,,No,No,,,,Filtered: HQ Benign (ClinVar≥2★ or HGMD benign or Internal DB benign),Yes
7024470,28730_2023,chr1,237621455,G,T,RYR2,AD,ENST00000366574.7:c.5917-2310G>T,Not provided,,,,,intron_variant,Het,49,0.745,Catecholaminergic polymorphic ventricular tachycardia,No,,No,unknown_db_phenotype,No phenotype text in DB (unknown),Not provided,Not provided,0,Not provided,Not provided,0,Not provided,0,0,Not provided,No database evidence,0.0,Unknown,Not provided,Not provided,0.000,Not provided,[],[],unknown,No,PM2_Moderate,"{""PM2_Moderate"": 2}",2,VUS,VUS,,,,PM2_Moderate: gnomAD max AF=0 < threshold 0.0001 for MOI AD,,,,,,,,,,,,,,No,No,,,,,Yes
7024470,28730_2023,chr1,237631929,A,G,RYR2,AD,ENST00000366574.7:c.6555+388A>G,Not provided,,,,,intron_variant,Het,32,0.531,Catecholaminergic polymorphic ventricular tachycardia,No,,No,unknown_db_phenotype,No phenotype text in DB (unknown),Not provided,Not provided,0,Not provided,Not provided,0,Not provided,0,0,Not provided,No database evidence,0.0,Unknown,Not provided,Not provided,0.000,Not provided,[],[],unknown,No,PM2_Moderate,"{""PM2_Moderate"": 2}",2,VUS,VUS,,,,PM2_Moderate: gnomAD max AF=0 < threshold 0.0001 for MOI AD,,,,,,,,,,,,,,No,No,,,,,Yes
7024470,28730_2023,chr1,237682506,A,G,RYR2,AD,ENST00000366574.7:c.9017+1929A>G,Not provided,,,,,intron_variant,Het,27,0.571,Catecholaminergic polymorphic ventricular tachycardia,No,,No,unknown_db_phenotype,No phenotype text in DB (unknown),Not provided,Not provided,0,Not provided,Not provided,0,Not provided,0,0,Not provided,No database evidence,0.0,Unknown,Not provided,Not provided,0.000,Not provided,[],[],unknown,No,PM2_Moderate,"{""PM2_Moderate"": 2}",2,VUS,VUS,,,,PM2_Moderate: gnomAD max AF=0 < threshold 0.0001 for MOI AD,,,,,,,,,,,,,,No,No,,,,,Yes
7024470,28730_2023,chr1,237689434,T,C,RYR2,AD,ENST00000366574.7:c.9067+1930T>C,Not provided,,,,,intron_variant,Het,25,0.538,Catecholaminergic polymorphic ventricular tachycardia,No,,No,unknown_db_phenotype,No phenotype text in DB (unknown),Not provided,Not provided,0,Not provided,Not provided,0,Not provided,0,0,Not provided,No database evidence,0.0,Unknown,Not provided,Not provided,0.000,Not provided,[],[],unknown,No,PM2_Moderate,"{""PM2_Moderate"": 2}",2,VUS,VUS,,,,PM2_Moderate: gnomAD max AF=0 < threshold 0.0001 for MOI AD,,,,,,,,,,,,,,No,No,,,,,Yes
7024470,28730_2023,chr1,237691381,G,A,RYR2,AD,ENST00000366574.7:c.9067+3877G>A,Not provided,,,,,intron_variant,Het,31,0.353,Catecholaminergic polymorphic ventricular tachycardia,No,,No,unknown_db_phenotype,No phenotype text in DB (unknown),Not provided,Not provided,0,Not provided,Not provided,0,Not provided,0,0,Not provided,No database evidence,0.0,Unknown,Not provided,Not provided,0.000,Not provided,[],[],unknown,No,PM2_Moderate,"{""PM2_Moderate"": 2}",2,VUS,VUS,,,,PM2_Moderate: gnomAD max AF=0 < threshold 0.0001 for MOI AD,,,,,,,,,,,,,,No,No,,,,,Yes
7024470,28730_2023,chr1,237692063,A,C,RYR2,AD,ENST00000366574.7:c.9067+4559A>C,Not provided,,,,,intron_variant,Het,35,0.474,Catecholaminergic polymorphic ventricular tachycardia,No,,No,unknown_db_phenotype,No phenotype text in DB (unknown),Not provided,Not provided,0,Not provided,Not provided,0,Not provided,0,0,Not provided,No database evidence,0.0,Unknown,Not provided,Not provided,0.000,Not provided,[],[],unknown,No,PM2_Moderate,"{""PM2_Moderate"": 2}",2,VUS,VUS,,,,PM2_Moderate: gnomAD max AF=0 < threshold 0.0001 for MOI AD,,,,,,,,,,,,,,No,No,,,,,Yes
7024470,28730_2023,chr1,237692574,T,G,RYR2,AD,ENST00000366574.7:c.9067+5070T>G,Not provided,,,,,intron_variant,Het,30,0.500,Catecholaminergic polymorphic ventricular tachycardia,No,,No,unknown_db_phenotype,No phenotype text in DB (unknown),Not provided,Not provided,0,Not provided,Not provided,0,Not provided,0,0,Not provided,No database evidence,0.0,Unknown,Not provided,Not provided,0.000,Not provided,[],[],unknown,No,PM2_Moderate,"{""PM2_Moderate"": 2}",2,VUS,VUS,,,,PM2_Moderate: gnomAD max AF=0 < threshold 0.0001 for MOI AD,,,,,,,,,,,,,,No,No,,,,,Yes
7024470,28730_2023,chr1,237692749,A,G,RYR2,AD,ENST00000366574.7:c.9067+5245A>G,Not provided,,,,,intron_variant,Het,31,0.353,Catecholaminergic polymorphic ventricular tachycardia,No,,No,unknown_db_phenotype,No phenotype text in DB (unknown),Not provided,Not provided,0,Not provided,Not provided,0,Not provided,0,0,Not provided,No database evidence,0.0,Unknown,Not provided,Not provided,0.000,Not provided,[],[],unknown,No,PM2_Moderate,"{""PM2_Moderate"": 2}",2,VUS,VUS,,,,PM2_Moderate: gnomAD max AF=0 < threshold 0.0001 for MOI AD,,,,,,,,,,,,,,No,No,,,,,Yes
7024470,28730_2023,chr1,237693174,A,G,RYR2,AD,ENST00000366574.7:c.9067+5670A>G,Not provided,,,,,intron_variant,Het,35,0.400,Catecholaminergic polymorphic ventricular tachycardia,No,,No,unknown_db_phenotype,No phenotype text in DB (unknown),Not provided,Not provided,0,Not provided,Not provided,0,Not provided,0,0,Not provided,No database evidence,0.0,Unknown,Not provided,Not provided,0.000,Not provided,[],[],unknown,No,PM2_Moderate,"{""PM2_Moderate"": 2}",2,VUS,VUS,,,,PM2_Moderate: gnomAD max AF=0 < threshold 0.0001 for MOI AD,,,,,,,,,,,,,,No,No,,,,,Yes
7024470,28730_2023,chr1,237694163,A,G,RYR2,AD,ENST00000366574.7:c.9068-4802A>G,Not provided,,,,,intron_variant,Het,36,0.514,Catecholaminergic polymorphic ventricular tachycardia,No,,No,unknown_db_phenotype,No phenotype text in DB (unknown),Not provided,Not provided,0,Not provided,Not provided,0,Not provided,0,0,Not provided,No database evidence,0.0,Unknown,Not provided,Not provided,0.000,Not provided,[],[],unknown,No,PM2_Moderate,"{""PM2_Moderate"": 2}",2,VUS,VUS,,,,PM2_Moderate: gnomAD max AF=0 < threshold 0.0001 for MOI AD,,,,,,,,,,,,,,No,No,,,,,Yes
7024470,28730_2023,chr1,237696480,T,G,RYR2,AD,ENST00000366574.7:c.9068-2485T>G,Not provided,,,,,intron_variant,Het,20,0.571,Catecholaminergic polymorphic ventricular tachycardia,No,,No,unknown_db_phenotype,No phenotype text in DB (unknown),Not provided,Not provided,0,Not provided,Not provided,0,Not provided,0,0,Not provided,No database evidence,0.0,Unknown,Not provided,Not provided,0.000,Not provided,[],[],unknown,No,PM2_Moderate,"{""PM2_Moderate"": 2}",2,VUS,VUS,,,,PM2_Moderate: gnomAD max AF=0 < threshold 0.0001 for MOI AD,,,,,,,,,,,,,,No,No,,,,,Yes
7024470,28730_2023,chr1,237696717,C,T,RYR2,AD,ENST00000366574.7:c.9068-2248C>T,Not provided,,,,,intron_variant,Het,21,0.696,Catecholaminergic polymorphic ventricular tachycardia,No,,No,unknown_db_phenotype,No phenotype text in DB (unknown),Not provided,Not provided,0,Not provided,Not provided,0,Not provided,0,0,Not provided,No database evidence,0.0,Unknown,Not provided,Not provided,0.000,Not provided,[],[],unknown,No,PM2_Moderate,"{""PM2_Moderate"": 2}",2,VUS,VUS,,,,PM2_Moderate: gnomAD max AF=0 < threshold 0.0001 for MOI AD,,,,,,,,,,,,,,No,No,,,,,Yes
7024470,28730_2023,chr1,237697125,AC,A,RYR2,AD,ENST00000366574.7:c.9068-1837del,Not provided,,,,,intron_variant,Het,16,0.529,Catecholaminergic polymorphic ventricular tachycardia,No,,No,unknown_db_phenotype,No phenotype text in DB (unknown),Not provided,Not provided,0,Not provided,Not provided,0,Not provided,0,0,Not provided,No database evidence,0.000007,v3,Not provided,Not provided,0.010,Not provided,[],[],unknown,No,PM2_Moderate,"{""PM2_Moderate"": 2}",2,VUS,VUS,,,,PM2_Moderate: gnomAD max AF=6.64478e-06 < threshold 0.0001 for MOI AD,,,,,,,,,,,,,,No,No,,,,,Yes
7024470,28730_2023,chr1,237721264,A,C,RYR2,AD,ENST00000366574.7:c.10555-1864A>C,Not provided,,,,,intron_variant,Het,50,0.360,Catecholaminergic polymorphic ventricular tachycardia,No,,No,unknown_db_phenotype,No phenotype text in DB (unknown),Not provided,Not provided,0,Not provided,Not provided,0,Not provided,0,0,Not provided,No database evidence,0.0,Unknown,Not provided,Not provided,0.000,Not provided,[],[],unknown,No,PM2_Moderate,"{""PM2_Moderate"": 2}",2,VUS,VUS,,,,PM2_Moderate: gnomAD max AF=0 < threshold 0.0001 for MOI AD,,,,,,,,,,,,,,No,No,,,,,Yes
7024470,28730_2023,chr1,237722836,A,C,RYR2,AD,ENST00000366574.7:c.10555-292A>C,Not provided,,,,,intron_variant,Het,26,0.500,Catecholaminergic polymorphic ventricular tachycardia,No,,No,unknown_db_phenotype,No phenotype text in DB (unknown),not_provided,Likely_benign,1,Not provided,Not provided,0,Not provided,0,0,Not provided,ClinVar: Likely_benign (1*),0.0,Unknown,Not provided,Not provided,0.000,Not provided,[],[],unknown,No,PM2_Moderate,"{""PM2_Moderate"": 2}",2,VUS,VUS,,,,PM2_Moderate: gnomAD max AF=0 < threshold 0.0001 for MOI AD,,,,,,,,,,,,,,No,No,,,Low quality ClinVar: Likely_benign (1 stars);Low quality ClinVar: Likely_benign (1 stars),,Yes
7024470,28730_2023,chr1,237724242,T,C,RYR2,AD,ENST00000366574.7:c.10689+980T>C,Not provided,,,,,intron_variant,Het,33,0.382,Catecholaminergic polymorphic ventricular tachycardia,No,,No,unknown_db_phenotype,No phenotype text in DB (unknown),Not provided,Not provided,0,Not provided,Not provided,0,Not provided,0,0,Not provided,No database evidence,0.000014,v3,Not provided,Not provided,0.000,Not provided,[],[],unknown,No,PM2_Moderate,"{""PM2_Moderate"": 2}",2,VUS,VUS,,,,PM2_Moderate: gnomAD max AF=1.35463e-05 < threshold 0.0001 for MOI AD,,,,,,,,,,,,,,No,No,,,,,Yes
7024470,28730_2023,chr1,237750118,G,T,RYR2,AD,ENST00000366574.7:c.11146-6170G>T,Not provided,,,,,intron_variant,Het,24,0.500,Catecholaminergic polymorphic ventricular tachycardia,No,,No,unknown_db_phenotype,No phenotype text in DB (unknown),Not provided,Not provided,0,Not provided,Not provided,0,Not provided,0,0,Not provided,No database evidence,0.0,Unknown,Not provided,Not provided,0.000,Not provided,[],[],unknown,No,PM2_Moderate,"{""PM2_Moderate"": 2}",2,VUS,VUS,,,,PM2_Moderate: gnomAD max AF=0 < threshold 0.0001 for MOI AD,,,,,,,,,,,,,,No,No,,,,,Yes
7024470,28730_2023,chr1,237789505,C,CCATGGCTGCAGGTATAGTTCTATTATAGGT,RYR2,AD,ENST00000366574.7:c.13476+1431_13476+1460dup,Not provided,,,,,intron_variant,Hom,34,0.694,Catecholaminergic polymorphic ventricular tachycardia,No,,No,unknown_db_phenotype,No phenotype text in DB (unknown),Not provided,Not provided,0,Not provided,Not provided,0,Not provided,0,0,Not provided,No database evidence,0.0,Unknown,Not provided,Not provided,Not provided,Not provided,[],[],unknown,No,PM2_Moderate,"{""PM2_Moderate"": 2}",2,VUS,VUS,,,,PM2_Moderate: gnomAD max AF=0 < threshold 0.0001 for MOI AD,,,,,,,,,,,,,,No,No,,,,,Yes
7024470,28730_2023,chr1,237813489,G,T,RYR2,AD,ENST00000366574.7:c.14433+4454G>T,Not provided,,,,,intron_variant,Het,32,0.500,Catecholaminergic polymorphic ventricular tachycardia,No,,No,unknown_db_phenotype,No phenotype text in DB (unknown),Not provided,Not provided,0,Not provided,Not provided,0,Not provided,0,0,Not provided,No database evidence,0.0,Unknown,Not provided,Not provided,0.000,Not provided,[],[],unknown,No,PM2_Moderate,"{""PM2_Moderate"": 2}",2,VUS,VUS,,,,PM2_Moderate: gnomAD max AF=0 < threshold 0.0001 for MOI AD,,,,,,,,,,,,,,No,No,,,,,Yes
7024470,28730_2023,chr10,43077484,T,TGCGGCGG,RET,AD,ENST00000355710.8:c.73+164_73+170dup,Not provided,,,,,intron_variant,Het,15,0.588,Familial medullary thyroid cancer; Multiple endocrine neoplasia type 2A; Multiple endocrine neoplasia type 2B,No,,No,unknown_db_phenotype,No phenotype text in DB (unknown),Not provided,Not provided,0,Not provided,Not provided,0,Not provided,0,0,Not provided,No database evidence,0.000051,v3,Not provided,Not provided,Not provided,Not provided,[],[],unknown,No,PM2_Moderate,"{""PM2_Moderate"": 2}",2,VUS,VUS,,,,PM2_Moderate: gnomAD max AF=5.07941e-05 < threshold 0.0001 for MOI AD,,,,,,,,,,,,,,No,No,,,,,Yes
7024470,28730_2023,chr10,43106313,G,C,RET,AD,ENST00000355710.8:c.868-63G>C,Not provided,,,,,intron_variant,Het,29,0.613,Familial medullary thyroid cancer; Multiple endocrine neoplasia type 2A; Multiple endocrine neoplasia type 2B,No,,No,N/A,N/A,not_provided,Likely_benign,2,Not provided,Not provided,0,Not provided,0,0,Not provided,ClinVar: Likely_benign (2*),0.0,Unknown,Not provided,Not provided,0.000,Not provided,[],[],unknown,No,PM2_Moderate,"{""PM2_Moderate"": 2}",2,VUS,VUS,,,,PM2_Moderate: gnomAD max AF=0 < threshold 0.0001 for MOI AD,,,,,,,,,,,,,,No,No,,,,Filtered: HQ Benign (ClinVar≥2★ or HGMD benign or Internal DB benign),Yes
7024470,28730_2023,chr10,43123868,A,G,RET,AD,ENST00000355710.8:c.2939+60A>G,Not provided,,,,,intron_variant,Het,28,0.310,Familial medullary thyroid cancer; Multiple endocrine neoplasia type 2A; Multiple endocrine neoplasia type 2B,No,,No,unknown_db_phenotype,No phenotype text in DB (unknown),Not provided,Not provided,0,Not provided,Not provided,0,Not provided,0,0,Not provided,No database evidence,0.0,Unknown,Not provided,Not provided,0.010,Not provided,[],[],unknown,No,PM2_Moderate,"{""PM2_Moderate"": 2}",2,VUS,VUS,,,,PM2_Moderate: gnomAD max AF=0 < threshold 0.0001 for MOI AD,,,,,,,,,,,,,,No,No,,,,,Yes
7024470,28730_2023,chr10,86751622,C,T,BMPR1A,AD,Not provided,Not provided,,,,,upstream_gene_variant,Het,20,0.550,Juvenile polyposis syndrome,No,,No,unknown_db_phenotype,No phenotype text in DB (unknown),Not provided,Not provided,0,Not provided,Not provided,0,Not provided,0,0,Not provided,No database evidence,0.0,Unknown,Not provided,Not provided,Not provided,Not provided,[],[],unknown,No,PM2_Moderate,"{""PM2_Moderate"": 2}",2,VUS,VUS,,,,PM2_Moderate: gnomAD max AF=0 < threshold 0.0001 for MOI AD,,,,,,,,,,,,,,No,No,,,,,Yes
7024470,28730_2023,chr10,86751684,C,CAT,BMPR1A,AD,Not provided,Not provided,,,,,upstream_gene_variant,Het,12,0.333,Juvenile polyposis syndrome,No,,No,unknown_db_phenotype,No phenotype text in DB (unknown),Not provided,Not provided,0,Not provided,Not provided,0,Not provided,0,0,Not provided,No database evidence,0.0,Unknown,Not provided,Not provided,Not provided,Not provided,[],[],unknown,No,PM2_Moderate,"{""PM2_Moderate"": 2}",2,VUS,VUS,,,,PM2_Moderate: gnomAD max AF=0 < threshold 0.0001 for MOI AD,,,,,,,,,,,,,,No,No,,,,,Yes
7024470,28730_2023,chr10,86751703,G,A,BMPR1A,AD,Not provided,Not provided,,,,,upstream_gene_variant,Het,12,0.333,Juvenile polyposis syndrome,No,,No,unknown_db_phenotype,No phenotype text in DB (unknown),Not provided,Not provided,0,Not provided,Not provided,0,Not provided,0,0,Not provided,No database evidence,0.0,Unknown,Not provided,Not provided,Not provided,Not provided,[],[],unknown,No,PM2_Moderate,"{""PM2_Moderate"": 2}",2,VUS,VUS,,,,PM2_Moderate: gnomAD max AF=0 < threshold 0.0001 for MOI AD,,,,,,,,,,,,,,No,No,,,,,Yes
7024470,28730_2023,chr10,86751794,CAT,C,BMPR1A,AD,Not provided,Not provided,,,,,upstream_gene_variant,Het,15,0.706,Juvenile polyposis syndrome,No,,No,unknown_db_phenotype,No phenotype text in DB (unknown),Not provided,Not provided,0,Not provided,Not provided,0,Not provided,0,0,Not provided,No database evidence,0.0,Unknown,Not provided,Not provided,Not provided,Not provided,[],[],unknown,No,PM2_Moderate,"{""PM2_Moderate"": 2}",2,VUS,VUS,,,,PM2_Moderate: gnomAD max AF=0 < threshold 0.0001 for MOI AD,,,,,,,,,,,,,,No,No,,,,,Yes
7024470,28730_2023,chr10,86765073,G,A,BMPR1A,AD,ENST00000372037.8:c.-268+8154G>A,Not provided,,,,,intron_variant,Het,30,0.700,Juvenile polyposis syndrome,No,,No,unknown_db_phenotype,No phenotype text in DB (unknown),not_provided,Likely_benign,1,Not provided,Not provided,0,Not provided,0,0,Not provided,ClinVar: Likely_benign (1*),0.0,Unknown,Not provided,Not provided,0.000,Not provided,[],[],unknown,No,PM2_Moderate,"{""PM2_Moderate"": 2}",2,VUS,VUS,,,,PM2_Moderate: gnomAD max AF=0 < threshold 0.0001 for MOI AD,,,,,,,,,,,,,,No,No,,,Low quality ClinVar: Likely_benign (1 stars);Low quality ClinVar: Likely_benign (1 stars),,Yes
7024470,28730_2023,chr10,86768507,C,T,BMPR1A,AD,ENST00000372037.8:c.-268+11588C>T,Not provided,,,,,intron_variant,Het,64,0.578,Juvenile polyposis syndrome,No,,No,unknown_db_phenotype,No phenotype text in DB (unknown),Not provided,Not provided,0,Not provided,Not provided,0,Not provided,0,0,Not provided,No database evidence,0.0,Unknown,Not provided,Not provided,0.010,Not provided,[],[],unknown,No,PM2_Moderate,"{""PM2_Moderate"": 2}",2,VUS,VUS,,,,PM2_Moderate: gnomAD max AF=0 < threshold 0.0001 for MOI AD,,,,,,,,,,,,,,No,No,,,,,Yes
7024470,28730_2023,chr10,86772126,G,GTTT,BMPR1A,AD,ENST00000372037.8:c.-268+15227_-268+15229dup,Not provided,,,,,intron_variant,Het,16,0.562,Juvenile polyposis syndrome,No,,No,unknown_db_phenotype,No phenotype text in DB (unknown),Not provided,Not provided,0,Not provided,Not provided,0,Not provided,0,0,Not provided,No database evidence,0.0,Unknown,Not provided,Not provided,Not provided,Not provided,[],[],unknown,No,PM2_Moderate,"{""PM2_Moderate"": 2}",2,VUS,VUS,,,,PM2_Moderate: gnomAD max AF=0 < threshold 0.0001 for MOI AD,,,,,,,,,,,,,,No,No,,,,,Yes
7024470,28730_2023,chr10,86862648,G,A,BMPR1A,AD,ENST00000372037.8:c.-152-13219G>A,Not provided,,,,,intron_variant,Het,32,0.531,Juvenile polyposis syndrome,No,,No,unknown_db_phenotype,No phenotype text in DB (unknown),Not provided,Not provided,0,Not provided,Not provided,0,Not provided,0,0,Not provided,No database evidence,0.0,Unknown,Not provided,Not provided,0.000,Not provided,[],[],unknown,No,PM2_Moderate,"{""PM2_Moderate"": 2}",2,VUS,VUS,,,,PM2_Moderate: gnomAD max AF=0 < threshold 0.0001 for MOI AD,,,,,,,,,,,,,,No,No,,,,,Yes
7024470,28730_2023,chr10,86868778,G,GTTTTTTTTTTTTTT,BMPR1A,AD,ENST00000372037.8:c.-152-7076_-152-7075insTTTTTTTTTTTTTT,Not provided,,,,,intron_variant,Het,24,0.333,Juvenile polyposis syndrome,No,,No,unknown_db_phenotype,No phenotype text in DB (unknown),Not provided,Not provided,0,Not provided,Not provided,0,Not provided,0,0,Not provided,No database evidence,0.0,Unknown,Not provided,Not provided,Not provided,Not provided,[],[],unknown,No,PM2_Moderate,"{""PM2_Moderate"": 2}",2,VUS,VUS,,,,PM2_Moderate: gnomAD max AF=0 < threshold 0.0001 for MOI AD,,,,,,,,,,,,,,No,No,,,,,Yes
7024470,28730_2023,chr10,86869052,T,C,BMPR1A,AD,ENST00000372037.8:c.-152-6815T>C,Not provided,,,,,intron_variant,Het,44,0.565,Juvenile polyposis syndrome,No,,No,unknown_db_phenotype,No phenotype text in DB (unknown),Not provided,Not provided,0,Not provided,Not provided,0,Not provided,0,0,Not provided,No database evidence,0.0,Unknown,Not provided,Not provided,0.000,Not provided,[],[],unknown,No,PM2_Moderate,"{""PM2_Moderate"": 2}",2,VUS,VUS,,,,PM2_Moderate: gnomAD max AF=0 < threshold 0.0001 for MOI AD,,,,,,,,,,,,,,No,No,,,,,Yes
7024470,28730_2023,chr10,86875681,A,G,BMPR1A,AD,ENST00000372037.8:c.-152-186A>G,Not provided,,,,,intron_variant,Het,39,0.610,Juvenile polyposis syndrome,No,,No,unknown_db_phenotype,No phenotype text in DB (unknown),not_provided,Likely_benign,1,Not provided,Not provided,0,Not provided,0,0,Not provided,ClinVar: Likely_benign (1*),0.0,Unknown,Not provided,Not provided,0.000,Not provided,[],[],unknown,No,PM2_Moderate,"{""PM2_Moderate"": 2}",2,VUS,VUS,,,,PM2_Moderate: gnomAD max AF=0 < threshold 0.0001 for MOI AD,,,,,,,,,,,,,,No,No,,,Low quality ClinVar: Likely_benign (1 stars);Low quality ClinVar: Likely_benign (1 stars),,Yes
7024470,28730_2023,chr10,87862147,CCT,C,PTEN,AD,Not provided,Not provided,,,,,upstream_gene_variant,Het,34,0.514,PTEN hamartoma tumor syndrome,No,,No,unknown_db_phenotype,No phenotype text in DB (unknown),Not provided,Not provided,0,Not provided,Not provided,0,Not provided,0,0,Not provided,No database evidence,0.0,Unknown,Not provided,Not provided,Not provided,Not provided,[],[],unknown,No,PM2_Moderate,"{""PM2_Moderate"": 2}",2,VUS,VUS,,,,PM2_Moderate: gnomAD max AF=0 < threshold 0.0001 for MOI AD,,,,,,,,,,,,,,No,No,,,Low quality ClinVar: Conflicting_classifications_of_pathogenicity (1 stars);HGMD gene mismatch: PTEN vs KLLN;Low quality ClinVar: Conflicting_classifications_of_pathogenicity (1 stars);HGMD gene mismatch: PTEN vs KLLN;Gene mismatch detected -> DB evidence ignored for matching sources,,Yes
7024470,28730_2023,chr10,87863443,C,A,PTEN,AD,Not provided,Not provided,,,,,upstream_gene_variant,Het,16,0.500,PTEN hamartoma tumor syndrome,No,,No,N/A,N/A,Hereditary_cancer-predisposing_syndrome|not_specified|not_provided|Cowden_syndrome_4|Cowden_syndrome_1|PTEN_hamartoma_tumor_syndrome,Likely_benign,3,DM?,Breast and/or ovarian cancer,1,Not provided,0,0,Not provided,"ClinVar: Likely_benign (3*); HGMD: DM? (1 pubs, dmsupported=0, confirm=0)",0.0,Unknown,Not provided,Not provided,0.000,Not provided,[],[],unknown,No,PM2_Moderate,"{""PM2_Moderate"": 2}",2,VUS,VUS,,,,PM2_Moderate: gnomAD max AF=0 < threshold 0.0001 for MOI AD,,,,,,,,,,,,,,No,No,,,,Filtered: HQ Benign (ClinVar≥2★ or HGMD benign or Internal DB benign),Yes
7024470,28730_2023,chr10,87865825,G,A,PTEN,AD,ENST00000371953.8:c.79+1277G>A,Not provided,,,,,intron_variant,Het,25,0.423,PTEN hamartoma tumor syndrome,No,,No,unknown_db_phenotype,No phenotype text in DB (unknown),Not provided,Not provided,0,Not provided,Not provided,0,Not provided,0,0,Not provided,No database evidence,0.0,Unknown,Not provided,Not provided,0.000,Not provided,[],[],unknown,No,PM2_Moderate,"{""PM2_Moderate"": 2}",2,VUS,VUS,,,,PM2_Moderate: gnomAD max AF=0 < threshold 0.0001 for MOI AD,,,,,,,,,,,,,,No,No,,,,,Yes
7024470,28730_2023,chr10,87866397,G,A,PTEN,AD,ENST00000371953.8:c.79+1849G>A,Not provided,,,,,intron_variant,Het,46,0.447,PTEN hamartoma tumor syndrome,No,,No,unknown_db_phenotype,No phenotype text in DB (unknown),Not provided,Not provided,0,Not provided,Not provided,0,Not provided,0,0,Not provided,No database evidence,0.0,Unknown,Not provided,Not provided,0.000,Not provided,[],[],unknown,No,PM2_Moderate,"{""PM2_Moderate"": 2}",2,VUS,VUS,,,,PM2_Moderate: gnomAD max AF=0 < threshold 0.0001 for MOI AD,,,,,,,,,,,,,,No,No,,,,,Yes
7024470,28730_2023,chr10,87872424,T,TTTTA,PTEN,AD,ENST00000371953.8:c.79+7900_79+7903dup,Not provided,,,,,intron_variant,Het,32,0.406,PTEN hamartoma tumor syndrome,No,,No,unknown_db_phenotype,No phenotype text in DB (unknown),Not provided,Not provided,0,Not provided,Not provided,0,Not provided,0,0,Not provided,No database evidence,0.0,Unknown,Not provided,Not provided,Not provided,Not provided,[],[],unknown,No,PM2_Moderate,"{""PM2_Moderate"": 2}",2,VUS,VUS,,,,PM2_Moderate: gnomAD max AF=0 < threshold 0.0001 for MOI AD,,,,,,,,,,,,,,No,No,,,,,Yes
7024470,28730_2023,chr10,87881489,C,T,PTEN,AD,ENST00000371953.8:c.80-12536C>T,Not provided,,,,,intron_variant,Het,24,0.577,PTEN hamartoma tumor syndrome,No,,No,unknown_db_phenotype,No phenotype text in DB (unknown),Not provided,Not provided,0,Not provided,Not provided,0,Not provided,0,0,Not provided,No database evidence,0.0,Unknown,Not provided,Not provided,0.000,Not provided,[],[],unknown,No,PM2_Moderate,"{""PM2_Moderate"": 2}",2,VUS,VUS,,,,PM2_Moderate: gnomAD max AF=0 < threshold 0.0001 for MOI AD,,,,,,,,,,,,,,No,No,,,,,Yes
7024470,28730_2023,chr10,87909579,A,G,PTEN,AD,ENST00000371953.8:c.164+15470A>G,Not provided,,,,,intron_variant,Het,36,0.514,PTEN hamartoma tumor syndrome,No,,No,unknown_db_phenotype,No phenotype text in DB (unknown),Not provided,Not provided,0,Not provided,Not provided,0,Not provided,0,0,Not provided,No database evidence,0.000026,v3,Not provided,Not provided,0.010,Not provided,[],[],unknown,No,PM2_Moderate,"{""PM2_Moderate"": 2}",2,VUS,VUS,,,,PM2_Moderate: gnomAD max AF=2.62826e-05 < threshold 0.0001 for MOI AD,,,,,,,,,,,,,,No,No,,,,,Yes
7024470,28730_2023,chr10,87969248,C,T,PTEN,AD,ENST00000371953.8:c.*3776C>T,Not provided,,,,9/9,3_prime_UTR_variant,Het,39,0.634,PTEN hamartoma tumor syndrome,No,,No,unknown_db_phenotype,No phenotype text in DB (unknown),Not provided,Not provided,0,Not provided,Not provided,0,Not provided,0,0,Not provided,No database evidence,0.0,Unknown,Not provided,Not provided,0.000,Not provided,[],[],unknown,No,PM2_Moderate,"{""PM2_Moderate"": 2}",2,VUS,VUS,,,,PM2_Moderate: gnomAD max AF=0 < threshold 0.0001 for MOI AD,,,,,,,,,,,,,,No,No,,,,,Yes
7024470,28730_2023,chr10,87972927,C,T,PTEN,AD,Not provided,Not provided,,,,,downstream_gene_variant,Het,37,0.553,PTEN hamartoma tumor syndrome,No,,No,unknown_db_phenotype,No phenotype text in DB (unknown),Not provided,Not provided,0,Not provided,Not provided,0,Not provided,0,0,Not provided,No database evidence,0.0,Unknown,Not provided,Not provided,Not provided,Not provided,[],[],unknown,No,PM2_Moderate,"{""PM2_Moderate"": 2}",2,VUS,VUS,,,,PM2_Moderate: gnomAD max AF=0 < threshold 0.0001 for MOI AD,,,,,,,,,,,,,,No,No,,,,,Yes
7024470,28730_2023,chr10,88932031,G,GGATGATGATGATGATGATGATGATGATGATGATGAT,ACTA2,AD,Not provided,Not provided,,,,,downstream_gene_variant,Het,29,0.235,Familial thoracic aortic aneurysm,Yes,"RULES_PRESENT_NO_MATCH: Include if Impact is ""MODERATE"" or ""LOW"";RULES_PRESENT_NO_MATCH: Include if Impact is ""MODERATE"" or ""LOW""",No,unknown_db_phenotype,No phenotype text in DB (unknown),Not provided,Not provided,0,Not provided,Not provided,0,Not provided,0,0,Not provided,No database evidence,0.0,Unknown,Not provided,Not provided,Not provided,Not provided,[],[],unknown,No,PM2_Moderate,"{""PM2_Moderate"": 2}",2,VUS,VUS,,,,PM2_Moderate: gnomAD max AF=0 < threshold 0.0001 for MOI AD,,,,,,,,,,,,,,No,No,,,,,Yes
7024470,28730_2023,chr10,88956374,C,T,ACTA2,AD,Not provided,Not provided,,,,,upstream_gene_variant,Het,44,0.468,Familial thoracic aortic aneurysm,Yes,"RULES_PRESENT_NO_MATCH: Include if Impact is ""MODERATE"" or ""LOW"";RULES_PRESENT_NO_MATCH: Include if Impact is ""MODERATE"" or ""LOW""",No,unknown_db_phenotype,No phenotype text in DB (unknown),Not provided,Not provided,0,Not provided,Not provided,0,Not provided,0,0,Not provided,No database evidence,0.0,Unknown,Not provided,Not provided,Not provided,Not provided,[],[],unknown,No,PM2_Moderate,"{""PM2_Moderate"": 2}",2,VUS,VUS,,,,PM2_Moderate: gnomAD max AF=0 < threshold 0.0001 for MOI AD,,,,,,,,,,,,,,No,No,,,,,Yes
7024470,28730_2023,chr10,88962976,T,A,ACTA2,AD,ENST00000415557.2:c.-23-14023A>T,Not provided,,,,,intron_variant,Het,20,0.300,Familial thoracic aortic aneurysm,Yes,"RULES_PRESENT_NO_MATCH: Include if Impact is ""MODERATE"" or ""LOW"";RULES_PRESENT_NO_MATCH: Include if Impact is ""MODERATE"" or ""LOW""",No,unknown_db_phenotype,No phenotype text in DB (unknown),Not provided,Not provided,0,Not provided,Not provided,0,Not provided,0,0,Not provided,No database evidence,0.0,Unknown,Not provided,Not provided,Not provided,Not provided,[],[],unknown,No,PM2_Moderate,"{""PM2_Moderate"": 2}",2,VUS,VUS,,,,PM2_Moderate: gnomAD max AF=0 < threshold 0.0001 for MOI AD,,,,,,,,,,,,,,No,No,,,,,Yes
7024470,28730_2023,chr10,110699498,C,G,RBM20,AD,ENST00000369519.4:c.191+54853C>G,Not provided,,,,,intron_variant,Het,32,0.688,Dliated cardiomyopathy,No,,No,unknown_db_phenotype,No phenotype text in DB (unknown),Not provided,Not provided,0,Not provided,Not provided,0,Not provided,0,0,Not provided,No database evidence,0.0,Unknown,Not provided,Not provided,0.000,Not provided,[],[],unknown,No,PM2_Moderate,"{""PM2_Moderate"": 2}",2,VUS,VUS,,,,PM2_Moderate: gnomAD max AF=0 < threshold 0.0001 for MOI AD,,,,,,,,,,,,,,No,No,,,,,Yes
7024470,28730_2023,chr10,110747896,T,C,RBM20,AD,ENST00000369519.4:c.192-32905T>C,Not provided,,,,,intron_variant,Het,43,0.318,Dliated cardiomyopathy,No,,No,unknown_db_phenotype,No phenotype text in DB (unknown),Not provided,Not provided,0,Not provided,Not provided,0,Not provided,0,0,Not provided,No database evidence,0.0,Unknown,Not provided,Not provided,0.000,Not provided,[],[],unknown,No,PM2_Moderate,"{""PM2_Moderate"": 2}",2,VUS,VUS,,,,PM2_Moderate: gnomAD max AF=0 < threshold 0.0001 for MOI AD,,,,,,,,,,,,,,No,No,,,,,Yes
7024470,28730_2023,chr10,110802453,C,T,RBM20,AD,ENST00000369519.4:c.1800+2535C>T,Not provided,,,,,intron_variant,Het,18,0.333,Dliated cardiomyopathy,No,,No,unknown_db_phenotype,No phenotype text in DB (unknown),Not provided,Not provided,0,Not provided,Not provided,0,Not provided,0,0,Not provided,No database evidence,0.0,Unknown,Not provided,Not provided,0.000,Not provided,[],[],unknown,No,PM2_Moderate,"{""PM2_Moderate"": 2}",2,VUS,VUS,,,,PM2_Moderate: gnomAD max AF=0 < threshold 0.0001 for MOI AD,,,,,,,,,,,,,,No,No,,,,,Yes
7024470,28730_2023,chr10,110810372,G,C,RBM20,AD,ENST00000369519.4:c.1801-11G>C,Not provided,,,,,splice_polypyrimidine_tract_variant&intron_variant,Het,32,0.438,Dliated cardiomyopathy,No,,No,N/A,N/A,not_provided|Dilated_cardiomyopathy_1DD|not_specified,Benign/Likely_benign,2,Not provided,Not provided,0,Not provided,0,0,Not provided,ClinVar: Benign/Likely_benign (2*),0.0,Unknown,Not provided,Not provided,0.030,Not provided,[],[],unknown,No,PM2_Moderate,"{""PM2_Moderate"": 2}",2,VUS,VUS,,,,PM2_Moderate: gnomAD max AF=0 < threshold 0.0001 for MOI AD,,,,,,,,,,,,,,No,No,,,,Filtered: HQ Benign (ClinVar≥2★ or HGMD benign or Internal DB benign),Yes
7024470,28730_2023,chr10,110814470,TA,T,RBM20,AD,ENST00000369519.4:c.2550+1524del,Not provided,,,,,intron_variant,Het,20,0.550,Dliated cardiomyopathy,No,,No,unknown_db_phenotype,No phenotype text in DB (unknown),Not provided,Not provided,0,Not provided,Not provided,0,Not provided,0,0,Not provided,No database evidence,0.0,Unknown,Not provided,Not provided,0.000,Not provided,[],[],unknown,No,PM2_Moderate,"{""PM2_Moderate"": 2}",2,VUS,VUS,,,,PM2_Moderate: gnomAD max AF=0 < threshold 0.0001 for MOI AD,,,,,,,,,,,,,,No,No,,,,,Yes
7024470,28730_2023,chr10,110815421,G,A,RBM20,AD,ENST00000369519.4:c.2550+2474G>A,Not provided,,,,,intron_variant,Het,36,0.595,Dliated cardiomyopathy,No,,No,unknown_db_phenotype,No phenotype text in DB (unknown),Not provided,Not provided,0,Not provided,Not provided,0,Not provided,0,0,Not provided,No database evidence,0.0,Unknown,Not provided,Not provided,0.000,Not provided,[],[],unknown,No,PM2_Moderate,"{""PM2_Moderate"": 2}",2,VUS,VUS,,,,PM2_Moderate: gnomAD max AF=0 < threshold 0.0001 for MOI AD,,,,,,,,,,,,,,No,No,,,,,Yes
7024470,28730_2023,chr10,110816481,A,G,RBM20,AD,ENST00000369519.4:c.2550+3534A>G,Not provided,,,,,intron_variant,Het,12,0.500,Dliated cardiomyopathy,No,,No,unknown_db_phenotype,No phenotype text in DB (unknown),Not provided,Not provided,0,Not provided,Not provided,0,Not provided,0,0,Not provided,No database evidence,0.0,Unknown,Not provided,Not provided,0.000,Not provided,[],[],unknown,No,PM2_Moderate,"{""PM2_Moderate"": 2}",2,VUS,VUS,,,,PM2_Moderate: gnomAD max AF=0 < threshold 0.0001 for MOI AD,,,,,,,,,,,,,,No,No,,,,,Yes
7024470,28730_2023,chr10,110843413,CA,C,RBM20,AD,Not provided,Not provided,,,,,downstream_gene_variant,Het,25,0.400,Dliated cardiomyopathy,No,,No,unknown_db_phenotype,No phenotype text in DB (unknown),Not provided,Not provided,0,Not provided,Not provided,0,Not provided,0,0,Not provided,No database evidence,0.0,Unknown,Not provided,Not provided,Not provided,Not provided,[],[],unknown,No,PM2_Moderate,"{""PM2_Moderate"": 2}",2,VUS,VUS,,,,PM2_Moderate: gnomAD max AF=0 < threshold 0.0001 for MOI AD,,,,,,,,,,,,,,No,No,,,,,Yes
7024470,28730_2023,chr10,119656403,C,T,BAG3,AD,ENST00000369085.8:c.180+4548C>T,Not provided,,,,,intron_variant,Het,10,0.600,Dilated cardiomyopathy; Myofibrillar myopathy,No,,No,unknown_db_phenotype,No phenotype text in DB (unknown),Not provided,Not provided,0,Not provided,Not provided,0,Not provided,0,0,Not provided,No database evidence,0.0,Unknown,Not provided,Not provided,0.000,Not provided,[],[],unknown,No,PM2_Moderate,"{""PM2_Moderate"": 2}",2,VUS,VUS,,,,PM2_Moderate: gnomAD max AF=0 < threshold 0.0001 for MOI AD,,,,,,,,,,,,,,No,No,,,,,Yes
7024470,28730_2023,chr10,119665091,TTTGTG,T,BAG3,AD,ENST00000369085.8:c.181-4758_181-4754del,Not provided,,,,,intron_variant,Het,23,0.417,Dilated cardiomyopathy; Myofibrillar myopathy,No,,No,unknown_db_phenotype,No phenotype text in DB (unknown),Not provided,Not provided,0,Not provided,Not provided,0,Not provided,0,0,Not provided,No database evidence,0.0,Unknown,Not provided,Not provided,Not provided,Not provided,[],[],unknown,Yes,PM2_Moderate,"{""PM2_Moderate"": 2}",2,VUS,VUS,,,,PM2_Moderate: gnomAD max AF=0 < threshold 0.0001 for MOI AD,,,,,,,,,,,,,,No,No,,,Delins cluster (unphased) detected (cluster_id=7; members=chr10:119665091:TTTGTG:T:7024470;chr10:119665098:G:C:7024470) - phasing required to confirm cis/trans.;Delins/overlap cluster (id=7) detected but not all members meet P/LP or >5pts -> not auto-escalated (possible carrier).,,Yes
7024470,28730_2023,chr10,119665098,G,C,BAG3,AD,ENST00000369085.8:c.181-4753G>C,Not provided,,,,,intron_variant,Het,20,0.391,Dilated cardiomyopathy; Myofibrillar myopathy,No,,No,unknown_db_phenotype,No phenotype text in DB (unknown),Not provided,Not provided,0,Not provided,Not provided,0,Not provided,0,0,Not provided,No database evidence,0.0,Unknown,Not provided,Not provided,0.000,Not provided,[],[],unknown,Yes,PM2_Moderate,"{""PM2_Moderate"": 2}",2,VUS,VUS,,,,PM2_Moderate: gnomAD max AF=0 < threshold 0.0001 for MOI AD,,,,,,,,,,,,,,No,No,,,Delins cluster (unphased) detected (cluster_id=7; members=chr10:119665091:TTTGTG:T:7024470;chr10:119665098:G:C:7024470) - phasing required to confirm cis/trans.;Delins/overlap cluster (id=7) detected but not all members meet P/LP or >5pts -> not auto-escalated (possible carrier).,,Yes
7024470,28730_2023,chr10,119668809,C,T,BAG3,AD,ENST00000369085.8:c.181-1042C>T,Not provided,,,,,intron_variant,Het,40,0.450,Dilated cardiomyopathy; Myofibrillar myopathy,No,,No,unknown_db_phenotype,No phenotype text in DB (unknown),Not provided,Not provided,0,Not provided,Not provided,0,Not provided,0,0,Not provided,No database evidence,0.0,Unknown,Not provided,Not provided,0.000,Not provided,[],[],unknown,No,PM2_Moderate,"{""PM2_Moderate"": 2}",2,VUS,VUS,,,,PM2_Moderate: gnomAD max AF=0 < threshold 0.0001 for MOI AD,,,,,,,,,,,,,,No,No,,,,,Yes
7024470,28730_2023,chr11,2469330,C,A,KCNQ1,AD,ENST00000155840.12:c.386+23846C>A,Not provided,,,,,intron_variant,Het,24,0.481,Long-QT syndrome type 1,No,,No,unknown_db_phenotype,No phenotype text in DB (unknown),Not provided,Not provided,0,Not provided,Not provided,0,Not provided,0,0,Not provided,No database evidence,0.0,Unknown,Not provided,Not provided,0.000,Not provided,[],[],unknown,No,PM2_Moderate,"{""PM2_Moderate"": 2}",2,VUS,VUS,,,,PM2_Moderate: gnomAD max AF=0 < threshold 0.0001 for MOI AD,,,,,,,,,,,,,,No,No,,,,,Yes
7024470,28730_2023,chr11,2469492,C,CT,KCNQ1,AD,ENST00000155840.12:c.386+24009dup,Not provided,,,,,intron_variant,Het,21,0.636,Long-QT syndrome type 1,No,,No,unknown_db_phenotype,No phenotype text in DB (unknown),Not provided,Not provided,0,Not provided,Not provided,0,Not provided,0,0,Not provided,No database evidence,0.0,Unknown,Not provided,Not provided,0.000,Not provided,[],[],unknown,No,PM2_Moderate,"{""PM2_Moderate"": 2}",2,VUS,VUS,,,,PM2_Moderate: gnomAD max AF=0 < threshold 0.0001 for MOI AD,,,,,,,,,,,,,,No,No,,,,,Yes
7024470,28730_2023,chr11,2477734,T,TAA,KCNQ1,AD,ENST00000155840.12:c.386+32263_386+32264dup,Not provided,,,,,intron_variant,Het,33,0.543,Long-QT syndrome type 1,No,,No,unknown_db_phenotype,No phenotype text in DB (unknown),Not provided,Not provided,0,Not provided,Not provided,0,Not provided,0,0,Not provided,No database evidence,0.0,Unknown,Not provided,Not provided,Not provided,Not provided,[],[],unknown,No,PM2_Moderate,"{""PM2_Moderate"": 2}",2,VUS,VUS,,,,PM2_Moderate: gnomAD max AF=0 < threshold 0.0001 for MOI AD,,,,,,,,,,,,,,No,No,,,,,Yes
7024470,28730_2023,chr11,2496495,C,CTTTTTTTTTTT,KCNQ1,AD,ENST00000155840.12:c.387-31418_387-31408dup,Not provided,,,,,intron_variant,Het,28,0.242,Long-QT syndrome type 1,No,,No,unknown_db_phenotype,No phenotype text in DB (unknown),Not provided,Not provided,0,Not provided,Not provided,0,Not provided,0,0,Not provided,No database evidence,0.0,Unknown,Not provided,Not provided,Not provided,Not provided,[],[],unknown,No,PM2_Moderate,"{""PM2_Moderate"": 2}",2,VUS,VUS,,,,PM2_Moderate: gnomAD max AF=0 < threshold 0.0001 for MOI AD,,,,,,,,,,,,,,No,No,,,,,Yes
7024470,28730_2023,chr11,2542767,A,T,KCNQ1,AD,ENST00000155840.12:c.477+14749A>T,Not provided,,,,,intron_variant,Het,35,0.417,Long-QT syndrome type 1,No,,No,unknown_db_phenotype,No phenotype text in DB (unknown),Not provided,Not provided,0,Not provided,Not provided,0,Not provided,0,0,Not provided,No database evidence,0.0,Unknown,Not provided,Not provided,0.000,Not provided,[],[],unknown,Yes,PM2_Moderate,"{""PM2_Moderate"": 2}",2,VUS,VUS,,,,PM2_Moderate: gnomAD max AF=0 < threshold 0.0001 for MOI AD,,,,,,,,,,,,,,No,No,,,Delins cluster (unphased) detected (cluster_id=8; members=chr11:2542767:A:T:7024470;chr11:2542769:A:T:7024470) - phasing required to confirm cis/trans.;Delins/overlap cluster (id=8) detected but not all members meet P/LP or >5pts -> not auto-escalated (possible carrier).,,Yes
7024470,28730_2023,chr11,2542769,A,T,KCNQ1,AD,ENST00000155840.12:c.477+14751A>T,Not provided,,,,,intron_variant,Het,35,0.417,Long-QT syndrome type 1,No,,No,unknown_db_phenotype,No phenotype text in DB (unknown),Not provided,Not provided,0,Not provided,Not provided,0,Not provided,0,0,Not provided,No database evidence,0.0,Unknown,Not provided,Not provided,0.000,Not provided,[],[],unknown,Yes,PM2_Moderate,"{""PM2_Moderate"": 2}",2,VUS,VUS,,,,PM2_Moderate: gnomAD max AF=0 < threshold 0.0001 for MOI AD,,,,,,,,,,,,,,No,No,,,Delins cluster (unphased) detected (cluster_id=8; members=chr11:2542767:A:T:7024470;chr11:2542769:A:T:7024470) - phasing required to confirm cis/trans.;Delins/overlap cluster (id=8) detected but not all members meet P/LP or >5pts -> not auto-escalated (possible carrier).,,Yes
7024470,28730_2023,chr11,2605107,C,T,KCNQ1,AD,ENST00000155840.12:c.1393+16253C>T,Not provided,,,,,intron_variant,Hom,48,1.000,Long-QT syndrome type 1,No,,No,unknown_db_phenotype,No phenotype text in DB (unknown),Not provided,Not provided,0,Not provided,Not provided,0,Not provided,0,0,Not provided,No database evidence,0.0,Unknown,Not provided,Not provided,0.000,Not provided,[],[],unknown,No,PM2_Moderate,"{""PM2_Moderate"": 2}",2,VUS,VUS,,,,PM2_Moderate: gnomAD max AF=0 < threshold 0.0001 for MOI AD,,,,,,,,,,,,,,No,No,,,,,Yes
7024470,28730_2023,chr11,2610802,C,T,KCNQ1,AD,ENST00000155840.12:c.1393+21948C>T,Not provided,,,,,intron_variant,Het,12,0.750,Long-QT syndrome type 1,No,,No,unknown_db_phenotype,No phenotype text in DB (unknown),Not provided,Not provided,0,Not provided,Not provided,0,Not provided,0,0,Not provided,No database evidence,0.000068,v3,Not provided,Not provided,0.000,Not provided,[],[],unknown,No,PM2_Moderate,"{""PM2_Moderate"": 2}",2,VUS,VUS,,,,PM2_Moderate: gnomAD max AF=6.83548e-05 < threshold 0.0001 for MOI AD,,,,,,,,,,,,,,No,No,,,,,Yes
7024470,28730_2023,chr11,2648076,G,A,KCNQ1,AD,ENST00000155840.12:c.1394-13885G>A,Not provided,,,,,intron_variant,Hom,23,1.000,Long-QT syndrome type 1,No,,No,unknown_db_phenotype,No phenotype text in DB (unknown),Not provided,Not provided,0,Not provided,Not provided,0,Not provided,0,0,Not provided,No database evidence,0.0,Unknown,Not provided,Not provided,0.000,Not provided,[],[],unknown,No,PM2_Moderate,"{""PM2_Moderate"": 2}",2,VUS,VUS,,,,PM2_Moderate: gnomAD max AF=0 < threshold 0.0001 for MOI AD,,,,,,,,,,,,,,No,No,,,,,Yes
7024470,28730_2023,chr11,2664712,G,T,KCNQ1,AD,ENST00000155840.12:c.1514+2631G>T,Not provided,,,,,intron_variant,Het,27,0.607,Long-QT syndrome type 1,No,,No,unknown_db_phenotype,No phenotype text in DB (unknown),not_provided,Likely_benign,1,Not provided,Not provided,0,Not provided,0,0,Not provided,ClinVar: Likely_benign (1*),0.0,Unknown,Not provided,Not provided,0.000,Not provided,[],[],unknown,No,PM2_Moderate,"{""PM2_Moderate"": 2}",2,VUS,VUS,,,,PM2_Moderate: gnomAD max AF=0 < threshold 0.0001 for MOI AD,,,,,,,,,,,,,,No,No,,,Low quality ClinVar: Likely_benign (1 stars);Low quality ClinVar: Likely_benign (1 stars),,Yes
7024470,28730_2023,chr11,2733822,ACTCT,A,KCNQ1,AD,ENST00000155840.12:c.1515-34990_1515-34987del,Not provided,,,,,intron_variant,Het,15,0.333,Long-QT syndrome type 1,No,,No,unknown_db_phenotype,No phenotype text in DB (unknown),Not provided,Not provided,0,Not provided,Not provided,0,Not provided,0,0,Not provided,No database evidence,0.0,Unknown,Not provided,Not provided,0.000,Not provided,[],[],unknown,No,PM2_Moderate,"{""PM2_Moderate"": 2}",2,VUS,VUS,,,,PM2_Moderate: gnomAD max AF=0 < threshold 0.0001 for MOI AD,,,,,,,,,,,,,,No,No,,,,,Yes
7024470,28730_2023,chr11,2751165,G,T,KCNQ1,AD,ENST00000155840.12:c.1515-17679G>T,Not provided,,,,,intron_variant,Het,31,0.441,Long-QT syndrome type 1,No,,No,unknown_db_phenotype,No phenotype text in DB (unknown),Not provided,Not provided,0,Not provided,Not provided,0,Not provided,0,0,Not provided,No database evidence,0.000033,v3,Not provided,Not provided,0.000,Not provided,[],[],unknown,No,PM2_Moderate,"{""PM2_Moderate"": 2}",2,VUS,VUS,,,,PM2_Moderate: gnomAD max AF=3.28571e-05 < threshold 0.0001 for MOI AD,,,,,,,,,,,,,,No,No,,,,,Yes
7024470,28730_2023,chr11,2757828,C,T,KCNQ1,AD,ENST00000155840.12:c.1515-11016C>T,Not provided,,,,,intron_variant,Het,33,0.472,Long-QT syndrome type 1,No,,No,unknown_db_phenotype,No phenotype text in DB (unknown),Not provided,Not provided,0,Not provided,Not provided,0,Not provided,0,0,Not provided,No database evidence,0.000020,v3,Not provided,Not provided,0.000,Not provided,[],[],unknown,No,PM2_Moderate,"{""PM2_Moderate"": 2}",2,VUS,VUS,,,,PM2_Moderate: gnomAD max AF=1.97119e-05 < threshold 0.0001 for MOI AD,,,,,,,,,,,,,,No,No,,,,,Yes
7024470,28730_2023,chr11,2773291,A,G,KCNQ1,AD,ENST00000155840.12:c.1591-2669A>G,Not provided,,,,,intron_variant,Het,40,0.475,Long-QT syndrome type 1,No,,No,unknown_db_phenotype,No phenotype text in DB (unknown),Not provided,Not provided,0,Not provided,Not provided,0,Not provided,0,0,Not provided,No database evidence,0.0,Unknown,Not provided,Not provided,0.000,Not provided,[],[],unknown,No,PM2_Moderate,"{""PM2_Moderate"": 2}",2,VUS,VUS,,,,PM2_Moderate: gnomAD max AF=0 < threshold 0.0001 for MOI AD,,,,,,,,,,,,,,No,No,,,,,Yes
7024470,28730_2023,chr11,2789467,G,A,KCNQ1,AD,ENST00000155840.12:c.1794+11430G>A,Not provided,,,,,intron_variant,Het,25,0.480,Long-QT syndrome type 1,No,,No,unknown_db_phenotype,No phenotype text in DB (unknown),Not provided,Not provided,0,Not provided,Not provided,0,Not provided,0,0,Not provided,No database evidence,0.0,Unknown,Not provided,Not provided,0.000,Not provided,[],[],unknown,No,PM2_Moderate,"{""PM2_Moderate"": 2}",2,VUS,VUS,,,,PM2_Moderate: gnomAD max AF=0 < threshold 0.0001 for MOI AD,,,,,,,,,,,,,,No,No,,,,,Yes
7024470,28730_2023,chr11,2798227,G,A,KCNQ1,AD,ENST00000155840.12:c.1794+20190G>A,Not provided,,,,,intron_variant,Het,18,0.381,Long-QT syndrome type 1,No,,No,unknown_db_phenotype,No phenotype text in DB (unknown),Not provided,Not provided,0,Not provided,Not provided,0,Not provided,0,0,Not provided,No database evidence,0.0,Unknown,Not provided,Not provided,0.000,Not provided,[],[],unknown,No,PM2_Moderate,"{""PM2_Moderate"": 2}",2,VUS,VUS,,,,PM2_Moderate: gnomAD max AF=0 < threshold 0.0001 for MOI AD,,,,,,,,,,,,,,No,No,,,,,Yes
7024470,28730_2023,chr11,2810539,G,A,KCNQ1,AD,ENST00000155840.12:c.1794+32502G>A,Not provided,,,,,intron_variant,Het,40,0.375,Long-QT syndrome type 1,No,,No,unknown_db_phenotype,No phenotype text in DB (unknown),Not provided,Not provided,0,Not provided,Not provided,0,Not provided,0,0,Not provided,No database evidence,0.0,Unknown,Not provided,Not provided,0.000,Not provided,[],[],unknown,No,PM2_Moderate,"{""PM2_Moderate"": 2}",2,VUS,VUS,,,,PM2_Moderate: gnomAD max AF=0 < threshold 0.0001 for MOI AD,,,,,,,,,,,,,,No,No,,,,,Yes
7024470,28730_2023,chr11,2817368,A,T,KCNQ1,AD,ENST00000155840.12:c.1795-30399A>T,Not provided,,,,,intron_variant,Het,21,0.522,Long-QT syndrome type 1,No,,No,unknown_db_phenotype,No phenotype text in DB (unknown),Not provided,Not provided,0,Not provided,Not provided,0,Not provided,0,0,Not provided,No database evidence,0.0,Unknown,Not provided,Not provided,0.000,Not provided,[],[],unknown,No,PM2_Moderate,"{""PM2_Moderate"": 2}",2,VUS,VUS,,,,PM2_Moderate: gnomAD max AF=0 < threshold 0.0001 for MOI AD,,,,,,,,,,,,,,No,No,,,,,Yes
7024470,28730_2023,chr11,32401866,G,A,WT1,AD,ENST00000452863.10:c.1017-1822C>T,Not provided,,,,,intron_variant,Het,22,0.308,WT1-related Wilms tumor,No,,No,unknown_db_phenotype,No phenotype text in DB (unknown),Not provided,Not provided,0,Not provided,Not provided,0,Not provided,0,0,Not provided,No database evidence,0.0,Unknown,Not provided,Not provided,0.000,Not provided,[],[],unknown,No,PM2_Moderate,"{""PM2_Moderate"": 2}",2,VUS,VUS,,,,PM2_Moderate: gnomAD max AF=0 < threshold 0.0001 for MOI AD,,,,,,,,,,,,,,No,No,,,,,Yes
7024470,28730_2023,chr11,32404195,G,A,WT1,AD,ENST00000452863.10:c.1017-4151C>T,Not provided,,,,,intron_variant,Het,38,0.564,WT1-related Wilms tumor,No,,No,unknown_db_phenotype,No phenotype text in DB (unknown),Not provided,Not provided,0,Not provided,Not provided,0,Not provided,0,0,Not provided,No database evidence,0.0,Unknown,Not provided,Not provided,0.000,Not provided,[],[],unknown,No,PM2_Moderate,"{""PM2_Moderate"": 2}",2,VUS,VUS,,,,PM2_Moderate: gnomAD max AF=0 < threshold 0.0001 for MOI AD,,,,,,,,,,,,,,No,No,,,,,Yes
7024470,28730_2023,chr11,32407405,CAGA,C,WT1,AD,ENST00000452863.10:c.1017-7364_1017-7362del,Not provided,,,,,intron_variant,Het,28,0.750,WT1-related Wilms tumor,No,,No,unknown_db_phenotype,No phenotype text in DB (unknown),Not provided,Not provided,0,Not provided,Not provided,0,Not provided,0,0,Not provided,No database evidence,0.0,Unknown,Not provided,Not provided,0.000,Not provided,[],[],unknown,No,PM2_Moderate,"{""PM2_Moderate"": 2}",2,VUS,VUS,,,,PM2_Moderate: gnomAD max AF=0 < threshold 0.0001 for MOI AD,,,,,,,,,,,,,,No,No,,,,,Yes
7024470,28730_2023,chr11,32419095,T,C,WT1,AD,ENST00000452863.10:c.888-1441A>G,Not provided,,,,,intron_variant,Het,35,0.368,WT1-related Wilms tumor,No,,No,unknown_db_phenotype,No phenotype text in DB (unknown),Not provided,Not provided,0,Not provided,Not provided,0,Not provided,0,0,Not provided,No database evidence,0.0,Unknown,Not provided,Not provided,0.000,Not provided,[],[],unknown,No,PM2_Moderate,"{""PM2_Moderate"": 2}",2,VUS,VUS,,,,PM2_Moderate: gnomAD max AF=0 < threshold 0.0001 for MOI AD,,,,,,,,,,,,,,No,No,,,,,Yes
7024470,28730_2023,chr11,32430734,G,C,WT1,AD,ENST00000452863.10:c.662-2115C>G,Not provided,,,,,intron_variant,Het,21,0.318,WT1-related Wilms tumor,No,,No,unknown_db_phenotype,No phenotype text in DB (unknown),Not provided,Not provided,0,Not provided,Not provided,0,Not provided,0,0,Not provided,No database evidence,0.0,Unknown,Not provided,Not provided,0.010,Not provided,[],[],unknown,No,PM2_Moderate,"{""PM2_Moderate"": 2}",2,VUS,VUS,,,,PM2_Moderate: gnomAD max AF=0 < threshold 0.0001 for MOI AD,,,,,,,,,,,,,,No,No,,,,,Yes
7024470,28730_2023,chr11,47348908,T,TTATATATATATATATATATATATATATATATATA,MYBPC3,AD,ENST00000545968.6:c.655-368_655-367insTATATATATATATATATATATATATATATATATA,Not provided,,,,,intron_variant,Het,12,0.235,Hypertrophic cardiomyopathy,No,,No,unknown_db_phenotype,No phenotype text in DB (unknown),Not provided,Not provided,0,Not provided,Not provided,0,Not provided,0,0,Not provided,No database evidence,0.0,Unknown,Not provided,Not provided,Not provided,Not provided,[],[],unknown,No,PM2_Moderate,"{""PM2_Moderate"": 2}",2,VUS,VUS,,,,PM2_Moderate: gnomAD max AF=0 < threshold 0.0001 for MOI AD,,,,,,,,,,,,,,No,No,,,,,Yes
7024470,28730_2023,chr11,47350027,G,A,MYBPC3,AD,ENST00000545968.6:c.492C>T,ENSP00000442795.1:p.Gly164%3D,,,164,4/35,synonymous_variant,Het,24,0.500,Hypertrophic cardiomyopathy,No,,No,N/A,N/A,Left_ventricular_noncompaction_10|Cardiovascular_phenotype|not_specified|not_provided|Cardiomyopathy|Hypertrophic_cardiomyopathy_4|Hypertrophic_cardiomyopathy,Benign/Likely_benign,2,Not provided,Not provided,0,Not provided,0,0,Not provided,ClinVar: Benign/Likely_benign (2*),0.0,Unknown,Not provided,Not provided,0.550,Not provided,[],[],unknown,No,PM2_Moderate;PP3_Moderate,"{""PM2_Moderate"": 2, ""PP3_Moderate"": 2}",4,VUS,VUS,,,,PM2_Moderate: gnomAD max AF=0 < threshold 0.0001 for MOI AD,,,,,"PP3_Moderate: computational evidence (SpliceAI=0.550, REVEL=NA, CADD=NA) met moderate thresholds",,,,,,,,,No,No,,,,Filtered: HQ Benign (ClinVar≥2★ or HGMD benign or Internal DB benign),Yes
7024470,28730_2023,chr11,47353082,T,A,MYBPC3,AD,Not provided,Not provided,,,,,upstream_gene_variant,Het,26,0.414,Hypertrophic cardiomyopathy,No,,No,unknown_db_phenotype,No phenotype text in DB (unknown),Not provided,Not provided,0,Not provided,Not provided,0,Not provided,0,0,Not provided,No database evidence,0.0,Unknown,Not provided,Not provided,Not provided,Not provided,[],[],unknown,No,PM2_Moderate,"{""PM2_Moderate"": 2}",2,VUS,VUS,,,,PM2_Moderate: gnomAD max AF=0 < threshold 0.0001 for MOI AD,,,,,,,,,,,,,,No,No,,,,,Yes
7024470,28730_2023,chr11,47357472,C,G,MYBPC3,AD,Not provided,Not provided,,,,,upstream_gene_variant,Het,16,0.438,Hypertrophic cardiomyopathy,No,,No,unknown_db_phenotype,No phenotype text in DB (unknown),Not provided,Not provided,0,Not provided,Not provided,0,Not provided,0,0,Not provided,No database evidence,0.0,Unknown,Not provided,Not provided,Not provided,Not provided,[],[],unknown,No,PM2_Moderate,"{""PM2_Moderate"": 2}",2,VUS,VUS,,,,PM2_Moderate: gnomAD max AF=0 < threshold 0.0001 for MOI AD,,,,,,,,,,,,,,No,No,,,,,Yes
7024470,28730_2023,chr11,47357699,G,A,MYBPC3,AD,Not provided,Not provided,,,,,upstream_gene_variant,Het,20,0.524,Hypertrophic cardiomyopathy,No,,No,unknown_db_phenotype,No phenotype text in DB (unknown),Not provided,Not provided,0,Not provided,Not provided,0,Not provided,0,0,Not provided,No database evidence,0.0,Unknown,Not provided,Not provided,Not provided,Not provided,[],[],unknown,No,PM2_Moderate,"{""PM2_Moderate"": 2}",2,VUS,VUS,,,,PM2_Moderate: gnomAD max AF=0 < threshold 0.0001 for MOI AD,,,,,,,,,,,,,,No,No,,,,,Yes
7024470,28730_2023,chr11,64808297,C,T,MEN1,AD,ENST00000450708.7:c.446-198G>A,Not provided,,,,,intron_variant,Het,18,0.500,Multiple endocrine neoplasia type 1,No,,No,unknown_db_phenotype,No phenotype text in DB (unknown),Not provided,Not provided,0,Not provided,Not provided,0,Not provided,0,0,Not provided,No database evidence,0.0,Unknown,Not provided,Not provided,0.000,Not provided,[],[],unknown,No,PM2_Moderate,"{""PM2_Moderate"": 2}",2,VUS,VUS,,,,PM2_Moderate: gnomAD max AF=0 < threshold 0.0001 for MOI AD,,,,,,,,,,,,,,No,No,,,,,Yes
7024470,28730_2023,chr11,64811355,ATTTTTTTT,A,MEN1,AD,Not provided,Not provided,,,,,upstream_gene_variant,Hom,9,1.000,Multiple endocrine neoplasia type 1,No,,No,unknown_db_phenotype,No phenotype text in DB (unknown),Not provided,Not provided,0,Not provided,Not provided,0,Not provided,0,0,Not provided,No database evidence,0.0,Unknown,Not provided,Not provided,Not provided,Not provided,[],[],unknown,No,PM2_Moderate,"{""PM2_Moderate"": 2}",2,VUS,VUS,,,,PM2_Moderate: gnomAD max AF=0 < threshold 0.0001 for MOI AD,,,,,,,,,,,,,,No,No,,,,,Yes
7024470,28730_2023,chr11,112109017,C,G,SDHD,AD,ENST00000528021.6:c.*-10275C>G,Not provided,,,,,intron_variant,Het,26,0.556,Hereditary paraganglioma-pheochromocytoma syndrome,No,,No,unknown_db_phenotype,No phenotype text in DB (unknown),Not provided,Not provided,0,Not provided,Not provided,0,Not provided,0,0,Not provided,No database evidence,0.0,Unknown,Not provided,Not provided,Not provided,Not provided,[],[],unknown,No,PM2_Moderate,"{""PM2_Moderate"": 2}",2,VUS,VUS,,,,PM2_Moderate: gnomAD max AF=0 < threshold 0.0001 for MOI AD,,,,,,,,,,,,,,No,No,,,,,Yes
7024470,28730_2023,chr11,112111644,TG,T,SDHD,AD,ENST00000528021.6:c.*-7647del,Not provided,,,,,intron_variant,Het,20,0.500,Hereditary paraganglioma-pheochromocytoma syndrome,No,,No,unknown_db_phenotype,No phenotype text in DB (unknown),Not provided,Not provided,0,Not provided,Not provided,0,Not provided,0,0,Not provided,No database evidence,0.0,Unknown,Not provided,Not provided,Not provided,Not provided,[],[],unknown,No,PM2_Moderate,"{""PM2_Moderate"": 2}",2,VUS,VUS,,,,PM2_Moderate: gnomAD max AF=0 < threshold 0.0001 for MOI AD,,,,,,,,,,,,,,No,No,,,,,Yes
7024470,28730_2023,chr11,112121550,A,G,SDHD,AD,Not provided,Not provided,,,,,downstream_gene_variant,Het,38,0.439,Hereditary paraganglioma-pheochromocytoma syndrome,No,,No,unknown_db_phenotype,No phenotype text in DB (unknown),Not provided,Not provided,0,Not provided,Not provided,0,Not provided,0,0,Not provided,No database evidence,0.0,Unknown,Not provided,Not provided,Not provided,Not provided,[],[],unknown,No,PM2_Moderate,"{""PM2_Moderate"": 2}",2,VUS,VUS,,,,PM2_Moderate: gnomAD max AF=0 < threshold 0.0001 for MOI AD,,,,,,,,,,,,,,No,No,,,,,Yes
7024470,28730_2023,chr12,32825466,T,C,PKP2,AD,ENST00000340811.9:c.1557-1304A>G,Not provided,,,,,intron_variant,Het,17,0.579,Arrhythmogenic right ventricular cardiomyopathy,No,,No,unknown_db_phenotype,No phenotype text in DB (unknown),Not provided,Not provided,0,Not provided,Not provided,0,Not provided,0,0,Not provided,No database evidence,0.0,Unknown,Not provided,Not provided,0.000,Not provided,[],[],unknown,Yes,PM2_Moderate,"{""PM2_Moderate"": 2}",2,VUS,VUS,,,,PM2_Moderate: gnomAD max AF=0 < threshold 0.0001 for MOI AD,,,,,,,,,,,,,,No,No,,,Delins cluster (unphased) detected (cluster_id=9; members=chr12:32825466:T:C:7024470;chr12:32825467:G:A:7024470) - phasing required to confirm cis/trans.;Delins/overlap cluster (id=9) detected but not all members meet P/LP or >5pts -> not auto-escalated (possible carrier).,,Yes
7024470,28730_2023,chr12,32825467,G,A,PKP2,AD,ENST00000340811.9:c.1557-1305C>T,Not provided,,,,,intron_variant,Het,18,0.500,Arrhythmogenic right ventricular cardiomyopathy,No,,No,unknown_db_phenotype,No phenotype text in DB (unknown),Not provided,Not provided,0,Not provided,Not provided,0,Not provided,0,0,Not provided,No database evidence,0.0,Unknown,Not provided,Not provided,0.000,Not provided,[],[],unknown,Yes,PM2_Moderate,"{""PM2_Moderate"": 2}",2,VUS,VUS,,,,PM2_Moderate: gnomAD max AF=0 < threshold 0.0001 for MOI AD,,,,,,,,,,,,,,No,No,,,Delins cluster (unphased) detected (cluster_id=9; members=chr12:32825466:T:C:7024470;chr12:32825467:G:A:7024470) - phasing required to confirm cis/trans.;Delins/overlap cluster (id=9) detected but not all members meet P/LP or >5pts -> not auto-escalated (possible carrier).,,Yes
7024470,28730_2023,chr12,32840748,T,A,PKP2,AD,ENST00000340811.9:c.1556+280A>T,Not provided,,,,,intron_variant,Het,25,0.429,Arrhythmogenic right ventricular cardiomyopathy,No,,No,unknown_db_phenotype,No phenotype text in DB (unknown),not_provided,Likely_benign,1,Not provided,Not provided,0,Not provided,0,0,Not provided,ClinVar: Likely_benign (1*),0.0,Unknown,Not provided,Not provided,0.020,Not provided,[],[],unknown,No,PM2_Moderate,"{""PM2_Moderate"": 2}",2,VUS,VUS,,,,PM2_Moderate: gnomAD max AF=0 < threshold 0.0001 for MOI AD,,,,,,,,,,,,,,No,No,,,Low quality ClinVar: Likely_benign (1 stars);Low quality ClinVar: Likely_benign (1 stars),,Yes
7024470,28730_2023,chr12,32842718,A,G,PKP2,AD,ENST00000340811.9:c.1379-1513T>C,Not provided,,,,,intron_variant,Het,26,0.667,Arrhythmogenic right ventricular cardiomyopathy,No,,No,unknown_db_phenotype,No phenotype text in DB (unknown),Not provided,Not provided,0,Not provided,Not provided,0,Not provided,0,0,Not provided,No database evidence,0.0,Unknown,Not provided,Not provided,0.000,Not provided,[],[],unknown,No,PM2_Moderate,"{""PM2_Moderate"": 2}",2,VUS,VUS,,,,PM2_Moderate: gnomAD max AF=0 < threshold 0.0001 for MOI AD,,,,,,,,,,,,,,No,No,,,,,Yes
7024470,28730_2023,chr12,32857419,A,G,PKP2,AD,ENST00000340811.9:c.1171-6446T>C,Not provided,,,,,intron_variant,Het,26,0.519,Arrhythmogenic right ventricular cardiomyopathy,No,,No,unknown_db_phenotype,No phenotype text in DB (unknown),Not provided,Not provided,0,Not provided,Not provided,0,Not provided,0,0,Not provided,No database evidence,0.0,Unknown,Not provided,Not provided,0.000,Not provided,[],[],unknown,No,PM2_Moderate,"{""PM2_Moderate"": 2}",2,VUS,VUS,,,,PM2_Moderate: gnomAD max AF=0 < threshold 0.0001 for MOI AD,,,,,,,,,,,,,,No,No,,,,,Yes
7024470,28730_2023,chr12,32889245,GA,G,PKP2,AD,ENST00000340811.9:c.223+7263del,Not provided,,,,,intron_variant,Het,25,0.360,Arrhythmogenic right ventricular cardiomyopathy,No,,No,unknown_db_phenotype,No phenotype text in DB (unknown),Not provided,Not provided,0,Not provided,Not provided,0,Not provided,0,0,Not provided,No database evidence,0.0,Unknown,Not provided,Not provided,0.000,Not provided,[],[],unknown,No,PM2_Moderate,"{""PM2_Moderate"": 2}",2,VUS,VUS,,,,PM2_Moderate: gnomAD max AF=0 < threshold 0.0001 for MOI AD,,,,,,,,,,,,,,No,No,,,,,Yes
7024470,28730_2023,chr12,32892818,C,CGGG,PKP2,AD,ENST00000340811.9:c.223+3688_223+3690dup,Not provided,,,,,intron_variant,Het,12,0.235,Arrhythmogenic right ventricular cardiomyopathy,No,,No,unknown_db_phenotype,No phenotype text in DB (unknown),Not provided,Not provided,0,Not provided,Not provided,0,Not provided,0,0,Not provided,No database evidence,0.0,Unknown,Not provided,Not provided,Not provided,Not provided,[],[],unknown,No,PM2_Moderate,"{""PM2_Moderate"": 2}",2,VUS,VUS,,,,PM2_Moderate: gnomAD max AF=0 < threshold 0.0001 for MOI AD,,,,,,,,,,,,,,No,No,,,,,Yes
7024470,28730_2023,chr12,32894588,G,C,PKP2,AD,ENST00000340811.9:c.223+1921C>G,Not provided,,,,,intron_variant,Het,24,0.654,Arrhythmogenic right ventricular cardiomyopathy,No,,No,unknown_db_phenotype,No phenotype text in DB (unknown),Not provided,Not provided,0,Not provided,Not provided,0,Not provided,0,0,Not provided,No database evidence,0.0,Unknown,Not provided,Not provided,0.000,Not provided,[],[],unknown,No,PM2_Moderate,"{""PM2_Moderate"": 2}",2,VUS,VUS,,,,PM2_Moderate: gnomAD max AF=0 < threshold 0.0001 for MOI AD,,,,,,,,,,,,,,No,No,,,,,Yes
7024470,28730_2023,chr12,110907415,G,T,MYL2,AD,Not provided,Not provided,,,,,downstream_gene_variant,Het,40,0.525,Hypertrophic cardiomyopathy,No,,No,unknown_db_phenotype,No phenotype text in DB (unknown),Not provided,Not provided,0,Not provided,Not provided,0,Not provided,0,0,Not provided,No database evidence,0.0,Unknown,Not provided,Not provided,Not provided,Not provided,[],[],unknown,No,PM2_Moderate,"{""PM2_Moderate"": 2}",2,VUS,VUS,,,,PM2_Moderate: gnomAD max AF=0 < threshold 0.0001 for MOI AD,,,,,,,,,,,,,,No,No,,,,,Yes
7024470,28730_2023,chr12,110920064,T,G,MYL2,AD,ENST00000228841.15:c.3+463A>C,Not provided,,,,,intron_variant,Het,36,0.514,Hypertrophic cardiomyopathy,No,,No,unknown_db_phenotype,No phenotype text in DB (unknown),Not provided,Not provided,0,Not provided,Not provided,0,Not provided,0,0,Not provided,No database evidence,0.0,Unknown,Not provided,Not provided,0.010,Not provided,[],[],unknown,No,PM2_Moderate,"{""PM2_Moderate"": 2}",2,VUS,VUS,,,,PM2_Moderate: gnomAD max AF=0 < threshold 0.0001 for MOI AD,,,,,,,,,,,,,,No,No,,,,,Yes
7024470,28730_2023,chr12,110920947,G,A,MYL2,AD,Not provided,Not provided,,,,,upstream_gene_variant,Het,30,0.455,Hypertrophic cardiomyopathy,No,,No,unknown_db_phenotype,No phenotype text in DB (unknown),Not provided,Not provided,0,Not provided,Not provided,0,Not provided,0,0,Not provided,No database evidence,0.0,Unknown,Not provided,Not provided,Not provided,Not provided,[],[],unknown,No,PM2_Moderate,"{""PM2_Moderate"": 2}",2,VUS,VUS,,,,PM2_Moderate: gnomAD max AF=0 < threshold 0.0001 for MOI AD,,,,,,,,,,,,,,No,No,,,,,Yes
7024470,28730_2023,chr12,120979335,T,C,HNF1A,AD,ENST00000257555.11:c.326+241T>C,Not provided,,,,,intron_variant,Het,32,0.515,Maturity-Onset of Diabetes of the Young,No,,No,N/A,N/A,not_provided|Maturity_onset_diabetes_mellitus_in_young,Benign/Likely_benign,2,Not provided,Not provided,0,Not provided,0,0,Not provided,ClinVar: Benign/Likely_benign (2*),0.0,Unknown,Not provided,Not provided,0.000,Not provided,[],[],unknown,No,PM2_Moderate,"{""PM2_Moderate"": 2}",2,VUS,VUS,,,,PM2_Moderate: gnomAD max AF=0 < threshold 0.0001 for MOI AD,,,,,,,,,,,,,,No,No,,,,Filtered: HQ Benign (ClinVar≥2★ or HGMD benign or Internal DB benign),Yes
7024470,28730_2023,chr12,120982321,C,T,HNF1A,AD,ENST00000257555.11:c.326+3227C>T,Not provided,,,,,intron_variant,Het,26,0.414,Maturity-Onset of Diabetes of the Young,No,,No,unknown_db_phenotype,No phenotype text in DB (unknown),Not provided,Not provided,0,Not provided,Not provided,0,Not provided,0,0,Not provided,No database evidence,0.0,Unknown,Not provided,Not provided,0.000,Not provided,[],[],unknown,No,PM2_Moderate,"{""PM2_Moderate"": 2}",2,VUS,VUS,,,,PM2_Moderate: gnomAD max AF=0 < threshold 0.0001 for MOI AD,,,,,,,,,,,,,,No,No,,,,,Yes
7024470,28730_2023,chr12,121003637,T,C,HNF1A,AD,Not provided,Not provided,,,,,downstream_gene_variant,Het,33,0.444,Maturity-Onset of Diabetes of the Young,No,,No,unknown_db_phenotype,No phenotype text in DB (unknown),Not provided,Not provided,0,Not provided,Not provided,0,Not provided,0,0,Not provided,No database evidence,0.0,Unknown,Not provided,Not provided,Not provided,Not provided,[],[],unknown,No,PM2_Moderate,"{""PM2_Moderate"": 2}",2,VUS,VUS,,,,PM2_Moderate: gnomAD max AF=0 < threshold 0.0001 for MOI AD,,,,,,,,,,,,,,No,No,,,,,Yes
7024470,28730_2023,chr13,32316859,C,G,BRCA2,AD,ENST00000380152.8:c.67+332C>G,Not provided,,,,,intron_variant,Het,35,0.556,Hereditary breast and ovarian cancer,No,,No,unknown_db_phenotype,No phenotype text in DB (unknown),Not provided,Not provided,0,Not provided,Not provided,0,Not provided,0,0,Not provided,No database evidence,0.0,Unknown,Not provided,Not provided,0.000,Not provided,[],[],unknown,No,PM2_Moderate,"{""PM2_Moderate"": 2}",2,VUS,VUS,,,,PM2_Moderate: gnomAD max AF=0 < threshold 0.0001 for MOI AD,,,,,,,,,,,,,,No,No,,,,,Yes
7024470,28730_2023,chr13,32352746,CAAAAT,C,BRCA2,AD,ENST00000380152.8:c.7008-2112_7008-2108del,Not provided,,,,,intron_variant,Het,41,0.524,Hereditary breast and ovarian cancer,No,,No,unknown_db_phenotype,No phenotype text in DB (unknown),Not provided,Not provided,0,Not provided,Not provided,0,Not provided,0,0,Not provided,No database evidence,0.0,Unknown,Not provided,Not provided,Not provided,Not provided,[],[],unknown,No,PM2_Moderate,"{""PM2_Moderate"": 2}",2,VUS,VUS,,,,PM2_Moderate: gnomAD max AF=0 < threshold 0.0001 for MOI AD,,,,,,,,,,,,,,No,No,,,,,Yes
7024470,28730_2023,chr13,32353467,CTA,C,BRCA2,AD,ENST00000380152.8:c.7008-1393_7008-1392del,Not provided,,,,,intron_variant,Het,40,0.488,Hereditary breast and ovarian cancer,No,,No,N/A,N/A,Breast-ovarian_cancer;_familial;_susceptibility_to;_2,Benign,3,Not provided,Not provided,0,Not provided,0,0,Not provided,ClinVar: Benign (3*),0.000007,v3,Not provided,Not provided,0.000,Not provided,[],[],unknown,Yes,PM2_Moderate,"{""PM2_Moderate"": 2}",2,VUS,VUS,,,,PM2_Moderate: gnomAD max AF=6.57713e-06 < threshold 0.0001 for MOI AD,,,,,,,,,,,,,,No,No,,,Delins cluster (unphased) detected (cluster_id=10; members=chr13:32353467:CTA:C:7024470;chr13:32353473:G:GTA:7024470;chr13:32353474:C:CA:7024470;chr13:32353471:A:G:7024470) - phasing required to confirm cis/trans.,Filtered: HQ Benign (ClinVar≥2★ or HGMD benign or Internal DB benign),Yes
7024470,28730_2023,chr13,32353471,A,G,BRCA2,AD,ENST00000380152.8:c.7008-1390A>G,Not provided,,,,,intron_variant,Het,35,0.474,Hereditary breast and ovarian cancer,No,,No,N/A,N/A,Breast-ovarian_cancer;_familial;_susceptibility_to;_2,Benign,3,Not provided,Not provided,0,Not provided,0,0,Not provided,ClinVar: Benign (3*),0.000007,v3,Not provided,Not provided,0.000,Not provided,[],[],unknown,Yes,PM2_Moderate,"{""PM2_Moderate"": 2}",2,VUS,VUS,,,,PM2_Moderate: gnomAD max AF=6.57903e-06 < threshold 0.0001 for MOI AD,,,,,,,,,,,,,,No,No,,,Delins cluster (unphased) detected (cluster_id=10; members=chr13:32353467:CTA:C:7024470;chr13:32353473:G:GTA:7024470;chr13:32353474:C:CA:7024470;chr13:32353471:A:G:7024470) - phasing required to confirm cis/trans.,Filtered: HQ Benign (ClinVar≥2★ or HGMD benign or Internal DB benign),Yes
7024470,28730_2023,chr13,32353473,G,GTA,BRCA2,AD,ENST00000380152.8:c.7008-1388_7008-1387insTA,Not provided,,,,,intron_variant,Het,35,0.474,Hereditary breast and ovarian cancer,No,,No,N/A,N/A,Breast-ovarian_cancer;_familial;_susceptibility_to;_2,Benign,3,Not provided,Not provided,0,Not provided,0,0,Not provided,ClinVar: Benign (3*),0.0,Unknown,Not provided,Not provided,Not provided,Not provided,[],[],unknown,Yes,PM2_Moderate,"{""PM2_Moderate"": 2}",2,VUS,VUS,,,,PM2_Moderate: gnomAD max AF=0 < threshold 0.0001 for MOI AD,,,,,,,,,,,,,,No,No,,,Delins cluster (unphased) detected (cluster_id=10; members=chr13:32353467:CTA:C:7024470;chr13:32353473:G:GTA:7024470;chr13:32353474:C:CA:7024470;chr13:32353471:A:G:7024470) - phasing required to confirm cis/trans.,Filtered: HQ Benign (ClinVar≥2★ or HGMD benign or Internal DB benign),Yes
7024470,28730_2023,chr13,32353474,C,CA,BRCA2,AD,ENST00000380152.8:c.7008-1387_7008-1386insA,Not provided,,,,,intron_variant,Het,35,0.474,Hereditary breast and ovarian cancer,No,,No,N/A,N/A,Breast-ovarian_cancer;_familial;_susceptibility_to;_2,Benign,3,Not provided,Not provided,0,Not provided,0,0,Not provided,ClinVar: Benign (3*),0.000011,v3,Not provided,Not provided,0.000,Not provided,[],[],unknown,Yes,PM2_Moderate,"{""PM2_Moderate"": 2}",2,VUS,VUS,,,,PM2_Moderate: gnomAD max AF=1.09524e-05 < threshold 0.0001 for MOI AD,,,,,,,,,,,,,,No,No,,,Delins cluster (unphased) detected (cluster_id=10; members=chr13:32353467:CTA:C:7024470;chr13:32353473:G:GTA:7024470;chr13:32353474:C:CA:7024470;chr13:32353471:A:G:7024470) - phasing required to confirm cis/trans.,Filtered: HQ Benign (ClinVar≥2★ or HGMD benign or Internal DB benign),Yes
7024470,28730_2023,chr13,32395960,C,CTTT,BRCA2,AD,ENST00000380152.8:c.9502-912_9502-910dup,Not provided,,,,,intron_variant,Het,12,0.692,Hereditary breast and ovarian cancer,No,,No,unknown_db_phenotype,No phenotype text in DB (unknown),Not provided,Not provided,0,Not provided,Not provided,0,Not provided,0,0,Not provided,No database evidence,0.0,Unknown,Not provided,Not provided,Not provided,Not provided,[],[],unknown,No,PM2_Moderate,"{""PM2_Moderate"": 2}",2,VUS,VUS,,,,PM2_Moderate: gnomAD max AF=0 < threshold 0.0001 for MOI AD,,,,,,,,,,,,,,No,No,,,,,Yes
7024470,28730_2023,chr13,32402508,T,A,BRCA2,AD,Not provided,Not provided,,,,,downstream_gene_variant,Het,32,0.656,Hereditary breast and ovarian cancer,No,,No,unknown_db_phenotype,No phenotype text in DB (unknown),Not provided,Not provided,0,Not provided,Not provided,0,Not provided,0,0,Not provided,No database evidence,0.0,Unknown,Not provided,Not provided,Not provided,Not provided,[],[],unknown,Yes,PM2_Moderate,"{""PM2_Moderate"": 2}",2,VUS,VUS,,,,PM2_Moderate: gnomAD max AF=0 < threshold 0.0001 for MOI AD,,,,,,,,,,,,,,No,No,,,Delins cluster (unphased) detected (cluster_id=11; members=chr13:32402508:T:A:7024470;chr13:32402515:CAA:C:7024470;chr13:32402513:A:T:7024470;chr13:32402514:G:C:7024470;chr13:32402511:G:T:7024470;chr13:32402510:A:ACT:7024470) - phasing required to confirm cis/trans.;Delins/overlap cluster (id=11) detected but not all members meet P/LP or >5pts -> not auto-escalated (possible carrier).,,Yes
7024470,28730_2023,chr13,32402510,A,ACT,BRCA2,AD,Not provided,Not provided,,,,,downstream_gene_variant,Het,32,0.594,Hereditary breast and ovarian cancer,No,,No,unknown_db_phenotype,No phenotype text in DB (unknown),Not provided,Not provided,0,Not provided,Not provided,0,Not provided,0,0,Not provided,No database evidence,0.0,Unknown,Not provided,Not provided,Not provided,Not provided,[],[],unknown,Yes,PM2_Moderate,"{""PM2_Moderate"": 2}",2,VUS,VUS,,,,PM2_Moderate: gnomAD max AF=0 < threshold 0.0001 for MOI AD,,,,,,,,,,,,,,No,No,,,Delins cluster (unphased) detected (cluster_id=11; members=chr13:32402508:T:A:7024470;chr13:32402515:CAA:C:7024470;chr13:32402513:A:T:7024470;chr13:32402514:G:C:7024470;chr13:32402511:G:T:7024470;chr13:32402510:A:ACT:7024470) - phasing required to confirm cis/trans.;Delins/overlap cluster (id=11) detected but not all members meet P/LP or >5pts -> not auto-escalated (possible carrier).,,Yes
7024470,28730_2023,chr13,32402511,G,T,BRCA2,AD,Not provided,Not provided,,,,,downstream_gene_variant,Het,28,0.633,Hereditary breast and ovarian cancer,No,,No,unknown_db_phenotype,No phenotype text in DB (unknown),Not provided,Not provided,0,Not provided,Not provided,0,Not provided,0,0,Not provided,No database evidence,0.0,Unknown,Not provided,Not provided,Not provided,Not provided,[],[],unknown,Yes,PM2_Moderate,"{""PM2_Moderate"": 2}",2,VUS,VUS,,,,PM2_Moderate: gnomAD max AF=0 < threshold 0.0001 for MOI AD,,,,,,,,,,,,,,No,No,,,Delins cluster (unphased) detected (cluster_id=11; members=chr13:32402508:T:A:7024470;chr13:32402515:CAA:C:7024470;chr13:32402513:A:T:7024470;chr13:32402514:G:C:7024470;chr13:32402511:G:T:7024470;chr13:32402510:A:ACT:7024470) - phasing required to confirm cis/trans.;Delins/overlap cluster (id=11) detected but not all members meet P/LP or >5pts -> not auto-escalated (possible carrier).,,Yes
7024470,28730_2023,chr13,32402513,A,T,BRCA2,AD,Not provided,Not provided,,,,,downstream_gene_variant,Het,28,0.633,Hereditary breast and ovarian cancer,No,,No,unknown_db_phenotype,No phenotype text in DB (unknown),Not provided,Not provided,0,Not provided,Not provided,0,Not provided,0,0,Not provided,No database evidence,0.0,Unknown,Not provided,Not provided,Not provided,Not provided,[],[],unknown,Yes,PM2_Moderate,"{""PM2_Moderate"": 2}",2,VUS,VUS,,,,PM2_Moderate: gnomAD max AF=0 < threshold 0.0001 for MOI AD,,,,,,,,,,,,,,No,No,,,Delins cluster (unphased) detected (cluster_id=11; members=chr13:32402508:T:A:7024470;chr13:32402515:CAA:C:7024470;chr13:32402513:A:T:7024470;chr13:32402514:G:C:7024470;chr13:32402511:G:T:7024470;chr13:32402510:A:ACT:7024470) - phasing required to confirm cis/trans.;Delins/overlap cluster (id=11) detected but not all members meet P/LP or >5pts -> not auto-escalated (possible carrier).,,Yes
7024470,28730_2023,chr13,32402514,G,C,BRCA2,AD,Not provided,Not provided,,,,,downstream_gene_variant,Het,28,0.633,Hereditary breast and ovarian cancer,No,,No,unknown_db_phenotype,No phenotype text in DB (unknown),Not provided,Not provided,0,Not provided,Not provided,0,Not provided,0,0,Not provided,No database evidence,0.0,Unknown,Not provided,Not provided,Not provided,Not provided,[],[],unknown,Yes,PM2_Moderate,"{""PM2_Moderate"": 2}",2,VUS,VUS,,,,PM2_Moderate: gnomAD max AF=0 < threshold 0.0001 for MOI AD,,,,,,,,,,,,,,No,No,,,Delins cluster (unphased) detected (cluster_id=11; members=chr13:32402508:T:A:7024470;chr13:32402515:CAA:C:7024470;chr13:32402513:A:T:7024470;chr13:32402514:G:C:7024470;chr13:32402511:G:T:7024470;chr13:32402510:A:ACT:7024470) - phasing required to confirm cis/trans.;Delins/overlap cluster (id=11) detected but not all members meet P/LP or >5pts -> not auto-escalated (possible carrier).,,Yes
7024470,28730_2023,chr13,32402515,CAA,C,BRCA2,AD,Not provided,Not provided,,,,,downstream_gene_variant,Het,28,0.633,Hereditary breast and ovarian cancer,No,,No,unknown_db_phenotype,No phenotype text in DB (unknown),Not provided,Not provided,0,Not provided,Not provided,0,Not provided,0,0,Not provided,No database evidence,0.0,Unknown,Not provided,Not provided,Not provided,Not provided,[],[],unknown,Yes,PM2_Moderate,"{""PM2_Moderate"": 2}",2,VUS,VUS,,,,PM2_Moderate: gnomAD max AF=0 < threshold 0.0001 for MOI AD,,,,,,,,,,,,,,No,No,,,Delins cluster (unphased) detected (cluster_id=11; members=chr13:32402508:T:A:7024470;chr13:32402515:CAA:C:7024470;chr13:32402513:A:T:7024470;chr13:32402514:G:C:7024470;chr13:32402511:G:T:7024470;chr13:32402510:A:ACT:7024470) - phasing required to confirm cis/trans.;Delins/overlap cluster (id=11) detected but not all members meet P/LP or >5pts -> not auto-escalated (possible carrier).,,Yes
7024470,28730_2023,chr13,32404604,A,G,BRCA2,AD,Not provided,Not provided,,,,,downstream_gene_variant,Het,39,0.512,Hereditary breast and ovarian cancer,No,,No,unknown_db_phenotype,No phenotype text in DB (unknown),Not provided,Not provided,0,Not provided,Not provided,0,Not provided,0,0,Not provided,No database evidence,0.000007,v3,Not provided,Not provided,Not provided,Not provided,[],[],unknown,No,PM2_Moderate,"{""PM2_Moderate"": 2}",2,VUS,VUS,,,,PM2_Moderate: gnomAD max AF=6.68923e-06 < threshold 0.0001 for MOI AD,,,,,,,,,,,,,,No,No,,,,,Yes
7024470,28730_2023,chr13,48300336,A,ATTTTTTTTTTTTTTTTTTTTTTTT,RB1,AD,Not provided,Not provided,,,,,upstream_gene_variant,Hom,6,0.714,Retinoblastoma,No,,No,unknown_db_phenotype,No phenotype text in DB (unknown),Not provided,Not provided,0,Not provided,Not provided,0,Not provided,0,0,Not provided,No database evidence,0.0,Unknown,Not provided,Not provided,Not provided,Not provided,[],[],unknown,No,PM2_Moderate,"{""PM2_Moderate"": 2}",2,VUS,VUS,,,,PM2_Moderate: gnomAD max AF=0 < threshold 0.0001 for MOI AD,,,,,,,,,,,,,,No,No,,,,,Yes
7024470,28730_2023,chr13,48346370,ATGTGTGTGTGTGTGTGTG,A,RB1,AD,ENST00000267163.6:c.500+1198_500+1215del,Not provided,,,,,intron_variant,Het,24,0.731,Retinoblastoma,No,,No,unknown_db_phenotype,No phenotype text in DB (unknown),Not provided,Not provided,0,Not provided,Not provided,0,Not provided,0,0,Not provided,No database evidence,0.000061,v3,Not provided,Not provided,Not provided,Not provided,[],[],unknown,No,PM2_Moderate,"{""PM2_Moderate"": 2}",2,VUS,VUS,,,,PM2_Moderate: gnomAD max AF=6.10547e-05 < threshold 0.0001 for MOI AD,,,,,,,,,,,,,,No,No,,,,,Yes
7024470,28730_2023,chr13,48346867,C,A,RB1,AD,ENST00000267163.6:c.501-958C>A,Not provided,,,,,intron_variant,Het,34,0.459,Retinoblastoma,No,,No,unknown_db_phenotype,No phenotype text in DB (unknown),Not provided,Not provided,0,Not provided,Not provided,0,Not provided,0,0,Not provided,No database evidence,0.0,Unknown,Not provided,Not provided,0.000,Not provided,[],[],unknown,No,PM2_Moderate,"{""PM2_Moderate"": 2}",2,VUS,VUS,,,,PM2_Moderate: gnomAD max AF=0 < threshold 0.0001 for MOI AD,,,,,,,,,,,,,,No,No,,,,,Yes
7024470,28730_2023,chr13,48442209,T,TC,RB1,AD,ENST00000267163.6:c.1696-10784_1696-10783insC,Not provided,,,,,intron_variant,Het,35,0.600,Retinoblastoma,No,,No,unknown_db_phenotype,No phenotype text in DB (unknown),Not provided,Not provided,0,Not provided,Not provided,0,Not provided,0,0,Not provided,No database evidence,0.0,Unknown,Not provided,Not provided,0.000,Not provided,[],[],unknown,No,PM2_Moderate,"{""PM2_Moderate"": 2}",2,VUS,VUS,,,,PM2_Moderate: gnomAD max AF=0 < threshold 0.0001 for MOI AD,,,,,,,,,,,,,,No,No,,,,,Yes
7024470,28730_2023,chr13,48449631,G,A,RB1,AD,ENST00000267163.6:c.1696-3362G>A,Not provided,,,,,intron_variant,Het,32,0.250,Retinoblastoma,No,,No,unknown_db_phenotype,No phenotype text in DB (unknown),Not provided,Not provided,0,Not provided,Not provided,0,Not provided,0,0,Not provided,No database evidence,0.0,Unknown,Not provided,Not provided,0.000,Not provided,[],[],unknown,No,PM2_Moderate,"{""PM2_Moderate"": 2}",2,VUS,VUS,,,,PM2_Moderate: gnomAD max AF=0 < threshold 0.0001 for MOI AD,,,,,,,,,,,,,,No,No,,,,,Yes
7024470,28730_2023,chr13,48453505,G,A,RB1,AD,ENST00000267163.6:c.1814+394G>A,Not provided,,,,,intron_variant,Het,29,0.567,Retinoblastoma,No,,No,unknown_db_phenotype,No phenotype text in DB (unknown),Not provided,Not provided,0,Not provided,Not provided,0,Not provided,0,0,Not provided,No database evidence,0.0,Unknown,Not provided,Not provided,0.000,Not provided,[],[],unknown,No,PM2_Moderate,"{""PM2_Moderate"": 2}",2,VUS,VUS,,,,PM2_Moderate: gnomAD max AF=0 < threshold 0.0001 for MOI AD,,,,,,,,,,,,,,No,No,,,,,Yes
7024470,28730_2023,chr13,48460281,T,G,RB1,AD,ENST00000267163.6:c.2106+448T>G,Not provided,,,,,intron_variant,Het,39,0.537,Retinoblastoma,No,,No,unknown_db_phenotype,No phenotype text in DB (unknown),Not provided,Not provided,0,Not provided,Not provided,0,Not provided,0,0,Not provided,No database evidence,0.000033,v3,Not provided,Not provided,0.000,Not provided,[],[],unknown,No,PM2_Moderate,"{""PM2_Moderate"": 2}",2,VUS,VUS,,,,PM2_Moderate: gnomAD max AF=3.28787e-05 < threshold 0.0001 for MOI AD,,,,,,,,,,,,,,No,No,,,,,Yes
7024470,28730_2023,chr13,48468027,A,G,RB1,AD,ENST00000267163.6:c.2489+2659A>G,Not provided,,,,,intron_variant,Hom,9,1.000,Retinoblastoma,No,,No,unknown_db_phenotype,No phenotype text in DB (unknown),Not provided,Not provided,0,Not provided,Not provided,0,Not provided,0,0,Not provided,No database evidence,0.0,Unknown,Not provided,Not provided,0.000,Not provided,[],[],unknown,No,PM2_Moderate,"{""PM2_Moderate"": 2}",2,VUS,VUS,,,,PM2_Moderate: gnomAD max AF=0 < threshold 0.0001 for MOI AD,,,,,,,,,,,,,,No,No,,,,,Yes
7024470,28730_2023,chr13,51933751,C,A,ATP7B,AR,ENST00000242839.10:c.*1005G>T,Not provided,,,,21/21,3_prime_UTR_variant,Het,27,0.464,Wilson disease,No,,Yes,direct_match,Direct substring match,Wilson_disease,Uncertain_significance,1,Not provided,Not provided,0,Not provided,0,0,Not provided,ClinVar: Uncertain_significance (1*),0.0,Unknown,Not provided,Not provided,0.000,Not provided,[],[],unknown,No,PM2_Moderate,"{""PM2_Moderate"": 2}",2,VUS,VUS,,,,PM2_Moderate: gnomAD max AF=0 < threshold 0.005 for MOI AR,,,,,,,,,,,,,,No,No,,,Low quality ClinVar: Uncertain_significance (1 stars);Low quality ClinVar: Uncertain_significance (1 stars),,Yes
7024470,28730_2023,chr13,51939130,T,C,ATP7B,AR,ENST00000242839.10:c.3620A>G,ENSP00000242839.5:p.His1207Arg,His,Arg,1207,17/21,missense_variant,Het,32,0.406,Wilson disease,No,,No,N/A,N/A,Inborn_genetic_diseases|not_provided|not_specified|Wilson_disease,Benign/Likely_benign,2,DM?,Wilson disease,8,0.1,5,0,Not provided,"ClinVar: Benign/Likely_benign (2*); HGMD: DM? (8 pubs, dmsupported=5, confirm=0)",0.0,Unknown,0.463,20.90,0.000,0.079,[],[],unknown,No,PM2_Moderate,"{""PM2_Moderate"": 2}",2,VUS,VUS,,,,PM2_Moderate: gnomAD max AF=0 < threshold 0.005 for MOI AR,,,,,,,,,,,,,,No,No,,,,Filtered: HQ Benign (ClinVar≥2★ or HGMD benign or Internal DB benign),Yes
7024470,28730_2023,chr13,51944786,A,T,ATP7B,AR,ENST00000242839.10:c.3061-495T>A,Not provided,,,,,intron_variant,Het,32,0.688,Wilson disease,No,,No,unknown_db_phenotype,No phenotype text in DB (unknown),Not provided,Not provided,0,Not provided,Not provided,0,Not provided,0,0,Not provided,No database evidence,0.0,Unknown,Not provided,Not provided,0.000,Not provided,[],[],unknown,No,PM2_Moderate,"{""PM2_Moderate"": 2}",2,VUS,VUS,,,,PM2_Moderate: gnomAD max AF=0 < threshold 0.005 for MOI AR,,,,,,,,,,,,,,No,No,,,,,Yes
7024470,28730_2023,chr13,51948140,G,C,ATP7B,AR,ENST00000242839.10:c.2865+1522C>G,Not provided,,,,,intron_variant,Het,33,0.543,Wilson disease,No,,No,unknown_db_phenotype,No phenotype text in DB (unknown),Not provided,Not provided,0,Not provided,Not provided,0,Not provided,0,0,Not provided,No database evidence,0.0,Unknown,Not provided,Not provided,0.000,Not provided,[],[],unknown,No,PM2_Moderate,"{""PM2_Moderate"": 2}",2,VUS,VUS,,,,PM2_Moderate: gnomAD max AF=0 < threshold 0.005 for MOI AR,,,,,,,,,,,,,,No,No,,,,,Yes
7024470,28730_2023,chr13,51952290,C,A,ATP7B,AR,ENST00000242839.10:c.2448-1891G>T,Not provided,,,,,intron_variant,Het,22,0.500,Wilson disease,No,,No,unknown_db_phenotype,No phenotype text in DB (unknown),Not provided,Not provided,0,Not provided,Not provided,0,Not provided,0,0,Not provided,No database evidence,0.0,Unknown,Not provided,Not provided,0.000,Not provided,[],[],unknown,No,PM2_Moderate,"{""PM2_Moderate"": 2}",2,VUS,VUS,,,,PM2_Moderate: gnomAD max AF=0 < threshold 0.005 for MOI AR,,,,,,,,,,,,,,No,No,,,,,Yes
7024470,28730_2023,chr13,51953899,T,C,ATP7B,AR,ENST00000242839.10:c.2448-3500A>G,Not provided,,,,,intron_variant,Het,19,0.364,Wilson disease,No,,No,unknown_db_phenotype,No phenotype text in DB (unknown),Not provided,Not provided,0,Not provided,Not provided,0,Not provided,0,0,Not provided,No database evidence,0.0,Unknown,Not provided,Not provided,0.000,Not provided,[],[],unknown,No,PM2_Moderate,"{""PM2_Moderate"": 2}",2,VUS,VUS,,,,PM2_Moderate: gnomAD max AF=0 < threshold 0.005 for MOI AR,,,,,,,,,,,,,,No,No,,,,,Yes
7024470,28730_2023,chr13,51959508,C,CAA,ATP7B,AR,ENST00000242839.10:c.2121+638_2121+639dup,Not provided,,,,,intron_variant,Het,18,0.789,Wilson disease,No,,No,unknown_db_phenotype,No phenotype text in DB (unknown),Not provided,Not provided,0,Not provided,Not provided,0,Not provided,0,0,Not provided,No database evidence,0.0,Unknown,Not provided,Not provided,Not provided,Not provided,[],[],unknown,No,PM2_Moderate,"{""PM2_Moderate"": 2}",2,VUS,VUS,,,,PM2_Moderate: gnomAD max AF=0 < threshold 0.005 for MOI AR,,,,,,,,,,,,,,No,No,,,,,Yes
7024470,28730_2023,chr13,51960021,G,T,ATP7B,AR,ENST00000242839.10:c.2121+127C>A,Not provided,,,,,intron_variant,Het,35,0.417,Wilson disease,No,,No,N/A,N/A,not_provided,Likely_benign,2,Not provided,Not provided,0,Not provided,0,0,Not provided,ClinVar: Likely_benign (2*),0.0,Unknown,Not provided,Not provided,0.000,Not provided,[],[],unknown,No,PM2_Moderate,"{""PM2_Moderate"": 2}",2,VUS,VUS,,,,PM2_Moderate: gnomAD max AF=0 < threshold 0.005 for MOI AR,,,,,,,,,,,,,,No,No,,,,Filtered: HQ Benign (ClinVar≥2★ or HGMD benign or Internal DB benign),Yes
7024470,28730_2023,chr13,51968863,CTTTTTTT,C,ATP7B,AR,ENST00000242839.10:c.1544-263_1544-257del,Not provided,,,,,intron_variant,Het,22,0.708,Wilson disease,No,,No,unknown_db_phenotype,No phenotype text in DB (unknown),not_provided,Likely_benign,1,Not provided,Not provided,0,Not provided,0,0,Not provided,ClinVar: Likely_benign (1*),0.0,Unknown,Not provided,Not provided,Not provided,Not provided,[],[],unknown,No,PM2_Moderate,"{""PM2_Moderate"": 2}",2,VUS,VUS,,,,PM2_Moderate: gnomAD max AF=0 < threshold 0.005 for MOI AR,,,,,,,,,,,,,,No,No,,,Low quality ClinVar: Likely_benign (1 stars);Low quality ClinVar: Likely_benign (1 stars),,Yes
7024470,28730_2023,chr13,51970441,C,T,ATP7B,AR,ENST00000242839.10:c.1543+51G>A,Not provided,,,,,intron_variant,Het,34,0.500,Wilson disease,No,,No,N/A,N/A,not_provided,Benign,2,Not provided,Not provided,0,Not provided,0,0,Not provided,ClinVar: Benign (2*),0.0,Unknown,Not provided,Not provided,0.000,Not provided,[],[],unknown,No,PM2_Moderate,"{""PM2_Moderate"": 2}",2,VUS,VUS,,,,PM2_Moderate: gnomAD max AF=0 < threshold 0.005 for MOI AR,,,,,,,,,,,,,,No,No,,,,Filtered: HQ Benign (ClinVar≥2★ or HGMD benign or Internal DB benign),Yes
7024470,28730_2023,chr13,51972539,C,T,ATP7B,AR,ENST00000242839.10:c.1285+1396G>A,Not provided,,,,,intron_variant,Het,21,0.565,Wilson disease,No,,No,unknown_db_phenotype,No phenotype text in DB (unknown),Not provided,Not provided,0,Not provided,Not provided,0,Not provided,0,0,Not provided,No database evidence,0.0,Unknown,Not provided,Not provided,0.000,Not provided,[],[],unknown,No,PM2_Moderate,"{""PM2_Moderate"": 2}",2,VUS,VUS,,,,PM2_Moderate: gnomAD max AF=0 < threshold 0.005 for MOI AR,,,,,,,,,,,,,,No,No,,,,,Yes
7024470,28730_2023,chr13,51977415,G,A,ATP7B,AR,ENST00000242839.10:c.52-2247C>T,Not provided,,,,,intron_variant,Het,42,0.535,Wilson disease,No,,No,unknown_db_phenotype,No phenotype text in DB (unknown),Not provided,Not provided,0,Not provided,Not provided,0,Not provided,0,0,Not provided,No database evidence,0.0,Unknown,Not provided,Not provided,0.070,Not provided,[],[],unknown,No,PM2_Moderate,"{""PM2_Moderate"": 2}",2,VUS,VUS,,,,PM2_Moderate: gnomAD max AF=0 < threshold 0.005 for MOI AR,,,,,,,,,,,,,,No,No,,,,,Yes
7024470,28730_2023,chr13,51979073,G,C,ATP7B,AR,ENST00000242839.10:c.52-3905C>G,Not provided,,,,,intron_variant,Het,19,0.364,Wilson disease,No,,No,unknown_db_phenotype,No phenotype text in DB (unknown),Not provided,Not provided,0,Not provided,Not provided,0,Not provided,0,0,Not provided,No database evidence,0.0,Unknown,Not provided,Not provided,0.030,Not provided,[],[],unknown,No,PM2_Moderate,"{""PM2_Moderate"": 2}",2,VUS,VUS,,,,PM2_Moderate: gnomAD max AF=0 < threshold 0.005 for MOI AR,,,,,,,,,,,,,,No,No,,,,,Yes
7024470,28730_2023,chr13,51980969,G,A,ATP7B,AR,ENST00000242839.10:c.52-5801C>T,Not provided,,,,,intron_variant,Het,40,0.400,Wilson disease,No,,No,unknown_db_phenotype,No phenotype text in DB (unknown),Not provided,Not provided,0,Not provided,Not provided,0,Not provided,0,0,Not provided,No database evidence,0.0,Unknown,Not provided,Not provided,0.000,Not provided,[],[],unknown,No,PM2_Moderate,"{""PM2_Moderate"": 2}",2,VUS,VUS,,,,PM2_Moderate: gnomAD max AF=0 < threshold 0.005 for MOI AR,,,,,,,,,,,,,,No,No,,,,,Yes
7024470,28730_2023,chr13,51981363,C,G,ATP7B,AR,ENST00000242839.10:c.52-6195G>C,Not provided,,,,,intron_variant,Het,37,0.553,Wilson disease,No,,No,unknown_db_phenotype,No phenotype text in DB (unknown),Not provided,Not provided,0,Not provided,Not provided,0,Not provided,0,0,Not provided,No database evidence,0.0,Unknown,Not provided,Not provided,0.000,Not provided,[],[],unknown,No,PM2_Moderate,"{""PM2_Moderate"": 2}",2,VUS,VUS,,,,PM2_Moderate: gnomAD max AF=0 < threshold 0.005 for MOI AR,,,,,,,,,,,,,,No,No,,,,,Yes
7024470,28730_2023,chr13,51983226,G,A,ATP7B,AR,ENST00000242839.10:c.52-8058C>T,Not provided,,,,,intron_variant,Het,38,0.513,Wilson disease,No,,No,unknown_db_phenotype,No phenotype text in DB (unknown),Not provided,Not provided,0,Not provided,Not provided,0,Not provided,0,0,Not provided,No database evidence,0.0,Unknown,Not provided,Not provided,0.000,Not provided,[],[],unknown,No,PM2_Moderate,"{""PM2_Moderate"": 2}",2,VUS,VUS,,,,PM2_Moderate: gnomAD max AF=0 < threshold 0.005 for MOI AR,,,,,,,,,,,,,,No,No,,,,,Yes
7024470,28730_2023,chr13,51984062,G,A,ATP7B,AR,ENST00000242839.10:c.52-8894C>T,Not provided,,,,,intron_variant,Het,41,0.432,Wilson disease,No,,No,unknown_db_phenotype,No phenotype text in DB (unknown),Not provided,Not provided,0,Not provided,Not provided,0,Not provided,0,0,Not provided,No database evidence,0.0,Unknown,Not provided,Not provided,0.000,Not provided,[],[],unknown,No,PM2_Moderate,"{""PM2_Moderate"": 2}",2,VUS,VUS,,,,PM2_Moderate: gnomAD max AF=0 < threshold 0.005 for MOI AR,,,,,,,,,,,,,,No,No,,,,,Yes
7024470,28730_2023,chr13,51985156,C,T,ATP7B,AR,ENST00000242839.10:c.52-9988G>A,Not provided,,,,,intron_variant,Het,32,0.469,Wilson disease,No,,No,unknown_db_phenotype,No phenotype text in DB (unknown),Not provided,Not provided,0,Not provided,Not provided,0,Not provided,0,0,Not provided,No database evidence,0.0,Unknown,Not provided,Not provided,0.000,Not provided,[],[],unknown,No,PM2_Moderate,"{""PM2_Moderate"": 2}",2,VUS,VUS,,,,PM2_Moderate: gnomAD max AF=0 < threshold 0.005 for MOI AR,,,,,,,,,,,,,,No,No,,,,,Yes
7024470,28730_2023,chr13,51992886,G,A,ATP7B,AR,ENST00000242839.10:c.52-17718C>T,Not provided,,,,,intron_variant,Het,28,0.483,Wilson disease,No,,No,unknown_db_phenotype,No phenotype text in DB (unknown),Not provided,Not provided,0,Not provided,Not provided,0,Not provided,0,0,Not provided,No database evidence,0.0,Unknown,Not provided,Not provided,0.000,Not provided,[],[],unknown,No,PM2_Moderate,"{""PM2_Moderate"": 2}",2,VUS,VUS,,,,PM2_Moderate: gnomAD max AF=0 < threshold 0.005 for MOI AR,,,,,,,,,,,,,,No,No,,,,,Yes
7024470,28730_2023,chr13,51993233,T,C,ATP7B,AR,ENST00000242839.10:c.51+18054A>G,Not provided,,,,,intron_variant,Het,36,0.410,Wilson disease,No,,No,unknown_db_phenotype,No phenotype text in DB (unknown),Not provided,Not provided,0,Not provided,Not provided,0,Not provided,0,0,Not provided,No database evidence,0.0,Unknown,Not provided,Not provided,0.000,Not provided,[],[],unknown,No,PM2_Moderate,"{""PM2_Moderate"": 2}",2,VUS,VUS,,,,PM2_Moderate: gnomAD max AF=0 < threshold 0.005 for MOI AR,,,,,,,,,,,,,,No,No,,,,,Yes
7024470,28730_2023,chr13,51994117,C,T,ATP7B,AR,ENST00000242839.10:c.51+17170G>A,Not provided,,,,,intron_variant,Het,21,0.458,Wilson disease,No,,No,unknown_db_phenotype,No phenotype text in DB (unknown),Not provided,Not provided,0,Not provided,Not provided,0,Not provided,0,0,Not provided,No database evidence,0.0,Unknown,Not provided,Not provided,0.000,Not provided,[],[],unknown,No,PM2_Moderate,"{""PM2_Moderate"": 2}",2,VUS,VUS,,,,PM2_Moderate: gnomAD max AF=0 < threshold 0.005 for MOI AR,,,,,,,,,,,,,,No,No,,,,,Yes
7024470,28730_2023,chr13,51994903,C,T,ATP7B,AR,ENST00000242839.10:c.51+16384G>A,Not provided,,,,,intron_variant,Het,45,0.435,Wilson disease,No,,No,unknown_db_phenotype,No phenotype text in DB (unknown),Not provided,Not provided,0,Not provided,Not provided,0,Not provided,0,0,Not provided,No database evidence,0.0,Unknown,Not provided,Not provided,0.000,Not provided,[],[],unknown,No,PM2_Moderate,"{""PM2_Moderate"": 2}",2,VUS,VUS,,,,PM2_Moderate: gnomAD max AF=0 < threshold 0.005 for MOI AR,,,,,,,,,,,,,,No,No,,,,,Yes
7024470,28730_2023,chr13,52001448,T,C,ATP7B,AR,ENST00000242839.10:c.51+9839A>G,Not provided,,,,,intron_variant,Het,30,0.355,Wilson disease,No,,No,unknown_db_phenotype,No phenotype text in DB (unknown),Not provided,Not provided,0,Not provided,Not provided,0,Not provided,0,0,Not provided,No database evidence,0.0,Unknown,Not provided,Not provided,0.000,Not provided,[],[],unknown,No,PM2_Moderate,"{""PM2_Moderate"": 2}",2,VUS,VUS,,,,PM2_Moderate: gnomAD max AF=0 < threshold 0.005 for MOI AR,,,,,,,,,,,,,,No,No,,,,,Yes
7024470,28730_2023,chr13,52001876,C,T,ATP7B,AR,ENST00000242839.10:c.51+9411G>A,Not provided,,,,,intron_variant,Het,22,0.583,Wilson disease,No,,No,unknown_db_phenotype,No phenotype text in DB (unknown),Not provided,Not provided,0,Not provided,Not provided,0,Not provided,0,0,Not provided,No database evidence,0.0,Unknown,Not provided,Not provided,0.000,Not provided,[],[],unknown,No,PM2_Moderate,"{""PM2_Moderate"": 2}",2,VUS,VUS,,,,PM2_Moderate: gnomAD max AF=0 < threshold 0.005 for MOI AR,,,,,,,,,,,,,,No,No,,,,,Yes
7024470,28730_2023,chr13,52002396,T,TA,ATP7B,AR,ENST00000242839.10:c.51+8890dup,Not provided,,,,,intron_variant,Het,16,0.474,Wilson disease,No,,No,unknown_db_phenotype,No phenotype text in DB (unknown),Not provided,Not provided,0,Not provided,Not provided,0,Not provided,0,0,Not provided,No database evidence,0.0,Unknown,Not provided,Not provided,0.020,Not provided,[],[],unknown,No,PM2_Moderate,"{""PM2_Moderate"": 2}",2,VUS,VUS,,,,PM2_Moderate: gnomAD max AF=0 < threshold 0.005 for MOI AR,,,,,,,,,,,,,,No,No,,,,,Yes
7024470,28730_2023,chr13,52008073,G,T,ATP7B,AR,ENST00000242839.10:c.51+3214C>A,Not provided,,,,,intron_variant,Het,36,0.487,Wilson disease,No,,No,unknown_db_phenotype,No phenotype text in DB (unknown),Not provided,Not provided,0,Not provided,Not provided,0,Not provided,0,0,Not provided,No database evidence,0.0,Unknown,Not provided,Not provided,0.000,Not provided,[],[],unknown,No,PM2_Moderate,"{""PM2_Moderate"": 2}",2,VUS,VUS,,,,PM2_Moderate: gnomAD max AF=0 < threshold 0.005 for MOI AR,,,,,,,,,,,,,,No,No,,,,,Yes
7024470,28730_2023,chr13,52008684,T,C,ATP7B,AR,ENST00000242839.10:c.51+2603A>G,Not provided,,,,,intron_variant,Het,21,0.458,Wilson disease,No,,No,unknown_db_phenotype,No phenotype text in DB (unknown),Not provided,Not provided,0,Not provided,Not provided,0,Not provided,0,0,Not provided,No database evidence,0.0,Unknown,Not provided,Not provided,0.000,Not provided,[],[],unknown,No,PM2_Moderate,"{""PM2_Moderate"": 2}",2,VUS,VUS,,,,PM2_Moderate: gnomAD max AF=0 < threshold 0.005 for MOI AR,,,,,,,,,,,,,,No,No,,,,,Yes
7024470,28730_2023,chr13,52009027,A,G,ATP7B,AR,ENST00000242839.10:c.51+2260T>C,Not provided,,,,,intron_variant,Het,18,0.632,Wilson disease,No,,No,unknown_db_phenotype,No phenotype text in DB (unknown),Not provided,Not provided,0,Not provided,Not provided,0,Not provided,0,0,Not provided,No database evidence,0.0,Unknown,Not provided,Not provided,0.000,Not provided,[],[],unknown,No,PM2_Moderate,"{""PM2_Moderate"": 2}",2,VUS,VUS,,,,PM2_Moderate: gnomAD max AF=0 < threshold 0.005 for MOI AR,,,,,,,,,,,,,,No,No,,,,,Yes
7024470,28730_2023,chr13,52015845,G,C,ATP7B,AR,Not provided,Not provided,,,,,upstream_gene_variant,Het,28,0.500,Wilson disease,No,,No,unknown_db_phenotype,No phenotype text in DB (unknown),Not provided,Not provided,0,Not provided,Not provided,0,Not provided,0,0,Not provided,No database evidence,0.0,Unknown,Not provided,Not provided,Not provided,Not provided,[],[],unknown,No,PM2_Moderate,"{""PM2_Moderate"": 2}",2,VUS,VUS,,,,PM2_Moderate: gnomAD max AF=0 < threshold 0.005 for MOI AR,,,,,,,,,,,,,,No,No,,,,,Yes
7024470,28730_2023,chr14,90413197,A,G,CALM1,AD,Not provided,Not provided,,,,,downstream_gene_variant,Het,36,0.622,Long-QT syndrome type 14; Catecholaminergic polymorphic ventricular tachycardia,No,,No,unknown_db_phenotype,No phenotype text in DB (unknown),Not provided,Not provided,0,Not provided,Not provided,0,Not provided,0,0,Not provided,No database evidence,0.0,Unknown,Not provided,Not provided,Not provided,Not provided,[],[],unknown,No,PM2_Moderate,"{""PM2_Moderate"": 2}",2,VUS,VUS,,,,PM2_Moderate: gnomAD max AF=0 < threshold 0.0001 for MOI AD,,,,,,,,,,,,,,No,No,,,,,Yes
7024470,28730_2023,chr15,48411882,G,C,FBN1,AD,ENST00000316623.10:c.8227-503C>G,Not provided,,,,,intron_variant,Het,41,0.357,Marfan syndrome,No,,No,unknown_db_phenotype,No phenotype text in DB (unknown),Not provided,Not provided,0,Not provided,Not provided,0,Not provided,0,0,Not provided,No database evidence,0.0,Unknown,Not provided,Not provided,0.000,Not provided,[],[],unknown,No,PM2_Moderate,"{""PM2_Moderate"": 2}",2,VUS,VUS,,,,PM2_Moderate: gnomAD max AF=0 < threshold 0.0001 for MOI AD,,,,,,,,,,,,,,No,No,,,,,Yes
7024470,28730_2023,chr15,48456269,G,T,FBN1,AD,ENST00000316623.10:c.5422+368C>A,Not provided,,,,,intron_variant,Het,44,0.522,Marfan syndrome,No,,No,unknown_db_phenotype,No phenotype text in DB (unknown),Not provided,Not provided,0,Not provided,Not provided,0,Not provided,0,0,Not provided,No database evidence,0.0,Unknown,Not provided,Not provided,0.070,Not provided,[],[],unknown,No,PM2_Moderate,"{""PM2_Moderate"": 2}",2,VUS,VUS,,,,PM2_Moderate: gnomAD max AF=0 < threshold 0.0001 for MOI AD,,,,,,,,,,,,,,No,No,,,,,Yes
7024470,28730_2023,chr15,48473032,C,G,FBN1,AD,ENST00000316623.10:c.4211-356G>C,Not provided,,,,,intron_variant,Het,54,0.436,Marfan syndrome,No,,No,unknown_db_phenotype,No phenotype text in DB (unknown),Not provided,Not provided,0,Not provided,Not provided,0,Not provided,0,0,Not provided,No database evidence,0.0,Unknown,Not provided,Not provided,0.000,Not provided,[],[],unknown,No,PM2_Moderate,"{""PM2_Moderate"": 2}",2,VUS,VUS,,,,PM2_Moderate: gnomAD max AF=0 < threshold 0.0001 for MOI AD,,,,,,,,,,,,,,No,No,,,,,Yes
7024470,28730_2023,chr15,48531265,CTTTT,C,FBN1,AD,ENST00000316623.10:c.862+2811_862+2814del,Not provided,,,,,intron_variant,Het,54,0.545,Marfan syndrome,No,,No,unknown_db_phenotype,No phenotype text in DB (unknown),Not provided,Not provided,0,Not provided,Not provided,0,Not provided,0,0,Not provided,No database evidence,0.0,Unknown,Not provided,Not provided,0.000,Not provided,[],[],unknown,No,PM2_Moderate,"{""PM2_Moderate"": 2}",2,VUS,VUS,,,,PM2_Moderate: gnomAD max AF=0 < threshold 0.0001 for MOI AD,,,,,,,,,,,,,,No,No,,,,,Yes
7024470,28730_2023,chr15,48536274,G,A,FBN1,AD,ENST00000316623.10:c.736+1337C>T,Not provided,,,,,intron_variant,Het,35,0.447,Marfan syndrome,No,,No,unknown_db_phenotype,No phenotype text in DB (unknown),Not provided,Not provided,0,Not provided,Not provided,0,Not provided,0,0,Not provided,No database evidence,0.0,Unknown,Not provided,Not provided,0.000,Not provided,[],[],unknown,No,PM2_Moderate,"{""PM2_Moderate"": 2}",2,VUS,VUS,,,,PM2_Moderate: gnomAD max AF=0 < threshold 0.0001 for MOI AD,,,,,,,,,,,,,,No,No,,,,,Yes
7024470,28730_2023,chr15,48575802,TACACACACAC,T,FBN1,AD,ENST00000316623.10:c.538+20471_538+20480del,Not provided,,,,,intron_variant,Het,30,0.333,Marfan syndrome,No,,No,unknown_db_phenotype,No phenotype text in DB (unknown),Not provided,Not provided,0,Not provided,Not provided,0,Not provided,0,0,Not provided,No database evidence,0.0,Unknown,Not provided,Not provided,Not provided,Not provided,[],[],unknown,No,PM2_Moderate,"{""PM2_Moderate"": 2}",2,VUS,VUS,,,,PM2_Moderate: gnomAD max AF=0 < threshold 0.0001 for MOI AD,,,,,,,,,,,,,,No,No,,,,,Yes
7024470,28730_2023,chr15,48579356,T,C,FBN1,AD,ENST00000316623.10:c.538+16927A>G,Not provided,,,,,intron_variant,Het,18,0.476,Marfan syndrome,No,,No,unknown_db_phenotype,No phenotype text in DB (unknown),Not provided,Not provided,0,Not provided,Not provided,0,Not provided,0,0,Not provided,No database evidence,0.0,Unknown,Not provided,Not provided,0.000,Not provided,[],[],unknown,No,PM2_Moderate,"{""PM2_Moderate"": 2}",2,VUS,VUS,,,,PM2_Moderate: gnomAD max AF=0 < threshold 0.0001 for MOI AD,,,,,,,,,,,,,,No,No,,,,,Yes
7024470,28730_2023,chr15,48597136,A,G,FBN1,AD,ENST00000316623.10:c.443-758T>C,Not provided,,,,,intron_variant,Het,27,0.517,Marfan syndrome,No,,No,unknown_db_phenotype,No phenotype text in DB (unknown),Not provided,Not provided,0,Not provided,Not provided,0,Not provided,0,0,Not provided,No database evidence,0.0,Unknown,Not provided,Not provided,0.000,Not provided,[],[],unknown,No,PM2_Moderate,"{""PM2_Moderate"": 2}",2,VUS,VUS,,,,PM2_Moderate: gnomAD max AF=0 < threshold 0.0001 for MOI AD,,,,,,,,,,,,,,No,No,,,,,Yes
7024470,28730_2023,chr15,48612824,C,T,FBN1,AD,ENST00000316623.10:c.247+186G>A,Not provided,,,,,intron_variant,Het,34,0.457,Marfan syndrome,No,,No,unknown_db_phenotype,No phenotype text in DB (unknown),Not provided,Not provided,0,Not provided,Not provided,0,Not provided,0,0,Not provided,No database evidence,0.000020,v3,Not provided,Not provided,0.000,Not provided,[],[],unknown,No,PM2_Moderate,"{""PM2_Moderate"": 2}",2,VUS,VUS,,,,PM2_Moderate: gnomAD max AF=1.97158e-05 < threshold 0.0001 for MOI AD,,,,,,,,,,,,,,No,No,,,,,Yes
7024470,28730_2023,chr15,63070290,G,GTATATATA,TPM1,AD,Not provided,Not provided,,,,,downstream_gene_variant,Het,29,0.267,Hypertrophic cardiomyopathy,No,,No,unknown_db_phenotype,No phenotype text in DB (unknown),Not provided,Not provided,0,Not provided,Not provided,0,Not provided,0,0,Not provided,No database evidence,0.0,Unknown,Not provided,Not provided,Not provided,Not provided,[],[],unknown,No,PM2_Moderate,"{""PM2_Moderate"": 2}",2,VUS,VUS,,,,PM2_Moderate: gnomAD max AF=0 < threshold 0.0001 for MOI AD,,,,,,,,,,,,,,No,No,,,,,Yes
7024470,28730_2023,chr15,67065974,C,G,SMAD3,AD,ENST00000327367.9:c.-181C>G,Not provided,,,,1/9,5_prime_UTR_variant,Het,18,0.381,Loeys-Dietz syndrome,No,,No,unknown_db_phenotype,No phenotype text in DB (unknown),Not provided,Not provided,0,Not provided,Not provided,0,Not provided,0,0,Not provided,No database evidence,0.0,Unknown,Not provided,Not provided,0.000,Not provided,[],[],unknown,No,PM2_Moderate,"{""PM2_Moderate"": 2}",2,VUS,VUS,,,,PM2_Moderate: gnomAD max AF=0 < threshold 0.0001 for MOI AD,,,,,,,,,,,,,,No,No,,,,,Yes
7024470,28730_2023,chr15,67106507,G,T,SMAD3,AD,ENST00000327367.9:c.206+40147G>T,Not provided,,,,,intron_variant,Het,23,0.385,Loeys-Dietz syndrome,No,,No,unknown_db_phenotype,No phenotype text in DB (unknown),Not provided,Not provided,0,Not provided,Not provided,0,Not provided,0,0,Not provided,No database evidence,0.0,Unknown,Not provided,Not provided,0.000,Not provided,[],[],unknown,No,PM2_Moderate,"{""PM2_Moderate"": 2}",2,VUS,VUS,,,,PM2_Moderate: gnomAD max AF=0 < threshold 0.0001 for MOI AD,,,,,,,,,,,,,,No,No,,,,,Yes
7024470,28730_2023,chr15,67112456,C,T,SMAD3,AD,ENST00000327367.9:c.206+46096C>T,Not provided,,,,,intron_variant,Het,33,0.472,Loeys-Dietz syndrome,No,,No,unknown_db_phenotype,No phenotype text in DB (unknown),Not provided,Not provided,0,Not provided,Not provided,0,Not provided,0,0,Not provided,No database evidence,0.0,Unknown,Not provided,Not provided,0.000,Not provided,[],[],unknown,No,PM2_Moderate,"{""PM2_Moderate"": 2}",2,VUS,VUS,,,,PM2_Moderate: gnomAD max AF=0 < threshold 0.0001 for MOI AD,,,,,,,,,,,,,,No,No,,,,,Yes
7024470,28730_2023,chr15,67134200,C,T,SMAD3,AD,ENST00000327367.9:c.207-30695C>T,Not provided,,,,,intron_variant,Het,35,0.400,Loeys-Dietz syndrome,No,,No,unknown_db_phenotype,No phenotype text in DB (unknown),Not provided,Not provided,0,Not provided,Not provided,0,Not provided,0,0,Not provided,No database evidence,0.0,Unknown,Not provided,Not provided,0.000,Not provided,[],[],unknown,No,PM2_Moderate,"{""PM2_Moderate"": 2}",2,VUS,VUS,,,,PM2_Moderate: gnomAD max AF=0 < threshold 0.0001 for MOI AD,,,,,,,,,,,,,,No,No,,,,,Yes
7024470,28730_2023,chr15,67160770,CAAAAAAAAAAAA,C,SMAD3,AD,ENST00000327367.9:c.207-4094_207-4083del,Not provided,,,,,intron_variant,Het,29,0.613,Loeys-Dietz syndrome,No,,No,unknown_db_phenotype,No phenotype text in DB (unknown),Not provided,Not provided,0,Not provided,Not provided,0,Not provided,0,0,Not provided,No database evidence,0.0,Unknown,Not provided,Not provided,Not provided,Not provided,[],[],unknown,No,PM2_Moderate,"{""PM2_Moderate"": 2}",2,VUS,VUS,,,,PM2_Moderate: gnomAD max AF=0 < threshold 0.0001 for MOI AD,,,,,,,,,,,,,,No,No,,,,,Yes
7024470,28730_2023,chr15,67165502,G,A,SMAD3,AD,ENST00000327367.9:c.532+118G>A,Not provided,,,,,intron_variant,Het,32,0.688,Loeys-Dietz syndrome,No,,No,unknown_db_phenotype,No phenotype text in DB (unknown),not_provided,Likely_benign,1,Not provided,Not provided,0,Not provided,0,0,Not provided,ClinVar: Likely_benign (1*),0.0,Unknown,Not provided,Not provided,0.000,Not provided,[],[],unknown,No,PM2_Moderate,"{""PM2_Moderate"": 2}",2,VUS,VUS,,,,PM2_Moderate: gnomAD max AF=0 < threshold 0.0001 for MOI AD,,,,,,,,,,,,,,No,No,,,Low quality ClinVar: Likely_benign (1 stars);Low quality ClinVar: Likely_benign (1 stars),,Yes
7024470,28730_2023,chr15,67180315,A,G,SMAD3,AD,ENST00000327367.9:c.659-926A>G,Not provided,,,,,intron_variant,Het,33,0.559,Loeys-Dietz syndrome,No,,No,unknown_db_phenotype,No phenotype text in DB (unknown),Not provided,Not provided,0,Not provided,Not provided,0,Not provided,0,0,Not provided,No database evidence,0.0,Unknown,Not provided,Not provided,0.000,Not provided,[],[],unknown,No,PM2_Moderate,"{""PM2_Moderate"": 2}",2,VUS,VUS,,,,PM2_Moderate: gnomAD max AF=0 < threshold 0.0001 for MOI AD,,,,,,,,,,,,,,No,No,,,,,Yes
7024470,28730_2023,chr15,67182994,A,T,SMAD3,AD,ENST00000327367.9:c.871+1541A>T,Not provided,,,,,intron_variant,Het,24,0.375,Loeys-Dietz syndrome,No,,No,unknown_db_phenotype,No phenotype text in DB (unknown),Not provided,Not provided,0,Not provided,Not provided,0,Not provided,0,0,Not provided,No database evidence,0.0,Unknown,Not provided,Not provided,0.000,Not provided,[],[],unknown,Yes,PM2_Moderate,"{""PM2_Moderate"": 2}",2,VUS,VUS,,,,PM2_Moderate: gnomAD max AF=0 < threshold 0.0001 for MOI AD,,,,,,,,,,,,,,No,No,,,Delins cluster (unphased) detected (cluster_id=12; members=chr15:67182994:A:T:7024470;chr15:67182996:A:T:7024470) - phasing required to confirm cis/trans.;Delins/overlap cluster (id=12) detected but not all members meet P/LP or >5pts -> not auto-escalated (possible carrier).,,Yes
7024470,28730_2023,chr15,67182996,A,T,SMAD3,AD,ENST00000327367.9:c.871+1543A>T,Not provided,,,,,intron_variant,Het,21,0.333,Loeys-Dietz syndrome,No,,No,unknown_db_phenotype,No phenotype text in DB (unknown),Not provided,Not provided,0,Not provided,Not provided,0,Not provided,0,0,Not provided,No database evidence,0.0,Unknown,Not provided,Not provided,0.000,Not provided,[],[],unknown,Yes,PM2_Moderate,"{""PM2_Moderate"": 2}",2,VUS,VUS,,,,PM2_Moderate: gnomAD max AF=0 < threshold 0.0001 for MOI AD,,,,,,,,,,,,,,No,No,,,Delins cluster (unphased) detected (cluster_id=12; members=chr15:67182994:A:T:7024470;chr15:67182996:A:T:7024470) - phasing required to confirm cis/trans.;Delins/overlap cluster (id=12) detected but not all members meet P/LP or >5pts -> not auto-escalated (possible carrier).,,Yes
7024470,28730_2023,chr15,67183032,T,TATATATATA,SMAD3,AD,ENST00000327367.9:c.871+1579_871+1580insATATATATA,Not provided,,,,,intron_variant,Het,25,0.393,Loeys-Dietz syndrome,No,,No,unknown_db_phenotype,No phenotype text in DB (unknown),Not provided,Not provided,0,Not provided,Not provided,0,Not provided,0,0,Not provided,No database evidence,0.0,Unknown,Not provided,Not provided,Not provided,Not provided,[],[],unknown,Yes,PM2_Moderate,"{""PM2_Moderate"": 2}",2,VUS,VUS,,,,PM2_Moderate: gnomAD max AF=0 < threshold 0.0001 for MOI AD,,,,,,,,,,,,,,No,No,,,Delins cluster (unphased) detected (cluster_id=13; members=chr15:67183032:T:TATATATATA:7024470;chr15:67183036:T:A:7024470;chr15:67183038:T:A:7024470;chr15:67183034:T:A:7024470) - phasing required to confirm cis/trans.;Delins/overlap cluster (id=13) detected but not all members meet P/LP or >5pts -> not auto-escalated (possible carrier).,,Yes
7024470,28730_2023,chr15,67183034,T,A,SMAD3,AD,ENST00000327367.9:c.871+1581T>A,Not provided,,,,,intron_variant,Het,24,0.481,Loeys-Dietz syndrome,No,,No,unknown_db_phenotype,No phenotype text in DB (unknown),Not provided,Not provided,0,Not provided,Not provided,0,Not provided,0,0,Not provided,No database evidence,0.0,Unknown,Not provided,Not provided,0.000,Not provided,[],[],unknown,Yes,PM2_Moderate,"{""PM2_Moderate"": 2}",2,VUS,VUS,,,,PM2_Moderate: gnomAD max AF=0 < threshold 0.0001 for MOI AD,,,,,,,,,,,,,,No,No,,,Delins cluster (unphased) detected (cluster_id=13; members=chr15:67183032:T:TATATATATA:7024470;chr15:67183036:T:A:7024470;chr15:67183038:T:A:7024470;chr15:67183034:T:A:7024470) - phasing required to confirm cis/trans.;Delins/overlap cluster (id=13) detected but not all members meet P/LP or >5pts -> not auto-escalated (possible carrier).,,Yes
7024470,28730_2023,chr15,67183036,T,A,SMAD3,AD,ENST00000327367.9:c.871+1583T>A,Not provided,,,,,intron_variant,Het,24,0.481,Loeys-Dietz syndrome,No,,No,unknown_db_phenotype,No phenotype text in DB (unknown),Not provided,Not provided,0,Not provided,Not provided,0,Not provided,0,0,Not provided,No database evidence,0.0,Unknown,Not provided,Not provided,0.000,Not provided,[],[],unknown,Yes,PM2_Moderate,"{""PM2_Moderate"": 2}",2,VUS,VUS,,,,PM2_Moderate: gnomAD max AF=0 < threshold 0.0001 for MOI AD,,,,,,,,,,,,,,No,No,,,Delins cluster (unphased) detected (cluster_id=13; members=chr15:67183032:T:TATATATATA:7024470;chr15:67183036:T:A:7024470;chr15:67183038:T:A:7024470;chr15:67183034:T:A:7024470) - phasing required to confirm cis/trans.;Delins/overlap cluster (id=13) detected but not all members meet P/LP or >5pts -> not auto-escalated (possible carrier).,,Yes
7024470,28730_2023,chr15,67183038,T,A,SMAD3,AD,ENST00000327367.9:c.871+1585T>A,Not provided,,,,,intron_variant,Het,26,0.519,Loeys-Dietz syndrome,No,,No,unknown_db_phenotype,No phenotype text in DB (unknown),Not provided,Not provided,0,Not provided,Not provided,0,Not provided,0,0,Not provided,No database evidence,0.0,Unknown,Not provided,Not provided,0.000,Not provided,[],[],unknown,Yes,PM2_Moderate,"{""PM2_Moderate"": 2}",2,VUS,VUS,,,,PM2_Moderate: gnomAD max AF=0 < threshold 0.0001 for MOI AD,,,,,,,,,,,,,,No,No,,,Delins cluster (unphased) detected (cluster_id=13; members=chr15:67183032:T:TATATATATA:7024470;chr15:67183036:T:A:7024470;chr15:67183038:T:A:7024470;chr15:67183034:T:A:7024470) - phasing required to confirm cis/trans.;Delins/overlap cluster (id=13) detected but not all members meet P/LP or >5pts -> not auto-escalated (possible carrier).,,Yes
7024470,28730_2023,chr16,2073755,C,T,TSC2,AD,ENST00000219476.9:c.2356-445C>T,Not provided,,,,,intron_variant,Het,25,0.393,Tuberous sclerosis complex,No,,No,unknown_db_phenotype,No phenotype text in DB (unknown),Not provided,Not provided,0,Not provided,Not provided,0,Not provided,0,0,Not provided,No database evidence,0.0,Unknown,Not provided,Not provided,0.010,Not provided,[],[],unknown,No,PM2_Moderate,"{""PM2_Moderate"": 2}",2,VUS,VUS,,,,PM2_Moderate: gnomAD max AF=0 < threshold 0.0001 for MOI AD,,,,,,,,,,,,,,No,No,,,,,Yes
7024470,28730_2023,chr16,2076377,C,T,TSC2,AD,ENST00000219476.9:c.2743-114C>T,Not provided,,,,,intron_variant,Het,18,0.476,Tuberous sclerosis complex,No,,No,unknown_db_phenotype,No phenotype text in DB (unknown),Not provided,Not provided,0,Not provided,Not provided,0,Not provided,0,0,Not provided,No database evidence,0.0,Unknown,Not provided,Not provided,0.000,Not provided,[],[],unknown,No,PM2_Moderate,"{""PM2_Moderate"": 2}",2,VUS,VUS,,,,PM2_Moderate: gnomAD max AF=0 < threshold 0.0001 for MOI AD,,,,,,,,,,,,,,No,No,,,,,Yes
7024470,28730_2023,chr16,2082582,G,A,TSC2,AD,ENST00000219476.9:c.3883+78G>A,Not provided,,,,,intron_variant,Het,12,0.643,Tuberous sclerosis complex,No,,No,N/A,N/A,not_provided|Tuberous_sclerosis_syndrome,Likely_benign,2,Not provided,Not provided,0,Not provided,0,0,Not provided,ClinVar: Likely_benign (2*),0.0,Unknown,Not provided,Not provided,0.030,Not provided,[],[],unknown,No,PM2_Moderate,"{""PM2_Moderate"": 2}",2,VUS,VUS,,,,PM2_Moderate: gnomAD max AF=0 < threshold 0.0001 for MOI AD,,,,,,,,,,,,,,No,No,,,,Filtered: HQ Benign (ClinVar≥2★ or HGMD benign or Internal DB benign),Yes
7024470,28730_2023,chr16,2091629,G,A,TSC2,AD,Not provided,Not provided,,,,,downstream_gene_variant,Het,23,0.417,Tuberous sclerosis complex,No,,No,unknown_db_phenotype,No phenotype text in DB (unknown),Not provided,Not provided,0,Not provided,Not provided,0,Not provided,0,0,Not provided,No database evidence,0.0,Unknown,Not provided,Not provided,Not provided,Not provided,[],[],unknown,No,PM2_Moderate,"{""PM2_Moderate"": 2}",2,VUS,VUS,,,,PM2_Moderate: gnomAD max AF=0 < threshold 0.0001 for MOI AD,,,,,,,,,,,,,,No,No,,,"ClinVar gene mismatch: ['PKD1', 'PKD1_AS1'] vs TSC2;ClinVar gene mismatch: ['PKD1', 'PKD1_AS1'] vs TSC2;Gene mismatch detected -> DB evidence ignored for matching sources",,Yes
7024470,28730_2023,chr16,15698863,GA,G,MYH11,AD,Not provided,Not provided,,,,,downstream_gene_variant,Het,30,0.400,Familial thoracic aortic aneurysm,No,,No,unknown_db_phenotype,No phenotype text in DB (unknown),Not provided,Not provided,0,Not provided,Not provided,0,Not provided,0,0,Not provided,No database evidence,0.0,Unknown,Not provided,Not provided,Not provided,Not provided,[],[],unknown,No,PM2_Moderate,"{""PM2_Moderate"": 2}",2,VUS,VUS,,,,PM2_Moderate: gnomAD max AF=0 < threshold 0.0001 for MOI AD,,,,,,,,,,,,,,No,No,,,,,Yes
7024470,28730_2023,chr16,15704473,A,G,MYH11,AD,ENST00000300036.6:c.5787-350T>C,Not provided,,,,,intron_variant,Het,30,0.484,Familial thoracic aortic aneurysm,No,,No,unknown_db_phenotype,No phenotype text in DB (unknown),Not provided,Not provided,0,Not provided,Not provided,0,Not provided,0,0,Not provided,No database evidence,0.0,Unknown,Not provided,Not provided,0.000,Not provided,[],[],unknown,No,PM2_Moderate,"{""PM2_Moderate"": 2}",2,VUS,VUS,,,,PM2_Moderate: gnomAD max AF=0 < threshold 0.0001 for MOI AD,,,,,,,,,,,,,,No,No,,,,,Yes
7024470,28730_2023,chr16,15709121,T,C,MYH11,AD,ENST00000300036.6:c.5787-4998A>G,Not provided,,,,,intron_variant,Het,36,0.410,Familial thoracic aortic aneurysm,No,,No,unknown_db_phenotype,No phenotype text in DB (unknown),not_provided,Likely_benign,1,Not provided,Not provided,0,Not provided,0,0,Not provided,ClinVar: Likely_benign (1*),0.0,Unknown,Not provided,Not provided,0.000,Not provided,[],[],unknown,No,PM2_Moderate,"{""PM2_Moderate"": 2}",2,VUS,VUS,,,,PM2_Moderate: gnomAD max AF=0 < threshold 0.0001 for MOI AD,,,,,,,,,,,,,,No,No,,,Low quality ClinVar: Likely_benign (1 stars);Low quality ClinVar: Likely_benign (1 stars),,Yes
7024470,28730_2023,chr16,15716617,G,A,MYH11,AD,ENST00000300036.6:c.5504+523C>T,Not provided,,,,,intron_variant,Het,24,0.333,Familial thoracic aortic aneurysm,No,,No,unknown_db_phenotype,No phenotype text in DB (unknown),Not provided,Not provided,0,Not provided,Not provided,0,Not provided,0,0,Not provided,No database evidence,0.0,Unknown,Not provided,Not provided,0.000,Not provided,[],[],unknown,No,PM2_Moderate,"{""PM2_Moderate"": 2}",2,VUS,VUS,,,,PM2_Moderate: gnomAD max AF=0 < threshold 0.0001 for MOI AD,,,,,,,,,,,,,,No,No,,,,,Yes
7024470,28730_2023,chr16,15716827,G,T,MYH11,AD,ENST00000300036.6:c.5504+313C>A,Not provided,,,,,intron_variant,Het,32,0.312,Familial thoracic aortic aneurysm,No,,No,unknown_db_phenotype,No phenotype text in DB (unknown),Not provided,Not provided,0,Not provided,Not provided,0,Not provided,0,0,Not provided,No database evidence,0.0,Unknown,Not provided,Not provided,0.000,Not provided,[],[],unknown,No,PM2_Moderate,"{""PM2_Moderate"": 2}",2,VUS,VUS,,,,PM2_Moderate: gnomAD max AF=0 < threshold 0.0001 for MOI AD,,,,,,,,,,,,,,No,No,,,,,Yes
7024470,28730_2023,chr16,15717854,C,T,MYH11,AD,ENST00000300036.6:c.5295+461G>A,Not provided,,,,,intron_variant,Het,32,0.531,Familial thoracic aortic aneurysm,No,,No,unknown_db_phenotype,No phenotype text in DB (unknown),Not provided,Not provided,0,Not provided,Not provided,0,Not provided,0,0,Not provided,No database evidence,0.0,Unknown,Not provided,Not provided,0.000,Not provided,[],[],unknown,No,PM2_Moderate,"{""PM2_Moderate"": 2}",2,VUS,VUS,,,,PM2_Moderate: gnomAD max AF=0 < threshold 0.0001 for MOI AD,,,,,,,,,,,,,,No,No,,,,,Yes
7024470,28730_2023,chr16,15722837,G,A,MYH11,AD,ENST00000300036.6:c.4366-1203C>T,Not provided,,,,,intron_variant,Het,36,0.487,Familial thoracic aortic aneurysm,No,,No,unknown_db_phenotype,No phenotype text in DB (unknown),Not provided,Not provided,0,Not provided,Not provided,0,Not provided,0,0,Not provided,No database evidence,0.000066,v3,Not provided,Not provided,0.000,Not provided,[],[],unknown,No,PM2_Moderate,"{""PM2_Moderate"": 2}",2,VUS,VUS,,,,PM2_Moderate: gnomAD max AF=6.57333e-05 < threshold 0.0001 for MOI AD,,,,,,,,,,,,,,No,No,,,,,Yes
7024470,28730_2023,chr16,15723799,T,C,MYH11,AD,ENST00000300036.6:c.4365+362A>G,Not provided,,,,,intron_variant,Het,30,0.394,Familial thoracic aortic aneurysm,No,,No,unknown_db_phenotype,No phenotype text in DB (unknown),Not provided,Not provided,0,Not provided,Not provided,0,Not provided,0,0,Not provided,No database evidence,0.0,Unknown,Not provided,Not provided,0.000,Not provided,[],[],unknown,No,PM2_Moderate,"{""PM2_Moderate"": 2}",2,VUS,VUS,,,,PM2_Moderate: gnomAD max AF=0 < threshold 0.0001 for MOI AD,,,,,,,,,,,,,,No,No,,,,,Yes
7024470,28730_2023,chr16,15737660,A,G,MYH11,AD,ENST00000300036.6:c.3122-40T>C,Not provided,,,,,intron_variant,Het,37,0.658,Familial thoracic aortic aneurysm,No,,No,N/A,N/A,not_provided,Likely_benign,2,Not provided,Not provided,0,Not provided,0,0,Not provided,ClinVar: Likely_benign (2*),0.0,Unknown,Not provided,Not provided,0.010,Not provided,[],[],unknown,No,PM2_Moderate,"{""PM2_Moderate"": 2}",2,VUS,VUS,,,,PM2_Moderate: gnomAD max AF=0 < threshold 0.0001 for MOI AD,,,,,,,,,,,,,,No,No,,,,Filtered: HQ Benign (ClinVar≥2★ or HGMD benign or Internal DB benign),Yes
7024470,28730_2023,chr16,15738457,G,A,MYH11,AD,ENST00000300036.6:c.3121+108C>T,Not provided,,,,,intron_variant,Het,36,0.410,Familial thoracic aortic aneurysm,No,,No,N/A,N/A,not_provided,Likely_benign,2,Not provided,Not provided,0,Not provided,0,0,Not provided,ClinVar: Likely_benign (2*),0.0,Unknown,Not provided,Not provided,0.000,Not provided,[],[],unknown,No,PM2_Moderate,"{""PM2_Moderate"": 2}",2,VUS,VUS,,,,PM2_Moderate: gnomAD max AF=0 < threshold 0.0001 for MOI AD,,,,,,,,,,,,,,No,No,,,,Filtered: HQ Benign (ClinVar≥2★ or HGMD benign or Internal DB benign),Yes
7024470,28730_2023,chr16,15743516,C,T,MYH11,AD,ENST00000300036.6:c.2520+1613G>A,Not provided,,,,,intron_variant,Het,27,0.607,Familial thoracic aortic aneurysm,No,,No,unknown_db_phenotype,No phenotype text in DB (unknown),Not provided,Not provided,0,Not provided,Not provided,0,Not provided,0,0,Not provided,No database evidence,0.0,Unknown,Not provided,Not provided,0.000,Not provided,[],[],unknown,No,PM2_Moderate,"{""PM2_Moderate"": 2}",2,VUS,VUS,,,,PM2_Moderate: gnomAD max AF=0 < threshold 0.0001 for MOI AD,,,,,,,,,,,,,,No,No,,,,,Yes
7024470,28730_2023,chr16,15744222,G,A,MYH11,AD,ENST00000300036.6:c.2520+907C>T,Not provided,,,,,intron_variant,Het,32,0.515,Familial thoracic aortic aneurysm,No,,No,unknown_db_phenotype,No phenotype text in DB (unknown),Not provided,Not provided,0,Not provided,Not provided,0,Not provided,0,0,Not provided,No database evidence,0.0,Unknown,Not provided,Not provided,0.000,Not provided,[],[],unknown,No,PM2_Moderate,"{""PM2_Moderate"": 2}",2,VUS,VUS,,,,PM2_Moderate: gnomAD max AF=0 < threshold 0.0001 for MOI AD,,,,,,,,,,,,,,No,No,,,,,Yes
7024470,28730_2023,chr16,15744905,G,A,MYH11,AD,ENST00000300036.6:c.2520+224C>T,Not provided,,,,,intron_variant,Het,32,0.636,Familial thoracic aortic aneurysm,No,,No,unknown_db_phenotype,No phenotype text in DB (unknown),not_provided,Likely_benign,1,Not provided,Not provided,0,Not provided,0,0,Not provided,ClinVar: Likely_benign (1*),0.0,Unknown,Not provided,Not provided,0.000,Not provided,[],[],unknown,No,PM2_Moderate,"{""PM2_Moderate"": 2}",2,VUS,VUS,,,,PM2_Moderate: gnomAD max AF=0 < threshold 0.0001 for MOI AD,,,,,,,,,,,,,,No,No,,,Low quality ClinVar: Likely_benign (1 stars);Low quality ClinVar: Likely_benign (1 stars),,Yes
7024470,28730_2023,chr16,15745420,G,C,MYH11,AD,ENST00000300036.6:c.2412-183C>G,Not provided,,,,,intron_variant,Het,25,0.346,Familial thoracic aortic aneurysm,No,,No,unknown_db_phenotype,No phenotype text in DB (unknown),not_provided,Likely_benign,1,Not provided,Not provided,0,Not provided,0,0,Not provided,ClinVar: Likely_benign (1*),0.0,Unknown,Not provided,Not provided,0.000,Not provided,[],[],unknown,No,PM2_Moderate,"{""PM2_Moderate"": 2}",2,VUS,VUS,,,,PM2_Moderate: gnomAD max AF=0 < threshold 0.0001 for MOI AD,,,,,,,,,,,,,,No,No,,,Low quality ClinVar: Likely_benign (1 stars);Low quality ClinVar: Likely_benign (1 stars),,Yes
7024470,28730_2023,chr16,15748357,C,T,MYH11,AD,ENST00000300036.6:c.2059-189G>A,Not provided,,,,,intron_variant,Het,34,0.405,Familial thoracic aortic aneurysm,No,,No,unknown_db_phenotype,No phenotype text in DB (unknown),not_provided,Likely_benign,1,Not provided,Not provided,0,Not provided,0,0,Not provided,ClinVar: Likely_benign (1*),0.0,Unknown,Not provided,Not provided,0.000,Not provided,[],[],unknown,No,PM2_Moderate,"{""PM2_Moderate"": 2}",2,VUS,VUS,,,,PM2_Moderate: gnomAD max AF=0 < threshold 0.0001 for MOI AD,,,,,,,,,,,,,,No,No,,,Low quality ClinVar: Likely_benign (1 stars);Low quality ClinVar: Likely_benign (1 stars),,Yes
7024470,28730_2023,chr16,15749149,C,CTT,MYH11,AD,ENST00000300036.6:c.2059-983_2059-982dup,Not provided,,,,,intron_variant,Het,17,0.579,Familial thoracic aortic aneurysm,No,,No,unknown_db_phenotype,No phenotype text in DB (unknown),Not provided,Not provided,0,Not provided,Not provided,0,Not provided,0,0,Not provided,No database evidence,0.0,Unknown,Not provided,Not provided,Not provided,Not provided,[],[],unknown,No,PM2_Moderate,"{""PM2_Moderate"": 2}",2,VUS,VUS,,,,PM2_Moderate: gnomAD max AF=0 < threshold 0.0001 for MOI AD,,,,,,,,,,,,,,No,No,,,,,Yes
7024470,28730_2023,chr16,15749235,C,T,MYH11,AD,ENST00000300036.6:c.2058+903G>A,Not provided,,,,,intron_variant,Het,17,0.579,Familial thoracic aortic aneurysm,No,,No,unknown_db_phenotype,No phenotype text in DB (unknown),Not provided,Not provided,0,Not provided,Not provided,0,Not provided,0,0,Not provided,No database evidence,0.0,Unknown,Not provided,Not provided,0.000,Not provided,[],[],unknown,No,PM2_Moderate,"{""PM2_Moderate"": 2}",2,VUS,VUS,,,,PM2_Moderate: gnomAD max AF=0 < threshold 0.0001 for MOI AD,,,,,,,,,,,,,,No,No,,,,,Yes
7024470,28730_2023,chr16,15754150,G,A,MYH11,AD,ENST00000300036.6:c.1750-642C>T,Not provided,,,,,intron_variant,Het,10,0.800,Familial thoracic aortic aneurysm,No,,No,unknown_db_phenotype,No phenotype text in DB (unknown),Not provided,Not provided,0,Not provided,Not provided,0,Not provided,0,0,Not provided,No database evidence,0.0,Unknown,Not provided,Not provided,0.000,Not provided,[],[],unknown,No,PM2_Moderate,"{""PM2_Moderate"": 2}",2,VUS,VUS,,,,PM2_Moderate: gnomAD max AF=0 < threshold 0.0001 for MOI AD,,,,,,,,,,,,,,No,No,,,,,Yes
7024470,28730_2023,chr16,15759370,C,T,MYH11,AD,ENST00000300036.6:c.1401+206G>A,Not provided,,,,,intron_variant,Het,20,0.500,Familial thoracic aortic aneurysm,No,,No,unknown_db_phenotype,No phenotype text in DB (unknown),not_provided,Likely_benign,1,Not provided,Not provided,0,Not provided,0,0,Not provided,ClinVar: Likely_benign (1*),0.0,Unknown,Not provided,Not provided,0.000,Not provided,[],[],unknown,No,PM2_Moderate,"{""PM2_Moderate"": 2}",2,VUS,VUS,,,,PM2_Moderate: gnomAD max AF=0 < threshold 0.0001 for MOI AD,,,,,,,,,,,,,,No,No,,,Low quality ClinVar: Likely_benign (1 stars);Low quality ClinVar: Likely_benign (1 stars),,Yes
7024470,28730_2023,chr16,15761621,T,G,MYH11,AD,ENST00000300036.6:c.1130-963A>C,Not provided,,,,,intron_variant,Het,34,0.514,Familial thoracic aortic aneurysm,No,,No,unknown_db_phenotype,No phenotype text in DB (unknown),Not provided,Not provided,0,Not provided,Not provided,0,Not provided,0,0,Not provided,No database evidence,0.0,Unknown,Not provided,Not provided,0.000,Not provided,[],[],unknown,No,PM2_Moderate,"{""PM2_Moderate"": 2}",2,VUS,VUS,,,,PM2_Moderate: gnomAD max AF=0 < threshold 0.0001 for MOI AD,,,,,,,,,,,,,,No,No,,,,,Yes
7024470,28730_2023,chr16,15771877,C,T,MYH11,AD,ENST00000300036.6:c.890-165G>A,Not provided,,,,,intron_variant,Het,19,0.455,Familial thoracic aortic aneurysm,No,,No,N/A,N/A,not_provided,Likely_benign,2,Not provided,Not provided,0,Not provided,0,0,Not provided,ClinVar: Likely_benign (2*),0.0,Unknown,Not provided,Not provided,0.000,Not provided,[],[],unknown,No,PM2_Moderate,"{""PM2_Moderate"": 2}",2,VUS,VUS,,,,PM2_Moderate: gnomAD max AF=0 < threshold 0.0001 for MOI AD,,,,,,,,,,,,,,No,No,,,,Filtered: HQ Benign (ClinVar≥2★ or HGMD benign or Internal DB benign),Yes
7024470,28730_2023,chr16,15772481,T,C,MYH11,AD,ENST00000300036.6:c.890-769A>G,Not provided,,,,,intron_variant,Het,32,0.469,Familial thoracic aortic aneurysm,No,,No,unknown_db_phenotype,No phenotype text in DB (unknown),Not provided,Not provided,0,Not provided,Not provided,0,Not provided,0,0,Not provided,No database evidence,0.0,Unknown,Not provided,Not provided,0.000,Not provided,[],[],unknown,No,PM2_Moderate,"{""PM2_Moderate"": 2}",2,VUS,VUS,,,,PM2_Moderate: gnomAD max AF=0 < threshold 0.0001 for MOI AD,,,,,,,,,,,,,,No,No,,,,,Yes
7024470,28730_2023,chr16,15792926,G,T,MYH11,AD,ENST00000300036.6:c.530+5734C>A,Not provided,,,,,intron_variant,Het,21,0.636,Familial thoracic aortic aneurysm,No,,No,unknown_db_phenotype,No phenotype text in DB (unknown),Not provided,Not provided,0,Not provided,Not provided,0,Not provided,0,0,Not provided,No database evidence,0.0,Unknown,Not provided,Not provided,0.000,Not provided,[],[],unknown,No,PM2_Moderate,"{""PM2_Moderate"": 2}",2,VUS,VUS,,,,PM2_Moderate: gnomAD max AF=0 < threshold 0.0001 for MOI AD,,,,,,,,,,,,,,No,No,,,,,Yes
7024470,28730_2023,chr16,15813839,G,A,MYH11,AD,ENST00000300036.6:c.502+9416C>T,Not provided,,,,,intron_variant,Het,32,0.406,Familial thoracic aortic aneurysm,No,,No,unknown_db_phenotype,No phenotype text in DB (unknown),Not provided,Not provided,0,Not provided,Not provided,0,Not provided,0,0,Not provided,No database evidence,0.0,Unknown,Not provided,Not provided,0.000,Not provided,[],[],unknown,No,PM2_Moderate,"{""PM2_Moderate"": 2}",2,VUS,VUS,,,,PM2_Moderate: gnomAD max AF=0 < threshold 0.0001 for MOI AD,,,,,,,,,,,,,,No,No,,,,,Yes
7024470,28730_2023,chr16,15843352,C,G,MYH11,AD,ENST00000300036.6:c.-17-5083G>C,Not provided,,,,,intron_variant,Het,20,0.571,Familial thoracic aortic aneurysm,No,,No,unknown_db_phenotype,No phenotype text in DB (unknown),Not provided,Not provided,0,Not provided,Not provided,0,Not provided,0,0,Not provided,No database evidence,0.0,Unknown,Not provided,Not provided,0.000,Not provided,[],[],unknown,No,PM2_Moderate,"{""PM2_Moderate"": 2}",2,VUS,VUS,,,,PM2_Moderate: gnomAD max AF=0 < threshold 0.0001 for MOI AD,,,,,,,,,,,,,,No,No,,,,,Yes
7024470,28730_2023,chr16,15853098,G,T,MYH11,AD,ENST00000300036.6:c.-18+3843C>A,Not provided,,,,,intron_variant,Het,22,0.435,Familial thoracic aortic aneurysm,No,,No,unknown_db_phenotype,No phenotype text in DB (unknown),Not provided,Not provided,0,Not provided,Not provided,0,Not provided,0,0,Not provided,No database evidence,0.000079,v3,Not provided,Not provided,0.000,Not provided,[],[],unknown,No,PM2_Moderate,"{""PM2_Moderate"": 2}",2,VUS,VUS,,,,PM2_Moderate: gnomAD max AF=7.88924e-05 < threshold 0.0001 for MOI AD,,,,,,,,,,,,,,No,No,,,,,Yes
7024470,28730_2023,chr16,15860807,T,G,MYH11,AD,Not provided,Not provided,,,,,upstream_gene_variant,Het,32,0.625,Familial thoracic aortic aneurysm,No,,No,unknown_db_phenotype,No phenotype text in DB (unknown),Not provided,Not provided,0,Not provided,Not provided,0,Not provided,0,0,Not provided,No database evidence,0.0,Unknown,Not provided,Not provided,Not provided,Not provided,[],[],unknown,No,PM2_Moderate,"{""PM2_Moderate"": 2}",2,VUS,VUS,,,,PM2_Moderate: gnomAD max AF=0 < threshold 0.0001 for MOI AD,,,,,,,,,,,,,,No,No,,,,,Yes
7024470,28730_2023,chr17,7674326,C,G,TP53,AD,ENST00000269305.9:c.673-36G>C,Not provided,,,,,intron_variant,Het,15,0.400,Li-Fraumeni syndrome,No,,No,N/A,N/A,Hereditary_cancer-predisposing_syndrome|not_provided|not_specified|Hereditary_breast_ovarian_cancer_syndrome|Li-Fraumeni_syndrome|Li-Fraumeni_syndrome_1,Benign,2,DFP,"Breast cancer, increased risk",2,Not provided,0,0,Not provided,"ClinVar: Benign (2*); HGMD: DFP (2 pubs, dmsupported=0, confirm=0)",0.0,Unknown,Not provided,Not provided,0.000,Not provided,[],[],unknown,No,PM2_Moderate,"{""PM2_Moderate"": 2}",2,VUS,VUS,,,,PM2_Moderate: gnomAD max AF=0 < threshold 0.0001 for MOI AD,,,,,,,,,,,,,,No,No,,,,Filtered: HQ Benign (ClinVar≥2★ or HGMD benign or Internal DB benign),Yes
7024470,28730_2023,chr17,7683522,G,A,TP53,AD,ENST00000269305.9:c.-29+3855C>T,Not provided,,,,,intron_variant,Het,18,0.421,Li-Fraumeni syndrome,No,,No,unknown_db_phenotype,No phenotype text in DB (unknown),Not provided,Not provided,0,Not provided,Not provided,0,Not provided,0,0,Not provided,No database evidence,0.0,Unknown,Not provided,Not provided,0.000,Not provided,[],[],unknown,No,PM2_Moderate,"{""PM2_Moderate"": 2}",2,VUS,VUS,,,,PM2_Moderate: gnomAD max AF=0 < threshold 0.0001 for MOI AD,,,,,,,,,,,,,,No,No,,,,,Yes
7024470,28730_2023,chr17,43052883,T,G,BRCA1,AD,ENST00000357654.9:c.5278-1766A>C,Not provided,,,,,intron_variant,Het,26,0.519,Hereditary breast and ovarian cancer,No,,No,N/A,N/A,Breast-ovarian_cancer;_familial;_susceptibility_to;_1,Benign,3,Not provided,Not provided,0,Not provided,0,0,Not provided,ClinVar: Benign (3*),0.0,Unknown,Not provided,Not provided,0.000,Not provided,[],[],unknown,No,PM2_Moderate,"{""PM2_Moderate"": 2}",2,VUS,VUS,,,,PM2_Moderate: gnomAD max AF=0 < threshold 0.0001 for MOI AD,,,,,,,,,,,,,,No,No,,,,Filtered: HQ Benign (ClinVar≥2★ or HGMD benign or Internal DB benign),Yes
7024470,28730_2023,chr17,43075238,C,T,BRCA1,AD,ENST00000357654.9:c.4485-717G>A,Not provided,,,,,intron_variant,Het,20,0.750,Hereditary breast and ovarian cancer,No,,No,unknown_db_phenotype,No phenotype text in DB (unknown),Not provided,Not provided,0,Not provided,Not provided,0,Not provided,0,0,Not provided,No database evidence,0.000046,v3,Not provided,Not provided,0.000,Not provided,[],[],unknown,No,PM2_Moderate,"{""PM2_Moderate"": 2}",2,VUS,VUS,,,,PM2_Moderate: gnomAD max AF=4.60423e-05 < threshold 0.0001 for MOI AD,,,,,,,,,,,,,,No,No,,,,,Yes
7024470,28730_2023,chr17,43095581,C,CA,BRCA1,AD,ENST00000357654.9:c.670+264dup,Not provided,,,,,intron_variant,Het,19,0.455,Hereditary breast and ovarian cancer,No,,No,unknown_db_phenotype,No phenotype text in DB (unknown),Not provided,Not provided,0,Not provided,Not provided,0,Not provided,0,0,Not provided,No database evidence,0.0,Unknown,Not provided,Not provided,0.000,Not provided,[],[],unknown,No,PM2_Moderate,"{""PM2_Moderate"": 2}",2,VUS,VUS,,,,PM2_Moderate: gnomAD max AF=0 < threshold 0.0001 for MOI AD,,,,,,,,,,,,,,No,No,,,,,Yes
7024470,28730_2023,chr17,43123323,TC,T,BRCA1,AD,ENST00000357654.9:c.80+693del,Not provided,,,,,intron_variant,Het,13,0.357,Hereditary breast and ovarian cancer,No,,No,unknown_db_phenotype,No phenotype text in DB (unknown),Not provided,Not provided,0,Not provided,Not provided,0,Not provided,0,0,Not provided,No database evidence,0.0,Unknown,Not provided,Not provided,0.000,Not provided,[],[],unknown,Yes,PM2_Moderate,"{""PM2_Moderate"": 2}",2,VUS,VUS,,,,PM2_Moderate: gnomAD max AF=0 < threshold 0.0001 for MOI AD,,,,,,,,,,,,,,No,No,,,Delins cluster (unphased) detected (cluster_id=15; members=chr17:43123323:TC:T:7024470;chr17:43123327:CTCA:C:7024470) - phasing required to confirm cis/trans.;Delins/overlap cluster (id=15) detected but not all members meet P/LP or >5pts -> not auto-escalated (possible carrier).,,Yes
7024470,28730_2023,chr17,43123327,CTCA,C,BRCA1,AD,ENST00000357654.9:c.80+687_80+689del,Not provided,,,,,intron_variant,Het,11,0.417,Hereditary breast and ovarian cancer,No,,No,unknown_db_phenotype,No phenotype text in DB (unknown),Not provided,Not provided,0,Not provided,Not provided,0,Not provided,0,0,Not provided,No database evidence,0.0,Unknown,Not provided,Not provided,0.000,Not provided,[],[],unknown,Yes,PM2_Moderate,"{""PM2_Moderate"": 2}",2,VUS,VUS,,,,PM2_Moderate: gnomAD max AF=0 < threshold 0.0001 for MOI AD,,,,,,,,,,,,,,No,No,,,Delins cluster (unphased) detected (cluster_id=15; members=chr17:43123323:TC:T:7024470;chr17:43123327:CTCA:C:7024470) - phasing required to confirm cis/trans.;Delins/overlap cluster (id=15) detected but not all members meet P/LP or >5pts -> not auto-escalated (possible carrier).,,Yes
7024470,28730_2023,chr17,43124357,T,A,BRCA1,AD,ENST00000357654.9:c.-19-242A>T,Not provided,,,,,intron_variant,Het,40,0.585,Hereditary breast and ovarian cancer,No,,No,unknown_db_phenotype,No phenotype text in DB (unknown),Not provided,Not provided,0,Not provided,Not provided,0,Not provided,0,0,Not provided,No database evidence,0.000033,v3,Not provided,Not provided,0.000,Not provided,[],[],unknown,No,PM2_Moderate,"{""PM2_Moderate"": 2}",2,VUS,VUS,,,,PM2_Moderate: gnomAD max AF=3.28515e-05 < threshold 0.0001 for MOI AD,,,,,,,,,,,,,,No,No,,,,,Yes
7024470,28730_2023,chr17,43127993,C,T,BRCA1,AD,Not provided,Not provided,,,,,upstream_gene_variant,Het,10,0.818,Hereditary breast and ovarian cancer,No,,No,unknown_db_phenotype,No phenotype text in DB (unknown),Not provided,Not provided,0,Not provided,Not provided,0,Not provided,0,0,Not provided,No database evidence,0.0,Unknown,Not provided,Not provided,Not provided,Not provided,[],[],unknown,No,PM2_Moderate,"{""PM2_Moderate"": 2}",2,VUS,VUS,,,,PM2_Moderate: gnomAD max AF=0 < threshold 0.0001 for MOI AD,,,,,,,,,,,,,,No,No,,,,,Yes
7024470,28730_2023,chr17,43128353,C,T,BRCA1,AD,Not provided,Not provided,,,,,upstream_gene_variant,Het,30,0.485,Hereditary breast and ovarian cancer,No,,No,unknown_db_phenotype,No phenotype text in DB (unknown),Not provided,Not provided,0,Not provided,Not provided,0,Not provided,0,0,Not provided,No database evidence,0.0,Unknown,Not provided,Not provided,Not provided,Not provided,[],[],unknown,No,PM2_Moderate,"{""PM2_Moderate"": 2}",2,VUS,VUS,,,,PM2_Moderate: gnomAD max AF=0 < threshold 0.0001 for MOI AD,,,,,,,,,,,,,,No,No,,,,,Yes
7024470,28730_2023,chr17,80104878,A,T,GAA,AR,ENST00000302262.8:c.292A>T,ENSP00000305692.3:p.Ile98Phe,Ile,Phe,98,2/20,missense_variant,Het,25,0.600,Pompe disease,No,,Yes,token_match,Shared terms: disease,Glycogen_storage_disease;_type_II,Uncertain_significance,1,Not provided,Not provided,0,Not provided,0,0,Not provided,ClinVar: Uncertain_significance (1*),0.0,Unknown,0.207,15.97,0.000,0.340,[],[],unknown,No,PM2_Moderate,"{""PM2_Moderate"": 2}",2,VUS,VUS,,,,PM2_Moderate: gnomAD max AF=0 < threshold 0.005 for MOI AR,,,,,,,,,,,,,,No,No,,,Low quality ClinVar: Uncertain_significance (1 stars);Low quality ClinVar: Uncertain_significance (1 stars),,Yes
7024470,28730_2023,chr18,31061001,CTAACGATTGTCAAACTTTA,C,DSC2,AD,ENST00000280904.11:c.*6995_*7013del,Not provided,,,,16/16,3_prime_UTR_variant,Het,37,0.632,Arrhythmogenic right ventricular cardiomyopathy,No,,No,unknown_db_phenotype,No phenotype text in DB (unknown),Not provided,Not provided,0,Not provided,Not provided,0,Not provided,0,0,Not provided,No database evidence,0.0,Unknown,Not provided,Not provided,Not provided,Not provided,[],[],unknown,No,PM2_Moderate,"{""PM2_Moderate"": 2}",2,VUS,VUS,,,,PM2_Moderate: gnomAD max AF=0 < threshold 0.0001 for MOI AD,,,,,,,,,,,,,,No,No,,,,,Yes
7024470,28730_2023,chr18,31510590,GA,G,DSG2,AD,ENST00000261590.13:c.46-7636del,Not provided,,,,,intron_variant,Het,48,0.500,Arrhythmogenic right ventricular cardiomyopathy,No,,No,unknown_db_phenotype,No phenotype text in DB (unknown),Not provided,Not provided,0,Not provided,Not provided,0,Not provided,0,0,Not provided,No database evidence,0.0,Unknown,Not provided,Not provided,0.000,Not provided,[],[],unknown,No,PM2_Moderate,"{""PM2_Moderate"": 2}",2,VUS,VUS,,,,PM2_Moderate: gnomAD max AF=0 < threshold 0.0001 for MOI AD,,,,,,,,,,,,,,No,No,,,,,Yes
7024470,28730_2023,chr18,31516427,A,G,DSG2,AD,ENST00000261590.13:c.46-1812A>G,Not provided,,,,,intron_variant,Het,36,0.500,Arrhythmogenic right ventricular cardiomyopathy,No,,No,unknown_db_phenotype,No phenotype text in DB (unknown),Not provided,Not provided,0,Not provided,Not provided,0,Not provided,0,0,Not provided,No database evidence,0.0,Unknown,Not provided,Not provided,0.000,Not provided,[],[],unknown,No,PM2_Moderate,"{""PM2_Moderate"": 2}",2,VUS,VUS,,,,PM2_Moderate: gnomAD max AF=0 < threshold 0.0001 for MOI AD,,,,,,,,,,,,,,No,No,,,,,Yes
7024470,28730_2023,chr18,31523872,T,G,DSG2,AD,ENST00000261590.13:c.691-576T>G,Not provided,,,,,intron_variant,Het,25,0.393,Arrhythmogenic right ventricular cardiomyopathy,No,,No,unknown_db_phenotype,No phenotype text in DB (unknown),Not provided,Not provided,0,Not provided,Not provided,0,Not provided,0,0,Not provided,No database evidence,0.0,Unknown,Not provided,Not provided,0.010,Not provided,[],[],unknown,No,PM2_Moderate,"{""PM2_Moderate"": 2}",2,VUS,VUS,,,,PM2_Moderate: gnomAD max AF=0 < threshold 0.0001 for MOI AD,,,,,,,,,,,,,,No,No,,,,,Yes
7024470,28730_2023,chr18,31530244,A,G,DSG2,AD,ENST00000261590.13:c.1015-743A>G,Not provided,,,,,intron_variant,Het,30,0.484,Arrhythmogenic right ventricular cardiomyopathy,No,,No,unknown_db_phenotype,No phenotype text in DB (unknown),Not provided,Not provided,0,Not provided,Not provided,0,Not provided,0,0,Not provided,No database evidence,0.0,Unknown,Not provided,Not provided,0.000,Not provided,[],[],unknown,No,PM2_Moderate,"{""PM2_Moderate"": 2}",2,VUS,VUS,,,,PM2_Moderate: gnomAD max AF=0 < threshold 0.0001 for MOI AD,,,,,,,,,,,,,,No,No,,,,,Yes
7024470,28730_2023,chr18,31542959,G,GT,DSG2,AD,ENST00000261590.13:c.2334+121dup,Not provided,,,,,intron_variant,Het,23,0.542,Arrhythmogenic right ventricular cardiomyopathy,No,,No,unknown_db_phenotype,No phenotype text in DB (unknown),Not provided,Not provided,0,Not provided,Not provided,0,Not provided,0,0,Not provided,No database evidence,0.0,Unknown,Not provided,Not provided,0.010,Not provided,[],[],unknown,No,PM2_Moderate,"{""PM2_Moderate"": 2}",2,VUS,VUS,,,,PM2_Moderate: gnomAD max AF=0 < threshold 0.0001 for MOI AD,,,,,,,,,,,,,,No,No,,,,,Yes
7024470,28730_2023,chr18,31549508,T,C,DSG2,AD,Not provided,Not provided,,,,,downstream_gene_variant,Het,45,0.652,Arrhythmogenic right ventricular cardiomyopathy,No,,No,unknown_db_phenotype,No phenotype text in DB (unknown),Not provided,Not provided,0,Not provided,Not provided,0,Not provided,0,0,Not provided,No database evidence,0.0,Unknown,Not provided,Not provided,Not provided,Not provided,[],[],unknown,No,PM2_Moderate,"{""PM2_Moderate"": 2}",2,VUS,VUS,,,,PM2_Moderate: gnomAD max AF=0 < threshold 0.0001 for MOI AD,,,,,,,,,,,,,,No,No,,,,,Yes
7024470,28730_2023,chr18,31550721,CT,C,DSG2,AD,Not provided,Not provided,,,,,downstream_gene_variant,Het,13,0.533,Arrhythmogenic right ventricular cardiomyopathy,No,,No,unknown_db_phenotype,No phenotype text in DB (unknown),Not provided,Not provided,0,Not provided,Not provided,0,Not provided,0,0,Not provided,No database evidence,0.0,Unknown,Not provided,Not provided,Not provided,Not provided,[],[],unknown,No,PM2_Moderate,"{""PM2_Moderate"": 2}",2,VUS,VUS,,,,PM2_Moderate: gnomAD max AF=0 < threshold 0.0001 for MOI AD,,,,,,,,,,,,,,No,No,,,,,Yes
7024470,28730_2023,chr18,31574752,ATTTT,A,TTR,AD,ENST00000610404.5:c.-28+17646_-28+17649del,Not provided,,,,,intron_variant,Het,20,0.650,Hereditary transthyretin-related amyloidosis,No,,No,unknown_db_phenotype,No phenotype text in DB (unknown),Not provided,Not provided,0,Not provided,Not provided,0,Not provided,0,0,Not provided,No database evidence,0.0,Unknown,Not provided,Not provided,Not provided,Not provided,[],[],unknown,No,PM2_Moderate,"{""PM2_Moderate"": 2}",2,VUS,VUS,,,,PM2_Moderate: gnomAD max AF=0 < threshold 0.0001 for MOI AD,,,,,,,,,,,,,,No,No,,,,,Yes
7024470,28730_2023,chr18,51033186,A,ATT,SMAD4,AD,ENST00000342988.8:c.-128+2583_-128+2584dup,Not provided,,,,,intron_variant,Het,20,0.619,Juvenile polyposis syndrome; Hereditary hemorrhagic telangiectasia,Yes,"RULES_PRESENT_NO_MATCH: Exclude if HGVSp contains any of: [""p.Arg496Cys"", ""p.Ile500Val"", ""p.Ile500Thr"", ""p.Ile500Met""];RULES_PRESENT_NO_MATCH: Exclude if HGVSp contains any of: [""p.Arg496Cys"", ""p.Ile500Val"", ""p.Ile500Thr"", ""p.Ile500Met""]",No,unknown_db_phenotype,No phenotype text in DB (unknown),Not provided,Not provided,0,Not provided,Not provided,0,Not provided,0,0,Not provided,No database evidence,0.0,Unknown,Not provided,Not provided,Not provided,Not provided,[],[],unknown,No,PM2_Moderate,"{""PM2_Moderate"": 2}",2,VUS,VUS,,,,PM2_Moderate: gnomAD max AF=0 < threshold 0.0001 for MOI AD,,,,,,,,,,,,,,No,No,,,,,Yes
7024470,28730_2023,chr18,51062851,GTTTTTTTT,G,SMAD4,AD,ENST00000342988.8:c.956-2555_956-2548del,Not provided,,,,,intron_variant,Het,10,0.909,Juvenile polyposis syndrome; Hereditary hemorrhagic telangiectasia,Yes,"RULES_PRESENT_NO_MATCH: Exclude if HGVSp contains any of: [""p.Arg496Cys"", ""p.Ile500Val"", ""p.Ile500Thr"", ""p.Ile500Met""];RULES_PRESENT_NO_MATCH: Exclude if HGVSp contains any of: [""p.Arg496Cys"", ""p.Ile500Val"", ""p.Ile500Thr"", ""p.Ile500Met""]",No,unknown_db_phenotype,No phenotype text in DB (unknown),Not provided,Not provided,0,Not provided,Not provided,0,Not provided,0,0,Not provided,No database evidence,0.0,Unknown,Not provided,Not provided,Not provided,Not provided,[],[],unknown,No,PM2_Moderate,"{""PM2_Moderate"": 2}",2,VUS,VUS,,,,PM2_Moderate: gnomAD max AF=0 < threshold 0.0001 for MOI AD,,,,,,,,,,,,,,No,No,,,,,Yes
7024470,28730_2023,chr19,1180016,TTCTTTCTTTCTTTCTC,T,STK11,AD,ENST00000585748.3:c.-334+695_-334+710del,Not provided,,,,,intron_variant,Hom,5,1.000,Peutz-Jeghers syndrome,No,,No,unknown_db_phenotype,No phenotype text in DB (unknown),Not provided,Not provided,0,Not provided,Not provided,0,Not provided,0,0,Not provided,No database evidence,0.0,Unknown,Not provided,Not provided,Not provided,Not provided,[],[],unknown,No,PM2_Moderate,"{""PM2_Moderate"": 2}",2,VUS,VUS,,,,PM2_Moderate: gnomAD max AF=0 < threshold 0.0001 for MOI AD,,,,,,,,,,,,,,No,No,,,,,Yes
7024470,28730_2023,chr19,1180040,T,C,STK11,AD,ENST00000585748.3:c.-334+707T>C,Not provided,,,,,intron_variant,Hom,5,1.000,Peutz-Jeghers syndrome,No,,No,unknown_db_phenotype,No phenotype text in DB (unknown),Not provided,Not provided,0,Not provided,Not provided,0,Not provided,0,0,Not provided,No database evidence,0.0,Unknown,Not provided,Not provided,Not provided,Not provided,[],[],unknown,No,PM2_Moderate,"{""PM2_Moderate"": 2}",2,VUS,VUS,,,,PM2_Moderate: gnomAD max AF=0 < threshold 0.0001 for MOI AD,,,,,,,,,,,,,,No,No,,,,,Yes
7024470,28730_2023,chr19,1182111,G,A,STK11,AD,ENST00000585748.3:c.-334+2778G>A,Not provided,,,,,intron_variant,Het,25,0.440,Peutz-Jeghers syndrome,No,,No,unknown_db_phenotype,No phenotype text in DB (unknown),Not provided,Not provided,0,Not provided,Not provided,0,Not provided,0,0,Not provided,No database evidence,0.0,Unknown,Not provided,Not provided,Not provided,Not provided,[],[],unknown,No,PM2_Moderate,"{""PM2_Moderate"": 2}",2,VUS,VUS,,,,PM2_Moderate: gnomAD max AF=0 < threshold 0.0001 for MOI AD,,,,,,,,,,,,,,No,No,,,,,Yes
7024470,28730_2023,chr19,1183135,A,G,STK11,AD,ENST00000585748.3:c.-334+3802A>G,Not provided,,,,,intron_variant,Hom,6,0.333,Peutz-Jeghers syndrome,No,,No,unknown_db_phenotype,No phenotype text in DB (unknown),Not provided,Not provided,0,Not provided,Not provided,0,Not provided,0,0,Not provided,No database evidence,0.000010,v3,Not provided,Not provided,Not provided,Not provided,[],[],unknown,Yes,PM2_Moderate,"{""PM2_Moderate"": 2}",2,VUS,VUS,,,,PM2_Moderate: gnomAD max AF=9.82453e-06 < threshold 0.0001 for MOI AD,,,,,,,,,,,,,,No,No,,,Delins cluster (unphased) detected (cluster_id=16; members=chr19:1183124:C:T:7024470;chr19:1183132:C:G:7024470;chr19:1183135:A:G:7024470;chr19:1183134:C:A:7024470) - phasing required to confirm cis/trans.;Delins/overlap cluster (id=16) detected but not all members meet P/LP or >5pts -> not auto-escalated (possible carrier).,,Yes
7024470,28730_2023,chr19,1183151,G,A,STK11,AD,ENST00000585748.3:c.-334+3818G>A,Not provided,,,,,intron_variant,Hom,14,1.000,Peutz-Jeghers syndrome,No,,No,unknown_db_phenotype,No phenotype text in DB (unknown),Not provided,Not provided,0,Not provided,Not provided,0,Not provided,0,0,Not provided,No database evidence,0.0,Unknown,Not provided,Not provided,Not provided,Not provided,[],[],unknown,Yes,PM2_Moderate,"{""PM2_Moderate"": 2}",2,VUS,VUS,,,,PM2_Moderate: gnomAD max AF=0 < threshold 0.0001 for MOI AD,,,,,,,,,,,,,,No,No,,,Delins cluster (unphased) detected (cluster_id=17; members=chr19:1183151:G:A:7024470;chr19:1183160:G:A:7024470) - phasing required to confirm cis/trans.;Delins/overlap cluster (id=17) detected but not all members meet P/LP or >5pts -> not auto-escalated (possible carrier).,,Yes
7024470,28730_2023,chr19,1183160,G,A,STK11,AD,ENST00000585748.3:c.-334+3827G>A,Not provided,,,,,intron_variant,Hom,18,1.000,Peutz-Jeghers syndrome,No,,No,unknown_db_phenotype,No phenotype text in DB (unknown),Not provided,Not provided,0,Not provided,Not provided,0,Not provided,0,0,Not provided,No database evidence,0.0,Unknown,Not provided,Not provided,Not provided,Not provided,[],[],unknown,Yes,PM2_Moderate,"{""PM2_Moderate"": 2}",2,VUS,VUS,,,,PM2_Moderate: gnomAD max AF=0 < threshold 0.0001 for MOI AD,,,,,,,,,,,,,,No,No,,,Delins cluster (unphased) detected (cluster_id=17; members=chr19:1183151:G:A:7024470;chr19:1183160:G:A:7024470) - phasing required to confirm cis/trans.;Delins/overlap cluster (id=17) detected but not all members meet P/LP or >5pts -> not auto-escalated (possible carrier).,,Yes
7024470,28730_2023,chr19,1209583,AAAATAAAT,A,STK11,AD,ENST00000326873.12:c.290+2417_290+2424del,Not provided,,,,,intron_variant,Het,27,0.333,Peutz-Jeghers syndrome,No,,No,unknown_db_phenotype,No phenotype text in DB (unknown),Not provided,Not provided,0,Not provided,Not provided,0,Not provided,0,0,Not provided,No database evidence,0.0,Unknown,Not provided,Not provided,Not provided,Not provided,[],[],unknown,No,PM2_Moderate,"{""PM2_Moderate"": 2}",2,VUS,VUS,,,,PM2_Moderate: gnomAD max AF=0 < threshold 0.0001 for MOI AD,,,,,,,,,,,,,,No,No,,,,,Yes
7024470,28730_2023,chr19,1218699,GC,G,STK11,AD,ENST00000326873.12:c.374+203del,Not provided,,,,,intron_variant,Het,21,0.565,Peutz-Jeghers syndrome,No,,No,unknown_db_phenotype,No phenotype text in DB (unknown),Not provided,Not provided,0,Not provided,Not provided,0,Not provided,0,0,Not provided,No database evidence,0.0,Unknown,Not provided,Not provided,0.000,Not provided,[],[],unknown,No,PM2_Moderate,"{""PM2_Moderate"": 2}",2,VUS,VUS,,,,PM2_Moderate: gnomAD max AF=0 < threshold 0.0001 for MOI AD,,,,,,,,,,,,,,No,No,,,,,Yes
7024470,28730_2023,chr19,11111753,G,A,LDLR,AD,ENST00000558518.6:c.1186+114G>A,Not provided,,,,,intron_variant,Het,33,0.529,Familial hypercholesterolemia,No,,No,unknown_db_phenotype,No phenotype text in DB (unknown),Not provided,Not provided,0,Not provided,Not provided,0,Not provided,0,0,Not provided,No database evidence,0.0,Unknown,Not provided,Not provided,0.000,Not provided,[],[],unknown,No,PM2_Moderate,"{""PM2_Moderate"": 2}",2,VUS,VUS,,,,PM2_Moderate: gnomAD max AF=0 < threshold 0.0001 for MOI AD,,,,,,,,,,,,,,No,No,,,,,Yes
7024470,28730_2023,chr19,11122639,C,T,LDLR,AD,ENST00000558518.6:c.2141-535C>T,Not provided,,,,,intron_variant,Het,32,0.545,Familial hypercholesterolemia,No,,No,unknown_db_phenotype,No phenotype text in DB (unknown),Not provided,Not provided,0,Not provided,Not provided,0,Not provided,0,0,Not provided,No database evidence,0.0,Unknown,Not provided,Not provided,0.010,Not provided,[],[],unknown,No,PM2_Moderate,"{""PM2_Moderate"": 2}",2,VUS,VUS,,,,PM2_Moderate: gnomAD max AF=0 < threshold 0.0001 for MOI AD,,,,,,,,,,,,,,No,No,,,,,Yes
7024470,28730_2023,chr19,11127961,G,A,LDLR,AD,ENST00000558518.6:c.2312-47G>A,Not provided,,,,,intron_variant,Het,35,0.474,Familial hypercholesterolemia,No,,No,N/A,N/A,not_provided|Hypercholesterolemia;_familial;_1,Benign,2,Not provided,Not provided,0,Not provided,0,0,Not provided,ClinVar: Benign (2*),0.0,Unknown,Not provided,Not provided,0.000,Not provided,[],[],unknown,No,PM2_Moderate,"{""PM2_Moderate"": 2}",2,VUS,VUS,,,,PM2_Moderate: gnomAD max AF=0 < threshold 0.0001 for MOI AD,,,,,,,,,,,,,,No,No,,,,Filtered: HQ Benign (ClinVar≥2★ or HGMD benign or Internal DB benign),Yes
7024470,28730_2023,chr19,11134182,C,A,LDLR,AD,Not provided,Not provided,,,,,downstream_gene_variant,Het,16,0.562,Familial hypercholesterolemia,No,,No,unknown_db_phenotype,No phenotype text in DB (unknown),Not provided,Not provided,0,Not provided,Not provided,0,Not provided,0,0,Not provided,No database evidence,0.0,Unknown,Not provided,Not provided,Not provided,Not provided,[],[],unknown,No,PM2_Moderate,"{""PM2_Moderate"": 2}",2,VUS,VUS,,,,PM2_Moderate: gnomAD max AF=0 < threshold 0.0001 for MOI AD,,,,,,,,,,,,,,No,No,,,,,Yes
7024470,28730_2023,chr19,38475807,T,G,RYR1,AD,ENST00000359596.8:c.4293+357T>G,Not provided,,,,,intron_variant,Het,29,0.467,Malignant hyperthermia,No,,No,unknown_db_phenotype,No phenotype text in DB (unknown),Not provided,Not provided,0,Not provided,Not provided,0,Not provided,0,0,Not provided,No database evidence,0.0,Unknown,Not provided,Not provided,0.000,Not provided,[],[],unknown,No,PM2_Moderate,"{""PM2_Moderate"": 2}",2,VUS,VUS,,,,PM2_Moderate: gnomAD max AF=0 < threshold 0.0001 for MOI AD,,,,,,,,,,,,,,No,No,,,,,Yes
7024470,28730_2023,chr19,38518420,A,G,RYR1,AD,ENST00000359596.8:c.10018+729A>G,Not provided,,,,,intron_variant,Het,11,0.667,Malignant hyperthermia,No,,No,unknown_db_phenotype,No phenotype text in DB (unknown),Not provided,Not provided,0,Not provided,Not provided,0,Not provided,0,0,Not provided,No database evidence,0.0,Unknown,Not provided,Not provided,0.000,Not provided,[],[],unknown,No,PM2_Moderate,"{""PM2_Moderate"": 2}",2,VUS,VUS,,,,PM2_Moderate: gnomAD max AF=0 < threshold 0.0001 for MOI AD,,,,,,,,,,,,,,No,No,,,,,Yes
7024470,28730_2023,chr19,38583035,G,A,RYR1,AD,ENST00000359596.8:c.14647-1908G>A,Not provided,,,,,intron_variant,Het,22,0.478,Malignant hyperthermia,No,,No,unknown_db_phenotype,No phenotype text in DB (unknown),Not provided,Not provided,0,Not provided,Not provided,0,Not provided,0,0,Not provided,No database evidence,0.000033,v3,Not provided,Not provided,0.000,Not provided,[],[],unknown,No,PM2_Moderate,"{""PM2_Moderate"": 2}",2,VUS,VUS,,,,PM2_Moderate: gnomAD max AF=3.28727e-05 < threshold 0.0001 for MOI AD,,,,,,,,,,,,,,No,No,,,,,Yes
7024470,28730_2023,chr19,38590386,A,AT,RYR1,AD,Not provided,Not provided,,,,,downstream_gene_variant,Het,15,0.588,Malignant hyperthermia,No,,No,unknown_db_phenotype,No phenotype text in DB (unknown),Not provided,Not provided,0,Not provided,Not provided,0,Not provided,0,0,Not provided,No database evidence,0.0,Unknown,Not provided,Not provided,Not provided,Not provided,[],[],unknown,Yes,PM2_Moderate,"{""PM2_Moderate"": 2}",2,VUS,VUS,,,,PM2_Moderate: gnomAD max AF=0 < threshold 0.0001 for MOI AD,,,,,,,,,,,,,,No,No,,,Delins cluster (unphased) detected (cluster_id=18; members=chr19:38590386:A:AT:7024470;chr19:38590390:A:T:7024470;chr19:38590388:A:T:7024470) - phasing required to confirm cis/trans.;Delins/overlap cluster (id=18) detected but not all members meet P/LP or >5pts -> not auto-escalated (possible carrier).,,Yes
7024470,28730_2023,chr19,38590388,A,T,RYR1,AD,Not provided,Not provided,,,,,downstream_gene_variant,Het,16,0.750,Malignant hyperthermia,No,,No,unknown_db_phenotype,No phenotype text in DB (unknown),Not provided,Not provided,0,Not provided,Not provided,0,Not provided,0,0,Not provided,No database evidence,0.0,Unknown,Not provided,Not provided,Not provided,Not provided,[],[],unknown,Yes,PM2_Moderate,"{""PM2_Moderate"": 2}",2,VUS,VUS,,,,PM2_Moderate: gnomAD max AF=0 < threshold 0.0001 for MOI AD,,,,,,,,,,,,,,No,No,,,Delins cluster (unphased) detected (cluster_id=18; members=chr19:38590386:A:AT:7024470;chr19:38590390:A:T:7024470;chr19:38590388:A:T:7024470) - phasing required to confirm cis/trans.;Delins/overlap cluster (id=18) detected but not all members meet P/LP or >5pts -> not auto-escalated (possible carrier).,,Yes
7024470,28730_2023,chr19,38590390,A,T,RYR1,AD,Not provided,Not provided,,,,,downstream_gene_variant,Hom,12,0.786,Malignant hyperthermia,No,,No,unknown_db_phenotype,No phenotype text in DB (unknown),Not provided,Not provided,0,Not provided,Not provided,0,Not provided,0,0,Not provided,No database evidence,0.0,Unknown,Not provided,Not provided,Not provided,Not provided,[],[],unknown,Yes,PM2_Moderate,"{""PM2_Moderate"": 2}",2,VUS,VUS,,,,PM2_Moderate: gnomAD max AF=0 < threshold 0.0001 for MOI AD,,,,,,,,,,,,,,No,No,,,Delins cluster (unphased) detected (cluster_id=18; members=chr19:38590386:A:AT:7024470;chr19:38590390:A:T:7024470;chr19:38590388:A:T:7024470) - phasing required to confirm cis/trans.;Delins/overlap cluster (id=18) detected but not all members meet P/LP or >5pts -> not auto-escalated (possible carrier).,,Yes
7024470,28730_2023,chr19,46613057,T,TTG,CALM3,AD,Not provided,Not provided,,,,,downstream_gene_variant,Het,13,0.214,Long-QT syndrome type 16; Catecholaminergic polymorphic ventricular tachycardia,No,,No,unknown_db_phenotype,No phenotype text in DB (unknown),Not provided,Not provided,0,Not provided,Not provided,0,Not provided,0,0,Not provided,No database evidence,0.0,Unknown,Not provided,Not provided,Not provided,Not provided,[],[],unknown,No,PM2_Moderate,"{""PM2_Moderate"": 2}",2,VUS,VUS,,,,PM2_Moderate: gnomAD max AF=0 < threshold 0.0001 for MOI AD,,,,,,,,,,,,,,No,No,,,,,Yes
7024470,28730_2023,chr19,46615074,A,G,CALM3,AD,Not provided,Not provided,,,,,downstream_gene_variant,Het,24,0.444,Long-QT syndrome type 16; Catecholaminergic polymorphic ventricular tachycardia,No,,No,unknown_db_phenotype,No phenotype text in DB (unknown),Not provided,Not provided,0,Not provided,Not provided,0,Not provided,0,0,Not provided,No database evidence,0.0,Unknown,Not provided,Not provided,Not provided,Not provided,[],[],unknown,No,PM2_Moderate,"{""PM2_Moderate"": 2}",2,VUS,VUS,,,,PM2_Moderate: gnomAD max AF=0 < threshold 0.0001 for MOI AD,,,,,,,,,,,,,,No,No,,,,,Yes
7024470,28730_2023,chr19,55155026,TG,T,TNNI3,AD,ENST00000344887.10:c.283-197del,Not provided,,,,,intron_variant,Het,14,0.467,Hypertrophic cardiomyopathy,No,,No,unknown_db_phenotype,No phenotype text in DB (unknown),Not provided,Not provided,0,Not provided,Not provided,0,Not provided,0,0,Not provided,No database evidence,0.0,Unknown,Not provided,Not provided,0.000,Not provided,[],[],unknown,Yes,PM2_Moderate,"{""PM2_Moderate"": 2}",2,VUS,VUS,,,,PM2_Moderate: gnomAD max AF=0 < threshold 0.0001 for MOI AD,,,,,,,,,,,,,,No,No,,,Delins cluster (unphased) detected (cluster_id=22; members=chr19:55155026:TG:T:7024470;chr19:55155032:C:A:7024470) - phasing required to confirm cis/trans.;Delins/overlap cluster (id=22) detected but not all members meet P/LP or >5pts -> not auto-escalated (possible carrier).,,Yes
7024470,28730_2023,chr19,55155032,C,A,TNNI3,AD,ENST00000344887.10:c.283-202G>T,Not provided,,,,,intron_variant,Het,16,0.438,Hypertrophic cardiomyopathy,No,,No,unknown_db_phenotype,No phenotype text in DB (unknown),not_provided,Likely_benign,1,Not provided,Not provided,0,Not provided,0,0,Not provided,ClinVar: Likely_benign (1*),0.0,Unknown,Not provided,Not provided,0.000,Not provided,[],[],unknown,Yes,PM2_Moderate,"{""PM2_Moderate"": 2}",2,VUS,VUS,,,,PM2_Moderate: gnomAD max AF=0 < threshold 0.0001 for MOI AD,,,,,,,,,,,,,,No,No,,,Low quality ClinVar: Likely_benign (1 stars);Low quality ClinVar: Likely_benign (1 stars);Delins cluster (unphased) detected (cluster_id=22; members=chr19:55155026:TG:T:7024470;chr19:55155032:C:A:7024470) - phasing required to confirm cis/trans.;Delins/overlap cluster (id=22) detected but not all members meet P/LP or >5pts -> not auto-escalated (possible carrier).,,Yes
7024470,28730_2023,chr19,55155064,GA,G,TNNI3,AD,ENST00000344887.10:c.283-235del,Not provided,,,,,intron_variant,Het,15,0.400,Hypertrophic cardiomyopathy,No,,No,unknown_db_phenotype,No phenotype text in DB (unknown),Not provided,Not provided,0,Not provided,Not provided,0,Not provided,0,0,Not provided,No database evidence,0.0,Unknown,Not provided,Not provided,0.000,Not provided,[],[],unknown,Yes,PM2_Moderate,"{""PM2_Moderate"": 2}",2,VUS,VUS,,,,PM2_Moderate: gnomAD max AF=0 < threshold 0.0001 for MOI AD,,,,,,,,,,,,,,No,No,,,Delins cluster (unphased) detected (cluster_id=23; members=chr19:55155064:GA:G:7024470;chr19:55155069:C:A:7024470;chr19:55155075:T:C:7024470;chr19:55155079:A:T:7024470;chr19:55155072:C:G:7024470) - phasing required to confirm cis/trans.;Delins/overlap cluster (id=23) detected but not all members meet P/LP or >5pts -> not auto-escalated (possible carrier).,,Yes
7024470,28730_2023,chr19,55155069,C,A,TNNI3,AD,ENST00000344887.10:c.283-239G>T,Not provided,,,,,intron_variant,Het,11,0.429,Hypertrophic cardiomyopathy,No,,No,unknown_db_phenotype,No phenotype text in DB (unknown),Not provided,Not provided,0,Not provided,Not provided,0,Not provided,0,0,Not provided,No database evidence,0.0,Unknown,Not provided,Not provided,0.000,Not provided,[],[],unknown,Yes,PM2_Moderate,"{""PM2_Moderate"": 2}",2,VUS,VUS,,,,PM2_Moderate: gnomAD max AF=0 < threshold 0.0001 for MOI AD,,,,,,,,,,,,,,No,No,,,Delins cluster (unphased) detected (cluster_id=23; members=chr19:55155064:GA:G:7024470;chr19:55155069:C:A:7024470;chr19:55155075:T:C:7024470;chr19:55155079:A:T:7024470;chr19:55155072:C:G:7024470) - phasing required to confirm cis/trans.;Delins/overlap cluster (id=23) detected but not all members meet P/LP or >5pts -> not auto-escalated (possible carrier).,,Yes
7024470,28730_2023,chr19,55155072,C,G,TNNI3,AD,ENST00000344887.10:c.283-242G>C,Not provided,,,,,intron_variant,Het,15,0.400,Hypertrophic cardiomyopathy,No,,No,unknown_db_phenotype,No phenotype text in DB (unknown),Not provided,Not provided,0,Not provided,Not provided,0,Not provided,0,0,Not provided,No database evidence,0.0,Unknown,Not provided,Not provided,0.000,Not provided,[],[],unknown,Yes,PM2_Moderate,"{""PM2_Moderate"": 2}",2,VUS,VUS,,,,PM2_Moderate: gnomAD max AF=0 < threshold 0.0001 for MOI AD,,,,,,,,,,,,,,No,No,,,Delins cluster (unphased) detected (cluster_id=23; members=chr19:55155064:GA:G:7024470;chr19:55155069:C:A:7024470;chr19:55155075:T:C:7024470;chr19:55155079:A:T:7024470;chr19:55155072:C:G:7024470) - phasing required to confirm cis/trans.;Delins/overlap cluster (id=23) detected but not all members meet P/LP or >5pts -> not auto-escalated (possible carrier).,,Yes
7024470,28730_2023,chr19,55155075,T,C,TNNI3,AD,ENST00000344887.10:c.283-245A>G,Not provided,,,,,intron_variant,Het,15,0.400,Hypertrophic cardiomyopathy,No,,No,unknown_db_phenotype,No phenotype text in DB (unknown),Not provided,Not provided,0,Not provided,Not provided,0,Not provided,0,0,Not provided,No database evidence,0.0,Unknown,Not provided,Not provided,0.000,Not provided,[],[],unknown,Yes,PM2_Moderate,"{""PM2_Moderate"": 2}",2,VUS,VUS,,,,PM2_Moderate: gnomAD max AF=0 < threshold 0.0001 for MOI AD,,,,,,,,,,,,,,No,No,,,Delins cluster (unphased) detected (cluster_id=23; members=chr19:55155064:GA:G:7024470;chr19:55155069:C:A:7024470;chr19:55155075:T:C:7024470;chr19:55155079:A:T:7024470;chr19:55155072:C:G:7024470) - phasing required to confirm cis/trans.;Delins/overlap cluster (id=23) detected but not all members meet P/LP or >5pts -> not auto-escalated (possible carrier).,,Yes
7024470,28730_2023,chr19,55155079,A,T,TNNI3,AD,ENST00000344887.10:c.283-249T>A,Not provided,,,,,intron_variant,Het,10,0.385,Hypertrophic cardiomyopathy,No,,No,unknown_db_phenotype,No phenotype text in DB (unknown),Not provided,Not provided,0,Not provided,Not provided,0,Not provided,0,0,Not provided,No database evidence,0.000034,v3,Not provided,Not provided,0.000,Not provided,[],[],unknown,Yes,PM2_Moderate,"{""PM2_Moderate"": 2}",2,VUS,VUS,,,,PM2_Moderate: gnomAD max AF=3.37541e-05 < threshold 0.0001 for MOI AD,,,,,,,,,,,,,,No,No,,,Delins cluster (unphased) detected (cluster_id=23; members=chr19:55155064:GA:G:7024470;chr19:55155069:C:A:7024470;chr19:55155075:T:C:7024470;chr19:55155079:A:T:7024470;chr19:55155072:C:G:7024470) - phasing required to confirm cis/trans.;Delins/overlap cluster (id=23) detected but not all members meet P/LP or >5pts -> not auto-escalated (possible carrier).,,Yes
7024470,28730_2023,chr2,20998287,T,A,APOB,AD,Not provided,Not provided,,,,,downstream_gene_variant,Het,30,0.394,Familial hypercholesterolemia,Yes,"RULES_PRESENT_NO_MATCH: Include if Impact is ""MODERATE"" or ""LOW"";RULES_PRESENT_NO_MATCH: Include if Impact is ""MODERATE"" or ""LOW""",No,unknown_db_phenotype,No phenotype text in DB (unknown),Not provided,Not provided,0,Not provided,Not provided,0,Not provided,0,0,Not provided,No database evidence,0.0,Unknown,Not provided,Not provided,Not provided,Not provided,[],[],unknown,No,PM2_Moderate,"{""PM2_Moderate"": 2}",2,VUS,VUS,,,,PM2_Moderate: gnomAD max AF=0 < threshold 0.0001 for MOI AD,,,,,,,,,,,,,,No,No,,,,,Yes
7024470,28730_2023,chr2,21001217,T,A,APOB,AD,Not provided,Not provided,,,,,downstream_gene_variant,Het,25,0.360,Familial hypercholesterolemia,Yes,"RULES_PRESENT_NO_MATCH: Include if Impact is ""MODERATE"" or ""LOW"";RULES_PRESENT_NO_MATCH: Include if Impact is ""MODERATE"" or ""LOW""",No,unknown_db_phenotype,No phenotype text in DB (unknown),Not provided,Not provided,0,Not provided,Not provided,0,Not provided,0,0,Not provided,No database evidence,0.0,Unknown,Not provided,Not provided,Not provided,Not provided,[],[],unknown,Yes,PM2_Moderate,"{""PM2_Moderate"": 2}",2,VUS,VUS,,,,PM2_Moderate: gnomAD max AF=0 < threshold 0.0001 for MOI AD,,,,,,,,,,,,,,No,No,,,Delins cluster (unphased) detected (cluster_id=24; members=chr2:21001217:T:A:7024470;chr2:21001219:T:A:7024470;chr2:21001218:A:T:7024470) - phasing required to confirm cis/trans.;Delins/overlap cluster (id=24) detected but not all members meet P/LP or >5pts -> not auto-escalated (possible carrier).,,Yes
7024470,28730_2023,chr2,21001218,A,T,APOB,AD,Not provided,Not provided,,,,,downstream_gene_variant,Het,25,0.360,Familial hypercholesterolemia,Yes,"RULES_PRESENT_NO_MATCH: Include if Impact is ""MODERATE"" or ""LOW"";RULES_PRESENT_NO_MATCH: Include if Impact is ""MODERATE"" or ""LOW""",No,unknown_db_phenotype,No phenotype text in DB (unknown),Not provided,Not provided,0,Not provided,Not provided,0,Not provided,0,0,Not provided,No database evidence,0.0,Unknown,Not provided,Not provided,Not provided,Not provided,[],[],unknown,Yes,PM2_Moderate,"{""PM2_Moderate"": 2}",2,VUS,VUS,,,,PM2_Moderate: gnomAD max AF=0 < threshold 0.0001 for MOI AD,,,,,,,,,,,,,,No,No,,,Delins cluster (unphased) detected (cluster_id=24; members=chr2:21001217:T:A:7024470;chr2:21001219:T:A:7024470;chr2:21001218:A:T:7024470) - phasing required to confirm cis/trans.;Delins/overlap cluster (id=24) detected but not all members meet P/LP or >5pts -> not auto-escalated (possible carrier).,,Yes
7024470,28730_2023,chr2,21001219,T,A,APOB,AD,Not provided,Not provided,,,,,downstream_gene_variant,Het,24,0.375,Familial hypercholesterolemia,Yes,"RULES_PRESENT_NO_MATCH: Include if Impact is ""MODERATE"" or ""LOW"";RULES_PRESENT_NO_MATCH: Include if Impact is ""MODERATE"" or ""LOW""",No,unknown_db_phenotype,No phenotype text in DB (unknown),Not provided,Not provided,0,Not provided,Not provided,0,Not provided,0,0,Not provided,No database evidence,0.0,Unknown,Not provided,Not provided,Not provided,Not provided,[],[],unknown,Yes,PM2_Moderate,"{""PM2_Moderate"": 2}",2,VUS,VUS,,,,PM2_Moderate: gnomAD max AF=0 < threshold 0.0001 for MOI AD,,,,,,,,,,,,,,No,No,,,Delins cluster (unphased) detected (cluster_id=24; members=chr2:21001217:T:A:7024470;chr2:21001219:T:A:7024470;chr2:21001218:A:T:7024470) - phasing required to confirm cis/trans.;Delins/overlap cluster (id=24) detected but not all members meet P/LP or >5pts -> not auto-escalated (possible carrier).,,Yes
7024470,28730_2023,chr2,21006574,G,C,APOB,AD,ENST00000233242.5:c.10294C>G,ENSP00000233242.1:p.Gln3432Glu,Gln,Glu,3432,26/29,missense_variant,Het,36,0.385,Familial hypercholesterolemia,Yes,,No,N/A,N/A,Cardiovascular_phenotype|Familial_hypobetalipoproteinemia_1|Hypercholesterolemia;_autosomal_dominant;_type_B|not_specified|not_provided|Hypercholesterolemia;_familial;_1,Benign/Likely_benign,2,DM?,Hypercholesterolaemia,8,0.1,1,0,Not provided,"ClinVar: Benign/Likely_benign (2*); HGMD: DM? (8 pubs, dmsupported=1, confirm=0)",0.0,Unknown,0.307,17.32,0.000,0.073,[],[],unknown,No,PM2_Moderate,"{""PM2_Moderate"": 2}",2,VUS,VUS,,,,PM2_Moderate: gnomAD max AF=0 < threshold 0.0001 for MOI AD,,,,,,,,,,,,,,No,No,,,,Filtered: HQ Benign (ClinVar≥2★ or HGMD benign or Internal DB benign),Yes
7024470,28730_2023,chr2,21017010,T,C,APOB,AD,ENST00000233242.5:c.3122-361A>G,Not provided,,,,,intron_variant,Het,34,0.378,Familial hypercholesterolemia,Yes,"RULES_PRESENT_NO_MATCH: Include if Impact is ""MODERATE"" or ""LOW"";RULES_PRESENT_NO_MATCH: Include if Impact is ""MODERATE"" or ""LOW""",No,unknown_db_phenotype,No phenotype text in DB (unknown),Not provided,Not provided,0,Not provided,Not provided,0,Not provided,0,0,Not provided,No database evidence,0.0,Unknown,Not provided,Not provided,0.000,Not provided,[],[],unknown,No,PM2_Moderate,"{""PM2_Moderate"": 2}",2,VUS,VUS,,,,PM2_Moderate: gnomAD max AF=0 < threshold 0.0001 for MOI AD,,,,,,,,,,,,,,No,No,,,,,Yes
7024470,28730_2023,chr2,21039126,A,C,APOB,AD,ENST00000233242.5:c.384-1015T>G,Not provided,,,,,intron_variant,Het,29,0.581,Familial hypercholesterolemia,Yes,"RULES_PRESENT_NO_MATCH: Include if Impact is ""MODERATE"" or ""LOW"";RULES_PRESENT_NO_MATCH: Include if Impact is ""MODERATE"" or ""LOW""",No,unknown_db_phenotype,No phenotype text in DB (unknown),Not provided,Not provided,0,Not provided,Not provided,0,Not provided,0,0,Not provided,No database evidence,0.0,Unknown,Not provided,Not provided,0.000,Not provided,[],[],unknown,No,PM2_Moderate,"{""PM2_Moderate"": 2}",2,VUS,VUS,,,,PM2_Moderate: gnomAD max AF=0 < threshold 0.0001 for MOI AD,,,,,,,,,,,,,,No,No,,,,,Yes
7024470,28730_2023,chr2,21047278,C,T,APOB,AD,Not provided,Not provided,,,,,upstream_gene_variant,Het,36,0.385,Familial hypercholesterolemia,Yes,"RULES_PRESENT_NO_MATCH: Include if Impact is ""MODERATE"" or ""LOW"";RULES_PRESENT_NO_MATCH: Include if Impact is ""MODERATE"" or ""LOW""",No,unknown_db_phenotype,No phenotype text in DB (unknown),Not provided,Not provided,0,Not provided,Not provided,0,Not provided,0,0,Not provided,No database evidence,0.000096,v2,Not provided,Not provided,Not provided,Not provided,[],[],unknown,No,PM2_Moderate,"{""PM2_Moderate"": 2}",2,VUS,VUS,,,,PM2_Moderate: gnomAD max AF=9.55536e-05 < threshold 0.0001 for MOI AD,,,,,,,,,,,,,,No,No,,,,,Yes
7024470,28730_2023,chr2,47162171,CAAAAAAAAAAAAAA,C,CALM2,AD,ENST00000272298.12:c.285+101_285+114del,Not provided,,,,,intron_variant,Het,14,0.867,Long-QT syndrome type 15; Catecholaminergic polymorphic ventricular tachycardia,No,,No,unknown_db_phenotype,No phenotype text in DB (unknown),Not provided,Not provided,0,Not provided,Not provided,0,Not provided,0,0,Not provided,No database evidence,0.0,Unknown,Not provided,Not provided,Not provided,Not provided,[],[],unknown,No,PM2_Moderate,"{""PM2_Moderate"": 2}",2,VUS,VUS,,,,PM2_Moderate: gnomAD max AF=0 < threshold 0.0001 for MOI AD,,,,,,,,,,,,,,No,No,,,,,Yes
7024470,28730_2023,chr2,47179479,C,G,CALM2,AD,Not provided,Not provided,,,,,upstream_gene_variant,Het,24,0.560,Long-QT syndrome type 15; Catecholaminergic polymorphic ventricular tachycardia,No,,No,unknown_db_phenotype,No phenotype text in DB (unknown),Not provided,Not provided,0,Not provided,Not provided,0,Not provided,0,0,Not provided,No database evidence,0.0,Unknown,Not provided,Not provided,Not provided,Not provided,[],[],unknown,No,PM2_Moderate,"{""PM2_Moderate"": 2}",2,VUS,VUS,,,,PM2_Moderate: gnomAD max AF=0 < threshold 0.0001 for MOI AD,,,,,,,,,,,,,,No,No,,,,,Yes
7024470,28730_2023,chr2,47401841,C,A,MSH2,AD,Not provided,Not provided,,,,,upstream_gene_variant,Het,30,0.452,Lynch syndrome,No,,No,unknown_db_phenotype,No phenotype text in DB (unknown),Not provided,Not provided,0,Not provided,Not provided,0,Not provided,0,0,Not provided,No database evidence,0.0,Unknown,Not provided,Not provided,Not provided,Not provided,[],[],unknown,No,PM2_Moderate,"{""PM2_Moderate"": 2}",2,VUS,VUS,,,,PM2_Moderate: gnomAD max AF=0 < threshold 0.0001 for MOI AD,,,,,,,,,,,,,,No,No,,,,,Yes
7024470,28730_2023,chr2,47406298,C,T,MSH2,AD,ENST00000233146.7:c.212-2103C>T,Not provided,,,,,intron_variant,Het,36,0.500,Lynch syndrome,No,,No,unknown_db_phenotype,No phenotype text in DB (unknown),Not provided,Not provided,0,Not provided,Not provided,0,Not provided,0,0,Not provided,No database evidence,0.0,Unknown,Not provided,Not provided,0.020,Not provided,[],[],unknown,No,PM2_Moderate,"{""PM2_Moderate"": 2}",2,VUS,VUS,,,,PM2_Moderate: gnomAD max AF=0 < threshold 0.0001 for MOI AD,,,,,,,,,,,,,,No,No,,,,,Yes
7024470,28730_2023,chr2,47419542,T,C,MSH2,AD,ENST00000233146.7:c.1076+3113T>C,Not provided,,,,,intron_variant,Het,32,0.500,Lynch syndrome,No,,No,unknown_db_phenotype,No phenotype text in DB (unknown),Not provided,Not provided,0,Not provided,Not provided,0,Not provided,0,0,Not provided,No database evidence,0.0,Unknown,Not provided,Not provided,0.000,Not provided,[],[],unknown,No,PM2_Moderate,"{""PM2_Moderate"": 2}",2,VUS,VUS,,,,PM2_Moderate: gnomAD max AF=0 < threshold 0.0001 for MOI AD,,,,,,,,,,,,,,No,No,,,,,Yes
7024470,28730_2023,chr2,47433150,A,AC,MSH2,AD,ENST00000233146.7:c.1276+3215dup,Not provided,,,,,intron_variant,Het,12,0.235,Lynch syndrome,No,,No,unknown_db_phenotype,No phenotype text in DB (unknown),Not provided,Not provided,0,Not provided,Not provided,0,Not provided,0,0,Not provided,No database evidence,0.0,Unknown,Not provided,Not provided,0.000,Not provided,[],[],unknown,No,PM2_Moderate,"{""PM2_Moderate"": 2}",2,VUS,VUS,,,,PM2_Moderate: gnomAD max AF=0 < threshold 0.0001 for MOI AD,,,,,,,,,,,,,,No,No,,,,,Yes
7024470,28730_2023,chr2,47441276,C,T,MSH2,AD,ENST00000233146.7:c.1277-4272C>T,Not provided,,,,,intron_variant,Het,36,0.436,Lynch syndrome,No,,No,unknown_db_phenotype,No phenotype text in DB (unknown),Not provided,Not provided,0,Not provided,Not provided,0,Not provided,0,0,Not provided,No database evidence,0.0,Unknown,Not provided,Not provided,0.000,Not provided,[],[],unknown,No,PM2_Moderate,"{""PM2_Moderate"": 2}",2,VUS,VUS,,,,PM2_Moderate: gnomAD max AF=0 < threshold 0.0001 for MOI AD,,,,,,,,,,,,,,No,No,,,,,Yes
7024470,28730_2023,chr2,47448642,T,C,MSH2,AD,ENST00000233146.7:c.1386+2985T>C,Not provided,,,,,intron_variant,Het,29,0.516,Lynch syndrome,No,,No,unknown_db_phenotype,No phenotype text in DB (unknown),Not provided,Not provided,0,Not provided,Not provided,0,Not provided,0,0,Not provided,No database evidence,0.0,Unknown,Not provided,Not provided,0.000,Not provided,[],[],unknown,No,PM2_Moderate,"{""PM2_Moderate"": 2}",2,VUS,VUS,,,,PM2_Moderate: gnomAD max AF=0 < threshold 0.0001 for MOI AD,,,,,,,,,,,,,,No,No,,,,,Yes
7024470,28730_2023,chr2,47460851,T,TA,MSH2,AD,ENST00000233146.7:c.1387-2167dup,Not provided,,,,,intron_variant,Het,29,0.467,Lynch syndrome,No,,No,unknown_db_phenotype,No phenotype text in DB (unknown),Not provided,Not provided,0,Not provided,Not provided,0,Not provided,0,0,Not provided,No database evidence,0.0,Unknown,Not provided,Not provided,0.000,Not provided,[],[],unknown,No,PM2_Moderate,"{""PM2_Moderate"": 2}",2,VUS,VUS,,,,PM2_Moderate: gnomAD max AF=0 < threshold 0.0001 for MOI AD,,,,,,,,,,,,,,No,No,,,,,Yes
7024470,28730_2023,chr2,47462887,C,T,MSH2,AD,ENST00000233146.7:c.1387-144C>T,Not provided,,,,,intron_variant,Het,62,0.556,Lynch syndrome,No,,No,unknown_db_phenotype,No phenotype text in DB (unknown),Not provided,Not provided,0,Not provided,Not provided,0,Not provided,0,0,Not provided,No database evidence,0.0,Unknown,Not provided,Not provided,0.000,Not provided,[],[],unknown,No,PM2_Moderate,"{""PM2_Moderate"": 2}",2,VUS,VUS,,,,PM2_Moderate: gnomAD max AF=0 < threshold 0.0001 for MOI AD,,,,,,,,,,,,,,No,No,,,,,Yes
7024470,28730_2023,chr2,47473725,CAAAA,C,MSH2,AD,ENST00000233146.7:c.1760-1274_1760-1271del,Not provided,,,,,intron_variant,Het,16,0.722,Lynch syndrome,No,,No,unknown_db_phenotype,No phenotype text in DB (unknown),Not provided,Not provided,0,Not provided,Not provided,0,Not provided,0,0,Not provided,No database evidence,0.0,Unknown,Not provided,Not provided,0.000,Not provided,[],[],unknown,No,PM2_Moderate,"{""PM2_Moderate"": 2}",2,VUS,VUS,,,,PM2_Moderate: gnomAD max AF=0 < threshold 0.0001 for MOI AD,,,,,,,,,,,,,,No,No,,,,,Yes
7024470,28730_2023,chr2,47479340,C,G,MSH2,AD,ENST00000233146.7:c.2458+821C>G,Not provided,,,,,intron_variant,Het,39,0.429,Lynch syndrome,No,,No,unknown_db_phenotype,No phenotype text in DB (unknown),Not provided,Not provided,0,Not provided,Not provided,0,Not provided,0,0,Not provided,No database evidence,0.000007,v3,Not provided,Not provided,0.010,Not provided,[],[],unknown,No,PM2_Moderate,"{""PM2_Moderate"": 2}",2,VUS,VUS,,,,PM2_Moderate: gnomAD max AF=6.57151e-06 < threshold 0.0001 for MOI AD,,,,,,,,,,,,,,No,No,,,,,Yes
7024470,28730_2023,chr2,47490294,C,CT,MSH2,AD,ENST00000406134.5:c.2634+9454dup,Not provided,,,,,intron_variant,Het,16,0.312,Lynch syndrome,No,,No,unknown_db_phenotype,No phenotype text in DB (unknown),Not provided,Not provided,0,Not provided,Not provided,0,Not provided,0,0,Not provided,No database evidence,0.0,Unknown,Not provided,Not provided,Not provided,Not provided,[],[],unknown,Yes,PM2_Moderate,"{""PM2_Moderate"": 2}",2,VUS,VUS,,,,PM2_Moderate: gnomAD max AF=0 < threshold 0.0001 for MOI AD,,,,,,,,,,,,,,No,No,,,Delins cluster (unphased) detected (cluster_id=25; members=chr2:47490294:C:CT:7024470;chr2:47490294:CTTTTTTTTT:C:7024470) - phasing required to confirm cis/trans.;Delins/overlap cluster (id=25) detected but not all members meet P/LP or >5pts -> not auto-escalated (possible carrier).,,Yes
7024470,28730_2023,chr2,47490294,CTTTTTTTTT,C,MSH2,AD,ENST00000406134.5:c.2634+9446_2634+9454del,Not provided,,,,,intron_variant,Het,16,0.625,Lynch syndrome,No,,No,unknown_db_phenotype,No phenotype text in DB (unknown),Not provided,Not provided,0,Not provided,Not provided,0,Not provided,0,0,Not provided,No database evidence,0.0,Unknown,Not provided,Not provided,Not provided,Not provided,[],[],unknown,Yes,PM2_Moderate,"{""PM2_Moderate"": 2}",2,VUS,VUS,,,,PM2_Moderate: gnomAD max AF=0 < threshold 0.0001 for MOI AD,,,,,,,,,,,,,,No,No,,,Delins cluster (unphased) detected (cluster_id=25; members=chr2:47490294:C:CT:7024470;chr2:47490294:CTTTTTTTTT:C:7024470) - phasing required to confirm cis/trans.;Delins/overlap cluster (id=25) detected but not all members meet P/LP or >5pts -> not auto-escalated (possible carrier).,,Yes
7024470,28730_2023,chr2,47780419,C,T,MSH6,AD,Not provided,Not provided,,,,,upstream_gene_variant,Het,26,0.630,Lynch syndrome,No,,No,unknown_db_phenotype,No phenotype text in DB (unknown),Not provided,Not provided,0,Not provided,Not provided,0,Not provided,0,0,Not provided,No database evidence,0.0,Unknown,Not provided,Not provided,Not provided,Not provided,[],[],unknown,No,PM2_Moderate,"{""PM2_Moderate"": 2}",2,VUS,VUS,,,,PM2_Moderate: gnomAD max AF=0 < threshold 0.0001 for MOI AD,,,,,,,,,,,,,,No,No,,,,,Yes
7024470,28730_2023,chr2,47797057,C,T,MSH6,AD,ENST00000234420.11:c.627+994C>T,Not provided,,,,,intron_variant,Het,33,0.297,Lynch syndrome,No,,No,unknown_db_phenotype,No phenotype text in DB (unknown),Not provided,Not provided,0,Not provided,Not provided,0,Not provided,0,0,Not provided,No database evidence,0.0,Unknown,Not provided,Not provided,0.000,Not provided,[],[],unknown,No,PM2_Moderate,"{""PM2_Moderate"": 2}",2,VUS,VUS,,,,PM2_Moderate: gnomAD max AF=0 < threshold 0.0001 for MOI AD,,,,,,,,,,,,,,No,No,,,,,Yes
7024470,28730_2023,chr2,96248804,C,T,TMEM127,AD,ENST00000258439.8:c.*5004G>A,Not provided,,,,4/4,3_prime_UTR_variant,Het,26,0.630,Hereditary paraganglioma-pheochromocytoma syndrome,No,,No,unknown_db_phenotype,No phenotype text in DB (unknown),Not provided,Not provided,0,Not provided,Not provided,0,Not provided,0,0,Not provided,No database evidence,0.000059,v3,Not provided,Not provided,0.000,Not provided,[],[],unknown,No,PM2_Moderate,"{""PM2_Moderate"": 2}",2,VUS,VUS,,,,PM2_Moderate: gnomAD max AF=5.91374e-05 < threshold 0.0001 for MOI AD,,,,,,,,,,,,,,No,No,,,,,Yes
7024470,28730_2023,chr2,178668986,TA,T,TTN,AD,ENST00000589042.5:c.35545+386del,Not provided,,,,,intron_variant,Het,22,0.500,Dilated cardiomyopathy (truncating variants only),Yes,RULES_PRESENT_NO_MATCH: Exclude if Impact is MODERATE;RULES_PRESENT_NO_MATCH: Exclude if Impact is MODERATE,No,unknown_db_phenotype,No phenotype text in DB (unknown),Not provided,Not provided,0,Not provided,Not provided,0,Not provided,0,0,Not provided,No database evidence,0.0,Unknown,Not provided,Not provided,0.000,Not provided,[],[],unknown,No,PM2_Moderate,"{""PM2_Moderate"": 2}",2,VUS,VUS,,,,PM2_Moderate: gnomAD max AF=0 < threshold 0.0001 for MOI AD,,,,,,,,,,,,,,No,No,,,,,Yes
7024470,28730_2023,chr2,178746563,C,T,TTN,AD,ENST00000589042.5:c.11312-4642G>A,Not provided,,,,,intron_variant,Het,38,0.538,Dilated cardiomyopathy (truncating variants only),Yes,RULES_PRESENT_NO_MATCH: Exclude if Impact is MODERATE;RULES_PRESENT_NO_MATCH: Exclude if Impact is MODERATE,No,unknown_db_phenotype,No phenotype text in DB (unknown),not_provided,Likely_benign,1,Not provided,Not provided,0,Not provided,0,0,Not provided,ClinVar: Likely_benign (1*),0.000007,v3,Not provided,Not provided,0.000,Not provided,[],[],unknown,No,PM2_Moderate,"{""PM2_Moderate"": 2}",2,VUS,VUS,,,,PM2_Moderate: gnomAD max AF=6.58111e-06 < threshold 0.0001 for MOI AD,,,,,,,,,,,,,,No,No,,,Low quality ClinVar: Likely_benign (1 stars);Low quality ClinVar: Likely_benign (1 stars),,Yes
7024470,28730_2023,chr2,178760810,T,C,TTN,AD,ENST00000589042.5:c.10115-1638A>G,Not provided,,,,,intron_variant,Het,34,0.500,Dilated cardiomyopathy (truncating variants only),Yes,RULES_PRESENT_NO_MATCH: Exclude if Impact is MODERATE;RULES_PRESENT_NO_MATCH: Exclude if Impact is MODERATE,No,unknown_db_phenotype,No phenotype text in DB (unknown),Not provided,Not provided,0,Not provided,Not provided,0,Not provided,0,0,Not provided,No database evidence,0.000013,v3,Not provided,Not provided,0.000,Not provided,[],[],unknown,No,PM2_Moderate,"{""PM2_Moderate"": 2}",2,VUS,VUS,,,,PM2_Moderate: gnomAD max AF=1.31784e-05 < threshold 0.0001 for MOI AD,,,,,,,,,,,,,,No,No,,,,,Yes
7024470,28730_2023,chr2,178801657,T,C,TTN,AD,ENST00000589042.5:c.295+481A>G,Not provided,,,,,intron_variant,Het,34,0.486,Dilated cardiomyopathy (truncating variants only),Yes,RULES_PRESENT_NO_MATCH: Exclude if Impact is MODERATE;RULES_PRESENT_NO_MATCH: Exclude if Impact is MODERATE,No,unknown_db_phenotype,No phenotype text in DB (unknown),Not provided,Not provided,0,Not provided,Not provided,0,Not provided,0,0,Not provided,No database evidence,0.000099,v3,Not provided,Not provided,0.000,Not provided,[],[],unknown,No,PM2_Moderate,"{""PM2_Moderate"": 2}",2,VUS,VUS,,,,PM2_Moderate: gnomAD max AF=9.85455e-05 < threshold 0.0001 for MOI AD,,,,,,,,,,,,,,No,No,,,,,Yes
7024470,28730_2023,chr2,188997014,T,TATATATATATGAGAC,COL3A1,AD,ENST00000304636.9:c.1762-74_1762-60dup,Not provided,,,,,intron_variant,Het,24,0.731,"Ehlers-Danlos syndrome, vascular type",No,,No,unknown_db_phenotype,No phenotype text in DB (unknown),not_provided,Likely_benign,1,Not provided,Not provided,0,Not provided,0,0,Not provided,ClinVar: Likely_benign (1*),0.0,Unknown,Not provided,Not provided,Not provided,Not provided,[],[],unknown,No,PM2_Moderate,"{""PM2_Moderate"": 2}",2,VUS,VUS,,,,PM2_Moderate: gnomAD max AF=0 < threshold 0.0001 for MOI AD,,,,,,,,,,,,,,No,No,,,Low quality ClinVar: Likely_benign (1 stars);Low quality ClinVar: Likely_benign (1 stars),,Yes
7024470,28730_2023,chr2,218796164,G,A,CYP27A1,AR,ENST00000258415.9:c.256-13413G>A,Not provided,,,,,intron_variant,Het,60,0.541,Cerebrotendinous xanthomatosis,No,,No,unknown_db_phenotype,No phenotype text in DB (unknown),Not provided,Not provided,0,Not provided,Not provided,0,Not provided,0,0,Not provided,No database evidence,0.0,Unknown,Not provided,Not provided,0.000,Not provided,[],[],unknown,No,PM2_Moderate,"{""PM2_Moderate"": 2}",2,VUS,VUS,,,,PM2_Moderate: gnomAD max AF=0 < threshold 0.005 for MOI AR,,,,,,,,,,,,,,No,No,,,,,Yes
7024470,28730_2023,chr2,218806951,A,ATT,CYP27A1,AR,ENST00000258415.9:c.256-2604_256-2603dup,Not provided,,,,,intron_variant,Het,21,0.318,Cerebrotendinous xanthomatosis,No,,No,unknown_db_phenotype,No phenotype text in DB (unknown),Not provided,Not provided,0,Not provided,Not provided,0,Not provided,0,0,Not provided,No database evidence,0.0,Unknown,Not provided,Not provided,Not provided,Not provided,[],[],unknown,No,PM2_Moderate,"{""PM2_Moderate"": 2}",2,VUS,VUS,,,,PM2_Moderate: gnomAD max AF=0 < threshold 0.005 for MOI AR,,,,,,,,,,,,,,No,No,,,,,Yes
7024470,28730_2023,chr22,29639469,C,T,NF2,AD,ENST00000338641.10:c.363+257C>T,Not provided,,,,,intron_variant,Het,36,0.385,NF2-related schwannomatosis,No,,No,unknown_db_phenotype,No phenotype text in DB (unknown),Not provided,Not provided,0,Not provided,Not provided,0,Not provided,0,0,Not provided,No database evidence,0.000007,v3,Not provided,Not provided,0.000,Not provided,[],[],unknown,No,PM2_Moderate,"{""PM2_Moderate"": 2}",2,VUS,VUS,,,,PM2_Moderate: gnomAD max AF=6.57168e-06 < threshold 0.0001 for MOI AD,,,,,,,,,,,,,,No,No,,,,,Yes
7024470,28730_2023,chr22,29645628,G,A,NF2,AD,ENST00000338641.10:c.447+3343G>A,Not provided,,,,,intron_variant,Het,30,0.500,NF2-related schwannomatosis,No,,No,unknown_db_phenotype,No phenotype text in DB (unknown),Not provided,Not provided,0,Not provided,Not provided,0,Not provided,0,0,Not provided,No database evidence,0.0,Unknown,Not provided,Not provided,0.000,Not provided,[],[],unknown,No,PM2_Moderate,"{""PM2_Moderate"": 2}",2,VUS,VUS,,,,PM2_Moderate: gnomAD max AF=0 < threshold 0.0001 for MOI AD,,,,,,,,,,,,,,No,No,,,,,Yes
7024470,28730_2023,chr3,10152369,CA,C,VHL,AD,ENST00000256474.3:c.*2419del,Not provided,,,,3/3,3_prime_UTR_variant,Het,18,0.273,Von Hippel-Lindau syndrome,No,,No,unknown_db_phenotype,No phenotype text in DB (unknown),Not provided,Not provided,0,Not provided,Not provided,0,Not provided,0,0,Not provided,No database evidence,0.0,Unknown,Not provided,Not provided,Not provided,Not provided,[],[],unknown,No,PM2_Moderate,"{""PM2_Moderate"": 2}",2,VUS,VUS,,,,PM2_Moderate: gnomAD max AF=0 < threshold 0.0001 for MOI AD,,,,,,,,,,,,,,No,No,,,,,Yes
7024470,28730_2023,chr3,10152481,CT,C,VHL,AD,ENST00000256474.3:c.*2545del,Not provided,,,,3/3,3_prime_UTR_variant,Het,19,0.364,Von Hippel-Lindau syndrome,No,,Yes,direct_match,Direct substring match,Von_Hippel-Lindau_syndrome,Uncertain_significance,1,Not provided,Not provided,0,Not provided,0,0,Not provided,ClinVar: Uncertain_significance (1*),0.0,Unknown,Not provided,Not provided,Not provided,Not provided,[],[],unknown,No,PM2_Moderate,"{""PM2_Moderate"": 2}",2,VUS,VUS,,,,PM2_Moderate: gnomAD max AF=0 < threshold 0.0001 for MOI AD,,,,,,,,,,,,,,No,No,,,Low quality ClinVar: Uncertain_significance (1 stars);Low quality ClinVar: Uncertain_significance (1 stars),,Yes
7024470,28730_2023,chr3,14124933,C,T,TMEM43,AD,Not provided,Not provided,,,,,upstream_gene_variant,Het,29,0.567,Arrhythmogenic right ventricular cardiomyopathy,No,,No,N/A,N/A,not_provided,Likely_benign,2,Not provided,Not provided,0,Not provided,0,0,Not provided,ClinVar: Likely_benign (2*),0.0,Unknown,Not provided,Not provided,Not provided,Not provided,[],[],unknown,No,PM2_Moderate,"{""PM2_Moderate"": 2}",2,VUS,VUS,,,,PM2_Moderate: gnomAD max AF=0 < threshold 0.0001 for MOI AD,,,,,,,,,,,,,,No,No,,,,Filtered: HQ Benign (ClinVar≥2★ or HGMD benign or Internal DB benign),Yes
7024470,28730_2023,chr3,14136588,G,A,TMEM43,AD,ENST00000306077.5:c.882+680G>A,Not provided,,,,,intron_variant,Het,36,0.487,Arrhythmogenic right ventricular cardiomyopathy,No,,No,unknown_db_phenotype,No phenotype text in DB (unknown),Not provided,Not provided,0,Not provided,Not provided,0,Not provided,0,0,Not provided,No database evidence,0.0,Unknown,Not provided,Not provided,0.010,Not provided,[],[],unknown,No,PM2_Moderate,"{""PM2_Moderate"": 2}",2,VUS,VUS,,,,PM2_Moderate: gnomAD max AF=0 < threshold 0.0001 for MOI AD,,,,,,,,,,,,,,No,No,,,,,Yes
7024470,28730_2023,chr3,15606029,C,CT,BTD,AR,ENST00000643237.3:c.-17+4135_-17+4136insT,Not provided,,,,,intron_variant,Het,15,0.600,Biotinidase deficiency,No,,No,unknown_db_phenotype,No phenotype text in DB (unknown),Not provided,Not provided,0,Not provided,Not provided,0,Not provided,0,0,Not provided,No database evidence,0.000048,v3,Not provided,Not provided,0.000,Not provided,[],[],unknown,Yes,PM2_Moderate,"{""PM2_Moderate"": 2}",2,VUS,VUS,,,,PM2_Moderate: gnomAD max AF=4.79785e-05 < threshold 0.005 for MOI AR,,,,,,,,,,,,,,No,No,,,Delins cluster (unphased) detected (cluster_id=26; members=chr3:15606029:C:CT:7024470;chr3:15606031:AGAC:A:7024470;chr3:15606030:G:C:7024470) - phasing required to confirm cis/trans.;Delins/overlap cluster (id=26) detected but not all members meet P/LP or >5pts -> not auto-escalated (possible carrier).,,Yes
7024470,28730_2023,chr3,15606030,G,C,BTD,AR,ENST00000643237.3:c.-17+4136G>C,Not provided,,,,,intron_variant,Het,15,0.600,Biotinidase deficiency,No,,No,unknown_db_phenotype,No phenotype text in DB (unknown),Not provided,Not provided,0,Not provided,Not provided,0,Not provided,0,0,Not provided,No database evidence,0.0,Unknown,Not provided,Not provided,0.000,Not provided,[],[],unknown,Yes,PM2_Moderate,"{""PM2_Moderate"": 2}",2,VUS,VUS,,,,PM2_Moderate: gnomAD max AF=0 < threshold 0.005 for MOI AR,,,,,,,,,,,,,,No,No,,,Delins cluster (unphased) detected (cluster_id=26; members=chr3:15606029:C:CT:7024470;chr3:15606031:AGAC:A:7024470;chr3:15606030:G:C:7024470) - phasing required to confirm cis/trans.;Delins/overlap cluster (id=26) detected but not all members meet P/LP or >5pts -> not auto-escalated (possible carrier).,,Yes
7024470,28730_2023,chr3,15606031,AGAC,A,BTD,AR,ENST00000643237.3:c.-17+4138_-17+4140del,Not provided,,,,,intron_variant,Het,15,0.600,Biotinidase deficiency,No,,No,unknown_db_phenotype,No phenotype text in DB (unknown),Not provided,Not provided,0,Not provided,Not provided,0,Not provided,0,0,Not provided,No database evidence,0.000082,v3,Not provided,Not provided,0.000,Not provided,[],[],unknown,Yes,PM2_Moderate,"{""PM2_Moderate"": 2}",2,VUS,VUS,,,,PM2_Moderate: gnomAD max AF=8.23339e-05 < threshold 0.005 for MOI AR,,,,,,,,,,,,,,No,No,,,Delins cluster (unphased) detected (cluster_id=26; members=chr3:15606029:C:CT:7024470;chr3:15606031:AGAC:A:7024470;chr3:15606030:G:C:7024470) - phasing required to confirm cis/trans.;Delins/overlap cluster (id=26) detected but not all members meet P/LP or >5pts -> not auto-escalated (possible carrier).,,Yes
7024470,28730_2023,chr3,15611962,G,A,BTD,AR,ENST00000643237.3:c.-17+10068G>A,Not provided,,,,,intron_variant,Het,19,0.455,Biotinidase deficiency,No,,No,unknown_db_phenotype,No phenotype text in DB (unknown),Not provided,Not provided,0,Not provided,Not provided,0,Not provided,0,0,Not provided,No database evidence,0.0,Unknown,Not provided,Not provided,0.000,Not provided,[],[],unknown,No,PM2_Moderate,"{""PM2_Moderate"": 2}",2,VUS,VUS,,,,PM2_Moderate: gnomAD max AF=0 < threshold 0.005 for MOI AR,,,,,,,,,,,,,,No,No,,,,,Yes
7024470,28730_2023,chr3,30637063,G,GA,TGFBR2,AD,ENST00000295754.10:c.95-7668dup,Not provided,,,,,intron_variant,Het,17,0.278,Loeys-Dietz syndrome,No,,No,unknown_db_phenotype,No phenotype text in DB (unknown),Not provided,Not provided,0,Not provided,Not provided,0,Not provided,0,0,Not provided,No database evidence,0.0,Unknown,Not provided,Not provided,0.000,Not provided,[],[],unknown,No,PM2_Moderate,"{""PM2_Moderate"": 2}",2,VUS,VUS,,,,PM2_Moderate: gnomAD max AF=0 < threshold 0.0001 for MOI AD,,,,,,,,,,,,,,No,No,,,,,Yes
7024470,28730_2023,chr3,30639653,T,C,TGFBR2,AD,ENST00000295754.10:c.95-5094T>C,Not provided,,,,,intron_variant,Het,53,0.389,Loeys-Dietz syndrome,No,,No,unknown_db_phenotype,No phenotype text in DB (unknown),Not provided,Not provided,0,Not provided,Not provided,0,Not provided,0,0,Not provided,No database evidence,0.0,Unknown,Not provided,Not provided,0.000,Not provided,[],[],unknown,No,PM2_Moderate,"{""PM2_Moderate"": 2}",2,VUS,VUS,,,,PM2_Moderate: gnomAD max AF=0 < threshold 0.0001 for MOI AD,,,,,,,,,,,,,,No,No,,,,,Yes
7024470,28730_2023,chr3,30648460,A,ACACACACACACACACACACC,TGFBR2,AD,ENST00000295754.10:c.264-1808_264-1807insCACACACACACACACACCCA,Not provided,,,,,intron_variant,Het,27,0.655,Loeys-Dietz syndrome,No,,No,unknown_db_phenotype,No phenotype text in DB (unknown),Not provided,Not provided,0,Not provided,Not provided,0,Not provided,0,0,Not provided,No database evidence,0.0,Unknown,Not provided,Not provided,Not provided,Not provided,[],[],unknown,No,PM2_Moderate,"{""PM2_Moderate"": 2}",2,VUS,VUS,,,,PM2_Moderate: gnomAD max AF=0 < threshold 0.0001 for MOI AD,,,,,,,,,,,,,,No,No,,,,,Yes
7024470,28730_2023,chr3,30665362,A,G,TGFBR2,AD,ENST00000295754.10:c.455-6276A>G,Not provided,,,,,intron_variant,Het,34,0.457,Loeys-Dietz syndrome,No,,No,unknown_db_phenotype,No phenotype text in DB (unknown),Not provided,Not provided,0,Not provided,Not provided,0,Not provided,0,0,Not provided,No database evidence,0.0,Unknown,Not provided,Not provided,0.000,Not provided,[],[],unknown,No,PM2_Moderate,"{""PM2_Moderate"": 2}",2,VUS,VUS,,,,PM2_Moderate: gnomAD max AF=0 < threshold 0.0001 for MOI AD,,,,,,,,,,,,,,No,No,,,,,Yes
7024470,28730_2023,chr3,30679172,G,A,TGFBR2,AD,ENST00000295754.10:c.1396+4926G>A,Not provided,,,,,intron_variant,Het,45,0.458,Loeys-Dietz syndrome,No,,No,unknown_db_phenotype,No phenotype text in DB (unknown),Not provided,Not provided,0,Not provided,Not provided,0,Not provided,0,0,Not provided,No database evidence,0.0,Unknown,Not provided,Not provided,0.000,Not provided,[],[],unknown,No,PM2_Moderate,"{""PM2_Moderate"": 2}",2,VUS,VUS,,,,PM2_Moderate: gnomAD max AF=0 < threshold 0.0001 for MOI AD,,,,,,,,,,,,,,No,No,,,,,Yes
7024470,28730_2023,chr3,30697285,TACACAC,T,TGFBR2,AD,Not provided,Not provided,,,,,downstream_gene_variant,Het,25,0.600,Loeys-Dietz syndrome,No,,No,unknown_db_phenotype,No phenotype text in DB (unknown),Not provided,Not provided,0,Not provided,Not provided,0,Not provided,0,0,Not provided,No database evidence,0.0,Unknown,Not provided,Not provided,Not provided,Not provided,[],[],unknown,No,PM2_Moderate,"{""PM2_Moderate"": 2}",2,VUS,VUS,,,,PM2_Moderate: gnomAD max AF=0 < threshold 0.0001 for MOI AD,,,,,,,,,,,,,,No,No,,,,,Yes
7024470,28730_2023,chr3,36991971,T,G,MLH1,AD,Not provided,Not provided,,,,,upstream_gene_variant,Het,33,0.472,Lynch syndrome,No,,No,unknown_db_phenotype,No phenotype text in DB (unknown),Not provided,Not provided,0,Not provided,Not provided,0,Not provided,0,0,Not provided,No database evidence,0.0,Unknown,Not provided,Not provided,Not provided,Not provided,[],[],unknown,No,PM2_Moderate,"{""PM2_Moderate"": 2}",2,VUS,VUS,,,,PM2_Moderate: gnomAD max AF=0 < threshold 0.0001 for MOI AD,,,,,,,,,,,,,,No,No,,,,,Yes
7024470,28730_2023,chr3,36997379,G,GT,MLH1,AD,ENST00000231790.8:c.207+682dup,Not provided,,,,,intron_variant,Het,27,0.552,Lynch syndrome,No,,No,unknown_db_phenotype,No phenotype text in DB (unknown),Not provided,Not provided,0,Not provided,Not provided,0,Not provided,0,0,Not provided,No database evidence,0.0,Unknown,Not provided,Not provided,0.000,Not provided,[],[],unknown,No,PM2_Moderate,"{""PM2_Moderate"": 2}",2,VUS,VUS,,,,PM2_Moderate: gnomAD max AF=0 < threshold 0.0001 for MOI AD,,,,,,,,,,,,,,No,No,,,,,Yes
7024470,28730_2023,chr3,37001778,A,G,MLH1,AD,ENST00000231790.8:c.306+725A>G,Not provided,,,,,intron_variant,Het,30,0.485,Lynch syndrome,No,,No,unknown_db_phenotype,No phenotype text in DB (unknown),Not provided,Not provided,0,Not provided,Not provided,0,Not provided,0,0,Not provided,No database evidence,0.0,Unknown,Not provided,Not provided,0.000,Not provided,[],[],unknown,No,PM2_Moderate,"{""PM2_Moderate"": 2}",2,VUS,VUS,,,,PM2_Moderate: gnomAD max AF=0 < threshold 0.0001 for MOI AD,,,,,,,,,,,,,,No,No,,,,,Yes
7024470,28730_2023,chr3,37007957,G,A,MLH1,AD,ENST00000231790.8:c.454-857G>A,Not provided,,,,,intron_variant,Het,41,0.524,Lynch syndrome,No,,No,unknown_db_phenotype,No phenotype text in DB (unknown),Not provided,Not provided,0,Not provided,Not provided,0,Not provided,0,0,Not provided,No database evidence,0.0,Unknown,Not provided,Not provided,0.000,Not provided,[],[],unknown,No,PM2_Moderate,"{""PM2_Moderate"": 2}",2,VUS,VUS,,,,PM2_Moderate: gnomAD max AF=0 < threshold 0.0001 for MOI AD,,,,,,,,,,,,,,No,No,,,,,Yes
7024470,28730_2023,chr3,37023678,A,T,MLH1,AD,ENST00000231790.8:c.1039-1959A>T,Not provided,,,,,intron_variant,Het,42,0.523,Lynch syndrome,No,,No,unknown_db_phenotype,No phenotype text in DB (unknown),Not provided,Not provided,0,Not provided,Not provided,0,Not provided,0,0,Not provided,No database evidence,0.0,Unknown,Not provided,Not provided,0.000,Not provided,[],[],unknown,No,PM2_Moderate,"{""PM2_Moderate"": 2}",2,VUS,VUS,,,,PM2_Moderate: gnomAD max AF=0 < threshold 0.0001 for MOI AD,,,,,,,,,,,,,,No,No,,,,,Yes
7024470,28730_2023,chr3,37033026,T,C,MLH1,AD,ENST00000231790.8:c.1558+4094T>C,Not provided,,,,,intron_variant,Het,27,0.464,Lynch syndrome,No,,No,unknown_db_phenotype,No phenotype text in DB (unknown),Not provided,Not provided,0,Not provided,Not provided,0,Not provided,0,0,Not provided,No database evidence,0.0,Unknown,Not provided,Not provided,0.000,Not provided,[],[],unknown,No,PM2_Moderate,"{""PM2_Moderate"": 2}",2,VUS,VUS,,,,PM2_Moderate: gnomAD max AF=0 < threshold 0.0001 for MOI AD,,,,,,,,,,,,,,No,No,,,,,Yes
7024470,28730_2023,chr3,37033649,ATG,A,MLH1,AD,ENST00000231790.8:c.1558+4719_1558+4720del,Not provided,,,,,intron_variant,Het,45,0.478,Lynch syndrome,No,,No,unknown_db_phenotype,No phenotype text in DB (unknown),Not provided,Not provided,0,Not provided,Not provided,0,Not provided,0,0,Not provided,No database evidence,0.0,Unknown,Not provided,Not provided,0.000,Not provided,[],[],unknown,No,PM2_Moderate,"{""PM2_Moderate"": 2}",2,VUS,VUS,,,,PM2_Moderate: gnomAD max AF=0 < threshold 0.0001 for MOI AD,,,,,,,,,,,,,,No,No,,,,,Yes
7024470,28730_2023,chr3,37046605,A,AT,MLH1,AD,ENST00000231790.8:c.1732-913dup,Not provided,,,,,intron_variant,Het,20,0.550,Lynch syndrome,No,,No,unknown_db_phenotype,No phenotype text in DB (unknown),Not provided,Not provided,0,Not provided,Not provided,0,Not provided,0,0,Not provided,No database evidence,0.0,Unknown,Not provided,Not provided,0.000,Not provided,[],[],unknown,Yes,PM2_Moderate,"{""PM2_Moderate"": 2}",2,VUS,VUS,,,,PM2_Moderate: gnomAD max AF=0 < threshold 0.0001 for MOI AD,,,,,,,,,,,,,,No,No,,,Delins cluster (unphased) detected (cluster_id=27; members=chr3:37046605:A:AT:7024470;chr3:37046608:TA:T:7024470) - phasing required to confirm cis/trans.;Delins/overlap cluster (id=27) detected but not all members meet P/LP or >5pts -> not auto-escalated (possible carrier).,,Yes
7024470,28730_2023,chr3,37046608,TA,T,MLH1,AD,ENST00000231790.8:c.1732-910del,Not provided,,,,,intron_variant,Het,20,0.524,Lynch syndrome,No,,No,unknown_db_phenotype,No phenotype text in DB (unknown),Not provided,Not provided,0,Not provided,Not provided,0,Not provided,0,0,Not provided,No database evidence,0.0,Unknown,Not provided,Not provided,0.000,Not provided,[],[],unknown,Yes,PM2_Moderate,"{""PM2_Moderate"": 2}",2,VUS,VUS,,,,PM2_Moderate: gnomAD max AF=0 < threshold 0.0001 for MOI AD,,,,,,,,,,,,,,No,No,,,Delins cluster (unphased) detected (cluster_id=27; members=chr3:37046605:A:AT:7024470;chr3:37046608:TA:T:7024470) - phasing required to confirm cis/trans.;Delins/overlap cluster (id=27) detected but not all members meet P/LP or >5pts -> not auto-escalated (possible carrier).,,Yes
7024470,28730_2023,chr3,37050036,A,T,MLH1,AD,ENST00000231790.8:c.2104-450A>T,Not provided,,,,,intron_variant,Het,37,0.526,Lynch syndrome,No,,No,unknown_db_phenotype,No phenotype text in DB (unknown),Not provided,Not provided,0,Not provided,Not provided,0,Not provided,0,0,Not provided,No database evidence,0.0,Unknown,Not provided,Not provided,0.000,Not provided,[],[],unknown,No,PM2_Moderate,"{""PM2_Moderate"": 2}",2,VUS,VUS,,,,PM2_Moderate: gnomAD max AF=0 < threshold 0.0001 for MOI AD,,,,,,,,,,,,,,No,No,,,,,Yes
7024470,28730_2023,chr3,38568258,T,G,SCN5A,AD,ENST00000423572.7:c.3664-1676A>C,Not provided,,,,,intron_variant,Het,34,0.457,Long QT syndrome type 3; Brugada syndrome; Dilated cardiomyopathy,No,,No,unknown_db_phenotype,No phenotype text in DB (unknown),Not provided,Not provided,0,Not provided,Not provided,0,Not provided,0,0,Not provided,No database evidence,0.0,Unknown,Not provided,Not provided,0.000,Not provided,[],[],unknown,No,PM2_Moderate,"{""PM2_Moderate"": 2}",2,VUS,VUS,,,,PM2_Moderate: gnomAD max AF=0 < threshold 0.0001 for MOI AD,,,,,,,,,,,,,,No,No,,,,,Yes
7024470,28730_2023,chr3,38572886,A,G,SCN5A,AD,ENST00000423572.7:c.3663+2411T>C,Not provided,,,,,intron_variant,Het,22,0.478,Long QT syndrome type 3; Brugada syndrome; Dilated cardiomyopathy,No,,No,unknown_db_phenotype,No phenotype text in DB (unknown),Not provided,Not provided,0,Not provided,Not provided,0,Not provided,0,0,Not provided,No database evidence,0.0,Unknown,Not provided,Not provided,0.000,Not provided,[],[],unknown,No,PM2_Moderate,"{""PM2_Moderate"": 2}",2,VUS,VUS,,,,PM2_Moderate: gnomAD max AF=0 < threshold 0.0001 for MOI AD,,,,,,,,,,,,,,No,No,,,,,Yes
7024470,28730_2023,chr3,38577783,T,TTG,SCN5A,AD,ENST00000423572.7:c.3388-1003_3388-1002insCA,Not provided,,,,,intron_variant,Het,40,0.400,Long QT syndrome type 3; Brugada syndrome; Dilated cardiomyopathy,No,,No,unknown_db_phenotype,No phenotype text in DB (unknown),Not provided,Not provided,0,Not provided,Not provided,0,Not provided,0,0,Not provided,No database evidence,0.0,Unknown,Not provided,Not provided,Not provided,Not provided,[],[],unknown,Yes,PM2_Moderate,"{""PM2_Moderate"": 2}",2,VUS,VUS,,,,PM2_Moderate: gnomAD max AF=0 < threshold 0.0001 for MOI AD,,,,,,,,,,,,,,No,No,,,Delins cluster (unphased) detected (cluster_id=28; members=chr3:38577783:T:TTG:7024470;chr3:38577784:A:G:7024470;chr3:38577785:C:G:7024470) - phasing required to confirm cis/trans.;Delins/overlap cluster (id=28) detected but not all members meet P/LP or >5pts -> not auto-escalated (possible carrier).,,Yes
7024470,28730_2023,chr3,38577784,A,G,SCN5A,AD,ENST00000423572.7:c.3388-1003T>C,Not provided,,,,,intron_variant,Het,40,0.450,Long QT syndrome type 3; Brugada syndrome; Dilated cardiomyopathy,No,,No,unknown_db_phenotype,No phenotype text in DB (unknown),Not provided,Not provided,0,Not provided,Not provided,0,Not provided,0,0,Not provided,No database evidence,0.0,Unknown,Not provided,Not provided,0.020,Not provided,[],[],unknown,Yes,PM2_Moderate,"{""PM2_Moderate"": 2}",2,VUS,VUS,,,,PM2_Moderate: gnomAD max AF=0 < threshold 0.0001 for MOI AD,,,,,,,,,,,,,,No,No,,,Delins cluster (unphased) detected (cluster_id=28; members=chr3:38577783:T:TTG:7024470;chr3:38577784:A:G:7024470;chr3:38577785:C:G:7024470) - phasing required to confirm cis/trans.;Delins/overlap cluster (id=28) detected but not all members meet P/LP or >5pts -> not auto-escalated (possible carrier).,,Yes
7024470,28730_2023,chr3,38577785,C,G,SCN5A,AD,ENST00000423572.7:c.3388-1004G>C,Not provided,,,,,intron_variant,Het,40,0.450,Long QT syndrome type 3; Brugada syndrome; Dilated cardiomyopathy,No,,No,unknown_db_phenotype,No phenotype text in DB (unknown),Not provided,Not provided,0,Not provided,Not provided,0,Not provided,0,0,Not provided,No database evidence,0.0,Unknown,Not provided,Not provided,0.020,Not provided,[],[],unknown,Yes,PM2_Moderate,"{""PM2_Moderate"": 2}",2,VUS,VUS,,,,PM2_Moderate: gnomAD max AF=0 < threshold 0.0001 for MOI AD,,,,,,,,,,,,,,No,No,,,Delins cluster (unphased) detected (cluster_id=28; members=chr3:38577783:T:TTG:7024470;chr3:38577784:A:G:7024470;chr3:38577785:C:G:7024470) - phasing required to confirm cis/trans.;Delins/overlap cluster (id=28) detected but not all members meet P/LP or >5pts -> not auto-escalated (possible carrier).,,Yes
7024470,28730_2023,chr3,38579873,ACGCG,A,SCN5A,AD,ENST00000423572.7:c.3229-385_3229-382del,Not provided,,,,,intron_variant,Het,22,0.435,Long QT syndrome type 3; Brugada syndrome; Dilated cardiomyopathy,No,,No,unknown_db_phenotype,No phenotype text in DB (unknown),Not provided,Not provided,0,Not provided,Not provided,0,Not provided,0,0,Not provided,No database evidence,0.0,Unknown,Not provided,Not provided,0.000,Not provided,[],[],unknown,Yes,PM2_Moderate,"{""PM2_Moderate"": 2}",2,VUS,VUS,,,,PM2_Moderate: gnomAD max AF=0 < threshold 0.0001 for MOI AD,,,,,,,,,,,,,,No,No,,,Delins cluster (unphased) detected (cluster_id=29; members=chr3:38579873:ACGCG:A:7024470;chr3:38579879:G:A:7024470) - phasing required to confirm cis/trans.;Delins/overlap cluster (id=29) detected but not all members meet P/LP or >5pts -> not auto-escalated (possible carrier).,,Yes
7024470,28730_2023,chr3,38579879,G,A,SCN5A,AD,ENST00000423572.7:c.3229-387C>T,Not provided,,,,,intron_variant,Het,22,0.478,Long QT syndrome type 3; Brugada syndrome; Dilated cardiomyopathy,No,,No,unknown_db_phenotype,No phenotype text in DB (unknown),Not provided,Not provided,0,Not provided,Not provided,0,Not provided,0,0,Not provided,No database evidence,0.0,Unknown,Not provided,Not provided,0.000,Not provided,[],[],unknown,Yes,PM2_Moderate,"{""PM2_Moderate"": 2}",2,VUS,VUS,,,,PM2_Moderate: gnomAD max AF=0 < threshold 0.0001 for MOI AD,,,,,,,,,,,,,,No,No,,,Delins cluster (unphased) detected (cluster_id=29; members=chr3:38579873:ACGCG:A:7024470;chr3:38579879:G:A:7024470) - phasing required to confirm cis/trans.;Delins/overlap cluster (id=29) detected but not all members meet P/LP or >5pts -> not auto-escalated (possible carrier).,,Yes
7024470,28730_2023,chr3,38579891,A,C,SCN5A,AD,ENST00000423572.7:c.3229-399T>G,Not provided,,,,,intron_variant,Het,25,0.423,Long QT syndrome type 3; Brugada syndrome; Dilated cardiomyopathy,No,,No,unknown_db_phenotype,No phenotype text in DB (unknown),Not provided,Not provided,0,Not provided,Not provided,0,Not provided,0,0,Not provided,No database evidence,0.000060,v3,Not provided,Not provided,0.000,Not provided,[],[],unknown,No,PM2_Moderate,"{""PM2_Moderate"": 2}",2,VUS,VUS,,,,PM2_Moderate: gnomAD max AF=6.01604e-05 < threshold 0.0001 for MOI AD,,,,,,,,,,,,,,No,No,,,,,Yes
7024470,28730_2023,chr3,38583260,A,G,SCN5A,AD,ENST00000423572.7:c.2788-1889T>C,Not provided,,,,,intron_variant,Het,30,0.484,Long QT syndrome type 3; Brugada syndrome; Dilated cardiomyopathy,No,,No,unknown_db_phenotype,No phenotype text in DB (unknown),Not provided,Not provided,0,Not provided,Not provided,0,Not provided,0,0,Not provided,No database evidence,0.0,Unknown,Not provided,Not provided,0.000,Not provided,[],[],unknown,No,PM2_Moderate,"{""PM2_Moderate"": 2}",2,VUS,VUS,,,,PM2_Moderate: gnomAD max AF=0 < threshold 0.0001 for MOI AD,,,,,,,,,,,,,,No,No,,,,,Yes
7024470,28730_2023,chr3,38628160,G,A,SCN5A,AD,ENST00000423572.7:c.392+2151C>T,Not provided,,,,,intron_variant,Het,18,0.381,Long QT syndrome type 3; Brugada syndrome; Dilated cardiomyopathy,No,,No,unknown_db_phenotype,No phenotype text in DB (unknown),Not provided,Not provided,0,Not provided,Not provided,0,Not provided,0,0,Not provided,No database evidence,0.0,Unknown,Not provided,Not provided,0.000,Not provided,[],[],unknown,No,PM2_Moderate,"{""PM2_Moderate"": 2}",2,VUS,VUS,,,,PM2_Moderate: gnomAD max AF=0 < threshold 0.0001 for MOI AD,,,,,,,,,,,,,,No,No,,,,,Yes
7024470,28730_2023,chr3,46870998,G,A,MYL3,AD,ENST00000431168.2:c.-217-4398C>T,Not provided,,,,,intron_variant,Het,27,0.552,Hypertrophic cardiomyopathy,No,,No,unknown_db_phenotype,No phenotype text in DB (unknown),Not provided,Not provided,0,Not provided,Not provided,0,Not provided,0,0,Not provided,No database evidence,0.0,Unknown,Not provided,Not provided,Not provided,Not provided,[],[],unknown,No,PM2_Moderate,"{""PM2_Moderate"": 2}",2,VUS,VUS,,,,PM2_Moderate: gnomAD max AF=0 < threshold 0.0001 for MOI AD,,,,,,,,,,,,,,No,No,,,,,Yes
7024470,28730_2023,chr5,112702560,G,A,APC,AD,Not provided,Not provided,,,,,upstream_gene_variant,Het,40,0.550,Familial adenomatous polyposis,Yes,"RULES_PRESENT_NO_MATCH: Exclude if Consequence contains ""5_prime_UTR_variant"";RULES_PRESENT_NO_MATCH: Exclude if Consequence contains ""5_prime_UTR_variant""",No,unknown_db_phenotype,No phenotype text in DB (unknown),Not provided,Not provided,0,Not provided,Not provided,0,Not provided,0,0,Not provided,No database evidence,0.0,Unknown,Not provided,Not provided,Not provided,Not provided,[],[],unknown,No,PM2_Moderate,"{""PM2_Moderate"": 2}",2,VUS,VUS,,,,PM2_Moderate: gnomAD max AF=0 < threshold 0.0001 for MOI AD,,,,,,,,,,,,,,No,No,,,,,Yes
7024470,28730_2023,chr5,112726326,A,T,APC,AD,ENST00000505350.2:c.165+18444A>T,Not provided,,,,,intron_variant&NMD_transcript_variant,Het,16,0.474,Familial adenomatous polyposis,Yes,"RULES_PRESENT_NO_MATCH: Exclude if Consequence contains ""5_prime_UTR_variant"";RULES_PRESENT_NO_MATCH: Exclude if Consequence contains ""5_prime_UTR_variant""",No,unknown_db_phenotype,No phenotype text in DB (unknown),Not provided,Not provided,0,Not provided,Not provided,0,Not provided,0,0,Not provided,No database evidence,0.0,Unknown,Not provided,Not provided,Not provided,Not provided,[],[],unknown,No,PM2_Moderate,"{""PM2_Moderate"": 2}",2,VUS,VUS,,,,PM2_Moderate: gnomAD max AF=0 < threshold 0.0001 for MOI AD,,,,,,,,,,,,,,No,No,,,,,Yes
7024470,28730_2023,chr5,112741983,T,C,APC,AD,ENST00000257430.9:c.-19+4058T>C,Not provided,,,,,intron_variant,Het,34,0.514,Familial adenomatous polyposis,Yes,"RULES_PRESENT_NO_MATCH: Exclude if Consequence contains ""5_prime_UTR_variant"";RULES_PRESENT_NO_MATCH: Exclude if Consequence contains ""5_prime_UTR_variant""",No,unknown_db_phenotype,No phenotype text in DB (unknown),Not provided,Not provided,0,Not provided,Not provided,0,Not provided,0,0,Not provided,No database evidence,0.0,Unknown,Not provided,Not provided,0.000,Not provided,[],[],unknown,No,PM2_Moderate,"{""PM2_Moderate"": 2}",2,VUS,VUS,,,,PM2_Moderate: gnomAD max AF=0 < threshold 0.0001 for MOI AD,,,,,,,,,,,,,,No,No,,,,,Yes
7024470,28730_2023,chr5,112745548,TTTATTATTA,T,APC,AD,ENST00000257430.9:c.-19+7644_-19+7652del,Not provided,,,,,intron_variant,Het,32,0.343,Familial adenomatous polyposis,Yes,"RULES_PRESENT_NO_MATCH: Exclude if Consequence contains ""5_prime_UTR_variant"";RULES_PRESENT_NO_MATCH: Exclude if Consequence contains ""5_prime_UTR_variant""",No,unknown_db_phenotype,No phenotype text in DB (unknown),Not provided,Not provided,0,Not provided,Not provided,0,Not provided,0,0,Not provided,No database evidence,0.0,Unknown,Not provided,Not provided,Not provided,Not provided,[],[],unknown,No,PM2_Moderate,"{""PM2_Moderate"": 2}",2,VUS,VUS,,,,PM2_Moderate: gnomAD max AF=0 < threshold 0.0001 for MOI AD,,,,,,,,,,,,,,No,No,,,,,Yes
7024470,28730_2023,chr5,112748855,G,A,APC,AD,ENST00000257430.9:c.-18-6018G>A,Not provided,,,,,intron_variant,Het,28,0.500,Familial adenomatous polyposis,Yes,"RULES_PRESENT_NO_MATCH: Exclude if Consequence contains ""5_prime_UTR_variant"";RULES_PRESENT_NO_MATCH: Exclude if Consequence contains ""5_prime_UTR_variant""",No,unknown_db_phenotype,No phenotype text in DB (unknown),Not provided,Not provided,0,Not provided,Not provided,0,Not provided,0,0,Not provided,No database evidence,0.0,Unknown,Not provided,Not provided,0.000,Not provided,[],[],unknown,No,PM2_Moderate,"{""PM2_Moderate"": 2}",2,VUS,VUS,,,,PM2_Moderate: gnomAD max AF=0 < threshold 0.0001 for MOI AD,,,,,,,,,,,,,,No,No,,,,,Yes
7024470,28730_2023,chr5,112752803,C,T,APC,AD,ENST00000257430.9:c.-18-2070C>T,Not provided,,,,,intron_variant,Het,34,0.657,Familial adenomatous polyposis,Yes,"RULES_PRESENT_NO_MATCH: Exclude if Consequence contains ""5_prime_UTR_variant"";RULES_PRESENT_NO_MATCH: Exclude if Consequence contains ""5_prime_UTR_variant""",No,unknown_db_phenotype,No phenotype text in DB (unknown),Not provided,Not provided,0,Not provided,Not provided,0,Not provided,0,0,Not provided,No database evidence,0.0,Unknown,Not provided,Not provided,0.000,Not provided,[],[],unknown,No,PM2_Moderate,"{""PM2_Moderate"": 2}",2,VUS,VUS,,,,PM2_Moderate: gnomAD max AF=0 < threshold 0.0001 for MOI AD,,,,,,,,,,,,,,No,No,,,,,Yes
7024470,28730_2023,chr5,112769458,A,G,APC,AD,ENST00000257430.9:c.422+2068A>G,Not provided,,,,,intron_variant,Het,40,0.500,Familial adenomatous polyposis,Yes,"RULES_PRESENT_NO_MATCH: Exclude if Consequence contains ""5_prime_UTR_variant"";RULES_PRESENT_NO_MATCH: Exclude if Consequence contains ""5_prime_UTR_variant""",No,unknown_db_phenotype,No phenotype text in DB (unknown),Not provided,Not provided,0,Not provided,Not provided,0,Not provided,0,0,Not provided,No database evidence,0.0,Unknown,Not provided,Not provided,0.000,Not provided,[],[],unknown,No,PM2_Moderate,"{""PM2_Moderate"": 2}",2,VUS,VUS,,,,PM2_Moderate: gnomAD max AF=0 < threshold 0.0001 for MOI AD,,,,,,,,,,,,,,No,No,,,,,Yes
7024470,28730_2023,chr5,112787837,G,A,APC,AD,ENST00000257430.9:c.646-4609G>A,Not provided,,,,,intron_variant,Het,43,0.391,Familial adenomatous polyposis,Yes,"RULES_PRESENT_NO_MATCH: Exclude if Consequence contains ""5_prime_UTR_variant"";RULES_PRESENT_NO_MATCH: Exclude if Consequence contains ""5_prime_UTR_variant""",No,unknown_db_phenotype,No phenotype text in DB (unknown),Not provided,Not provided,0,Not provided,Not provided,0,Not provided,0,0,Not provided,No database evidence,0.0,Unknown,Not provided,Not provided,0.000,Not provided,[],[],unknown,No,PM2_Moderate,"{""PM2_Moderate"": 2}",2,VUS,VUS,,,,PM2_Moderate: gnomAD max AF=0 < threshold 0.0001 for MOI AD,,,,,,,,,,,,,,No,No,,,,,Yes
7024470,28730_2023,chr5,112788708,C,T,APC,AD,ENST00000257430.9:c.646-3738C>T,Not provided,,,,,intron_variant,Het,32,0.469,Familial adenomatous polyposis,Yes,"RULES_PRESENT_NO_MATCH: Exclude if Consequence contains ""5_prime_UTR_variant"";RULES_PRESENT_NO_MATCH: Exclude if Consequence contains ""5_prime_UTR_variant""",No,unknown_db_phenotype,No phenotype text in DB (unknown),Not provided,Not provided,0,Not provided,Not provided,0,Not provided,0,0,Not provided,No database evidence,0.0,Unknown,Not provided,Not provided,0.000,Not provided,[],[],unknown,No,PM2_Moderate,"{""PM2_Moderate"": 2}",2,VUS,VUS,,,,PM2_Moderate: gnomAD max AF=0 < threshold 0.0001 for MOI AD,,,,,,,,,,,,,,No,No,,,,,Yes
7024470,28730_2023,chr5,112805417,C,G,APC,AD,ENST00000257430.9:c.834+4034C>G,Not provided,,,,,intron_variant,Het,40,0.500,Familial adenomatous polyposis,Yes,"RULES_PRESENT_NO_MATCH: Exclude if Consequence contains ""5_prime_UTR_variant"";RULES_PRESENT_NO_MATCH: Exclude if Consequence contains ""5_prime_UTR_variant""",No,unknown_db_phenotype,No phenotype text in DB (unknown),Not provided,Not provided,0,Not provided,Not provided,0,Not provided,0,0,Not provided,No database evidence,0.0,Unknown,Not provided,Not provided,0.000,Not provided,[],[],unknown,No,PM2_Moderate,"{""PM2_Moderate"": 2}",2,VUS,VUS,,,,PM2_Moderate: gnomAD max AF=0 < threshold 0.0001 for MOI AD,,,,,,,,,,,,,,No,No,,,,,Yes
7024470,28730_2023,chr5,112819545,A,G,APC,AD,ENST00000257430.9:c.1312+201A>G,Not provided,,,,,intron_variant,Het,39,0.610,Familial adenomatous polyposis,Yes,"RULES_PRESENT_NO_MATCH: Exclude if Consequence contains ""5_prime_UTR_variant"";RULES_PRESENT_NO_MATCH: Exclude if Consequence contains ""5_prime_UTR_variant""",No,unknown_db_phenotype,No phenotype text in DB (unknown),Not provided,Not provided,0,Not provided,Not provided,0,Not provided,0,0,Not provided,No database evidence,0.0,Unknown,Not provided,Not provided,0.000,Not provided,[],[],unknown,No,PM2_Moderate,"{""PM2_Moderate"": 2}",2,VUS,VUS,,,,PM2_Moderate: gnomAD max AF=0 < threshold 0.0001 for MOI AD,,,,,,,,,,,,,,No,No,,,,,Yes
7024470,28730_2023,chr5,112830047,A,G,APC,AD,ENST00000257430.9:c.1743+1075A>G,Not provided,,,,,intron_variant,Het,45,0.304,Familial adenomatous polyposis,Yes,"RULES_PRESENT_NO_MATCH: Exclude if Consequence contains ""5_prime_UTR_variant"";RULES_PRESENT_NO_MATCH: Exclude if Consequence contains ""5_prime_UTR_variant""",No,mismatch,No overlap found,Hereditary_cancer-predisposing_syndrome,Likely_benign,1,Not provided,Not provided,0,Not provided,0,0,Not provided,ClinVar: Likely_benign (1*),0.0,Unknown,Not provided,Not provided,0.010,Not provided,[],[],unknown,No,PM2_Moderate,"{""PM2_Moderate"": 2}",2,VUS,VUS,,,,PM2_Moderate: gnomAD max AF=0 < threshold 0.0001 for MOI AD,,,,,,,,,,,,,,No,No,,,Low quality ClinVar: Likely_benign (1 stars);Low quality ClinVar: Likely_benign (1 stars),,Yes
7024470,28730_2023,chr5,112832452,C,G,APC,AD,ENST00000257430.9:c.1744-2499C>G,Not provided,,,,,intron_variant,Het,27,0.607,Familial adenomatous polyposis,Yes,"RULES_PRESENT_NO_MATCH: Exclude if Consequence contains ""5_prime_UTR_variant"";RULES_PRESENT_NO_MATCH: Exclude if Consequence contains ""5_prime_UTR_variant""",No,unknown_db_phenotype,No phenotype text in DB (unknown),Not provided,Not provided,0,Not provided,Not provided,0,Not provided,0,0,Not provided,No database evidence,0.0,Unknown,Not provided,Not provided,0.000,Not provided,[],[],unknown,No,PM2_Moderate,"{""PM2_Moderate"": 2}",2,VUS,VUS,,,,PM2_Moderate: gnomAD max AF=0 < threshold 0.0001 for MOI AD,,,,,,,,,,,,,,No,No,,,,,Yes
7024470,28730_2023,chr5,112833037,TTTTTGC,T,APC,AD,ENST00000257430.9:c.1744-1891_1744-1886del,Not provided,,,,,intron_variant,Het,15,0.400,Familial adenomatous polyposis,Yes,"RULES_PRESENT_NO_MATCH: Exclude if Consequence contains ""5_prime_UTR_variant"";RULES_PRESENT_NO_MATCH: Exclude if Consequence contains ""5_prime_UTR_variant""",No,unknown_db_phenotype,No phenotype text in DB (unknown),Not provided,Not provided,0,Not provided,Not provided,0,Not provided,0,0,Not provided,No database evidence,0.0,Unknown,Not provided,Not provided,Not provided,Not provided,[],[],unknown,No,PM2_Moderate,"{""PM2_Moderate"": 2}",2,VUS,VUS,,,,PM2_Moderate: gnomAD max AF=0 < threshold 0.0001 for MOI AD,,,,,,,,,,,,,,No,No,,,,,Yes
7024470,28730_2023,chr6,7541201,G,A,DSP,AD,Not provided,Not provided,,,,,upstream_gene_variant,Het,32,0.438,Arrhythmogenic right ventricular cardiomyopathy; Dilated cardiomyopathy,No,,No,unknown_db_phenotype,No phenotype text in DB (unknown),Not provided,Not provided,0,Not provided,Not provided,0,Not provided,0,0,Not provided,No database evidence,0.0,Unknown,Not provided,Not provided,Not provided,Not provided,[],[],unknown,No,PM2_Moderate,"{""PM2_Moderate"": 2}",2,VUS,VUS,,,,PM2_Moderate: gnomAD max AF=0 < threshold 0.0001 for MOI AD,,,,,,,,,,,,,,No,No,,,,,Yes
7024470,28730_2023,chr6,7572553,T,A,DSP,AD,ENST00000379802.8:c.2130+485T>A,Not provided,,,,,intron_variant,Het,38,0.615,Arrhythmogenic right ventricular cardiomyopathy; Dilated cardiomyopathy,No,,No,unknown_db_phenotype,No phenotype text in DB (unknown),Not provided,Not provided,0,Not provided,Not provided,0,Not provided,0,0,Not provided,No database evidence,0.0,Unknown,Not provided,Not provided,0.000,Not provided,[],[],unknown,No,PM2_Moderate,"{""PM2_Moderate"": 2}",2,VUS,VUS,,,,PM2_Moderate: gnomAD max AF=0 < threshold 0.0001 for MOI AD,,,,,,,,,,,,,,No,No,,,,,Yes
7024470,28730_2023,chr6,26087893,G,T,HFE,AR,ENST00000357618.10:c.76+377G>T,Not provided,,,,,intron_variant,Het,29,0.367,Hereditary hemochromatosis (c.845G>A; p.C282Y homozygotes only),Yes,"RULES_PRESENT_NO_MATCH: Include if HGVSp contains ""p.Cys282Tyr"";RULES_PRESENT_NO_MATCH: Include if HGVSp contains ""p.Cys282Tyr""",No,unknown_db_phenotype,No phenotype text in DB (unknown),Not provided,Not provided,0,Not provided,Not provided,0,Not provided,0,0,Not provided,No database evidence,0.0,Unknown,Not provided,Not provided,0.670,Not provided,[],[],unknown,No,PM2_Moderate;PP3_Moderate,"{""PM2_Moderate"": 2, ""PP3_Moderate"": 2}",4,VUS,VUS,,,,PM2_Moderate: gnomAD max AF=0 < threshold 0.005 for MOI AR,,,,,"PP3_Moderate: computational evidence (SpliceAI=0.670, REVEL=NA, CADD=NA) met moderate thresholds",,,,,,,,,No,No,,,,,Yes
7024470,28730_2023,chr6,118563706,C,G,PLN,AD,Not provided,Not provided,,,,,downstream_gene_variant,Het,32,0.500,Dilated cardiomyopathy,No,,No,unknown_db_phenotype,No phenotype text in DB (unknown),Not provided,Not provided,0,Not provided,Not provided,0,Not provided,0,0,Not provided,No database evidence,0.0,Unknown,Not provided,Not provided,Not provided,Not provided,[],[],unknown,No,PM2_Moderate,"{""PM2_Moderate"": 2}",2,VUS,VUS,,,,PM2_Moderate: gnomAD max AF=0 < threshold 0.0001 for MOI AD,,,,,,,,,,,,,,No,No,,,,,Yes
7024470,28730_2023,chr6,123216116,C,T,TRDN,AR,Not provided,Not provided,,,,,downstream_gene_variant,Het,38,0.513,Catecholaminergic polymorphic ventricular tachycardia; Long QT syndrome,No,,No,unknown_db_phenotype,No phenotype text in DB (unknown),Not provided,Not provided,0,Not provided,Not provided,0,Not provided,0,0,Not provided,No database evidence,0.000027,v3,Not provided,Not provided,Not provided,Not provided,[],[],unknown,No,PM2_Moderate,"{""PM2_Moderate"": 2}",2,VUS,VUS,,,,PM2_Moderate: gnomAD max AF=2.65164e-05 < threshold 0.005 for MOI AR,,,,,,,,,,,,,,No,No,,,,"Filtered: outside recommended transcript/exon/protein region per recommendations: {'transcript_exons': [{'transcript': 'NM_001256021.1', 'start_exon': 1, 'end_exon': 8}]}",Yes
7024470,28730_2023,chr6,123223672,T,TCTTCCTTCCTTCCTTC,TRDN,AR,ENST00000334268.9:c.2014+405_2014+420dup,Not provided,,,,,intron_variant,Het,18,0.217,Catecholaminergic polymorphic ventricular tachycardia; Long QT syndrome,No,,No,unknown_db_phenotype,No phenotype text in DB (unknown),Not provided,Not provided,0,Not provided,Not provided,0,Not provided,0,0,Not provided,No database evidence,0.0,Unknown,Not provided,Not provided,Not provided,Not provided,[],[],unknown,No,PM2_Moderate,"{""PM2_Moderate"": 2}",2,VUS,VUS,,,,PM2_Moderate: gnomAD max AF=0 < threshold 0.005 for MOI AR,,,,,,,,,,,,,,No,No,,,,"Filtered: outside recommended transcript/exon/protein region per recommendations: {'transcript_exons': [{'transcript': 'NM_001256021.1', 'start_exon': 1, 'end_exon': 8}]}",Yes
7024470,28730_2023,chr6,123237258,G,GT,TRDN,AR,ENST00000334268.9:c.1976-13128dup,Not provided,,,,,intron_variant,Het,35,0.474,Catecholaminergic polymorphic ventricular tachycardia; Long QT syndrome,No,,No,unknown_db_phenotype,No phenotype text in DB (unknown),Not provided,Not provided,0,Not provided,Not provided,0,Not provided,0,0,Not provided,No database evidence,0.0,Unknown,Not provided,Not provided,0.000,Not provided,[],[],unknown,No,PM2_Moderate,"{""PM2_Moderate"": 2}",2,VUS,VUS,,,,PM2_Moderate: gnomAD max AF=0 < threshold 0.005 for MOI AR,,,,,,,,,,,,,,No,No,,,,"Filtered: outside recommended transcript/exon/protein region per recommendations: {'transcript_exons': [{'transcript': 'NM_001256021.1', 'start_exon': 1, 'end_exon': 8}]}",Yes
7024470,28730_2023,chr6,123241806,A,G,TRDN,AR,ENST00000334268.9:c.1975+10606T>C,Not provided,,,,,intron_variant,Het,40,0.575,Catecholaminergic polymorphic ventricular tachycardia; Long QT syndrome,No,,No,unknown_db_phenotype,No phenotype text in DB (unknown),Not provided,Not provided,0,Not provided,Not provided,0,Not provided,0,0,Not provided,No database evidence,0.0,Unknown,Not provided,Not provided,0.000,Not provided,[],[],unknown,No,PM2_Moderate,"{""PM2_Moderate"": 2}",2,VUS,VUS,,,,PM2_Moderate: gnomAD max AF=0 < threshold 0.005 for MOI AR,,,,,,,,,,,,,,No,No,,,,"Filtered: outside recommended transcript/exon/protein region per recommendations: {'transcript_exons': [{'transcript': 'NM_001256021.1', 'start_exon': 1, 'end_exon': 8}]}",Yes
7024470,28730_2023,chr6,123262050,G,C,TRDN,AR,ENST00000334268.9:c.1805-1412C>G,Not provided,,,,,intron_variant,Het,42,0.500,Catecholaminergic polymorphic ventricular tachycardia; Long QT syndrome,No,,No,unknown_db_phenotype,No phenotype text in DB (unknown),Not provided,Not provided,0,Not provided,Not provided,0,Not provided,0,0,Not provided,No database evidence,0.0,Unknown,Not provided,Not provided,0.000,Not provided,[],[],unknown,No,PM2_Moderate,"{""PM2_Moderate"": 2}",2,VUS,VUS,,,,PM2_Moderate: gnomAD max AF=0 < threshold 0.005 for MOI AR,,,,,,,,,,,,,,No,No,,,,"Filtered: outside recommended transcript/exon/protein region per recommendations: {'transcript_exons': [{'transcript': 'NM_001256021.1', 'start_exon': 1, 'end_exon': 8}]}",Yes
7024470,28730_2023,chr6,123273281,G,A,TRDN,AR,ENST00000334268.9:c.1624+56C>T,Not provided,,,,,intron_variant,Het,37,0.526,Catecholaminergic polymorphic ventricular tachycardia; Long QT syndrome,No,,No,unknown_db_phenotype,No phenotype text in DB (unknown),Not provided,Not provided,0,Not provided,Not provided,0,Not provided,0,0,Not provided,No database evidence,0.0,Unknown,Not provided,Not provided,0.000,Not provided,[],[],unknown,No,PM2_Moderate,"{""PM2_Moderate"": 2}",2,VUS,VUS,,,,PM2_Moderate: gnomAD max AF=0 < threshold 0.005 for MOI AR,,,,,,,,,,,,,,No,No,,,,"Filtered: outside recommended transcript/exon/protein region per recommendations: {'transcript_exons': [{'transcript': 'NM_001256021.1', 'start_exon': 1, 'end_exon': 8}]}",Yes
7024470,28730_2023,chr6,123289011,TGG,T,TRDN,AR,ENST00000334268.9:c.1511-9931_1511-9930del,Not provided,,,,,intron_variant,Het,10,0.545,Catecholaminergic polymorphic ventricular tachycardia; Long QT syndrome,No,,No,unknown_db_phenotype,No phenotype text in DB (unknown),Not provided,Not provided,0,Not provided,Not provided,0,Not provided,0,0,Not provided,No database evidence,0.0,Unknown,Not provided,Not provided,0.000,Not provided,[],[],unknown,No,PM2_Moderate,"{""PM2_Moderate"": 2}",2,VUS,VUS,,,,PM2_Moderate: gnomAD max AF=0 < threshold 0.005 for MOI AR,,,,,,,,,,,,,,No,No,,,,"Filtered: outside recommended transcript/exon/protein region per recommendations: {'transcript_exons': [{'transcript': 'NM_001256021.1', 'start_exon': 1, 'end_exon': 8}]}",Yes
7024470,28730_2023,chr6,123307702,C,A,TRDN,AR,ENST00000334268.9:c.1510+8755G>T,Not provided,,,,,intron_variant,Het,26,0.519,Catecholaminergic polymorphic ventricular tachycardia; Long QT syndrome,No,,No,unknown_db_phenotype,No phenotype text in DB (unknown),Not provided,Not provided,0,Not provided,Not provided,0,Not provided,0,0,Not provided,No database evidence,0.0,Unknown,Not provided,Not provided,0.000,Not provided,[],[],unknown,No,PM2_Moderate,"{""PM2_Moderate"": 2}",2,VUS,VUS,,,,PM2_Moderate: gnomAD max AF=0 < threshold 0.005 for MOI AR,,,,,,,,,,,,,,No,No,,,,"Filtered: outside recommended transcript/exon/protein region per recommendations: {'transcript_exons': [{'transcript': 'NM_001256021.1', 'start_exon': 1, 'end_exon': 8}]}",Yes
7024470,28730_2023,chr6,123314572,A,G,TRDN,AR,ENST00000334268.9:c.1510+1885T>C,Not provided,,,,,intron_variant,Het,39,0.429,Catecholaminergic polymorphic ventricular tachycardia; Long QT syndrome,No,,No,unknown_db_phenotype,No phenotype text in DB (unknown),Not provided,Not provided,0,Not provided,Not provided,0,Not provided,0,0,Not provided,No database evidence,0.0,Unknown,Not provided,Not provided,0.000,Not provided,[],[],unknown,No,PM2_Moderate,"{""PM2_Moderate"": 2}",2,VUS,VUS,,,,PM2_Moderate: gnomAD max AF=0 < threshold 0.005 for MOI AR,,,,,,,,,,,,,,No,No,,,,"Filtered: outside recommended transcript/exon/protein region per recommendations: {'transcript_exons': [{'transcript': 'NM_001256021.1', 'start_exon': 1, 'end_exon': 8}]}",Yes
7024470,28730_2023,chr6,123329655,AC,A,TRDN,AR,ENST00000334268.9:c.1471+2223del,Not provided,,,,,intron_variant,Het,38,0.538,Catecholaminergic polymorphic ventricular tachycardia; Long QT syndrome,No,,No,unknown_db_phenotype,No phenotype text in DB (unknown),Not provided,Not provided,0,Not provided,Not provided,0,Not provided,0,0,Not provided,No database evidence,0.0,Unknown,Not provided,Not provided,0.010,Not provided,[],[],unknown,No,PM2_Moderate,"{""PM2_Moderate"": 2}",2,VUS,VUS,,,,PM2_Moderate: gnomAD max AF=0 < threshold 0.005 for MOI AR,,,,,,,,,,,,,,No,No,,,,"Filtered: outside recommended transcript/exon/protein region per recommendations: {'transcript_exons': [{'transcript': 'NM_001256021.1', 'start_exon': 1, 'end_exon': 8}]}",Yes
7024470,28730_2023,chr6,123331686,A,G,TRDN,AR,ENST00000334268.9:c.1471+193T>C,Not provided,,,,,intron_variant,Het,50,0.540,Catecholaminergic polymorphic ventricular tachycardia; Long QT syndrome,No,,No,unknown_db_phenotype,No phenotype text in DB (unknown),not_provided,Likely_benign,1,Not provided,Not provided,0,Not provided,0,0,Not provided,ClinVar: Likely_benign (1*),0.0,Unknown,Not provided,Not provided,0.000,Not provided,[],[],unknown,No,PM2_Moderate,"{""PM2_Moderate"": 2}",2,VUS,VUS,,,,PM2_Moderate: gnomAD max AF=0 < threshold 0.005 for MOI AR,,,,,,,,,,,,,,No,No,,,Low quality ClinVar: Likely_benign (1 stars);Low quality ClinVar: Likely_benign (1 stars),"Filtered: outside recommended transcript/exon/protein region per recommendations: {'transcript_exons': [{'transcript': 'NM_001256021.1', 'start_exon': 1, 'end_exon': 8}]}",Yes
7024470,28730_2023,chr6,123411203,C,T,TRDN,AR,ENST00000334268.9:c.1052-17526G>A,Not provided,,,,,intron_variant,Het,38,0.439,Catecholaminergic polymorphic ventricular tachycardia; Long QT syndrome,No,,No,unknown_db_phenotype,No phenotype text in DB (unknown),Not provided,Not provided,0,Not provided,Not provided,0,Not provided,0,0,Not provided,No database evidence,0.0,Unknown,Not provided,Not provided,0.000,Not provided,[],[],unknown,No,PM2_Moderate,"{""PM2_Moderate"": 2}",2,VUS,VUS,,,,PM2_Moderate: gnomAD max AF=0 < threshold 0.005 for MOI AR,,,,,,,,,,,,,,No,No,,,,"Filtered: outside recommended transcript/exon/protein region per recommendations: {'transcript_exons': [{'transcript': 'NM_001256021.1', 'start_exon': 1, 'end_exon': 8}]}",Yes
7024470,28730_2023,chr6,123414874,G,A,TRDN,AR,ENST00000334268.9:c.1052-21197C>T,Not provided,,,,,intron_variant,Het,40,0.293,Catecholaminergic polymorphic ventricular tachycardia; Long QT syndrome,No,,No,unknown_db_phenotype,No phenotype text in DB (unknown),Not provided,Not provided,0,Not provided,Not provided,0,Not provided,0,0,Not provided,No database evidence,0.0,Unknown,Not provided,Not provided,0.000,Not provided,[],[],unknown,No,PM2_Moderate,"{""PM2_Moderate"": 2}",2,VUS,VUS,,,,PM2_Moderate: gnomAD max AF=0 < threshold 0.005 for MOI AR,,,,,,,,,,,,,,No,No,,,,"Filtered: outside recommended transcript/exon/protein region per recommendations: {'transcript_exons': [{'transcript': 'NM_001256021.1', 'start_exon': 1, 'end_exon': 8}]}",Yes
7024470,28730_2023,chr6,123448662,GAAGACAA,G,TRDN,AR,ENST00000334268.9:c.932-9666_932-9660del,Not provided,,,,,intron_variant,Het,25,0.538,Catecholaminergic polymorphic ventricular tachycardia; Long QT syndrome,No,,No,unknown_db_phenotype,No phenotype text in DB (unknown),Not provided,Not provided,0,Not provided,Not provided,0,Not provided,0,0,Not provided,No database evidence,0.0,Unknown,Not provided,Not provided,Not provided,Not provided,[],[],unknown,No,PM2_Moderate,"{""PM2_Moderate"": 2}",2,VUS,VUS,,,,PM2_Moderate: gnomAD max AF=0 < threshold 0.005 for MOI AR,,,,,,,,,,,,,,No,No,,,,"Filtered: outside recommended transcript/exon/protein region per recommendations: {'transcript_exons': [{'transcript': 'NM_001256021.1', 'start_exon': 1, 'end_exon': 8}]}",Yes
7024470,28730_2023,chr6,123450908,A,C,TRDN,AR,ENST00000334268.9:c.932-11905T>G,Not provided,,,,,intron_variant,Het,25,0.400,Catecholaminergic polymorphic ventricular tachycardia; Long QT syndrome,No,,No,unknown_db_phenotype,No phenotype text in DB (unknown),Not provided,Not provided,0,Not provided,Not provided,0,Not provided,0,0,Not provided,No database evidence,0.0,Unknown,Not provided,Not provided,0.000,Not provided,[],[],unknown,No,PM2_Moderate,"{""PM2_Moderate"": 2}",2,VUS,VUS,,,,PM2_Moderate: gnomAD max AF=0 < threshold 0.005 for MOI AR,,,,,,,,,,,,,,No,No,,,,"Filtered: outside recommended transcript/exon/protein region per recommendations: {'transcript_exons': [{'transcript': 'NM_001256021.1', 'start_exon': 1, 'end_exon': 8}]}",Yes
7024470,28730_2023,chr6,123463357,T,TAATAAATA,TRDN,AR,ENST00000334268.9:c.931+1541_931+1548dup,Not provided,,,,,intron_variant,Het,26,0.536,Catecholaminergic polymorphic ventricular tachycardia; Long QT syndrome,No,,No,unknown_db_phenotype,No phenotype text in DB (unknown),Not provided,Not provided,0,Not provided,Not provided,0,Not provided,0,0,Not provided,No database evidence,0.0,Unknown,Not provided,Not provided,Not provided,Not provided,[],[],unknown,No,PM2_Moderate,"{""PM2_Moderate"": 2}",2,VUS,VUS,,,,PM2_Moderate: gnomAD max AF=0 < threshold 0.005 for MOI AR,,,,,,,,,,,,,,No,No,,,,"Filtered: outside recommended transcript/exon/protein region per recommendations: {'transcript_exons': [{'transcript': 'NM_001256021.1', 'start_exon': 1, 'end_exon': 8}]}",Yes
7024470,28730_2023,chr6,123475391,G,A,TRDN,AR,ENST00000334268.9:c.854-10408C>T,Not provided,,,,,intron_variant,Het,16,0.368,Catecholaminergic polymorphic ventricular tachycardia; Long QT syndrome,No,,No,unknown_db_phenotype,No phenotype text in DB (unknown),Not provided,Not provided,0,Not provided,Not provided,0,Not provided,0,0,Not provided,No database evidence,0.0,Unknown,Not provided,Not provided,0.000,Not provided,[],[],unknown,No,PM2_Moderate,"{""PM2_Moderate"": 2}",2,VUS,VUS,,,,PM2_Moderate: gnomAD max AF=0 < threshold 0.005 for MOI AR,,,,,,,,,,,,,,No,No,,,,"Filtered: outside recommended transcript/exon/protein region per recommendations: {'transcript_exons': [{'transcript': 'NM_001256021.1', 'start_exon': 1, 'end_exon': 8}]}",Yes
7024470,28730_2023,chr6,123505703,C,CT,TRDN,AR,ENST00000334268.9:c.611-1803dup,Not provided,,,,,intron_variant,Het,18,0.263,Catecholaminergic polymorphic ventricular tachycardia; Long QT syndrome,No,,No,unknown_db_phenotype,No phenotype text in DB (unknown),Not provided,Not provided,0,Not provided,Not provided,0,Not provided,0,0,Not provided,No database evidence,0.0,Unknown,Not provided,Not provided,0.000,Not provided,[],[],unknown,No,PM2_Moderate,"{""PM2_Moderate"": 2}",2,VUS,VUS,,,,PM2_Moderate: gnomAD max AF=0 < threshold 0.005 for MOI AR,,,,,,,,,,,,,,No,No,,,,"Filtered: outside recommended transcript/exon/protein region per recommendations: {'transcript_exons': [{'transcript': 'NM_001256021.1', 'start_exon': 1, 'end_exon': 8}]}",Yes
7024470,28730_2023,chr6,123515772,T,A,TRDN,AR,ENST00000334268.9:c.550+369A>T,Not provided,,,,,intron_variant,Het,32,0.588,Catecholaminergic polymorphic ventricular tachycardia; Long QT syndrome,No,,No,unknown_db_phenotype,No phenotype text in DB (unknown),Not provided,Not provided,0,Not provided,Not provided,0,Not provided,0,0,Not provided,No database evidence,0.0,Unknown,Not provided,Not provided,0.000,Not provided,[],[],unknown,No,PM2_Moderate,"{""PM2_Moderate"": 2}",2,VUS,VUS,,,,PM2_Moderate: gnomAD max AF=0 < threshold 0.005 for MOI AR,,,,,,,,,,,,,,No,No,,,,"Filtered: outside recommended transcript/exon/protein region per recommendations: {'transcript_exons': [{'transcript': 'NM_001256021.1', 'start_exon': 1, 'end_exon': 8}]}",Yes
7024470,28730_2023,chr6,123568318,A,T,TRDN,AR,ENST00000334268.9:c.232+2605T>A,Not provided,,,,,intron_variant,Het,34,0.486,Catecholaminergic polymorphic ventricular tachycardia; Long QT syndrome,No,,No,unknown_db_phenotype,No phenotype text in DB (unknown),Not provided,Not provided,0,Not provided,Not provided,0,Not provided,0,0,Not provided,No database evidence,0.0,Unknown,Not provided,Not provided,0.000,Not provided,[],[],unknown,No,PM2_Moderate,"{""PM2_Moderate"": 2}",2,VUS,VUS,,,,PM2_Moderate: gnomAD max AF=0 < threshold 0.005 for MOI AR,,,,,,,,,,,,,,No,No,,,,"Filtered: outside recommended transcript/exon/protein region per recommendations: {'transcript_exons': [{'transcript': 'NM_001256021.1', 'start_exon': 1, 'end_exon': 8}]}",Yes
7024470,28730_2023,chr6,123619868,A,T,TRDN,AR,ENST00000334268.9:c.22+16886T>A,Not provided,,,,,intron_variant,Het,52,0.537,Catecholaminergic polymorphic ventricular tachycardia; Long QT syndrome,No,,No,unknown_db_phenotype,No phenotype text in DB (unknown),Not provided,Not provided,0,Not provided,Not provided,0,Not provided,0,0,Not provided,No database evidence,0.0,Unknown,Not provided,Not provided,0.000,Not provided,[],[],unknown,No,PM2_Moderate,"{""PM2_Moderate"": 2}",2,VUS,VUS,,,,PM2_Moderate: gnomAD max AF=0 < threshold 0.005 for MOI AR,,,,,,,,,,,,,,No,No,,,,"Filtered: outside recommended transcript/exon/protein region per recommendations: {'transcript_exons': [{'transcript': 'NM_001256021.1', 'start_exon': 1, 'end_exon': 8}]}",Yes
7024470,28730_2023,chr6,123621449,A,C,TRDN,AR,ENST00000334268.9:c.22+15305T>G,Not provided,,,,,intron_variant,Het,32,0.606,Catecholaminergic polymorphic ventricular tachycardia; Long QT syndrome,No,,No,unknown_db_phenotype,No phenotype text in DB (unknown),Not provided,Not provided,0,Not provided,Not provided,0,Not provided,0,0,Not provided,No database evidence,0.000007,v3,Not provided,Not provided,0.020,Not provided,[],[],unknown,Yes,PM2_Moderate,"{""PM2_Moderate"": 2}",2,VUS,VUS,,,,PM2_Moderate: gnomAD max AF=6.57099e-06 < threshold 0.005 for MOI AR,,,,,,,,,,,,,,No,No,,,Delins cluster (unphased) detected (cluster_id=30; members=chr6:123621449:A:C:7024470;chr6:123621450:T:G:7024470) - phasing required to confirm cis/trans.,"Filtered: outside recommended transcript/exon/protein region per recommendations: {'transcript_exons': [{'transcript': 'NM_001256021.1', 'start_exon': 1, 'end_exon': 8}]}",Yes
7024470,28730_2023,chr6,123621450,T,G,TRDN,AR,ENST00000334268.9:c.22+15304A>C,Not provided,,,,,intron_variant,Het,29,0.581,Catecholaminergic polymorphic ventricular tachycardia; Long QT syndrome,No,,No,unknown_db_phenotype,No phenotype text in DB (unknown),Not provided,Not provided,0,Not provided,Not provided,0,Not provided,0,0,Not provided,No database evidence,0.000007,v3,Not provided,Not provided,0.000,Not provided,[],[],unknown,Yes,PM2_Moderate,"{""PM2_Moderate"": 2}",2,VUS,VUS,,,,PM2_Moderate: gnomAD max AF=6.57609e-06 < threshold 0.005 for MOI AR,,,,,,,,,,,,,,No,No,,,Delins cluster (unphased) detected (cluster_id=30; members=chr6:123621449:A:C:7024470;chr6:123621450:T:G:7024470) - phasing required to confirm cis/trans.,"Filtered: outside recommended transcript/exon/protein region per recommendations: {'transcript_exons': [{'transcript': 'NM_001256021.1', 'start_exon': 1, 'end_exon': 8}]}",Yes
7024470,28730_2023,chr6,123627431,G,A,TRDN,AR,ENST00000334268.9:c.22+9323C>T,Not provided,,,,,intron_variant,Het,58,0.492,Catecholaminergic polymorphic ventricular tachycardia; Long QT syndrome,No,,No,unknown_db_phenotype,No phenotype text in DB (unknown),Not provided,Not provided,0,Not provided,Not provided,0,Not provided,0,0,Not provided,No database evidence,0.0,Unknown,Not provided,Not provided,0.000,Not provided,[],[],unknown,No,PM2_Moderate,"{""PM2_Moderate"": 2}",2,VUS,VUS,,,,PM2_Moderate: gnomAD max AF=0 < threshold 0.005 for MOI AR,,,,,,,,,,,,,,No,No,,,,"Filtered: outside recommended transcript/exon/protein region per recommendations: {'transcript_exons': [{'transcript': 'NM_001256021.1', 'start_exon': 1, 'end_exon': 8}]}",Yes
7024470,28730_2023,chr7,5966800,G,A,PMS2,AD,Not provided,Not provided,,,,,downstream_gene_variant,Hom,5,1.000,Lynch syndrome,No,,No,unknown_db_phenotype,No phenotype text in DB (unknown),Not provided,Not provided,0,Not provided,Not provided,0,Not provided,0,0,Not provided,No database evidence,0.0,Unknown,Not provided,Not provided,Not provided,Not provided,[],[],unknown,No,PM2_Moderate,"{""PM2_Moderate"": 2}",2,VUS,VUS,,,,PM2_Moderate: gnomAD max AF=0 < threshold 0.0001 for MOI AD,,,,,,,,,,,,,,No,No,,,,,Yes
7024470,28730_2023,chr7,5975535,C,CT,PMS2,AD,ENST00000265849.12:c.2446-1994_2446-1993insA,Not provided,,,,,intron_variant,Hom,6,1.000,Lynch syndrome,No,,No,unknown_db_phenotype,No phenotype text in DB (unknown),Not provided,Not provided,0,Not provided,Not provided,0,Not provided,0,0,Not provided,No database evidence,0.0,Unknown,Not provided,Not provided,0.000,Not provided,[],[],unknown,Yes,PM2_Moderate,"{""PM2_Moderate"": 2}",2,VUS,VUS,,,,PM2_Moderate: gnomAD max AF=0 < threshold 0.0001 for MOI AD,,,,,,,,,,,,,,No,No,,,Delins cluster (unphased) detected (cluster_id=31; members=chr7:5975535:C:CT:7024470;chr7:5975536:C:T:7024470) - phasing required to confirm cis/trans.;Delins/overlap cluster (id=31) detected but not all members meet P/LP or >5pts -> not auto-escalated (possible carrier).,,Yes
7024470,28730_2023,chr7,5975536,C,T,PMS2,AD,ENST00000265849.12:c.2446-1994G>A,Not provided,,,,,intron_variant,Hom,6,1.000,Lynch syndrome,No,,No,unknown_db_phenotype,No phenotype text in DB (unknown),Not provided,Not provided,0,Not provided,Not provided,0,Not provided,0,0,Not provided,No database evidence,0.0,Unknown,Not provided,Not provided,0.000,Not provided,[],[],unknown,Yes,PM2_Moderate,"{""PM2_Moderate"": 2}",2,VUS,VUS,,,,PM2_Moderate: gnomAD max AF=0 < threshold 0.0001 for MOI AD,,,,,,,,,,,,,,No,No,,,Delins cluster (unphased) detected (cluster_id=31; members=chr7:5975535:C:CT:7024470;chr7:5975536:C:T:7024470) - phasing required to confirm cis/trans.;Delins/overlap cluster (id=31) detected but not all members meet P/LP or >5pts -> not auto-escalated (possible carrier).,,Yes
7024470,28730_2023,chr7,5977029,TA,T,PMS2,AD,ENST00000265849.12:c.2445+558del,Not provided,,,,,intron_variant,Hom,5,0.600,Lynch syndrome,No,,No,unknown_db_phenotype,No phenotype text in DB (unknown),Not provided,Not provided,0,Not provided,Not provided,0,Not provided,0,0,Not provided,No database evidence,0.000099,v3,Not provided,Not provided,0.010,Not provided,[],[],unknown,No,PM2_Moderate,"{""PM2_Moderate"": 2}",2,VUS,VUS,,,,PM2_Moderate: gnomAD max AF=9.90452e-05 < threshold 0.0001 for MOI AD,,,,,,,,,,,,,,No,No,,,,,Yes
7024470,28730_2023,chr7,5991634,T,A,PMS2,AD,ENST00000265849.12:c.988+339A>T,Not provided,,,,,intron_variant,Het,26,0.519,Lynch syndrome,No,,No,unknown_db_phenotype,No phenotype text in DB (unknown),Not provided,Not provided,0,Not provided,Not provided,0,Not provided,0,0,Not provided,No database evidence,0.000013,v3,Not provided,Not provided,0.000,Not provided,[],[],unknown,No,PM2_Moderate,"{""PM2_Moderate"": 2}",2,VUS,VUS,,,,PM2_Moderate: gnomAD max AF=1.32205e-05 < threshold 0.0001 for MOI AD,,,,,,,,,,,,,,No,No,,,,,Yes
7024470,28730_2023,chr7,128842204,T,C,FLNC,AD,ENST00000325888.13:c.2122-27T>C,Not provided,,,,,intron_variant,Het,26,0.556,Dilated cardiomyopathy; Hypertrophic cardiomyopathy; Myofibrillar myopathy,No,,No,N/A,N/A,not_specified|not_provided,Benign/Likely_benign,2,Not provided,Not provided,0,Not provided,0,0,Not provided,ClinVar: Benign/Likely_benign (2*),0.0,Unknown,Not provided,Not provided,0.020,Not provided,[],[],unknown,No,PM2_Moderate,"{""PM2_Moderate"": 2}",2,VUS,VUS,,,,PM2_Moderate: gnomAD max AF=0 < threshold 0.0001 for MOI AD,,,,,,,,,,,,,,No,No,,,,Filtered: HQ Benign (ClinVar≥2★ or HGMD benign or Internal DB benign),Yes
7024470,28730_2023,chr7,128863189,G,T,FLNC,AD,Not provided,Not provided,,,,,downstream_gene_variant,Het,31,0.353,Dilated cardiomyopathy; Hypertrophic cardiomyopathy; Myofibrillar myopathy,No,,No,unknown_db_phenotype,No phenotype text in DB (unknown),Not provided,Not provided,0,Not provided,Not provided,0,Not provided,0,0,Not provided,No database evidence,0.000026,v3,Not provided,Not provided,Not provided,Not provided,[],[],unknown,No,PM2_Moderate,"{""PM2_Moderate"": 2}",2,VUS,VUS,,,,PM2_Moderate: gnomAD max AF=2.62933e-05 < threshold 0.0001 for MOI AD,,,,,,,,,,,,,,No,No,,,,,Yes
7024470,28730_2023,chr7,150939140,AG,A,KCNH2,AD,Not provided,Not provided,,,,,downstream_gene_variant,Het,38,0.500,Long-QT syndrome type 2,No,,No,unknown_db_phenotype,No phenotype text in DB (unknown),Not provided,Not provided,0,Not provided,Not provided,0,Not provided,0,0,Not provided,No database evidence,0.0,Unknown,Not provided,Not provided,Not provided,Not provided,[],[],unknown,No,PM2_Moderate,"{""PM2_Moderate"": 2}",2,VUS,VUS,,,,PM2_Moderate: gnomAD max AF=0 < threshold 0.0001 for MOI AD,,,,,,,,,,,,,,No,No,,,,,Yes
7024470,28730_2023,chr7,151560868,G,A,PRKAG2,AD,ENST00000287878.9:c.1585-251C>T,Not provided,,,,,intron_variant,Het,24,0.481,Hypertrophic cardiomyopathy,No,,No,unknown_db_phenotype,No phenotype text in DB (unknown),Not provided,Not provided,0,Not provided,Not provided,0,Not provided,0,0,Not provided,No database evidence,0.0,Unknown,Not provided,Not provided,0.000,Not provided,[],[],unknown,No,PM2_Moderate,"{""PM2_Moderate"": 2}",2,VUS,VUS,,,,PM2_Moderate: gnomAD max AF=0 < threshold 0.0001 for MOI AD,,,,,,,,,,,,,,No,No,,,,,Yes
7024470,28730_2023,chr7,151594580,G,A,PRKAG2,AD,ENST00000287878.9:c.864+765C>T,Not provided,,,,,intron_variant,Het,32,0.500,Hypertrophic cardiomyopathy,No,,No,unknown_db_phenotype,No phenotype text in DB (unknown),Not provided,Not provided,0,Not provided,Not provided,0,Not provided,0,0,Not provided,No database evidence,0.000007,v3,Not provided,Not provided,0.000,Not provided,[],[],unknown,No,PM2_Moderate,"{""PM2_Moderate"": 2}",2,VUS,VUS,,,,PM2_Moderate: gnomAD max AF=6.57471e-06 < threshold 0.0001 for MOI AD,,,,,,,,,,,,,,No,No,,,,,Yes
7024470,28730_2023,chr7,151598173,G,A,PRKAG2,AD,ENST00000287878.9:c.755-2719C>T,Not provided,,,,,intron_variant,Het,20,0.600,Hypertrophic cardiomyopathy,No,,No,unknown_db_phenotype,No phenotype text in DB (unknown),Not provided,Not provided,0,Not provided,Not provided,0,Not provided,0,0,Not provided,No database evidence,0.0,Unknown,Not provided,Not provided,0.000,Not provided,[],[],unknown,No,PM2_Moderate,"{""PM2_Moderate"": 2}",2,VUS,VUS,,,,PM2_Moderate: gnomAD max AF=0 < threshold 0.0001 for MOI AD,,,,,,,,,,,,,,No,No,,,,,Yes
7024470,28730_2023,chr7,151632833,C,T,PRKAG2,AD,ENST00000287878.9:c.685-695G>A,Not provided,,,,,intron_variant,Het,21,0.522,Hypertrophic cardiomyopathy,No,,No,unknown_db_phenotype,No phenotype text in DB (unknown),Not provided,Not provided,0,Not provided,Not provided,0,Not provided,0,0,Not provided,No database evidence,0.000007,v3,Not provided,Not provided,0.000,Not provided,[],[],unknown,No,PM2_Moderate,"{""PM2_Moderate"": 2}",2,VUS,VUS,,,,PM2_Moderate: gnomAD max AF=6.58163e-06 < threshold 0.0001 for MOI AD,,,,,,,,,,,,,,No,No,,,,,Yes
7024470,28730_2023,chr7,151639891,G,GTCAA,PRKAG2,AD,ENST00000287878.9:c.685-7757_685-7754dup,Not provided,,,,,intron_variant,Het,29,0.516,Hypertrophic cardiomyopathy,No,,No,unknown_db_phenotype,No phenotype text in DB (unknown),Not provided,Not provided,0,Not provided,Not provided,0,Not provided,0,0,Not provided,No database evidence,0.0,Unknown,Not provided,Not provided,Not provided,Not provided,[],[],unknown,No,PM2_Moderate,"{""PM2_Moderate"": 2}",2,VUS,VUS,,,,PM2_Moderate: gnomAD max AF=0 < threshold 0.0001 for MOI AD,,,,,,,,,,,,,,No,No,,,,,Yes
7024470,28730_2023,chr7,151653996,A,G,PRKAG2,AD,ENST00000287878.9:c.684+21424T>C,Not provided,,,,,intron_variant,Het,40,0.561,Hypertrophic cardiomyopathy,No,,No,unknown_db_phenotype,No phenotype text in DB (unknown),Not provided,Not provided,0,Not provided,Not provided,0,Not provided,0,0,Not provided,No database evidence,0.0,Unknown,Not provided,Not provided,0.000,Not provided,[],[],unknown,No,PM2_Moderate,"{""PM2_Moderate"": 2}",2,VUS,VUS,,,,PM2_Moderate: gnomAD max AF=0 < threshold 0.0001 for MOI AD,,,,,,,,,,,,,,No,No,,,,,Yes
7024470,28730_2023,chr7,151663512,A,G,PRKAG2,AD,ENST00000287878.9:c.684+11908T>C,Not provided,,,,,intron_variant,Het,30,0.324,Hypertrophic cardiomyopathy,No,,No,unknown_db_phenotype,No phenotype text in DB (unknown),Not provided,Not provided,0,Not provided,Not provided,0,Not provided,0,0,Not provided,No database evidence,0.0,Unknown,Not provided,Not provided,0.000,Not provided,[],[],unknown,No,PM2_Moderate,"{""PM2_Moderate"": 2}",2,VUS,VUS,,,,PM2_Moderate: gnomAD max AF=0 < threshold 0.0001 for MOI AD,,,,,,,,,,,,,,No,No,,,,,Yes
7024470,28730_2023,chr7,151671171,C,CA,PRKAG2,AD,ENST00000287878.9:c.684+4248dup,Not provided,,,,,intron_variant,Het,11,0.667,Hypertrophic cardiomyopathy,No,,No,unknown_db_phenotype,No phenotype text in DB (unknown),Not provided,Not provided,0,Not provided,Not provided,0,Not provided,0,0,Not provided,No database evidence,0.0,Unknown,Not provided,Not provided,0.000,Not provided,[],[],unknown,No,PM2_Moderate,"{""PM2_Moderate"": 2}",2,VUS,VUS,,,,PM2_Moderate: gnomAD max AF=0 < threshold 0.0001 for MOI AD,,,,,,,,,,,,,,No,No,,,,,Yes
7024470,28730_2023,chr7,151685130,T,C,PRKAG2,AD,ENST00000287878.9:c.467-9493A>G,Not provided,,,,,intron_variant,Het,33,0.444,Hypertrophic cardiomyopathy,No,,No,unknown_db_phenotype,No phenotype text in DB (unknown),Not provided,Not provided,0,Not provided,Not provided,0,Not provided,0,0,Not provided,No database evidence,0.0,Unknown,Not provided,Not provided,0.000,Not provided,[],[],unknown,No,PM2_Moderate,"{""PM2_Moderate"": 2}",2,VUS,VUS,,,,PM2_Moderate: gnomAD max AF=0 < threshold 0.0001 for MOI AD,,,,,,,,,,,,,,No,No,,,,,Yes
7024470,28730_2023,chr7,151690674,G,C,PRKAG2,AD,ENST00000287878.9:c.467-15037C>G,Not provided,,,,,intron_variant,Het,29,0.467,Hypertrophic cardiomyopathy,No,,No,unknown_db_phenotype,No phenotype text in DB (unknown),Not provided,Not provided,0,Not provided,Not provided,0,Not provided,0,0,Not provided,No database evidence,0.0,Unknown,Not provided,Not provided,0.010,Not provided,[],[],unknown,No,PM2_Moderate,"{""PM2_Moderate"": 2}",2,VUS,VUS,,,,PM2_Moderate: gnomAD max AF=0 < threshold 0.0001 for MOI AD,,,,,,,,,,,,,,No,No,,,,,Yes
7024470,28730_2023,chr7,151713632,C,T,PRKAG2,AD,ENST00000287878.9:c.467-37995G>A,Not provided,,,,,intron_variant,Het,17,0.278,Hypertrophic cardiomyopathy,No,,No,unknown_db_phenotype,No phenotype text in DB (unknown),Not provided,Not provided,0,Not provided,Not provided,0,Not provided,0,0,Not provided,No database evidence,0.0,Unknown,Not provided,Not provided,0.000,Not provided,[],[],unknown,No,PM2_Moderate,"{""PM2_Moderate"": 2}",2,VUS,VUS,,,,PM2_Moderate: gnomAD max AF=0 < threshold 0.0001 for MOI AD,,,,,,,,,,,,,,No,No,,,,,Yes
7024470,28730_2023,chr7,151714904,C,A,PRKAG2,AD,ENST00000287878.9:c.467-39267G>T,Not provided,,,,,intron_variant,Het,26,0.593,Hypertrophic cardiomyopathy,No,,No,unknown_db_phenotype,No phenotype text in DB (unknown),Not provided,Not provided,0,Not provided,Not provided,0,Not provided,0,0,Not provided,No database evidence,0.0,Unknown,Not provided,Not provided,0.000,Not provided,[],[],unknown,No,PM2_Moderate,"{""PM2_Moderate"": 2}",2,VUS,VUS,,,,PM2_Moderate: gnomAD max AF=0 < threshold 0.0001 for MOI AD,,,,,,,,,,,,,,No,No,,,,,Yes
7024470,28730_2023,chr7,151783761,A,G,PRKAG2,AD,ENST00000287878.9:c.187-2330T>C,Not provided,,,,,intron_variant,Het,12,0.333,Hypertrophic cardiomyopathy,No,,No,unknown_db_phenotype,No phenotype text in DB (unknown),Not provided,Not provided,0,Not provided,Not provided,0,Not provided,0,0,Not provided,No database evidence,0.0,Unknown,Not provided,Not provided,0.000,Not provided,[],[],unknown,No,PM2_Moderate,"{""PM2_Moderate"": 2}",2,VUS,VUS,,,,PM2_Moderate: gnomAD max AF=0 < threshold 0.0001 for MOI AD,,,,,,,,,,,,,,No,No,,,,,Yes
7024470,28730_2023,chr7,151804204,T,G,PRKAG2,AD,ENST00000287878.9:c.115-17663A>C,Not provided,,,,,intron_variant,Het,32,0.594,Hypertrophic cardiomyopathy,No,,No,unknown_db_phenotype,No phenotype text in DB (unknown),Not provided,Not provided,0,Not provided,Not provided,0,Not provided,0,0,Not provided,No database evidence,0.0,Unknown,Not provided,Not provided,0.000,Not provided,[],[],unknown,No,PM2_Moderate,"{""PM2_Moderate"": 2}",2,VUS,VUS,,,,PM2_Moderate: gnomAD max AF=0 < threshold 0.0001 for MOI AD,,,,,,,,,,,,,,No,No,,,,,Yes
7024470,28730_2023,chr7,151820620,C,G,PRKAG2,AD,ENST00000287878.9:c.115-34079G>C,Not provided,,,,,intron_variant,Hom,19,1.000,Hypertrophic cardiomyopathy,No,,No,unknown_db_phenotype,No phenotype text in DB (unknown),Not provided,Not provided,0,Not provided,Not provided,0,Not provided,0,0,Not provided,No database evidence,0.0,Unknown,Not provided,Not provided,0.000,Not provided,[],[],unknown,Yes,PM2_Moderate,"{""PM2_Moderate"": 2}",2,VUS,VUS,,,,PM2_Moderate: gnomAD max AF=0 < threshold 0.0001 for MOI AD,,,,,,,,,,,,,,No,No,,,Delins cluster (unphased) detected (cluster_id=32; members=chr7:151820620:C:G:7024470;chr7:151820626:A:T:7024470) - phasing required to confirm cis/trans.;Delins/overlap cluster (id=32) detected but not all members meet P/LP or >5pts -> not auto-escalated (possible carrier).,,Yes
7024470,28730_2023,chr7,151820626,A,T,PRKAG2,AD,ENST00000287878.9:c.115-34085T>A,Not provided,,,,,intron_variant,Hom,22,1.000,Hypertrophic cardiomyopathy,No,,No,unknown_db_phenotype,No phenotype text in DB (unknown),Not provided,Not provided,0,Not provided,Not provided,0,Not provided,0,0,Not provided,No database evidence,0.0,Unknown,Not provided,Not provided,0.000,Not provided,[],[],unknown,Yes,PM2_Moderate,"{""PM2_Moderate"": 2}",2,VUS,VUS,,,,PM2_Moderate: gnomAD max AF=0 < threshold 0.0001 for MOI AD,,,,,,,,,,,,,,No,No,,,Delins cluster (unphased) detected (cluster_id=32; members=chr7:151820620:C:G:7024470;chr7:151820626:A:T:7024470) - phasing required to confirm cis/trans.;Delins/overlap cluster (id=32) detected but not all members meet P/LP or >5pts -> not auto-escalated (possible carrier).,,Yes
7024470,28730_2023,chr7,151820647,T,G,PRKAG2,AD,ENST00000287878.9:c.115-34106A>C,Not provided,,,,,intron_variant,Hom,27,1.000,Hypertrophic cardiomyopathy,No,,No,unknown_db_phenotype,No phenotype text in DB (unknown),Not provided,Not provided,0,Not provided,Not provided,0,Not provided,0,0,Not provided,No database evidence,0.0,Unknown,Not provided,Not provided,0.000,Not provided,[],[],unknown,No,PM2_Moderate,"{""PM2_Moderate"": 2}",2,VUS,VUS,,,,PM2_Moderate: gnomAD max AF=0 < threshold 0.0001 for MOI AD,,,,,,,,,,,,,,No,No,,,,,Yes
7024470,28730_2023,chr7,151836176,T,C,PRKAG2,AD,ENST00000287878.9:c.114+40331A>G,Not provided,,,,,intron_variant,Het,37,0.684,Hypertrophic cardiomyopathy,No,,No,unknown_db_phenotype,No phenotype text in DB (unknown),Not provided,Not provided,0,Not provided,Not provided,0,Not provided,0,0,Not provided,No database evidence,0.0,Unknown,Not provided,Not provided,0.000,Not provided,[],[],unknown,No,PM2_Moderate,"{""PM2_Moderate"": 2}",2,VUS,VUS,,,,PM2_Moderate: gnomAD max AF=0 < threshold 0.0001 for MOI AD,,,,,,,,,,,,,,No,No,,,,,Yes
7024470,28730_2023,chr7,151857168,T,C,PRKAG2,AD,ENST00000287878.9:c.114+19339A>G,Not provided,,,,,intron_variant,Het,18,0.632,Hypertrophic cardiomyopathy,No,,No,unknown_db_phenotype,No phenotype text in DB (unknown),Not provided,Not provided,0,Not provided,Not provided,0,Not provided,0,0,Not provided,No database evidence,0.000078,v3,Not provided,Not provided,0.000,Not provided,[],[],unknown,No,PM2_Moderate,"{""PM2_Moderate"": 2}",2,VUS,VUS,,,,PM2_Moderate: gnomAD max AF=7.79324e-05 < threshold 0.0001 for MOI AD,,,,,,,,,,,,,,No,No,,,,,Yes
7024470,28730_2023,chr7,151863720,A,C,PRKAG2,AD,ENST00000287878.9:c.114+12787T>G,Not provided,,,,,intron_variant,Het,30,0.452,Hypertrophic cardiomyopathy,No,,No,unknown_db_phenotype,No phenotype text in DB (unknown),Not provided,Not provided,0,Not provided,Not provided,0,Not provided,0,0,Not provided,No database evidence,0.0,Unknown,Not provided,Not provided,0.000,Not provided,[],[],unknown,No,PM2_Moderate,"{""PM2_Moderate"": 2}",2,VUS,VUS,,,,PM2_Moderate: gnomAD max AF=0 < threshold 0.0001 for MOI AD,,,,,,,,,,,,,,No,No,,,,,Yes
7024470,28730_2023,chr7,151865564,C,A,PRKAG2,AD,ENST00000287878.9:c.114+10943G>T,Not provided,,,,,intron_variant,Het,32,0.375,Hypertrophic cardiomyopathy,No,,No,unknown_db_phenotype,No phenotype text in DB (unknown),Not provided,Not provided,0,Not provided,Not provided,0,Not provided,0,0,Not provided,No database evidence,0.0,Unknown,Not provided,Not provided,0.000,Not provided,[],[],unknown,No,PM2_Moderate,"{""PM2_Moderate"": 2}",2,VUS,VUS,,,,PM2_Moderate: gnomAD max AF=0 < threshold 0.0001 for MOI AD,,,,,,,,,,,,,,No,No,,,,,Yes
7024470,28730_2023,chr7,151875565,GTGTGT,G,PRKAG2,AD,ENST00000287878.9:c.114+937_114+941del,Not provided,,,,,intron_variant,Het,16,1.000,Hypertrophic cardiomyopathy,No,,No,unknown_db_phenotype,No phenotype text in DB (unknown),Not provided,Not provided,0,Not provided,Not provided,0,Not provided,0,0,Not provided,No database evidence,0.0,Unknown,Not provided,Not provided,Not provided,Not provided,[],[],unknown,Yes,PM2_Moderate,"{""PM2_Moderate"": 2}",2,VUS,VUS,,,,PM2_Moderate: gnomAD max AF=0 < threshold 0.0001 for MOI AD,,,,,,,,,,,,,,No,No,,,Delins cluster (unphased) detected (cluster_id=33; members=chr7:151875565:GTGTGT:G:7024470;chr7:151875572:T:G:7024470) - phasing required to confirm cis/trans.;Delins/overlap cluster (id=33) detected but not all members meet P/LP or >5pts -> not auto-escalated (possible carrier).,,Yes
7024470,28730_2023,chr7,151875572,T,G,PRKAG2,AD,ENST00000287878.9:c.114+935A>C,Not provided,,,,,intron_variant,Het,16,1.000,Hypertrophic cardiomyopathy,No,,No,unknown_db_phenotype,No phenotype text in DB (unknown),Not provided,Not provided,0,Not provided,Not provided,0,Not provided,0,0,Not provided,No database evidence,0.0,Unknown,Not provided,Not provided,0.000,Not provided,[],[],unknown,Yes,PM2_Moderate,"{""PM2_Moderate"": 2}",2,VUS,VUS,,,,PM2_Moderate: gnomAD max AF=0 < threshold 0.0001 for MOI AD,,,,,,,,,,,,,,No,No,,,Delins cluster (unphased) detected (cluster_id=33; members=chr7:151875565:GTGTGT:G:7024470;chr7:151875572:T:G:7024470) - phasing required to confirm cis/trans.;Delins/overlap cluster (id=33) detected but not all members meet P/LP or >5pts -> not auto-escalated (possible carrier).,,Yes
7024470,28730_2023,chr7,151878004,C,T,PRKAG2,AD,Not provided,Not provided,,,,,upstream_gene_variant,Het,16,0.238,Hypertrophic cardiomyopathy,No,,No,unknown_db_phenotype,No phenotype text in DB (unknown),Not provided,Not provided,0,Not provided,Not provided,0,Not provided,0,0,Not provided,No database evidence,0.0,Unknown,Not provided,Not provided,Not provided,Not provided,[],[],unknown,No,PM2_Moderate,"{""PM2_Moderate"": 2}",2,VUS,VUS,,,,PM2_Moderate: gnomAD max AF=0 < threshold 0.0001 for MOI AD,,,,,,,,,,,,,,No,No,,,,,Yes
7024470,28730_2023,chr9,99105519,C,T,TGFBR1,AD,ENST00000374994.9:c.97+217C>T,Not provided,,,,,intron_variant,Het,24,0.577,Loeys-Dietz syndrome,No,,No,unknown_db_phenotype,No phenotype text in DB (unknown),Not provided,Not provided,0,Not provided,Not provided,0,Not provided,0,0,Not provided,No database evidence,0.0,Unknown,Not provided,Not provided,0.000,Not provided,[],[],unknown,No,PM2_Moderate,"{""PM2_Moderate"": 2}",2,VUS,VUS,,,,PM2_Moderate: gnomAD max AF=0 < threshold 0.0001 for MOI AD,,,,,,,,,,,,,,No,No,,,,,Yes
7024470,28730_2023,chr9,99139198,T,TA,TGFBR1,AD,ENST00000374994.9:c.805+1124dup,Not provided,,,,,intron_variant,Het,30,0.290,Loeys-Dietz syndrome,No,,No,unknown_db_phenotype,No phenotype text in DB (unknown),Not provided,Not provided,0,Not provided,Not provided,0,Not provided,0,0,Not provided,No database evidence,0.0,Unknown,Not provided,Not provided,0.000,Not provided,[],[],unknown,No,PM2_Moderate,"{""PM2_Moderate"": 2}",2,VUS,VUS,,,,PM2_Moderate: gnomAD max AF=0 < threshold 0.0001 for MOI AD,,,,,,,,,,,,,,No,No,,,,,Yes
7024470,28730_2023,chr9,99139830,T,G,TGFBR1,AD,ENST00000374994.9:c.805+1741T>G,Not provided,,,,,intron_variant,Het,39,0.512,Loeys-Dietz syndrome,No,,No,unknown_db_phenotype,No phenotype text in DB (unknown),Not provided,Not provided,0,Not provided,Not provided,0,Not provided,0,0,Not provided,No database evidence,0.0,Unknown,Not provided,Not provided,0.050,Not provided,[],[],unknown,No,PM2_Moderate,"{""PM2_Moderate"": 2}",2,VUS,VUS,,,,PM2_Moderate: gnomAD max AF=0 < threshold 0.0001 for MOI AD,,,,,,,,,,,,,,No,No,,,,,Yes
7024470,28730_2023,chr9,127841725,T,C,ENG,AD,ENST00000373203.9:c.219+1369A>G,Not provided,,,,,intron_variant,Het,42,0.422,Hereditary hemorrhagic telangiectasia,No,,No,unknown_db_phenotype,No phenotype text in DB (unknown),Not provided,Not provided,0,Not provided,Not provided,0,Not provided,0,0,Not provided,No database evidence,0.0,Unknown,Not provided,Not provided,0.010,Not provided,[],[],unknown,No,PM2_Moderate,"{""PM2_Moderate"": 2}",2,VUS,VUS,,,,PM2_Moderate: gnomAD max AF=0 < threshold 0.0001 for MOI AD,,,,,,,,,,,,,,No,No,,,,,Yes
7024470,28730_2023,chrX,153740102,G,T,ABCD1,XL,ENST00000218104.6:c.1499G>T,ENSP00000218104.3:p.Gly500Val,Gly,Val,500,6/10,missense_variant,Hemi,12,1.000,X-linked adrenoleukodystrophy,No,,Yes,token_match,Shared terms: adrenoleukodystrophy,ABCD1-related_disorder,Likely_pathogenic,1,DM,Adrenoleukodystrophy,1,0.69,0,0,Not provided,"ClinVar: Likely_pathogenic (1*); HGMD: DM (1 pubs, dmsupported=0, confirm=0)",0.0,Unknown,0.962,29.40,0.220,0.614,[],[],unknown,No,PM2_Moderate;PP3_Moderate,"{""PM2_Moderate"": 2, ""PP3_Moderate"": 2}",4,VUS,VUS,,,,PM2_Moderate: gnomAD max AF=0 < threshold 0.0001 for MOI XL,,,,,"PP3_Moderate: computational evidence (SpliceAI=0.220, REVEL=0.962, CADD=29.4) met moderate thresholds",,,,,,,,,No,No,,,Low quality ClinVar: Likely_pathogenic (1 stars);Low quality ClinVar: Likely_pathogenic (1 stars),,Yes
7024470,28730_2023,chrX,153740390,G,A,ABCD1,XL,ENST00000218104.6:c.1634+153G>A,Not provided,,,,,intron_variant,Hemi,14,1.000,X-linked adrenoleukodystrophy,No,,No,N/A,N/A,not_provided,Likely_benign,2,Not provided,Not provided,0,Not provided,0,0,Not provided,ClinVar: Likely_benign (2*),0.0,Unknown,Not provided,Not provided,0.010,Not provided,[],[],unknown,No,PM2_Moderate,"{""PM2_Moderate"": 2}",2,VUS,VUS,,,,PM2_Moderate: gnomAD max AF=0 < threshold 0.0001 for MOI XL,,,,,,,,,,,,,,No,No,,,,Filtered: HQ Benign (ClinVar≥2★ or HGMD benign or Internal DB benign),Yes
7024470,28730_2023,chr1,17015989,C,CAA,SDHB,AD,Not provided,Not provided,,,,,downstream_gene_variant,Het,7,0.133,Hereditary paraganglioma-pheochromocytoma syndrome,No,,No,unknown_db_phenotype,No phenotype text in DB (unknown),Not provided,Not provided,0,Not provided,Not provided,0,Not provided,0,0,Not provided,No database evidence,0.0,Unknown,Not provided,Not provided,Not provided,Not provided,[],[],unknown,No,PM2_Moderate,"{""PM2_Moderate"": 2}",2,VUS,VUS,,,,PM2_Moderate: gnomAD max AF=0 < threshold 0.0001 for MOI AD,,,,,,,,,,,,,,No,No,,,,"Failed strict QC (DP/AF): DP=7 (min=10), AF=0.133 (min=0.2);Failed strict QC",Yes
7024470,28730_2023,chr1,156101625,C,T,LMNA,AD,ENST00000368301.6:c.-207+11043C>T,Not provided,,,,,intron_variant,Hom,4,1.000,Dilated cardiomyopathy,No,,No,unknown_db_phenotype,No phenotype text in DB (unknown),Not provided,Not provided,0,Not provided,Not provided,0,Not provided,0,0,Not provided,No database evidence,0.0,Unknown,Not provided,Not provided,Not provided,Not provided,[],[],unknown,No,PM2_Moderate,"{""PM2_Moderate"": 2}",2,VUS,VUS,,,,PM2_Moderate: gnomAD max AF=0 < threshold 0.0001 for MOI AD,,,,,,,,,,,,,,No,No,,,,"Failed strict QC (DP/AF): DP=4 (min=5), AF=1.000 (min=0.2);Failed strict QC",Yes
7024470,28730_2023,chr1,237077160,T,A,RYR2,AD,ENST00000366574.7:c.48+34591T>A,Not provided,,,,,intron_variant,Het,8,0.455,Catecholaminergic polymorphic ventricular tachycardia,No,,No,unknown_db_phenotype,No phenotype text in DB (unknown),Not provided,Not provided,0,Not provided,Not provided,0,Not provided,0,0,Not provided,No database evidence,0.0,Unknown,Not provided,Not provided,0.000,Not provided,[],[],unknown,Yes,PM2_Moderate,"{""PM2_Moderate"": 2}",2,VUS,VUS,,,,PM2_Moderate: gnomAD max AF=0 < threshold 0.0001 for MOI AD,,,,,,,,,,,,,,No,No,,,Delins cluster (unphased) detected (cluster_id=2; members=chr1:237077160:T:A:7024470;chr1:237077160:T:G:7024470) - phasing required to confirm cis/trans.;Delins/overlap cluster (id=2) detected but not all members meet P/LP or >5pts -> not auto-escalated (possible carrier).,"Failed strict QC (DP/AF): DP=8 (min=10), AF=0.455 (min=0.2);Failed strict QC",Yes
7024470,28730_2023,chr1,237148553,T,TATATATATATATAC,RYR2,AD,ENST00000366574.7:c.48+105985_48+105986insTATATATATATACA,Not provided,,,,,intron_variant,Het,5,0.182,Catecholaminergic polymorphic ventricular tachycardia,No,,No,unknown_db_phenotype,No phenotype text in DB (unknown),Not provided,Not provided,0,Not provided,Not provided,0,Not provided,0,0,Not provided,No database evidence,0.0,Unknown,Not provided,Not provided,Not provided,Not provided,[],[],unknown,No,PM2_Moderate,"{""PM2_Moderate"": 2}",2,VUS,VUS,,,,PM2_Moderate: gnomAD max AF=0 < threshold 0.0001 for MOI AD,,,,,,,,,,,,,,No,No,,,,"Failed strict QC (DP/AF): DP=5 (min=10), AF=0.182 (min=0.2);Failed strict QC",Yes
7024470,28730_2023,chr1,237157381,G,A,RYR2,AD,ENST00000366574.7:c.49-113116G>A,Not provided,,,,,intron_variant,Het,4,0.500,Catecholaminergic polymorphic ventricular tachycardia,No,,No,unknown_db_phenotype,No phenotype text in DB (unknown),Not provided,Not provided,0,Not provided,Not provided,0,Not provided,0,0,Not provided,No database evidence,0.0,Unknown,Not provided,Not provided,0.000,Not provided,[],[],unknown,No,PM2_Moderate,"{""PM2_Moderate"": 2}",2,VUS,VUS,,,,PM2_Moderate: gnomAD max AF=0 < threshold 0.0001 for MOI AD,,,,,,,,,,,,,,No,No,,,,"Failed strict QC (DP/AF): DP=4 (min=10), AF=0.500 (min=0.2);Failed strict QC",Yes
7024470,28730_2023,chr1,237350604,T,A,RYR2,AD,ENST00000366574.7:c.274-5361T>A,Not provided,,,,,intron_variant,Hom,2,1.000,Catecholaminergic polymorphic ventricular tachycardia,No,,No,unknown_db_phenotype,No phenotype text in DB (unknown),Not provided,Not provided,0,Not provided,Not provided,0,Not provided,0,0,Not provided,No database evidence,0.0,Unknown,Not provided,Not provided,0.000,Not provided,[],[],unknown,No,PM2_Moderate,"{""PM2_Moderate"": 2}",2,VUS,VUS,,,,PM2_Moderate: gnomAD max AF=0 < threshold 0.0001 for MOI AD,,,,,,,,,,,,,,No,No,,,,"Failed strict QC (DP/AF): DP=2 (min=5), AF=1.000 (min=0.2);Failed strict QC",Yes
7024470,28730_2023,chr1,237452077,T,G,RYR2,AD,ENST00000366574.7:c.1293-2314T>G,Not provided,,,,,intron_variant,Het,5,0.182,Catecholaminergic polymorphic ventricular tachycardia,No,,No,unknown_db_phenotype,No phenotype text in DB (unknown),Not provided,Not provided,0,Not provided,Not provided,0,Not provided,0,0,Not provided,No database evidence,0.0,Unknown,Not provided,Not provided,0.000,Not provided,[],[],unknown,No,PM2_Moderate,"{""PM2_Moderate"": 2}",2,VUS,VUS,,,,PM2_Moderate: gnomAD max AF=0 < threshold 0.0001 for MOI AD,,,,,,,,,,,,,,No,No,,,,"Failed strict QC (DP/AF): DP=5 (min=10), AF=0.182 (min=0.2);Failed strict QC",Yes
7024470,28730_2023,chr1,237623375,C,G,RYR2,AD,ENST00000366574.7:c.5917-390C>G,Not provided,,,,,intron_variant,Het,8,0.500,Catecholaminergic polymorphic ventricular tachycardia,No,,No,unknown_db_phenotype,No phenotype text in DB (unknown),Not provided,Not provided,0,Not provided,Not provided,0,Not provided,0,0,Not provided,No database evidence,0.0,Unknown,Not provided,Not provided,0.000,Not provided,[],[],unknown,No,PM2_Moderate,"{""PM2_Moderate"": 2}",2,VUS,VUS,,,,PM2_Moderate: gnomAD max AF=0 < threshold 0.0001 for MOI AD,,,,,,,,,,,,,,No,No,,,,"Failed strict QC (DP/AF): DP=8 (min=10), AF=0.500 (min=0.2);Failed strict QC",Yes
7024470,28730_2023,chr1,237631613,AT,A,RYR2,AD,ENST00000366574.7:c.6555+104del,Not provided,,,,,intron_variant,Hom,4,1.000,Catecholaminergic polymorphic ventricular tachycardia,No,,No,unknown_db_phenotype,No phenotype text in DB (unknown),Not provided,Not provided,0,Not provided,Not provided,0,Not provided,0,0,Not provided,No database evidence,0.0,Unknown,Not provided,Not provided,0.000,Not provided,[],[],unknown,No,PM2_Moderate,"{""PM2_Moderate"": 2}",2,VUS,VUS,,,,PM2_Moderate: gnomAD max AF=0 < threshold 0.0001 for MOI AD,,,,,,,,,,,,,,No,No,,,,"Failed strict QC (DP/AF): DP=4 (min=5), AF=1.000 (min=0.2);Failed strict QC",Yes
7024470,28730_2023,chr10,86751634,T,C,BMPR1A,AD,Not provided,Not provided,,,,,upstream_gene_variant,Het,7,1.000,Juvenile polyposis syndrome,No,,No,unknown_db_phenotype,No phenotype text in DB (unknown),Not provided,Not provided,0,Not provided,Not provided,0,Not provided,0,0,Not provided,No database evidence,0.0,Unknown,Not provided,Not provided,Not provided,Not provided,[],[],unknown,Yes,PM2_Moderate,"{""PM2_Moderate"": 2}",2,VUS,VUS,,,,PM2_Moderate: gnomAD max AF=0 < threshold 0.0001 for MOI AD,,,,,,,,,,,,,,No,No,,,Delins cluster (unphased) detected (cluster_id=6; members=chr10:86751634:T:C:7024470;chr10:86751644:CGTGCGCACATGCACAT:C:7024470) - phasing required to confirm cis/trans.;Delins/overlap cluster (id=6) detected but not all members meet P/LP or >5pts -> not auto-escalated (possible carrier).,"Failed strict QC (DP/AF): DP=7 (min=10), AF=1.000 (min=0.2);Failed strict QC",Yes
7024470,28730_2023,chr10,86751644,CGTGCGCACATGCACAT,C,BMPR1A,AD,Not provided,Not provided,,,,,upstream_gene_variant,Het,6,0.571,Juvenile polyposis syndrome,No,,No,unknown_db_phenotype,No phenotype text in DB (unknown),Not provided,Not provided,0,Not provided,Not provided,0,Not provided,0,0,Not provided,No database evidence,0.0,Unknown,Not provided,Not provided,Not provided,Not provided,[],[],unknown,Yes,PM2_Moderate,"{""PM2_Moderate"": 2}",2,VUS,VUS,,,,PM2_Moderate: gnomAD max AF=0 < threshold 0.0001 for MOI AD,,,,,,,,,,,,,,No,No,,,Delins cluster (unphased) detected (cluster_id=6; members=chr10:86751634:T:C:7024470;chr10:86751644:CGTGCGCACATGCACAT:C:7024470) - phasing required to confirm cis/trans.;Delins/overlap cluster (id=6) detected but not all members meet P/LP or >5pts -> not auto-escalated (possible carrier).,"Failed strict QC (DP/AF): DP=6 (min=10), AF=0.571 (min=0.2);Failed strict QC",Yes
7024470,28730_2023,chr10,86760224,TTTTC,T,BMPR1A,AD,ENST00000372037.8:c.-268+3329_-268+3332del,Not provided,,,,,intron_variant,Het,5,0.667,Juvenile polyposis syndrome,No,,No,unknown_db_phenotype,No phenotype text in DB (unknown),Not provided,Not provided,0,Not provided,Not provided,0,Not provided,0,0,Not provided,No database evidence,0.0,Unknown,Not provided,Not provided,0.000,Not provided,[],[],unknown,No,PM2_Moderate,"{""PM2_Moderate"": 2}",2,VUS,VUS,,,,PM2_Moderate: gnomAD max AF=0 < threshold 0.0001 for MOI AD,,,,,,,,,,,,,,No,No,,,,"Failed strict QC (DP/AF): DP=5 (min=10), AF=0.667 (min=0.2);Failed strict QC",Yes
7024470,28730_2023,chr10,86920808,T,A,BMPR1A,AD,ENST00000372037.8:c.1167-712T>A,Not provided,,,,,intron_variant,Het,8,0.750,Juvenile polyposis syndrome,No,,No,unknown_db_phenotype,No phenotype text in DB (unknown),Not provided,Not provided,0,Not provided,Not provided,0,Not provided,0,0,Not provided,No database evidence,0.0,Unknown,Not provided,Not provided,0.000,Not provided,[],[],unknown,No,PM2_Moderate,"{""PM2_Moderate"": 2}",2,VUS,VUS,,,,PM2_Moderate: gnomAD max AF=0 < threshold 0.0001 for MOI AD,,,,,,,,,,,,,,No,No,,,,"Failed strict QC (DP/AF): DP=8 (min=10), AF=0.750 (min=0.2);Failed strict QC",Yes
7024470,28730_2023,chr11,2456938,CA,C,KCNQ1,AD,ENST00000155840.12:c.386+11481del,Not provided,,,,,intron_variant,Hom,4,0.750,Long-QT syndrome type 1,No,,No,unknown_db_phenotype,No phenotype text in DB (unknown),Not provided,Not provided,0,Not provided,Not provided,0,Not provided,0,0,Not provided,No database evidence,0.0,Unknown,Not provided,Not provided,0.000,Not provided,[],[],unknown,No,PM2_Moderate,"{""PM2_Moderate"": 2}",2,VUS,VUS,,,,PM2_Moderate: gnomAD max AF=0 < threshold 0.0001 for MOI AD,,,,,,,,,,,,,,No,No,,,,"Failed strict QC (DP/AF): DP=4 (min=5), AF=0.750 (min=0.2);Failed strict QC",Yes
7024470,28730_2023,chr11,2756981,A,AAAAAAAC,KCNQ1,AD,ENST00000155840.12:c.1515-11863_1515-11862insAAAAAAC,Not provided,,,,,intron_variant,Het,8,0.250,Long-QT syndrome type 1,No,,No,unknown_db_phenotype,No phenotype text in DB (unknown),Not provided,Not provided,0,Not provided,Not provided,0,Not provided,0,0,Not provided,No database evidence,0.0,Unknown,Not provided,Not provided,Not provided,Not provided,[],[],unknown,No,PM2_Moderate,"{""PM2_Moderate"": 2}",2,VUS,VUS,,,,PM2_Moderate: gnomAD max AF=0 < threshold 0.0001 for MOI AD,,,,,,,,,,,,,,No,No,,,,"Failed strict QC (DP/AF): DP=8 (min=10), AF=0.250 (min=0.2);Failed strict QC",Yes
7024470,28730_2023,chr11,32430455,G,GGAGAGAGA,WT1,AD,ENST00000452863.10:c.662-1844_662-1837dup,Not provided,,,,,intron_variant,Het,6,0.571,WT1-related Wilms tumor,No,,No,unknown_db_phenotype,No phenotype text in DB (unknown),Not provided,Not provided,0,Not provided,Not provided,0,Not provided,0,0,Not provided,No database evidence,0.0,Unknown,Not provided,Not provided,Not provided,Not provided,[],[],unknown,No,PM2_Moderate,"{""PM2_Moderate"": 2}",2,VUS,VUS,,,,PM2_Moderate: gnomAD max AF=0 < threshold 0.0001 for MOI AD,,,,,,,,,,,,,,No,No,,,,"Failed strict QC (DP/AF): DP=6 (min=10), AF=0.571 (min=0.2);Failed strict QC",Yes
7024470,28730_2023,chr11,32440072,T,TAAAAAA,WT1,AD,Not provided,Not provided,,,,,upstream_gene_variant,Het,11,0.167,WT1-related Wilms tumor,No,,No,unknown_db_phenotype,No phenotype text in DB (unknown),Not provided,Not provided,0,Not provided,Not provided,0,Not provided,0,0,Not provided,No database evidence,0.0,Unknown,Not provided,Not provided,Not provided,Not provided,[],[],unknown,No,PM2_Moderate,"{""PM2_Moderate"": 2}",2,VUS,VUS,,,,PM2_Moderate: gnomAD max AF=0 < threshold 0.0001 for MOI AD,,,,,,,,,,,,,,No,No,,,,"Failed strict QC (DP/AF): DP=11 (min=10), AF=0.167 (min=0.2);Failed strict QC",Yes
7024470,28730_2023,chr12,32858087,ATAT,A,PKP2,AD,ENST00000340811.9:c.1171-7117_1171-7115del,Not provided,,,,,intron_variant,Het,4,0.750,Arrhythmogenic right ventricular cardiomyopathy,No,,No,unknown_db_phenotype,No phenotype text in DB (unknown),Not provided,Not provided,0,Not provided,Not provided,0,Not provided,0,0,Not provided,No database evidence,0.0,Unknown,Not provided,Not provided,0.010,Not provided,[],[],unknown,No,PM2_Moderate,"{""PM2_Moderate"": 2}",2,VUS,VUS,,,,PM2_Moderate: gnomAD max AF=0 < threshold 0.0001 for MOI AD,,,,,,,,,,,,,,No,No,,,,"Failed strict QC (DP/AF): DP=4 (min=10), AF=0.750 (min=0.2);Failed strict QC",Yes
7024470,28730_2023,chr15,67064313,G,A,SMAD3,AD,Not provided,Not provided,,,,,upstream_gene_variant,Het,25,0.192,Loeys-Dietz syndrome,No,,No,unknown_db_phenotype,No phenotype text in DB (unknown),Not provided,Not provided,0,Not provided,Not provided,0,Not provided,0,0,Not provided,No database evidence,0.0,Unknown,Not provided,Not provided,Not provided,Not provided,[],[],unknown,No,PM2_Moderate,"{""PM2_Moderate"": 2}",2,VUS,VUS,,,,PM2_Moderate: gnomAD max AF=0 < threshold 0.0001 for MOI AD,,,,,,,,,,,,,,No,No,,,,"Failed strict QC (DP/AF): DP=25 (min=10), AF=0.192 (min=0.2);Failed strict QC",Yes
7024470,28730_2023,chr16,15757508,TAA,T,MYH11,AD,ENST00000300036.6:c.1575+317_1575+318del,Not provided,,,,,intron_variant,Het,6,0.500,Familial thoracic aortic aneurysm,No,,No,unknown_db_phenotype,No phenotype text in DB (unknown),Not provided,Not provided,0,Not provided,Not provided,0,Not provided,0,0,Not provided,No database evidence,0.0,Unknown,Not provided,Not provided,0.000,Not provided,[],[],unknown,No,PM2_Moderate,"{""PM2_Moderate"": 2}",2,VUS,VUS,,,,PM2_Moderate: gnomAD max AF=0 < threshold 0.0001 for MOI AD,,,,,,,,,,,,,,No,No,,,,"Failed strict QC (DP/AF): DP=6 (min=10), AF=0.500 (min=0.2);Failed strict QC",Yes
7024470,28730_2023,chr16,15793629,T,C,MYH11,AD,ENST00000300036.6:c.530+5031A>G,Not provided,,,,,intron_variant,Het,4,0.500,Familial thoracic aortic aneurysm,No,,No,unknown_db_phenotype,No phenotype text in DB (unknown),Not provided,Not provided,0,Not provided,Not provided,0,Not provided,0,0,Not provided,No database evidence,0.0,Unknown,Not provided,Not provided,0.000,Not provided,[],[],unknown,No,PM2_Moderate,"{""PM2_Moderate"": 2}",2,VUS,VUS,,,,PM2_Moderate: gnomAD max AF=0 < threshold 0.0001 for MOI AD,,,,,,,,,,,,,,No,No,,,,"Failed strict QC (DP/AF): DP=4 (min=10), AF=0.500 (min=0.2);Failed strict QC",Yes
7024470,28730_2023,chr16,23645083,C,CTATATA,PALB2,AD,Not provided,Not provided,,,,,upstream_gene_variant,Het,8,0.625,Hereditary breast cancer,No,,No,unknown_db_phenotype,No phenotype text in DB (unknown),Not provided,Not provided,0,Not provided,Not provided,0,Not provided,0,0,Not provided,No database evidence,0.0,Unknown,Not provided,Not provided,Not provided,Not provided,[],[],unknown,No,PM2_Moderate,"{""PM2_Moderate"": 2}",2,VUS,VUS,,,,PM2_Moderate: gnomAD max AF=0 < threshold 0.0001 for MOI AD,,,,,,,,,,,,,,No,No,,,,"Failed strict QC (DP/AF): DP=8 (min=10), AF=0.625 (min=0.2);Failed strict QC",Yes
7024470,28730_2023,chr17,43100596,T,A,BRCA1,AD,ENST00000357654.9:c.442-716A>T,Not provided,,,,,intron_variant,Het,5,0.400,Hereditary breast and ovarian cancer,No,,No,unknown_db_phenotype,No phenotype text in DB (unknown),Not provided,Not provided,0,Not provided,Not provided,0,Not provided,0,0,Not provided,No database evidence,0.0,Unknown,Not provided,Not provided,0.000,Not provided,[],[],unknown,Yes,PM2_Moderate,"{""PM2_Moderate"": 2}",2,VUS,VUS,,,,PM2_Moderate: gnomAD max AF=0 < threshold 0.0001 for MOI AD,,,,,,,,,,,,,,No,No,,,Delins cluster (unphased) detected (cluster_id=14; members=chr17:43100596:T:A:7024470;chr17:43100598:T:C:7024470) - phasing required to confirm cis/trans.;Delins/overlap cluster (id=14) detected but not all members meet P/LP or >5pts -> not auto-escalated (possible carrier).,"Failed strict QC (DP/AF): DP=5 (min=10), AF=0.400 (min=0.2);Failed strict QC",Yes
7024470,28730_2023,chr17,43100598,T,C,BRCA1,AD,ENST00000357654.9:c.442-718A>G,Not provided,,,,,intron_variant,Het,3,0.286,Hereditary breast and ovarian cancer,No,,No,unknown_db_phenotype,No phenotype text in DB (unknown),Not provided,Not provided,0,Not provided,Not provided,0,Not provided,0,0,Not provided,No database evidence,0.0,Unknown,Not provided,Not provided,0.000,Not provided,[],[],unknown,Yes,PM2_Moderate,"{""PM2_Moderate"": 2}",2,VUS,VUS,,,,PM2_Moderate: gnomAD max AF=0 < threshold 0.0001 for MOI AD,,,,,,,,,,,,,,No,No,,,Delins cluster (unphased) detected (cluster_id=14; members=chr17:43100596:T:A:7024470;chr17:43100598:T:C:7024470) - phasing required to confirm cis/trans.;Delins/overlap cluster (id=14) detected but not all members meet P/LP or >5pts -> not auto-escalated (possible carrier).,"Failed strict QC (DP/AF): DP=3 (min=10), AF=0.286 (min=0.2);Failed strict QC",Yes
7024470,28730_2023,chr17,80098978,C,CA,GAA,AR,Not provided,Not provided,,,,,upstream_gene_variant,Het,6,0.154,Pompe disease,No,,No,unknown_db_phenotype,No phenotype text in DB (unknown),Not provided,Not provided,0,Not provided,Not provided,0,Not provided,0,0,Not provided,No database evidence,0.0,Unknown,Not provided,Not provided,Not provided,Not provided,[],[],unknown,No,PM2_Moderate,"{""PM2_Moderate"": 2}",2,VUS,VUS,,,,PM2_Moderate: gnomAD max AF=0 < threshold 0.005 for MOI AR,,,,,,,,,,,,,,No,No,,,,"Failed strict QC (DP/AF): DP=6 (min=10), AF=0.154 (min=0.2);Failed strict QC",Yes
7024470,28730_2023,chr19,1183124,C,T,STK11,AD,ENST00000585748.3:c.-334+3791C>T,Not provided,,,,,intron_variant,Hom,2,1.000,Peutz-Jeghers syndrome,No,,No,unknown_db_phenotype,No phenotype text in DB (unknown),Not provided,Not provided,0,Not provided,Not provided,0,Not provided,0,0,Not provided,No database evidence,0.000010,v3,Not provided,Not provided,Not provided,Not provided,[],[],unknown,Yes,PM2_Moderate,"{""PM2_Moderate"": 2}",2,VUS,VUS,,,,PM2_Moderate: gnomAD max AF=9.66744e-06 < threshold 0.0001 for MOI AD,,,,,,,,,,,,,,No,No,,,Delins cluster (unphased) detected (cluster_id=16; members=chr19:1183124:C:T:7024470;chr19:1183132:C:G:7024470;chr19:1183135:A:G:7024470;chr19:1183134:C:A:7024470) - phasing required to confirm cis/trans.;Delins/overlap cluster (id=16) detected but not all members meet P/LP or >5pts -> not auto-escalated (possible carrier).,"Failed strict QC (DP/AF): DP=2 (min=5), AF=1.000 (min=0.2);Failed strict QC",Yes
7024470,28730_2023,chr19,1183132,C,G,STK11,AD,ENST00000585748.3:c.-334+3799C>G,Not provided,,,,,intron_variant,Hom,3,1.000,Peutz-Jeghers syndrome,No,,No,unknown_db_phenotype,No phenotype text in DB (unknown),Not provided,Not provided,0,Not provided,Not provided,0,Not provided,0,0,Not provided,No database evidence,0.000010,v3,Not provided,Not provided,Not provided,Not provided,[],[],unknown,Yes,PM2_Moderate,"{""PM2_Moderate"": 2}",2,VUS,VUS,,,,PM2_Moderate: gnomAD max AF=9.73369e-06 < threshold 0.0001 for MOI AD,,,,,,,,,,,,,,No,No,,,Delins cluster (unphased) detected (cluster_id=16; members=chr19:1183124:C:T:7024470;chr19:1183132:C:G:7024470;chr19:1183135:A:G:7024470;chr19:1183134:C:A:7024470) - phasing required to confirm cis/trans.;Delins/overlap cluster (id=16) detected but not all members meet P/LP or >5pts -> not auto-escalated (possible carrier).,"Failed strict QC (DP/AF): DP=3 (min=5), AF=1.000 (min=0.2);Failed strict QC",Yes
7024470,28730_2023,chr19,1183134,C,A,STK11,AD,ENST00000585748.3:c.-334+3801C>A,Not provided,,,,,intron_variant,Hom,3,1.000,Peutz-Jeghers syndrome,No,,No,unknown_db_phenotype,No phenotype text in DB (unknown),Not provided,Not provided,0,Not provided,Not provided,0,Not provided,0,0,Not provided,No database evidence,0.000010,v3,Not provided,Not provided,Not provided,Not provided,[],[],unknown,Yes,PM2_Moderate,"{""PM2_Moderate"": 2}",2,VUS,VUS,,,,PM2_Moderate: gnomAD max AF=9.76505e-06 < threshold 0.0001 for MOI AD,,,,,,,,,,,,,,No,No,,,Delins cluster (unphased) detected (cluster_id=16; members=chr19:1183124:C:T:7024470;chr19:1183132:C:G:7024470;chr19:1183135:A:G:7024470;chr19:1183134:C:A:7024470) - phasing required to confirm cis/trans.;Delins/overlap cluster (id=16) detected but not all members meet P/LP or >5pts -> not auto-escalated (possible carrier).,"Failed strict QC (DP/AF): DP=3 (min=5), AF=1.000 (min=0.2);Failed strict QC",Yes
7024470,28730_2023,chr19,1187531,G,T,STK11,AD,ENST00000585748.3:c.-333-1878G>T,Not provided,,,,,intron_variant,Het,8,0.778,Peutz-Jeghers syndrome,No,,No,unknown_db_phenotype,No phenotype text in DB (unknown),Not provided,Not provided,0,Not provided,Not provided,0,Not provided,0,0,Not provided,No database evidence,0.0,Unknown,Not provided,Not provided,Not provided,Not provided,[],[],unknown,No,PM2_Moderate,"{""PM2_Moderate"": 2}",2,VUS,VUS,,,,PM2_Moderate: gnomAD max AF=0 < threshold 0.0001 for MOI AD,,,,,,,,,,,,,,No,No,,,,"Failed strict QC (DP/AF): DP=8 (min=10), AF=0.778 (min=0.2);Failed strict QC",Yes
7024470,28730_2023,chr19,38441402,C,T,RYR1,AD,ENST00000359596.8:c.165+538C>T,Not provided,,,,,intron_variant,Het,5,0.600,Malignant hyperthermia,No,,No,unknown_db_phenotype,No phenotype text in DB (unknown),Not provided,Not provided,0,Not provided,Not provided,0,Not provided,0,0,Not provided,No database evidence,0.0,Unknown,Not provided,Not provided,0.000,Not provided,[],[],unknown,No,PM2_Moderate,"{""PM2_Moderate"": 2}",2,VUS,VUS,,,,PM2_Moderate: gnomAD max AF=0 < threshold 0.0001 for MOI AD,,,,,,,,,,,,,,No,No,,,,"Failed strict QC (DP/AF): DP=5 (min=10), AF=0.600 (min=0.2);Failed strict QC",Yes
7024470,28730_2023,chr19,55147373,G,A,TNNI3,AD,Not provided,Not provided,,,,,downstream_gene_variant,Het,4,0.750,Hypertrophic cardiomyopathy,No,,No,unknown_db_phenotype,No phenotype text in DB (unknown),Not provided,Not provided,0,Not provided,Not provided,0,Not provided,0,0,Not provided,No database evidence,0.0,Unknown,Not provided,Not provided,Not provided,Not provided,[],[],unknown,Yes,PM2_Moderate,"{""PM2_Moderate"": 2}",2,VUS,VUS,,,,PM2_Moderate: gnomAD max AF=0 < threshold 0.0001 for MOI AD,,,,,,,,,,,,,,No,No,,,Delins cluster (unphased) detected (cluster_id=19; members=chr19:55147373:G:A:7024470;chr19:55147376:TG:T:7024470) - phasing required to confirm cis/trans.;Delins/overlap cluster (id=19) detected but not all members meet P/LP or >5pts -> not auto-escalated (possible carrier).,"Failed strict QC (DP/AF): DP=4 (min=10), AF=0.750 (min=0.2);Failed strict QC",Yes
7024470,28730_2023,chr19,55147376,TG,T,TNNI3,AD,Not provided,Not provided,,,,,downstream_gene_variant,Het,4,0.500,Hypertrophic cardiomyopathy,No,,No,unknown_db_phenotype,No phenotype text in DB (unknown),Not provided,Not provided,0,Not provided,Not provided,0,Not provided,0,0,Not provided,No database evidence,0.0,Unknown,Not provided,Not provided,Not provided,Not provided,[],[],unknown,Yes,PM2_Moderate,"{""PM2_Moderate"": 2}",2,VUS,VUS,,,,PM2_Moderate: gnomAD max AF=0 < threshold 0.0001 for MOI AD,,,,,,,,,,,,,,No,No,,,Delins cluster (unphased) detected (cluster_id=19; members=chr19:55147373:G:A:7024470;chr19:55147376:TG:T:7024470) - phasing required to confirm cis/trans.;Delins/overlap cluster (id=19) detected but not all members meet P/LP or >5pts -> not auto-escalated (possible carrier).,"Failed strict QC (DP/AF): DP=4 (min=10), AF=0.500 (min=0.2);Failed strict QC",Yes
7024470,28730_2023,chr19,55147439,G,A,TNNI3,AD,Not provided,Not provided,,,,,downstream_gene_variant,Het,5,0.400,Hypertrophic cardiomyopathy,No,,No,unknown_db_phenotype,No phenotype text in DB (unknown),Not provided,Not provided,0,Not provided,Not provided,0,Not provided,0,0,Not provided,No database evidence,0.000056,v3,Not provided,Not provided,Not provided,Not provided,[],[],unknown,Yes,PM2_Moderate,"{""PM2_Moderate"": 2}",2,VUS,VUS,,,,PM2_Moderate: gnomAD max AF=5.55667e-05 < threshold 0.0001 for MOI AD,,,,,,,,,,,,,,No,No,,,Delins cluster (unphased) detected (cluster_id=20; members=chr19:55147439:G:A:7024470;chr19:55147449:T:TG:7024470;chr19:55147446:A:G:7024470) - phasing required to confirm cis/trans.;Delins/overlap cluster (id=20) detected but not all members meet P/LP or >5pts -> not auto-escalated (possible carrier).,"Failed strict QC (DP/AF): DP=5 (min=10), AF=0.400 (min=0.2);Failed strict QC",Yes
7024470,28730_2023,chr19,55147446,A,G,TNNI3,AD,Not provided,Not provided,,,,,downstream_gene_variant,Het,5,0.400,Hypertrophic cardiomyopathy,No,,No,unknown_db_phenotype,No phenotype text in DB (unknown),Not provided,Not provided,0,Not provided,Not provided,0,Not provided,0,0,Not provided,No database evidence,0.0,Unknown,Not provided,Not provided,Not provided,Not provided,[],[],unknown,Yes,PM2_Moderate,"{""PM2_Moderate"": 2}",2,VUS,VUS,,,,PM2_Moderate: gnomAD max AF=0 < threshold 0.0001 for MOI AD,,,,,,,,,,,,,,No,No,,,Delins cluster (unphased) detected (cluster_id=20; members=chr19:55147439:G:A:7024470;chr19:55147449:T:TG:7024470;chr19:55147446:A:G:7024470) - phasing required to confirm cis/trans.;Delins/overlap cluster (id=20) detected but not all members meet P/LP or >5pts -> not auto-escalated (possible carrier).,"Failed strict QC (DP/AF): DP=5 (min=10), AF=0.400 (min=0.2);Failed strict QC",Yes
7024470,28730_2023,chr19,55147449,T,TG,TNNI3,AD,Not provided,Not provided,,,,,downstream_gene_variant,Het,4,0.500,Hypertrophic cardiomyopathy,No,,No,unknown_db_phenotype,No phenotype text in DB (unknown),Not provided,Not provided,0,Not provided,Not provided,0,Not provided,0,0,Not provided,No database evidence,0.0,Unknown,Not provided,Not provided,Not provided,Not provided,[],[],unknown,Yes,PM2_Moderate,"{""PM2_Moderate"": 2}",2,VUS,VUS,,,,PM2_Moderate: gnomAD max AF=0 < threshold 0.0001 for MOI AD,,,,,,,,,,,,,,No,No,,,Delins cluster (unphased) detected (cluster_id=20; members=chr19:55147439:G:A:7024470;chr19:55147449:T:TG:7024470;chr19:55147446:A:G:7024470) - phasing required to confirm cis/trans.;Delins/overlap cluster (id=20) detected but not all members meet P/LP or >5pts -> not auto-escalated (possible carrier).,"Failed strict QC (DP/AF): DP=4 (min=10), AF=0.500 (min=0.2);Failed strict QC",Yes
7024470,28730_2023,chr19,55147485,T,TG,TNNI3,AD,Not provided,Not provided,,,,,downstream_gene_variant,Het,5,0.600,Hypertrophic cardiomyopathy,No,,No,unknown_db_phenotype,No phenotype text in DB (unknown),Not provided,Not provided,0,Not provided,Not provided,0,Not provided,0,0,Not provided,No database evidence,0.0,Unknown,Not provided,Not provided,Not provided,Not provided,[],[],unknown,No,PM2_Moderate,"{""PM2_Moderate"": 2}",2,VUS,VUS,,,,PM2_Moderate: gnomAD max AF=0 < threshold 0.0001 for MOI AD,,,,,,,,,,,,,,No,No,,,,"Failed strict QC (DP/AF): DP=5 (min=10), AF=0.600 (min=0.2);Failed strict QC",Yes
7024470,28730_2023,chr19,55147668,A,G,TNNI3,AD,Not provided,Not provided,,,,,downstream_gene_variant,Het,8,0.364,Hypertrophic cardiomyopathy,No,,No,unknown_db_phenotype,No phenotype text in DB (unknown),Not provided,Not provided,0,Not provided,Not provided,0,Not provided,0,0,Not provided,No database evidence,0.0,Unknown,Not provided,Not provided,Not provided,Not provided,[],[],unknown,No,PM2_Moderate,"{""PM2_Moderate"": 2}",2,VUS,VUS,,,,PM2_Moderate: gnomAD max AF=0 < threshold 0.0001 for MOI AD,,,,,,,,,,,,,,No,No,,,,"Failed strict QC (DP/AF): DP=8 (min=10), AF=0.364 (min=0.2);Failed strict QC",Yes
7024470,28730_2023,chr19,55147679,G,GA,TNNI3,AD,Not provided,Not provided,,,,,downstream_gene_variant,Het,9,0.333,Hypertrophic cardiomyopathy,No,,No,unknown_db_phenotype,No phenotype text in DB (unknown),Not provided,Not provided,0,Not provided,Not provided,0,Not provided,0,0,Not provided,No database evidence,0.0,Unknown,Not provided,Not provided,Not provided,Not provided,[],[],unknown,Yes,PM2_Moderate,"{""PM2_Moderate"": 2}",2,VUS,VUS,,,,PM2_Moderate: gnomAD max AF=0 < threshold 0.0001 for MOI AD,,,,,,,,,,,,,,No,No,,,Delins cluster (unphased) detected (cluster_id=21; members=chr19:55147679:G:GA:7024470;chr19:55147683:C:T:7024470) - phasing required to confirm cis/trans.;Delins/overlap cluster (id=21) detected but not all members meet P/LP or >5pts -> not auto-escalated (possible carrier).,"Failed strict QC (DP/AF): DP=9 (min=10), AF=0.333 (min=0.2);Failed strict QC",Yes
7024470,28730_2023,chr19,55147683,C,T,TNNI3,AD,Not provided,Not provided,,,,,downstream_gene_variant,Het,9,0.333,Hypertrophic cardiomyopathy,No,,No,unknown_db_phenotype,No phenotype text in DB (unknown),Not provided,Not provided,0,Not provided,Not provided,0,Not provided,0,0,Not provided,No database evidence,0.000055,v3,Not provided,Not provided,Not provided,Not provided,[],[],unknown,Yes,PM2_Moderate,"{""PM2_Moderate"": 2}",2,VUS,VUS,,,,PM2_Moderate: gnomAD max AF=5.53134e-05 < threshold 0.0001 for MOI AD,,,,,,,,,,,,,,No,No,,,Delins cluster (unphased) detected (cluster_id=21; members=chr19:55147679:G:GA:7024470;chr19:55147683:C:T:7024470) - phasing required to confirm cis/trans.;Delins/overlap cluster (id=21) detected but not all members meet P/LP or >5pts -> not auto-escalated (possible carrier).,"Failed strict QC (DP/AF): DP=9 (min=10), AF=0.333 (min=0.2);Failed strict QC",Yes
7024470,28730_2023,chr19,55155154,G,A,TNNI3,AD,ENST00000344887.10:c.283-324C>T,Not provided,,,,,intron_variant,Het,4,0.750,Hypertrophic cardiomyopathy,No,,No,unknown_db_phenotype,No phenotype text in DB (unknown),Not provided,Not provided,0,Not provided,Not provided,0,Not provided,0,0,Not provided,No database evidence,0.0,Unknown,Not provided,Not provided,0.000,Not provided,[],[],unknown,No,PM2_Moderate,"{""PM2_Moderate"": 2}",2,VUS,VUS,,,,PM2_Moderate: gnomAD max AF=0 < threshold 0.0001 for MOI AD,,,,,,,,,,,,,,No,No,,,,"Failed strict QC (DP/AF): DP=4 (min=10), AF=0.750 (min=0.2);Failed strict QC",Yes
7024470,28730_2023,chr19,55155185,T,C,TNNI3,AD,ENST00000344887.10:c.283-355A>G,Not provided,,,,,intron_variant,Hom,3,1.000,Hypertrophic cardiomyopathy,No,,No,unknown_db_phenotype,No phenotype text in DB (unknown),Not provided,Not provided,0,Not provided,Not provided,0,Not provided,0,0,Not provided,No database evidence,0.0,Unknown,Not provided,Not provided,0.000,Not provided,[],[],unknown,No,PM2_Moderate,"{""PM2_Moderate"": 2}",2,VUS,VUS,,,,PM2_Moderate: gnomAD max AF=0 < threshold 0.0001 for MOI AD,,,,,,,,,,,,,,No,No,,,,"Failed strict QC (DP/AF): DP=3 (min=5), AF=1.000 (min=0.2);Failed strict QC",Yes
7024470,28730_2023,chr2,47167693,CAAAAAAAAAAAAA,C,CALM2,AD,ENST00000272298.12:c.34+3028_34+3040del,Not provided,,,,,intron_variant,Het,14,0.143,Long-QT syndrome type 15; Catecholaminergic polymorphic ventricular tachycardia,No,,No,unknown_db_phenotype,No phenotype text in DB (unknown),Not provided,Not provided,0,Not provided,Not provided,0,Not provided,0,0,Not provided,No database evidence,0.0,Unknown,Not provided,Not provided,Not provided,Not provided,[],[],unknown,No,PM2_Moderate,"{""PM2_Moderate"": 2}",2,VUS,VUS,,,,PM2_Moderate: gnomAD max AF=0 < threshold 0.0001 for MOI AD,,,,,,,,,,,,,,No,No,,,,"Failed strict QC (DP/AF): DP=14 (min=10), AF=0.143 (min=0.2);Failed strict QC",Yes
7024470,28730_2023,chr2,47172807,TGGG,T,CALM2,AD,ENST00000272298.12:c.4-2046_4-2044del,Not provided,,,,,intron_variant,Het,6,0.333,Long-QT syndrome type 15; Catecholaminergic polymorphic ventricular tachycardia,No,,No,unknown_db_phenotype,No phenotype text in DB (unknown),Not provided,Not provided,0,Not provided,Not provided,0,Not provided,0,0,Not provided,No database evidence,0.0,Unknown,Not provided,Not provided,0.000,Not provided,[],[],unknown,No,PM2_Moderate,"{""PM2_Moderate"": 2}",2,VUS,VUS,,,,PM2_Moderate: gnomAD max AF=0 < threshold 0.0001 for MOI AD,,,,,,,,,,,,,,No,No,,,,"Failed strict QC (DP/AF): DP=6 (min=10), AF=0.333 (min=0.2);Failed strict QC",Yes
7024470,28730_2023,chr2,47413548,GT,G,MSH2,AD,ENST00000233146.7:c.793-688del,Not provided,,,,,intron_variant,Het,3,0.286,Lynch syndrome,No,,No,unknown_db_phenotype,No phenotype text in DB (unknown),Not provided,Not provided,0,Not provided,Not provided,0,Not provided,0,0,Not provided,No database evidence,0.0,Unknown,Not provided,Not provided,0.000,Not provided,[],[],unknown,No,PM2_Moderate,"{""PM2_Moderate"": 2}",2,VUS,VUS,,,,PM2_Moderate: gnomAD max AF=0 < threshold 0.0001 for MOI AD,,,,,,,,,,,,,,No,No,,,,"Failed strict QC (DP/AF): DP=3 (min=10), AF=0.286 (min=0.2);Failed strict QC",Yes
7024470,28730_2023,chr2,47452222,C,T,MSH2,AD,ENST00000233146.7:c.1386+6565C>T,Not provided,,,,,intron_variant,Het,5,0.182,Lynch syndrome,No,,No,unknown_db_phenotype,No phenotype text in DB (unknown),Not provided,Not provided,0,Not provided,Not provided,0,Not provided,0,0,Not provided,No database evidence,0.0,Unknown,Not provided,Not provided,0.000,Not provided,[],[],unknown,No,PM2_Moderate,"{""PM2_Moderate"": 2}",2,VUS,VUS,,,,PM2_Moderate: gnomAD max AF=0 < threshold 0.0001 for MOI AD,,,,,,,,,,,,,,No,No,,,,"Failed strict QC (DP/AF): DP=5 (min=10), AF=0.182 (min=0.2);Failed strict QC",Yes
7024470,28730_2023,chr3,38555095,A,AT,SCN5A,AD,ENST00000423572.7:c.4540-547dup,Not provided,,,,,intron_variant,Het,3,0.333,Long QT syndrome type 3; Brugada syndrome; Dilated cardiomyopathy,No,,No,unknown_db_phenotype,No phenotype text in DB (unknown),Not provided,Not provided,0,Not provided,Not provided,0,Not provided,0,0,Not provided,No database evidence,0.0,Unknown,Not provided,Not provided,0.000,Not provided,[],[],unknown,No,PM2_Moderate,"{""PM2_Moderate"": 2}",2,VUS,VUS,,,,PM2_Moderate: gnomAD max AF=0 < threshold 0.0001 for MOI AD,,,,,,,,,,,,,,No,No,,,,"Failed strict QC (DP/AF): DP=3 (min=10), AF=0.333 (min=0.2);Failed strict QC",Yes
7024470,28730_2023,chr3,38555159,A,AACACACACACACACACACAC,SCN5A,AD,ENST00000423572.7:c.4539+477_4539+496dup,Not provided,,,,,intron_variant,Het,4,0.429,Long QT syndrome type 3; Brugada syndrome; Dilated cardiomyopathy,No,,No,unknown_db_phenotype,No phenotype text in DB (unknown),Not provided,Not provided,0,Not provided,Not provided,0,Not provided,0,0,Not provided,No database evidence,0.0,Unknown,Not provided,Not provided,Not provided,Not provided,[],[],unknown,No,PM2_Moderate,"{""PM2_Moderate"": 2}",2,VUS,VUS,,,,PM2_Moderate: gnomAD max AF=0 < threshold 0.0001 for MOI AD,,,,,,,,,,,,,,No,No,,,,"Failed strict QC (DP/AF): DP=4 (min=10), AF=0.429 (min=0.2);Failed strict QC",Yes
7024470,28730_2023,chr5,112836165,T,TTCCCCC,APC,AD,ENST00000257430.9:c.1958+1000_1958+1001insTCCCCC,Not provided,,,,,intron_variant,Het,8,0.364,Familial adenomatous polyposis,Yes,"RULES_PRESENT_NO_MATCH: Exclude if Consequence contains ""5_prime_UTR_variant""",No,unknown_db_phenotype,No phenotype text in DB (unknown),Not provided,Not provided,0,Not provided,Not provided,0,Not provided,0,0,Not provided,No database evidence,0.0,Unknown,Not provided,Not provided,Not provided,Not provided,[],[],unknown,No,PM2_Moderate,"{""PM2_Moderate"": 2}",2,VUS,VUS,,,,PM2_Moderate: gnomAD max AF=0 < threshold 0.0001 for MOI AD,,,,,,,,,,,,,,No,No,,,,"Failed strict QC (DP/AF): DP=8 (min=10), AF=0.364 (min=0.2);Failed strict QC",Yes
7024470,28730_2023,chr6,123289037,G,A,TRDN,AR,ENST00000334268.9:c.1511-9955C>T,Not provided,,,,,intron_variant,Het,8,0.556,Catecholaminergic polymorphic ventricular tachycardia; Long QT syndrome,No,,No,unknown_db_phenotype,No phenotype text in DB (unknown),Not provided,Not provided,0,Not provided,Not provided,0,Not provided,0,0,Not provided,No database evidence,0.0,Unknown,Not provided,Not provided,0.000,Not provided,[],[],unknown,No,PM2_Moderate,"{""PM2_Moderate"": 2}",2,VUS,VUS,,,,PM2_Moderate: gnomAD max AF=0 < threshold 0.005 for MOI AR,,,,,,,,,,,,,,No,No,,,,"Failed strict QC (DP/AF): DP=8 (min=10), AF=0.556 (min=0.2);Failed strict QC;Filtered: outside recommended transcript/exon/protein region per recommendations: {'transcript_exons': [{'transcript': 'NM_001256021.1', 'start_exon': 1, 'end_exon': 8}]}",Yes
7024470,28730_2023,chr6,123446584,C,CAA,TRDN,AR,ENST00000334268.9:c.932-7583_932-7582dup,Not provided,,,,,intron_variant,Het,3,0.286,Catecholaminergic polymorphic ventricular tachycardia; Long QT syndrome,No,,No,unknown_db_phenotype,No phenotype text in DB (unknown),Not provided,Not provided,0,Not provided,Not provided,0,Not provided,0,0,Not provided,No database evidence,0.0,Unknown,Not provided,Not provided,Not provided,Not provided,[],[],unknown,No,PM2_Moderate,"{""PM2_Moderate"": 2}",2,VUS,VUS,,,,PM2_Moderate: gnomAD max AF=0 < threshold 0.005 for MOI AR,,,,,,,,,,,,,,No,No,,,,"Failed strict QC (DP/AF): DP=3 (min=10), AF=0.286 (min=0.2);Failed strict QC;Filtered: outside recommended transcript/exon/protein region per recommendations: {'transcript_exons': [{'transcript': 'NM_001256021.1', 'start_exon': 1, 'end_exon': 8}]}",Yes
7024470,28730_2023,chr7,5980498,A,G,PMS2,AD,ENST00000265849.12:c.2175-1802T>C,Not provided,,,,,intron_variant,Hom,2,1.000,Lynch syndrome,No,,No,unknown_db_phenotype,No phenotype text in DB (unknown),Not provided,Not provided,0,Not provided,Not provided,0,Not provided,0,0,Not provided,No database evidence,0.0,Unknown,Not provided,Not provided,0.000,Not provided,[],[],unknown,No,PM2_Moderate,"{""PM2_Moderate"": 2}",2,VUS,VUS,,,,PM2_Moderate: gnomAD max AF=0 < threshold 0.0001 for MOI AD,,,,,,,,,,,,,,No,No,,,,"Failed strict QC (DP/AF): DP=2 (min=5), AF=1.000 (min=0.2);Failed strict QC",Yes
7024470,28730_2023,chr7,151669887,T,C,PRKAG2,AD,ENST00000287878.9:c.684+5533A>G,Not provided,,,,,intron_variant,Het,8,0.556,Hypertrophic cardiomyopathy,No,,No,unknown_db_phenotype,No phenotype text in DB (unknown),Not provided,Not provided,0,Not provided,Not provided,0,Not provided,0,0,Not provided,No database evidence,0.000015,v3,Not provided,Not provided,0.000,Not provided,[],[],unknown,No,PM2_Moderate,"{""PM2_Moderate"": 2}",2,VUS,VUS,,,,PM2_Moderate: gnomAD max AF=1.50011e-05 < threshold 0.0001 for MOI AD,,,,,,,,,,,,,,No,No,,,,"Failed strict QC (DP/AF): DP=8 (min=10), AF=0.556 (min=0.2);Failed strict QC",Yes
7024470,28730_2023,chr7,151795846,C,CATATATATATAT,PRKAG2,AD,ENST00000287878.9:c.115-9317_115-9306dup,Not provided,,,,,intron_variant,Het,9,0.111,Hypertrophic cardiomyopathy,No,,No,unknown_db_phenotype,No phenotype text in DB (unknown),Not provided,Not provided,0,Not provided,Not provided,0,Not provided,0,0,Not provided,No database evidence,0.0,Unknown,Not provided,Not provided,Not provided,Not provided,[],[],unknown,No,PM2_Moderate,"{""PM2_Moderate"": 2}",2,VUS,VUS,,,,PM2_Moderate: gnomAD max AF=0 < threshold 0.0001 for MOI AD,,,,,,,,,,,,,,No,No,,,,"Failed strict QC (DP/AF): DP=9 (min=10), AF=0.111 (min=0.2);Failed strict QC",Yes
7024470,28730_2023,chr7,151874522,TATG,T,PRKAG2,AD,ENST00000287878.9:c.114+1982_114+1984del,Not provided,,,,,intron_variant,Het,9,0.333,Hypertrophic cardiomyopathy,No,,No,unknown_db_phenotype,No phenotype text in DB (unknown),Not provided,Not provided,0,Not provided,Not provided,0,Not provided,0,0,Not provided,No database evidence,0.0,Unknown,Not provided,Not provided,0.010,Not provided,[],[],unknown,No,PM2_Moderate,"{""PM2_Moderate"": 2}",2,VUS,VUS,,,,PM2_Moderate: gnomAD max AF=0 < threshold 0.0001 for MOI AD,,,,,,,,,,,,,,No,No,,,,"Failed strict QC (DP/AF): DP=9 (min=10), AF=0.333 (min=0.2);Failed strict QC",Yes
