sample,Family_ID,chrom,pos,ref,alt,gene,Inheritance,HGVSc,HGVSp,AA_ref,AA_alt,AA_pos,Exon,Consequence,Impact,Zygosity,DP,Sample_AF,acmg_disease_association,Special_Guidance,Rules_applied,disease_match,disease_match_level,disease_match_reason,clinvar_trait,clinvar_sig,clinvar_stars,hgmd_class,hgmd_phenotype,hgmd_publication_count,hgmd_rankscore,hgmd_dmsupported,hgmd_support_confirmed,internal_db_sig,database_summary,gnomAD_AF,gnomAD_version,REVEL,CADD,SpliceAI,AlphaMissense,ps1_matches,pm5_matches,phase,is_delins_part,criteria_assigned,criteria_points,total_points,Algorithmic_class,automated_class,PVS1_expl,PS1_expl,PM1_expl,PM2_expl,PM3_expl,PM4_expl,PM5_expl,PP1_expl,PP3_expl,PP5_expl,BA1_expl,BS1_expl,BS2_expl,BP4_expl,BP5_expl,BP6_expl,BP7_expl,in_auto_report,in_manual_review,auto_report_reasons,manual_reasons,comments,filtered_reasons,filtered_out
7115000,11830_2024,chr1,17017296,CAGG,C,SDHB,AD,c.*1582_*1584delCCT,Not provided,,,,,downstream_gene_variant,MODIFIER,Het,20,0.650,Hereditary paraganglioma-pheochromocytoma syndrome,No,,No,unknown_db_phenotype,No phenotype text in DB (unknown),Not provided,Not provided,0,Not provided,Not provided,0,Not provided,0,0,Not provided,No database evidence,0.000007,v3,-1.000,Not provided,Not provided,Not provided,[],[],unknown,No,PM2_Moderate,"{""PM2_Moderate"": 2}",2,VUS,VUS,,,,PM2_Moderate: gnomAD max AF=6.97029e-06 < threshold 0.0001 for MOI AD,,,,,,,,,,,,,,No,No,,,,,Yes
7115000,11830_2024,chr1,17052044,A,C,SDHB,AD,c.72+1904T>G,Not provided,,,,1/7,intron_variant,MODIFIER,Het,27,0.444,Hereditary paraganglioma-pheochromocytoma syndrome,No,,No,unknown_db_phenotype,No phenotype text in DB (unknown),Not provided,Not provided,0,Not provided,Not provided,0,Not provided,0,0,Not provided,No database evidence,0.0,Unknown,-1.000,Not provided,Not provided,Not provided,[],[],unknown,No,PM2_Moderate,"{""PM2_Moderate"": 2}",2,VUS,VUS,,,,PM2_Moderate: gnomAD max AF=0 < threshold 0.0001 for MOI AD,,,,,,,,,,,,,,No,No,,,,,Yes
7115000,11830_2024,chr1,45339498,G,A,MUTYH,AR,c.-214+721C>T,Not provided,,,,1/14,intron_variant,MODIFIER,Het,41,0.537,MUTYH-associated polyposis,No,,No,unknown_db_phenotype,No phenotype text in DB (unknown),not_provided,Likely_benign,1,Not provided,Not provided,0,Not provided,0,0,Not provided,ClinVar: Likely_benign (1*),0.0,Unknown,-1.000,Not provided,Not provided,Not provided,[],[],unknown,No,PM2_Moderate,"{""PM2_Moderate"": 2}",2,VUS,VUS,,,,PM2_Moderate: gnomAD max AF=0 < threshold 0.005 for MOI AR,,,,,,,,,,,,,,No,No,,,Low quality ClinVar: Likely_benign (1 stars),,Yes
7115000,11830_2024,chr1,55064428,C,T,PCSK9,AD,n.2530C>T,Not provided,,,,10/10,non_coding_transcript_exon_variant,MODIFIER,Het,57,0.544,Familial hypercholesterolemia,Yes,"RULES_PRESENT_NO_MATCH: Include if Impact is ""MODERATE"" or ""LOW"";RULES_PRESENT_NO_MATCH: Include if Impact is ""MODERATE"" or ""LOW""",No,unknown_db_phenotype,No phenotype text in DB (unknown),Not provided,Not provided,0,Not provided,Not provided,0,Not provided,0,0,Not provided,No database evidence,0.000053,v3,-1.000,Not provided,Not provided,Not provided,[],[],unknown,No,PM2_Moderate,"{""PM2_Moderate"": 2}",2,VUS,VUS,,,,PM2_Moderate: gnomAD max AF=5.25452e-05 < threshold 0.0001 for MOI AD,,,,,,,,,,,,,,No,No,,,,,Yes
7115000,11830_2024,chr1,115709531,T,C,CASQ2,AR,c.839-4239A>G,Not provided,,,,8/10,intron_variant,MODIFIER,Het,45,0.587,Catecholaminergic polymorphic ventricular tachycardia,No,,No,unknown_db_phenotype,No phenotype text in DB (unknown),Not provided,Not provided,0,Not provided,Not provided,0,Not provided,0,0,Not provided,No database evidence,0.0,Unknown,-1.000,Not provided,Not provided,Not provided,[],[],unknown,No,PM2_Moderate,"{""PM2_Moderate"": 2}",2,VUS,VUS,,,,PM2_Moderate: gnomAD max AF=0 < threshold 0.005 for MOI AR,,,,,,,,,,,,,,No,No,,,,,Yes
7115000,11830_2024,chr1,156082507,GGGGGGCGCGCC,G,LMNA,AD,c.-711_-701delGGGGGCGCGCC,Not provided,,,,,upstream_gene_variant,MODIFIER,Het,31,0.387,Dilated cardiomyopathy,No,,No,unknown_db_phenotype,No phenotype text in DB (unknown),Not provided,Not provided,0,Not provided,Not provided,0,Not provided,0,0,Not provided,No database evidence,0.0,Unknown,-1.000,Not provided,Not provided,Not provided,[],[],unknown,No,PM2_Moderate,"{""PM2_Moderate"": 2}",2,VUS,VUS,,,,PM2_Moderate: gnomAD max AF=0 < threshold 0.0001 for MOI AD,,,,,,,,,,,,,,No,No,,,,,Yes
7115000,11830_2024,chr1,156109798,A,ATG,LMNA,AD,c.-206-4896_-206-4895dupTG,Not provided,,,,3/12,intron_variant,MODIFIER,Het,28,0.429,Dilated cardiomyopathy,No,,No,unknown_db_phenotype,No phenotype text in DB (unknown),Not provided,Not provided,0,Not provided,Not provided,0,Not provided,0,0,Not provided,No database evidence,0.0,Unknown,-1.000,Not provided,Not provided,Not provided,[],[],unknown,No,PM2_Moderate,"{""PM2_Moderate"": 2}",2,VUS,VUS,,,,PM2_Moderate: gnomAD max AF=0 < threshold 0.0001 for MOI AD,,,,,,,,,,,,,,No,No,,,,,Yes
7115000,11830_2024,chr1,156109818,G,GTGTGTGTATA,LMNA,AD,c.-206-4895_-206-4894insTGTGTGTATA,Not provided,,,,3/12,intron_variant,MODIFIER,Het,31,0.452,Dilated cardiomyopathy,No,,No,unknown_db_phenotype,No phenotype text in DB (unknown),Not provided,Not provided,0,Not provided,Not provided,0,Not provided,0,0,Not provided,No database evidence,0.0,Unknown,-1.000,Not provided,Not provided,Not provided,[],[],unknown,No,PM2_Moderate,"{""PM2_Moderate"": 2}",2,VUS,VUS,,,,PM2_Moderate: gnomAD max AF=0 < threshold 0.0001 for MOI AD,,,,,,,,,,,,,,No,No,,,,,Yes
7115000,11830_2024,chr1,156138550,G,A,LMNA,AD,c.1671G>A,p.Leu557Leu,,,557,10/11,synonymous_variant,LOW,Het,43,0.395,Dilated cardiomyopathy,No,,No,N/A,N/A,Cardiovascular_phenotype|Charcot-Marie-Tooth_disease_type_2|Charcot-Marie-Tooth_disease|not_specified|not_provided|Cardiomyopathy|Primary_dilated_cardiomyopathy,Benign/Likely_benign,2,Not provided,Not provided,0,Not provided,0,0,Not provided,ClinVar: Benign/Likely_benign (2*),0.0,Unknown,-1.000,Not provided,Not provided,Not provided,[],[],unknown,No,PM2_Moderate,"{""PM2_Moderate"": 2}",2,VUS,VUS,,,,PM2_Moderate: gnomAD max AF=0 < threshold 0.0001 for MOI AD,,,,,,,,,,,,,,No,No,,,Filtered: HQ Benign (ClinVar≥2★ or HGMD benign or Internal DB benign),Filtered: HQ Benign (ClinVar≥2★ or HGMD benign or Internal DB benign),Yes
7115000,11830_2024,chr1,201362268,C,T,TNNT2,AD,c.557-241G>A,Not provided,,,,10/13,intron_variant,MODIFIER,Het,51,0.588,Dilated cardiomyopathy; Hypertrophic cardiomyopathy,No,,No,unknown_db_phenotype,No phenotype text in DB (unknown),Not provided,Not provided,0,Not provided,Not provided,0,Not provided,0,0,Not provided,No database evidence,0.0,Unknown,-1.000,Not provided,Not provided,Not provided,[],[],unknown,No,PM2_Moderate,"{""PM2_Moderate"": 2}",2,VUS,VUS,,,,PM2_Moderate: gnomAD max AF=0 < threshold 0.0001 for MOI AD,,,,,,,,,,,,,,No,No,,,,,Yes
7115000,11830_2024,chr1,201368625,T,C,TNNT2,AD,c.53-398A>G,Not provided,,,,3/13,intron_variant,MODIFIER,Het,47,0.404,Dilated cardiomyopathy; Hypertrophic cardiomyopathy,No,,No,unknown_db_phenotype,No phenotype text in DB (unknown),Not provided,Not provided,0,Not provided,Not provided,0,Not provided,0,0,Not provided,No database evidence,0.0,Unknown,-1.000,Not provided,Not provided,Not provided,[],[],unknown,No,PM2_Moderate,"{""PM2_Moderate"": 2}",2,VUS,VUS,,,,PM2_Moderate: gnomAD max AF=0 < threshold 0.0001 for MOI AD,,,,,,,,,,,,,,No,No,,,,,Yes
7115000,11830_2024,chr1,237056671,A,AG,RYR2,AD,c.48+14102_48+14103insG,Not provided,,,,1/104,intron_variant,MODIFIER,Het,58,0.305,Catecholaminergic polymorphic ventricular tachycardia,No,,No,unknown_db_phenotype,No phenotype text in DB (unknown),Not provided,Not provided,0,Not provided,Not provided,0,Not provided,0,0,Not provided,No database evidence,0.0,Unknown,-1.000,Not provided,Not provided,Not provided,[],[],unknown,Yes,PM2_Moderate,"{""PM2_Moderate"": 2}",2,VUS,VUS,,,,PM2_Moderate: gnomAD max AF=0 < threshold 0.0001 for MOI AD,,,,,,,,,,,,,,No,No,,,Delins cluster (unphased) detected (cluster_id=1; members=chr1:237056671:A:AG:7115000;chr1:237056672:T:C:7115000;chr1:237056674:G:A:7115000) - phasing required to confirm cis/trans.;Delins/overlap cluster (id=1) detected but not all members meet P/LP or >5pts -> not auto-escalated (possible carrier).,,Yes
7115000,11830_2024,chr1,237056672,T,C,RYR2,AD,c.48+14103T>C,Not provided,,,,1/104,intron_variant,MODIFIER,Het,61,0.328,Catecholaminergic polymorphic ventricular tachycardia,No,,No,unknown_db_phenotype,No phenotype text in DB (unknown),Not provided,Not provided,0,Not provided,Not provided,0,Not provided,0,0,Not provided,No database evidence,0.0,Unknown,-1.000,Not provided,Not provided,Not provided,[],[],unknown,Yes,PM2_Moderate,"{""PM2_Moderate"": 2}",2,VUS,VUS,,,,PM2_Moderate: gnomAD max AF=0 < threshold 0.0001 for MOI AD,,,,,,,,,,,,,,No,No,,,Delins cluster (unphased) detected (cluster_id=1; members=chr1:237056671:A:AG:7115000;chr1:237056672:T:C:7115000;chr1:237056674:G:A:7115000) - phasing required to confirm cis/trans.;Delins/overlap cluster (id=1) detected but not all members meet P/LP or >5pts -> not auto-escalated (possible carrier).,,Yes
7115000,11830_2024,chr1,237056674,G,A,RYR2,AD,c.48+14105G>A,Not provided,,,,1/104,intron_variant,MODIFIER,Het,62,0.323,Catecholaminergic polymorphic ventricular tachycardia,No,,No,unknown_db_phenotype,No phenotype text in DB (unknown),Not provided,Not provided,0,Not provided,Not provided,0,Not provided,0,0,Not provided,No database evidence,0.0,Unknown,-1.000,Not provided,Not provided,Not provided,[],[],unknown,Yes,PM2_Moderate,"{""PM2_Moderate"": 2}",2,VUS,VUS,,,,PM2_Moderate: gnomAD max AF=0 < threshold 0.0001 for MOI AD,,,,,,,,,,,,,,No,No,,,Delins cluster (unphased) detected (cluster_id=1; members=chr1:237056671:A:AG:7115000;chr1:237056672:T:C:7115000;chr1:237056674:G:A:7115000) - phasing required to confirm cis/trans.;Delins/overlap cluster (id=1) detected but not all members meet P/LP or >5pts -> not auto-escalated (possible carrier).,,Yes
7115000,11830_2024,chr1,237061276,CAT,C,RYR2,AD,c.48+18708_48+18709delAT,Not provided,,,,1/104,intron_variant,MODIFIER,Het,36,0.361,Catecholaminergic polymorphic ventricular tachycardia,No,,No,unknown_db_phenotype,No phenotype text in DB (unknown),Not provided,Not provided,0,Not provided,Not provided,0,Not provided,0,0,Not provided,No database evidence,0.0,Unknown,-1.000,Not provided,Not provided,Not provided,[],[],unknown,Yes,PM2_Moderate,"{""PM2_Moderate"": 2}",2,VUS,VUS,,,,PM2_Moderate: gnomAD max AF=0 < threshold 0.0001 for MOI AD,,,,,,,,,,,,,,No,No,,,Delins cluster (unphased) detected (cluster_id=2; members=chr1:237061276:CAT:C:7115000;chr1:237061279:CT:C:7115000) - phasing required to confirm cis/trans.;Delins/overlap cluster (id=2) detected but not all members meet P/LP or >5pts -> not auto-escalated (possible carrier).,,Yes
7115000,11830_2024,chr1,237061279,CT,C,RYR2,AD,c.48+18711delT,Not provided,,,,1/104,intron_variant,MODIFIER,Het,35,0.343,Catecholaminergic polymorphic ventricular tachycardia,No,,No,unknown_db_phenotype,No phenotype text in DB (unknown),Not provided,Not provided,0,Not provided,Not provided,0,Not provided,0,0,Not provided,No database evidence,0.0,Unknown,-1.000,Not provided,Not provided,Not provided,[],[],unknown,Yes,PM2_Moderate,"{""PM2_Moderate"": 2}",2,VUS,VUS,,,,PM2_Moderate: gnomAD max AF=0 < threshold 0.0001 for MOI AD,,,,,,,,,,,,,,No,No,,,Delins cluster (unphased) detected (cluster_id=2; members=chr1:237061276:CAT:C:7115000;chr1:237061279:CT:C:7115000) - phasing required to confirm cis/trans.;Delins/overlap cluster (id=2) detected but not all members meet P/LP or >5pts -> not auto-escalated (possible carrier).,,Yes
7115000,11830_2024,chr1,237067566,C,CATTTAATTTA,RYR2,AD,c.48+25005_48+25006insTAATTTAATT,Not provided,,,,1/104,intron_variant,MODIFIER,Het,30,0.433,Catecholaminergic polymorphic ventricular tachycardia,No,,No,unknown_db_phenotype,No phenotype text in DB (unknown),Not provided,Not provided,0,Not provided,Not provided,0,Not provided,0,0,Not provided,No database evidence,0.0,Unknown,-1.000,Not provided,0.000,Not provided,[],[],unknown,No,PM2_Moderate,"{""PM2_Moderate"": 2}",2,VUS,VUS,,,,PM2_Moderate: gnomAD max AF=0 < threshold 0.0001 for MOI AD,,,,,,,,,,,,,,No,No,,,,,Yes
7115000,11830_2024,chr1,237076372,C,T,RYR2,AD,c.48+33803C>T,Not provided,,,,1/104,intron_variant,MODIFIER,Het,13,0.231,Catecholaminergic polymorphic ventricular tachycardia,No,,No,unknown_db_phenotype,No phenotype text in DB (unknown),Not provided,Not provided,0,Not provided,Not provided,0,Not provided,0,0,Not provided,No database evidence,0.000072,v3,-1.000,Not provided,Not provided,Not provided,[],[],unknown,No,PM2_Moderate,"{""PM2_Moderate"": 2}",2,VUS,VUS,,,,PM2_Moderate: gnomAD max AF=7.23275e-05 < threshold 0.0001 for MOI AD,,,,,,,,,,,,,,No,No,,,,,Yes
7115000,11830_2024,chr1,237098422,T,TGC,RYR2,AD,c.48+55854_48+55855insCG,Not provided,,,,1/104,intron_variant,MODIFIER,Het,46,0.304,Catecholaminergic polymorphic ventricular tachycardia,No,,No,unknown_db_phenotype,No phenotype text in DB (unknown),Not provided,Not provided,0,Not provided,Not provided,0,Not provided,0,0,Not provided,No database evidence,0.0,Unknown,-1.000,Not provided,0.060,Not provided,[],[],unknown,No,PM2_Moderate,"{""PM2_Moderate"": 2}",2,VUS,VUS,,,,PM2_Moderate: gnomAD max AF=0 < threshold 0.0001 for MOI AD,,,,,,,,,,,,,,No,No,,,,,Yes
7115000,11830_2024,chr1,237167364,A,G,RYR2,AD,c.49-103133A>G,Not provided,,,,1/104,intron_variant,MODIFIER,Het,32,0.375,Catecholaminergic polymorphic ventricular tachycardia,No,,No,unknown_db_phenotype,No phenotype text in DB (unknown),Not provided,Not provided,0,Not provided,Not provided,0,Not provided,0,0,Not provided,No database evidence,0.0,Unknown,-1.000,Not provided,Not provided,Not provided,[],[],unknown,No,PM2_Moderate,"{""PM2_Moderate"": 2}",2,VUS,VUS,,,,PM2_Moderate: gnomAD max AF=0 < threshold 0.0001 for MOI AD,,,,,,,,,,,,,,No,No,,,,,Yes
7115000,11830_2024,chr1,237218429,C,G,RYR2,AD,c.49-52068C>G,Not provided,,,,1/104,intron_variant,MODIFIER,Het,37,0.432,Catecholaminergic polymorphic ventricular tachycardia,No,,No,unknown_db_phenotype,No phenotype text in DB (unknown),Not provided,Not provided,0,Not provided,Not provided,0,Not provided,0,0,Not provided,No database evidence,0.000085,v3,-1.000,Not provided,Not provided,Not provided,[],[],unknown,No,PM2_Moderate,"{""PM2_Moderate"": 2}",2,VUS,VUS,,,,PM2_Moderate: gnomAD max AF=8.54487e-05 < threshold 0.0001 for MOI AD,,,,,,,,,,,,,,No,No,,,,,Yes
7115000,11830_2024,chr1,237264524,G,A,RYR2,AD,c.49-5973G>A,Not provided,,,,1/104,intron_variant,MODIFIER,Het,35,0.543,Catecholaminergic polymorphic ventricular tachycardia,No,,No,unknown_db_phenotype,No phenotype text in DB (unknown),Not provided,Not provided,0,Not provided,Not provided,0,Not provided,0,0,Not provided,No database evidence,0.0,Unknown,-1.000,Not provided,Not provided,Not provided,[],[],unknown,No,PM2_Moderate,"{""PM2_Moderate"": 2}",2,VUS,VUS,,,,PM2_Moderate: gnomAD max AF=0 < threshold 0.0001 for MOI AD,,,,,,,,,,,,,,No,No,,,,,Yes
7115000,11830_2024,chr1,237268950,A,C,RYR2,AD,c.49-1547A>C,Not provided,,,,1/104,intron_variant,MODIFIER,Het,15,0.267,Catecholaminergic polymorphic ventricular tachycardia,No,,No,unknown_db_phenotype,No phenotype text in DB (unknown),Not provided,Not provided,0,Not provided,Not provided,0,Not provided,0,0,Not provided,No database evidence,0.0,Unknown,-1.000,Not provided,Not provided,Not provided,[],[],unknown,No,PM2_Moderate,"{""PM2_Moderate"": 2}",2,VUS,VUS,,,,PM2_Moderate: gnomAD max AF=0 < threshold 0.0001 for MOI AD,,,,,,,,,,,,,,No,No,,,,,Yes
7115000,11830_2024,chr1,237311352,T,C,RYR2,AD,c.169-19526T>C,Not provided,,,,2/104,intron_variant,MODIFIER,Het,39,0.641,Catecholaminergic polymorphic ventricular tachycardia,No,,No,unknown_db_phenotype,No phenotype text in DB (unknown),Not provided,Not provided,0,Not provided,Not provided,0,Not provided,0,0,Not provided,No database evidence,0.0,Unknown,-1.000,Not provided,Not provided,Not provided,[],[],unknown,No,PM2_Moderate,"{""PM2_Moderate"": 2}",2,VUS,VUS,,,,PM2_Moderate: gnomAD max AF=0 < threshold 0.0001 for MOI AD,,,,,,,,,,,,,,No,No,,,,,Yes
7115000,11830_2024,chr1,237326336,T,C,RYR2,AD,c.169-4542T>C,Not provided,,,,2/104,intron_variant,MODIFIER,Het,49,0.560,Catecholaminergic polymorphic ventricular tachycardia,No,,No,unknown_db_phenotype,No phenotype text in DB (unknown),Not provided,Not provided,0,Not provided,Not provided,0,Not provided,0,0,Not provided,No database evidence,0.0,Unknown,-1.000,Not provided,Not provided,Not provided,[],[],unknown,No,PM2_Moderate,"{""PM2_Moderate"": 2}",2,VUS,VUS,,,,PM2_Moderate: gnomAD max AF=0 < threshold 0.0001 for MOI AD,,,,,,,,,,,,,,No,No,,,,,Yes
7115000,11830_2024,chr1,237380359,AATAT,A,RYR2,AD,c.576+2984_576+2987delTATA,Not provided,,,,8/104,intron_variant,MODIFIER,Het,18,0.889,Catecholaminergic polymorphic ventricular tachycardia,No,,No,unknown_db_phenotype,No phenotype text in DB (unknown),Not provided,Not provided,0,Not provided,Not provided,0,Not provided,0,0,Not provided,No database evidence,0.0,Unknown,-1.000,Not provided,0.000,Not provided,[],[],unknown,No,PM2_Moderate,"{""PM2_Moderate"": 2}",2,VUS,VUS,,,,PM2_Moderate: gnomAD max AF=0 < threshold 0.0001 for MOI AD,,,,,,,,,,,,,,No,No,,,,,Yes
7115000,11830_2024,chr1,237396344,C,T,RYR2,AD,c.773+8161C>T,Not provided,,,,10/104,intron_variant,MODIFIER,Het,34,0.559,Catecholaminergic polymorphic ventricular tachycardia,No,,No,unknown_db_phenotype,No phenotype text in DB (unknown),Not provided,Not provided,0,Not provided,Not provided,0,Not provided,0,0,Not provided,No database evidence,0.0,Unknown,-1.000,Not provided,Not provided,Not provided,[],[],unknown,No,PM2_Moderate,"{""PM2_Moderate"": 2}",2,VUS,VUS,,,,PM2_Moderate: gnomAD max AF=0 < threshold 0.0001 for MOI AD,,,,,,,,,,,,,,No,No,,,,,Yes
7115000,11830_2024,chr1,237445363,A,G,RYR2,AD,c.1171-38A>G,Not provided,,,,13/104,intron_variant,MODIFIER,Het,42,0.524,Catecholaminergic polymorphic ventricular tachycardia,No,,No,unknown_db_phenotype,No phenotype text in DB (unknown),Not provided,Not provided,0,Not provided,Not provided,0,Not provided,0,0,Not provided,No database evidence,0.0,Unknown,-1.000,Not provided,Not provided,Not provided,[],[],unknown,No,PM2_Moderate,"{""PM2_Moderate"": 2}",2,VUS,VUS,,,,PM2_Moderate: gnomAD max AF=0 < threshold 0.0001 for MOI AD,,,,,,,,,,,,,,No,No,,,,,Yes
7115000,11830_2024,chr1,237469763,G,A,RYR2,AD,c.1708+576G>A,Not provided,,,,17/104,intron_variant,MODIFIER,Het,48,0.396,Catecholaminergic polymorphic ventricular tachycardia,No,,No,unknown_db_phenotype,No phenotype text in DB (unknown),Not provided,Not provided,0,Not provided,Not provided,0,Not provided,0,0,Not provided,No database evidence,0.0,Unknown,-1.000,Not provided,Not provided,Not provided,[],[],unknown,No,PM2_Moderate,"{""PM2_Moderate"": 2}",2,VUS,VUS,,,,PM2_Moderate: gnomAD max AF=0 < threshold 0.0001 for MOI AD,,,,,,,,,,,,,,No,No,,,,,Yes
7115000,11830_2024,chr1,237488726,C,T,RYR2,AD,c.1709-3080C>T,Not provided,,,,17/104,intron_variant,MODIFIER,Het,31,0.516,Catecholaminergic polymorphic ventricular tachycardia,No,,No,unknown_db_phenotype,No phenotype text in DB (unknown),Not provided,Not provided,0,Not provided,Not provided,0,Not provided,0,0,Not provided,No database evidence,0.000026,v3,-1.000,Not provided,Not provided,Not provided,[],[],unknown,No,PM2_Moderate,"{""PM2_Moderate"": 2}",2,VUS,VUS,,,,PM2_Moderate: gnomAD max AF=2.62961e-05 < threshold 0.0001 for MOI AD,,,,,,,,,,,,,,No,No,,,,,Yes
7115000,11830_2024,chr1,237492864,G,A,RYR2,AD,c.1828-90G>A,Not provided,,,,18/104,intron_variant,MODIFIER,Het,14,0.714,Catecholaminergic polymorphic ventricular tachycardia,No,,No,unknown_db_phenotype,No phenotype text in DB (unknown),Not provided,Not provided,0,Not provided,Not provided,0,Not provided,0,0,Not provided,No database evidence,0.0,Unknown,-1.000,Not provided,Not provided,Not provided,[],[],unknown,Yes,PM2_Moderate,"{""PM2_Moderate"": 2}",2,VUS,VUS,,,,PM2_Moderate: gnomAD max AF=0 < threshold 0.0001 for MOI AD,,,,,,,,,,,,,,No,No,,,Delins cluster (unphased) detected (cluster_id=3; members=chr1:237492864:G:A:7115000;chr1:237492874:G:A:7115000;chr1:237492866:A:G:7115000;chr1:237492872:A:G:7115000) - phasing required to confirm cis/trans.;Delins/overlap cluster (id=3) detected but not all members meet P/LP or >5pts -> not auto-escalated (possible carrier).,,Yes
7115000,11830_2024,chr1,237492866,A,G,RYR2,AD,c.1828-88A>G,Not provided,,,,18/104,intron_variant,MODIFIER,Het,14,0.714,Catecholaminergic polymorphic ventricular tachycardia,No,,No,unknown_db_phenotype,No phenotype text in DB (unknown),Not provided,Not provided,0,Not provided,Not provided,0,Not provided,0,0,Not provided,No database evidence,0.000012,v3,-1.000,Not provided,Not provided,Not provided,[],[],unknown,Yes,PM2_Moderate,"{""PM2_Moderate"": 2}",2,VUS,VUS,,,,PM2_Moderate: gnomAD max AF=1.15562e-05 < threshold 0.0001 for MOI AD,,,,,,,,,,,,,,No,No,,,Delins cluster (unphased) detected (cluster_id=3; members=chr1:237492864:G:A:7115000;chr1:237492874:G:A:7115000;chr1:237492866:A:G:7115000;chr1:237492872:A:G:7115000) - phasing required to confirm cis/trans.;Delins/overlap cluster (id=3) detected but not all members meet P/LP or >5pts -> not auto-escalated (possible carrier).,,Yes
7115000,11830_2024,chr1,237492872,A,G,RYR2,AD,c.1828-82A>G,Not provided,,,,18/104,intron_variant,MODIFIER,Hom,15,1.000,Catecholaminergic polymorphic ventricular tachycardia,No,,No,unknown_db_phenotype,No phenotype text in DB (unknown),Not provided,Not provided,0,Not provided,Not provided,0,Not provided,0,0,Not provided,No database evidence,0.0,Unknown,-1.000,Not provided,Not provided,Not provided,[],[],unknown,Yes,PM2_Moderate,"{""PM2_Moderate"": 2}",2,VUS,VUS,,,,PM2_Moderate: gnomAD max AF=0 < threshold 0.0001 for MOI AD,,,,,,,,,,,,,,No,No,,,Delins cluster (unphased) detected (cluster_id=3; members=chr1:237492864:G:A:7115000;chr1:237492874:G:A:7115000;chr1:237492866:A:G:7115000;chr1:237492872:A:G:7115000) - phasing required to confirm cis/trans.;Delins/overlap cluster (id=3) detected but not all members meet P/LP or >5pts -> not auto-escalated (possible carrier).,,Yes
7115000,11830_2024,chr1,237492874,G,A,RYR2,AD,c.1828-80G>A,Not provided,,,,18/104,intron_variant,MODIFIER,Hom,14,1.000,Catecholaminergic polymorphic ventricular tachycardia,No,,No,unknown_db_phenotype,No phenotype text in DB (unknown),Not provided,Not provided,0,Not provided,Not provided,0,Not provided,0,0,Not provided,No database evidence,0.0,Unknown,-1.000,Not provided,Not provided,Not provided,[],[],unknown,Yes,PM2_Moderate,"{""PM2_Moderate"": 2}",2,VUS,VUS,,,,PM2_Moderate: gnomAD max AF=0 < threshold 0.0001 for MOI AD,,,,,,,,,,,,,,No,No,,,Delins cluster (unphased) detected (cluster_id=3; members=chr1:237492864:G:A:7115000;chr1:237492874:G:A:7115000;chr1:237492866:A:G:7115000;chr1:237492872:A:G:7115000) - phasing required to confirm cis/trans.;Delins/overlap cluster (id=3) detected but not all members meet P/LP or >5pts -> not auto-escalated (possible carrier).,,Yes
7115000,11830_2024,chr1,237542058,CTTTATT,C,RYR2,AD,c.2907-6371_2907-6366delTTATTT,Not provided,,,,25/104,intron_variant,MODIFIER,Het,20,0.350,Catecholaminergic polymorphic ventricular tachycardia,No,,No,unknown_db_phenotype,No phenotype text in DB (unknown),Not provided,Not provided,0,Not provided,Not provided,0,Not provided,0,0,Not provided,No database evidence,0.0,Unknown,-1.000,Not provided,0.010,Not provided,[],[],unknown,Yes,PM2_Moderate,"{""PM2_Moderate"": 2}",2,VUS,VUS,,,,PM2_Moderate: gnomAD max AF=0 < threshold 0.0001 for MOI AD,,,,,,,,,,,,,,No,No,,,Delins cluster (unphased) detected (cluster_id=4; members=chr1:237542058:CTTTATT:C:7115000;chr1:237542066:ATTTATTTATTTATT:A:7115000) - phasing required to confirm cis/trans.;Delins/overlap cluster (id=4) detected but not all members meet P/LP or >5pts -> not auto-escalated (possible carrier).,,Yes
7115000,11830_2024,chr1,237542066,ATTTATTTATTTATT,A,RYR2,AD,c.2907-6363_2907-6350delTTATTTATTTATTT,Not provided,,,,25/104,intron_variant,MODIFIER,Het,20,0.350,Catecholaminergic polymorphic ventricular tachycardia,No,,No,unknown_db_phenotype,No phenotype text in DB (unknown),Not provided,Not provided,0,Not provided,Not provided,0,Not provided,0,0,Not provided,No database evidence,0.0,Unknown,-1.000,Not provided,0.000,Not provided,[],[],unknown,Yes,PM2_Moderate,"{""PM2_Moderate"": 2}",2,VUS,VUS,,,,PM2_Moderate: gnomAD max AF=0 < threshold 0.0001 for MOI AD,,,,,,,,,,,,,,No,No,,,Delins cluster (unphased) detected (cluster_id=4; members=chr1:237542058:CTTTATT:C:7115000;chr1:237542066:ATTTATTTATTTATT:A:7115000) - phasing required to confirm cis/trans.;Delins/overlap cluster (id=4) detected but not all members meet P/LP or >5pts -> not auto-escalated (possible carrier).,,Yes
7115000,11830_2024,chr1,237560126,T,A,RYR2,AD,c.3215-6441T>A,Not provided,,,,27/104,intron_variant,MODIFIER,Het,42,0.405,Catecholaminergic polymorphic ventricular tachycardia,No,,No,unknown_db_phenotype,No phenotype text in DB (unknown),Not provided,Not provided,0,Not provided,Not provided,0,Not provided,0,0,Not provided,No database evidence,0.0,Unknown,-1.000,Not provided,Not provided,Not provided,[],[],unknown,No,PM2_Moderate,"{""PM2_Moderate"": 2}",2,VUS,VUS,,,,PM2_Moderate: gnomAD max AF=0 < threshold 0.0001 for MOI AD,,,,,,,,,,,,,,No,No,,,,,Yes
7115000,11830_2024,chr1,237578676,ATTTGTTAAGGT,A,RYR2,AD,c.3598+9358_3598+9368delTTTGTTAAGGT,Not provided,,,,29/104,intron_variant,MODIFIER,Het,40,0.561,Catecholaminergic polymorphic ventricular tachycardia,No,,No,unknown_db_phenotype,No phenotype text in DB (unknown),Not provided,Not provided,0,Not provided,Not provided,0,Not provided,0,0,Not provided,No database evidence,0.0,Unknown,-1.000,Not provided,0.000,Not provided,[],[],unknown,Yes,PM2_Moderate,"{""PM2_Moderate"": 2}",2,VUS,VUS,,,,PM2_Moderate: gnomAD max AF=0 < threshold 0.0001 for MOI AD,,,,,,,,,,,,,,No,No,,,Delins cluster (unphased) detected (cluster_id=5; members=chr1:237578676:ATTTGTTAAGGT:A:7115000;chr1:237578688:CTCTCACCCA:C:7115000;chr1:237578701:TGCAGTTTTGA:T:7115000;chr1:237578714:AGGTGGTGGG:A:7115000;chr1:237578724:AGTGGGG:A:7115000;chr1:237578732:CATGTACGCTCCCTCAGTGT:C:7115000) - phasing required to confirm cis/trans.;Delins/overlap cluster (id=5) detected but not all members meet P/LP or >5pts -> not auto-escalated (possible carrier).,,Yes
7115000,11830_2024,chr1,237578688,CTCTCACCCA,C,RYR2,AD,c.3598+9371_3598+9379delCTCACCCAT,Not provided,,,,29/104,intron_variant,MODIFIER,Het,41,0.548,Catecholaminergic polymorphic ventricular tachycardia,No,,No,unknown_db_phenotype,No phenotype text in DB (unknown),Not provided,Not provided,0,Not provided,Not provided,0,Not provided,0,0,Not provided,No database evidence,0.0,Unknown,-1.000,Not provided,0.000,Not provided,[],[],unknown,Yes,PM2_Moderate,"{""PM2_Moderate"": 2}",2,VUS,VUS,,,,PM2_Moderate: gnomAD max AF=0 < threshold 0.0001 for MOI AD,,,,,,,,,,,,,,No,No,,,Delins cluster (unphased) detected (cluster_id=5; members=chr1:237578676:ATTTGTTAAGGT:A:7115000;chr1:237578688:CTCTCACCCA:C:7115000;chr1:237578701:TGCAGTTTTGA:T:7115000;chr1:237578714:AGGTGGTGGG:A:7115000;chr1:237578724:AGTGGGG:A:7115000;chr1:237578732:CATGTACGCTCCCTCAGTGT:C:7115000) - phasing required to confirm cis/trans.;Delins/overlap cluster (id=5) detected but not all members meet P/LP or >5pts -> not auto-escalated (possible carrier).,,Yes
7115000,11830_2024,chr1,237578701,TGCAGTTTTGA,T,RYR2,AD,c.3598+9383_3598+9392delGCAGTTTTGA,Not provided,,,,29/104,intron_variant,MODIFIER,Het,44,0.500,Catecholaminergic polymorphic ventricular tachycardia,No,,No,unknown_db_phenotype,No phenotype text in DB (unknown),Not provided,Not provided,0,Not provided,Not provided,0,Not provided,0,0,Not provided,No database evidence,0.000013,v3,-1.000,Not provided,0.000,Not provided,[],[],unknown,Yes,PM2_Moderate,"{""PM2_Moderate"": 2}",2,VUS,VUS,,,,PM2_Moderate: gnomAD max AF=1.29695e-05 < threshold 0.0001 for MOI AD,,,,,,,,,,,,,,No,No,,,Delins cluster (unphased) detected (cluster_id=5; members=chr1:237578676:ATTTGTTAAGGT:A:7115000;chr1:237578688:CTCTCACCCA:C:7115000;chr1:237578701:TGCAGTTTTGA:T:7115000;chr1:237578714:AGGTGGTGGG:A:7115000;chr1:237578724:AGTGGGG:A:7115000;chr1:237578732:CATGTACGCTCCCTCAGTGT:C:7115000) - phasing required to confirm cis/trans.;Delins/overlap cluster (id=5) detected but not all members meet P/LP or >5pts -> not auto-escalated (possible carrier).,,Yes
7115000,11830_2024,chr1,237578714,AGGTGGTGGG,A,RYR2,AD,c.3598+9396_3598+9404delGGTGGTGGG,Not provided,,,,29/104,intron_variant,MODIFIER,Het,44,0.523,Catecholaminergic polymorphic ventricular tachycardia,No,,No,unknown_db_phenotype,No phenotype text in DB (unknown),Not provided,Not provided,0,Not provided,Not provided,0,Not provided,0,0,Not provided,No database evidence,0.000013,v3,-1.000,Not provided,0.000,Not provided,[],[],unknown,Yes,PM2_Moderate,"{""PM2_Moderate"": 2}",2,VUS,VUS,,,,PM2_Moderate: gnomAD max AF=1.30883e-05 < threshold 0.0001 for MOI AD,,,,,,,,,,,,,,No,No,,,Delins cluster (unphased) detected (cluster_id=5; members=chr1:237578676:ATTTGTTAAGGT:A:7115000;chr1:237578688:CTCTCACCCA:C:7115000;chr1:237578701:TGCAGTTTTGA:T:7115000;chr1:237578714:AGGTGGTGGG:A:7115000;chr1:237578724:AGTGGGG:A:7115000;chr1:237578732:CATGTACGCTCCCTCAGTGT:C:7115000) - phasing required to confirm cis/trans.;Delins/overlap cluster (id=5) detected but not all members meet P/LP or >5pts -> not auto-escalated (possible carrier).,,Yes
7115000,11830_2024,chr1,237578724,AGTGGGG,A,RYR2,AD,c.3598+9407_3598+9412delTGGGGG,Not provided,,,,29/104,intron_variant,MODIFIER,Het,45,0.511,Catecholaminergic polymorphic ventricular tachycardia,No,,No,unknown_db_phenotype,No phenotype text in DB (unknown),Not provided,Not provided,0,Not provided,Not provided,0,Not provided,0,0,Not provided,No database evidence,0.000013,v3,-1.000,Not provided,0.000,Not provided,[],[],unknown,Yes,PM2_Moderate,"{""PM2_Moderate"": 2}",2,VUS,VUS,,,,PM2_Moderate: gnomAD max AF=1.31617e-05 < threshold 0.0001 for MOI AD,,,,,,,,,,,,,,No,No,,,Delins cluster (unphased) detected (cluster_id=5; members=chr1:237578676:ATTTGTTAAGGT:A:7115000;chr1:237578688:CTCTCACCCA:C:7115000;chr1:237578701:TGCAGTTTTGA:T:7115000;chr1:237578714:AGGTGGTGGG:A:7115000;chr1:237578724:AGTGGGG:A:7115000;chr1:237578732:CATGTACGCTCCCTCAGTGT:C:7115000) - phasing required to confirm cis/trans.;Delins/overlap cluster (id=5) detected but not all members meet P/LP or >5pts -> not auto-escalated (possible carrier).,,Yes
7115000,11830_2024,chr1,237578732,CATGTACGCTCCCTCAGTGT,C,RYR2,AD,c.3598+9414_3598+9432delATGTACGCTCCCTCAGTGT,Not provided,,,,29/104,intron_variant,MODIFIER,Het,45,0.511,Catecholaminergic polymorphic ventricular tachycardia,No,,No,unknown_db_phenotype,No phenotype text in DB (unknown),Not provided,Not provided,0,Not provided,Not provided,0,Not provided,0,0,Not provided,No database evidence,0.000013,v3,-1.000,Not provided,0.000,Not provided,[],[],unknown,Yes,PM2_Moderate,"{""PM2_Moderate"": 2}",2,VUS,VUS,,,,PM2_Moderate: gnomAD max AF=1.31648e-05 < threshold 0.0001 for MOI AD,,,,,,,,,,,,,,No,No,,,Delins cluster (unphased) detected (cluster_id=5; members=chr1:237578676:ATTTGTTAAGGT:A:7115000;chr1:237578688:CTCTCACCCA:C:7115000;chr1:237578701:TGCAGTTTTGA:T:7115000;chr1:237578714:AGGTGGTGGG:A:7115000;chr1:237578724:AGTGGGG:A:7115000;chr1:237578732:CATGTACGCTCCCTCAGTGT:C:7115000) - phasing required to confirm cis/trans.;Delins/overlap cluster (id=5) detected but not all members meet P/LP or >5pts -> not auto-escalated (possible carrier).,,Yes
7115000,11830_2024,chr1,237607628,A,G,RYR2,AD,c.4684-3134A>G,Not provided,,,,35/104,intron_variant,MODIFIER,Het,25,0.400,Catecholaminergic polymorphic ventricular tachycardia,No,,No,unknown_db_phenotype,No phenotype text in DB (unknown),Not provided,Not provided,0,Not provided,Not provided,0,Not provided,0,0,Not provided,No database evidence,0.0,Unknown,-1.000,Not provided,Not provided,Not provided,[],[],unknown,No,PM2_Moderate,"{""PM2_Moderate"": 2}",2,VUS,VUS,,,,PM2_Moderate: gnomAD max AF=0 < threshold 0.0001 for MOI AD,,,,,,,,,,,,,,No,No,,,,,Yes
7115000,11830_2024,chr1,237639288,A,G,RYR2,AD,c.7115+87A>G,Not provided,,,,46/104,intron_variant,MODIFIER,Het,40,0.600,Catecholaminergic polymorphic ventricular tachycardia,No,,No,unknown_db_phenotype,No phenotype text in DB (unknown),Not provided,Not provided,0,Not provided,Not provided,0,Not provided,0,0,Not provided,No database evidence,0.0,Unknown,-1.000,Not provided,Not provided,Not provided,[],[],unknown,No,PM2_Moderate,"{""PM2_Moderate"": 2}",2,VUS,VUS,,,,PM2_Moderate: gnomAD max AF=0 < threshold 0.0001 for MOI AD,,,,,,,,,,,,,,No,No,,,,,Yes
7115000,11830_2024,chr1,237684104,T,TA,RYR2,AD,c.9018-3351_9018-3350insA,Not provided,,,,62/104,intron_variant,MODIFIER,Het,41,0.585,Catecholaminergic polymorphic ventricular tachycardia,No,,No,unknown_db_phenotype,No phenotype text in DB (unknown),Not provided,Not provided,0,Not provided,Not provided,0,Not provided,0,0,Not provided,No database evidence,0.0,Unknown,-1.000,Not provided,Not provided,Not provided,[],[],unknown,No,PM2_Moderate,"{""PM2_Moderate"": 2}",2,VUS,VUS,,,,PM2_Moderate: gnomAD max AF=0 < threshold 0.0001 for MOI AD,,,,,,,,,,,,,,No,No,,,,,Yes
7115000,11830_2024,chr1,237756425,T,G,RYR2,AD,c.11245+38T>G,Not provided,,,,81/104,intron_variant,MODIFIER,Het,36,0.500,Catecholaminergic polymorphic ventricular tachycardia,No,,No,unknown_db_phenotype,No phenotype text in DB (unknown),Not provided,Not provided,0,Not provided,Not provided,0,Not provided,0,0,Not provided,No database evidence,0.0,Unknown,-1.000,Not provided,Not provided,Not provided,[],[],unknown,No,PM2_Moderate,"{""PM2_Moderate"": 2}",2,VUS,VUS,,,,PM2_Moderate: gnomAD max AF=0 < threshold 0.0001 for MOI AD,,,,,,,,,,,,,,No,No,,,,,Yes
7115000,11830_2024,chr1,237789505,C,CCATGGCTGCAGGTATAGTTCTATTAATTATAGGT,RYR2,AD,c.13476+1395_13476+1396insATTATAGGTCATGGCTGCAGGTATAGTTCTATTA,Not provided,,,,92/104,intron_variant,MODIFIER,Het,65,0.292,Catecholaminergic polymorphic ventricular tachycardia,No,,No,unknown_db_phenotype,No phenotype text in DB (unknown),Not provided,Not provided,0,Not provided,Not provided,0,Not provided,0,0,Not provided,No database evidence,0.0,Unknown,-1.000,Not provided,0.000,Not provided,[],[],unknown,No,PM2_Moderate,"{""PM2_Moderate"": 2}",2,VUS,VUS,,,,PM2_Moderate: gnomAD max AF=0 < threshold 0.0001 for MOI AD,,,,,,,,,,,,,,No,No,,,,,Yes
7115000,11830_2024,chr1,237789517,G,A,RYR2,AD,c.13476+1382G>A,Not provided,,,,92/104,intron_variant,MODIFIER,Het,48,0.312,Catecholaminergic polymorphic ventricular tachycardia,No,,No,unknown_db_phenotype,No phenotype text in DB (unknown),Not provided,Not provided,0,Not provided,Not provided,0,Not provided,0,0,Not provided,No database evidence,0.0,Unknown,-1.000,Not provided,Not provided,Not provided,[],[],unknown,No,PM2_Moderate,"{""PM2_Moderate"": 2}",2,VUS,VUS,,,,PM2_Moderate: gnomAD max AF=0 < threshold 0.0001 for MOI AD,,,,,,,,,,,,,,No,No,,,,,Yes
7115000,11830_2024,chr10,43086266,G,C,RET,AD,c.73+8935G>C,Not provided,,,,1/18,intron_variant,MODIFIER,Het,46,0.391,Familial medullary thyroid cancer; Multiple endocrine neoplasia type 2A; Multiple endocrine neoplasia type 2B,No,,No,unknown_db_phenotype,No phenotype text in DB (unknown),Not provided,Not provided,0,Not provided,Not provided,0,Not provided,0,0,Not provided,No database evidence,0.0,Unknown,-1.000,Not provided,Not provided,Not provided,[],[],unknown,No,PM2_Moderate,"{""PM2_Moderate"": 2}",2,VUS,VUS,,,,PM2_Moderate: gnomAD max AF=0 < threshold 0.0001 for MOI AD,,,,,,,,,,,,,,No,No,,,,,Yes
7115000,11830_2024,chr10,43103793,A,G,RET,AD,c.626-1159A>G,Not provided,,,,3/18,intron_variant,MODIFIER,Het,38,0.579,Familial medullary thyroid cancer; Multiple endocrine neoplasia type 2A; Multiple endocrine neoplasia type 2B,No,,No,unknown_db_phenotype,No phenotype text in DB (unknown),Not provided,Not provided,0,Not provided,Not provided,0,Not provided,0,0,Not provided,No database evidence,0.000026,v3,-1.000,Not provided,Not provided,Not provided,[],[],unknown,No,PM2_Moderate,"{""PM2_Moderate"": 2}",2,VUS,VUS,,,,PM2_Moderate: gnomAD max AF=2.62774e-05 < threshold 0.0001 for MOI AD,,,,,,,,,,,,,,No,No,,,,,Yes
7115000,11830_2024,chr10,43116200,C,T,RET,AD,c.2137-384C>T,Not provided,,,,11/18,intron_variant,MODIFIER,Het,46,0.522,Familial medullary thyroid cancer; Multiple endocrine neoplasia type 2A; Multiple endocrine neoplasia type 2B,No,,No,unknown_db_phenotype,No phenotype text in DB (unknown),not_provided,Benign,1,Not provided,Not provided,0,Not provided,0,0,Not provided,ClinVar: Benign (1*),0.0,Unknown,-1.000,Not provided,Not provided,Not provided,[],[],unknown,No,PM2_Moderate,"{""PM2_Moderate"": 2}",2,VUS,VUS,,,,PM2_Moderate: gnomAD max AF=0 < threshold 0.0001 for MOI AD,,,,,,,,,,,,,,No,No,,,Low quality ClinVar: Benign (1 stars),,Yes
7115000,11830_2024,chr10,43117660,G,A,RET,AD,c.2285-713G>A,Not provided,,,,12/18,intron_variant,MODIFIER,Het,56,0.482,Familial medullary thyroid cancer; Multiple endocrine neoplasia type 2A; Multiple endocrine neoplasia type 2B,No,,No,unknown_db_phenotype,No phenotype text in DB (unknown),Not provided,Not provided,0,Not provided,Not provided,0,Not provided,0,0,Not provided,No database evidence,0.0,Unknown,-1.000,Not provided,Not provided,Not provided,[],[],unknown,No,PM2_Moderate,"{""PM2_Moderate"": 2}",2,VUS,VUS,,,,PM2_Moderate: gnomAD max AF=0 < threshold 0.0001 for MOI AD,,,,,,,,,,,,,,No,No,,,,,Yes
7115000,11830_2024,chr10,43119881,A,G,RET,AD,c.1845+136A>G,Not provided,,,,11/15,intron_variant,MODIFIER,Het,24,0.542,Familial medullary thyroid cancer; Multiple endocrine neoplasia type 2A; Multiple endocrine neoplasia type 2B,No,,No,N/A,N/A,not_provided,Likely_benign,2,Not provided,Not provided,0,Not provided,0,0,Not provided,ClinVar: Likely_benign (2*),0.0,Unknown,-1.000,Not provided,Not provided,Not provided,[],[],unknown,No,PM2_Moderate,"{""PM2_Moderate"": 2}",2,VUS,VUS,,,,PM2_Moderate: gnomAD max AF=0 < threshold 0.0001 for MOI AD,,,,,,,,,,,,,,No,No,,,Filtered: HQ Benign (ClinVar≥2★ or HGMD benign or Internal DB benign),Filtered: HQ Benign (ClinVar≥2★ or HGMD benign or Internal DB benign),Yes
7115000,11830_2024,chr10,86765468,AGTAAGACTCT,A,BMPR1A,AD,c.-268+8552_-268+8561delAAGACTCTGT,Not provided,,,,1/12,intron_variant,MODIFIER,Het,20,0.700,Juvenile polyposis syndrome,No,,No,unknown_db_phenotype,No phenotype text in DB (unknown),Not provided,Not provided,0,Not provided,Not provided,0,Not provided,0,0,Not provided,No database evidence,0.000046,v3,-1.000,Not provided,0.000,Not provided,[],[],unknown,No,PM2_Moderate,"{""PM2_Moderate"": 2}",2,VUS,VUS,,,,PM2_Moderate: gnomAD max AF=4.5939e-05 < threshold 0.0001 for MOI AD,,,,,,,,,,,,,,No,No,,,,,Yes
7115000,11830_2024,chr10,86767288,C,T,BMPR1A,AD,c.-268+10369C>T,Not provided,,,,1/12,intron_variant,MODIFIER,Het,47,0.553,Juvenile polyposis syndrome,No,,No,unknown_db_phenotype,No phenotype text in DB (unknown),Not provided,Not provided,0,Not provided,Not provided,0,Not provided,0,0,Not provided,No database evidence,0.0,Unknown,-1.000,Not provided,Not provided,Not provided,[],[],unknown,No,PM2_Moderate,"{""PM2_Moderate"": 2}",2,VUS,VUS,,,,PM2_Moderate: gnomAD max AF=0 < threshold 0.0001 for MOI AD,,,,,,,,,,,,,,No,No,,,,,Yes
7115000,11830_2024,chr10,87893615,C,G,PTEN,AD,c.-626-410C>G,Not provided,,,,1/8,intron_variant,MODIFIER,Het,39,0.513,PTEN hamartoma tumor syndrome,No,,No,unknown_db_phenotype,No phenotype text in DB (unknown),Not provided,Not provided,0,Not provided,Not provided,0,Not provided,0,0,Not provided,No database evidence,0.0,Unknown,-1.000,Not provided,Not provided,Not provided,[],[],unknown,No,PM2_Moderate,"{""PM2_Moderate"": 2}",2,VUS,VUS,,,,PM2_Moderate: gnomAD max AF=0 < threshold 0.0001 for MOI AD,,,,,,,,,,,,,,No,No,,,,,Yes
7115000,11830_2024,chr10,87895329,A,T,PTEN,AD,c.164+1220A>T,Not provided,,,,2/8,intron_variant,MODIFIER,Het,27,0.519,PTEN hamartoma tumor syndrome,No,,No,unknown_db_phenotype,No phenotype text in DB (unknown),Not provided,Not provided,0,Not provided,Not provided,0,Not provided,0,0,Not provided,No database evidence,0.0,Unknown,-1.000,Not provided,Not provided,Not provided,[],[],unknown,No,PM2_Moderate,"{""PM2_Moderate"": 2}",2,VUS,VUS,,,,PM2_Moderate: gnomAD max AF=0 < threshold 0.0001 for MOI AD,,,,,,,,,,,,,,No,No,,,,,Yes
7115000,11830_2024,chr10,87939448,C,T,PTEN,AD,c.-258-3163C>T,Not provided,,,,4/8,intron_variant,MODIFIER,Het,15,0.467,PTEN hamartoma tumor syndrome,No,,No,unknown_db_phenotype,No phenotype text in DB (unknown),Not provided,Not provided,0,Not provided,Not provided,0,Not provided,0,0,Not provided,No database evidence,0.0,Unknown,-1.000,Not provided,Not provided,Not provided,[],[],unknown,No,PM2_Moderate,"{""PM2_Moderate"": 2}",2,VUS,VUS,,,,PM2_Moderate: gnomAD max AF=0 < threshold 0.0001 for MOI AD,,,,,,,,,,,,,,No,No,,,,,Yes
7115000,11830_2024,chr10,87943067,T,C,PTEN,AD,c.-100+298T>C,Not provided,,,,5/8,intron_variant,MODIFIER,Het,47,0.426,PTEN hamartoma tumor syndrome,No,,No,unknown_db_phenotype,No phenotype text in DB (unknown),Not provided,Not provided,0,Not provided,Not provided,0,Not provided,0,0,Not provided,No database evidence,0.0,Unknown,-1.000,Not provided,Not provided,Not provided,[],[],unknown,No,PM2_Moderate,"{""PM2_Moderate"": 2}",2,VUS,VUS,,,,PM2_Moderate: gnomAD max AF=0 < threshold 0.0001 for MOI AD,,,,,,,,,,,,,,No,No,,,,,Yes
7115000,11830_2024,chr10,87973260,G,A,PTEN,AD,c.*7788G>A,Not provided,,,,,downstream_gene_variant,MODIFIER,Het,32,0.594,PTEN hamartoma tumor syndrome,No,,No,unknown_db_phenotype,No phenotype text in DB (unknown),Not provided,Not provided,0,Not provided,Not provided,0,Not provided,0,0,Not provided,No database evidence,0.000007,v3,-1.000,Not provided,Not provided,Not provided,[],[],unknown,No,PM2_Moderate,"{""PM2_Moderate"": 2}",2,VUS,VUS,,,,PM2_Moderate: gnomAD max AF=6.57756e-06 < threshold 0.0001 for MOI AD,,,,,,,,,,,,,,No,No,,,,,Yes
7115000,11830_2024,chr10,88955016,C,CAAA,ACTA2,AD,c.-23-6066_-23-6064dupTTT,Not provided,,,,1/8,intron_variant,MODIFIER,Het,14,0.286,Familial thoracic aortic aneurysm,Yes,"RULES_PRESENT_NO_MATCH: Include if Impact is ""MODERATE"" or ""LOW"";RULES_PRESENT_NO_MATCH: Include if Impact is ""MODERATE"" or ""LOW""",No,unknown_db_phenotype,No phenotype text in DB (unknown),Not provided,Not provided,0,Not provided,Not provided,0,Not provided,0,0,Not provided,No database evidence,0.0,Unknown,-1.000,Not provided,Not provided,Not provided,[],[],unknown,No,PM2_Moderate,"{""PM2_Moderate"": 2}",2,VUS,VUS,,,,PM2_Moderate: gnomAD max AF=0 < threshold 0.0001 for MOI AD,,,,,,,,,,,,,,No,No,,,,,Yes
7115000,11830_2024,chr10,88972794,T,C,ACTA2,AD,c.-24+18145A>G,Not provided,,,,1/8,intron_variant,MODIFIER,Het,36,0.444,Familial thoracic aortic aneurysm,Yes,"RULES_PRESENT_NO_MATCH: Include if Impact is ""MODERATE"" or ""LOW"";RULES_PRESENT_NO_MATCH: Include if Impact is ""MODERATE"" or ""LOW""",No,unknown_db_phenotype,No phenotype text in DB (unknown),Not provided,Not provided,0,Not provided,Not provided,0,Not provided,0,0,Not provided,No database evidence,0.0,Unknown,-1.000,Not provided,Not provided,Not provided,[],[],unknown,No,PM2_Moderate,"{""PM2_Moderate"": 2}",2,VUS,VUS,,,,PM2_Moderate: gnomAD max AF=0 < threshold 0.0001 for MOI AD,,,,,,,,,,,,,,No,No,,,,,Yes
7115000,11830_2024,chr10,110747894,A,G,RBM20,AD,c.192-32907A>G,Not provided,,,,1/13,intron_variant,MODIFIER,Het,16,0.500,Dliated cardiomyopathy,No,,No,unknown_db_phenotype,No phenotype text in DB (unknown),Not provided,Not provided,0,Not provided,Not provided,0,Not provided,0,0,Not provided,No database evidence,0.0,Unknown,-1.000,Not provided,Not provided,Not provided,[],[],unknown,Yes,PM2_Moderate,"{""PM2_Moderate"": 2}",2,VUS,VUS,,,,PM2_Moderate: gnomAD max AF=0 < threshold 0.0001 for MOI AD,,,,,,,,,,,,,,No,No,,,Delins cluster (unphased) detected (cluster_id=6; members=chr10:110747894:A:G:7115000;chr10:110747896:T:C:7115000) - phasing required to confirm cis/trans.;Delins/overlap cluster (id=6) detected but not all members meet P/LP or >5pts -> not auto-escalated (possible carrier).,,Yes
7115000,11830_2024,chr10,110747896,T,C,RBM20,AD,c.192-32905T>C,Not provided,,,,1/13,intron_variant,MODIFIER,Het,16,0.500,Dliated cardiomyopathy,No,,No,unknown_db_phenotype,No phenotype text in DB (unknown),Not provided,Not provided,0,Not provided,Not provided,0,Not provided,0,0,Not provided,No database evidence,0.0,Unknown,-1.000,Not provided,Not provided,Not provided,[],[],unknown,Yes,PM2_Moderate,"{""PM2_Moderate"": 2}",2,VUS,VUS,,,,PM2_Moderate: gnomAD max AF=0 < threshold 0.0001 for MOI AD,,,,,,,,,,,,,,No,No,,,Delins cluster (unphased) detected (cluster_id=6; members=chr10:110747894:A:G:7115000;chr10:110747896:T:C:7115000) - phasing required to confirm cis/trans.;Delins/overlap cluster (id=6) detected but not all members meet P/LP or >5pts -> not auto-escalated (possible carrier).,,Yes
7115000,11830_2024,chr10,110748695,C,A,RBM20,AD,c.192-32106C>A,Not provided,,,,1/13,intron_variant,MODIFIER,Het,40,0.475,Dliated cardiomyopathy,No,,No,unknown_db_phenotype,No phenotype text in DB (unknown),Not provided,Not provided,0,Not provided,Not provided,0,Not provided,0,0,Not provided,No database evidence,0.000046,v3,-1.000,Not provided,Not provided,Not provided,[],[],unknown,No,PM2_Moderate,"{""PM2_Moderate"": 2}",2,VUS,VUS,,,,PM2_Moderate: gnomAD max AF=4.60012e-05 < threshold 0.0001 for MOI AD,,,,,,,,,,,,,,No,No,,,,,Yes
7115000,11830_2024,chr10,110768226,GGGGAGAGGGAGAGGGAGGGAAA,G,RBM20,AD,c.192-12557_192-12536delGGAAAGGGAGAGGGAGAGGGAG,Not provided,,,,1/13,intron_variant,MODIFIER,Het,35,0.686,Dliated cardiomyopathy,No,,No,unknown_db_phenotype,No phenotype text in DB (unknown),Not provided,Not provided,0,Not provided,Not provided,0,Not provided,0,0,Not provided,No database evidence,0.0,Unknown,-1.000,Not provided,0.060,Not provided,[],[],unknown,No,PM2_Moderate,"{""PM2_Moderate"": 2}",2,VUS,VUS,,,,PM2_Moderate: gnomAD max AF=0 < threshold 0.0001 for MOI AD,,,,,,,,,,,,,,No,No,,,,,Yes
7115000,11830_2024,chr10,119665092,TTGTGTG,T,BAG3,AD,c.181-4729_181-4724delGTGTGT,Not provided,,,,1/3,intron_variant,MODIFIER,Het,19,0.789,Dilated cardiomyopathy; Myofibrillar myopathy,No,,No,unknown_db_phenotype,No phenotype text in DB (unknown),Not provided,Not provided,0,Not provided,Not provided,0,Not provided,0,0,Not provided,No database evidence,0.0,Unknown,-1.000,Not provided,0.000,Not provided,[],[],unknown,No,PM2_Moderate,"{""PM2_Moderate"": 2}",2,VUS,VUS,,,,PM2_Moderate: gnomAD max AF=0 < threshold 0.0001 for MOI AD,,,,,,,,,,,,,,No,No,,,,,Yes
7115000,11830_2024,chr10,119674200,C,T,BAG3,AD,c.909+1544C>T,Not provided,,,,3/3,intron_variant,MODIFIER,Het,54,0.519,Dilated cardiomyopathy; Myofibrillar myopathy,No,,No,unknown_db_phenotype,No phenotype text in DB (unknown),Not provided,Not provided,0,Not provided,Not provided,0,Not provided,0,0,Not provided,No database evidence,0.0,Unknown,-1.000,Not provided,Not provided,Not provided,[],[],unknown,No,PM2_Moderate,"{""PM2_Moderate"": 2}",2,VUS,VUS,,,,PM2_Moderate: gnomAD max AF=0 < threshold 0.0001 for MOI AD,,,,,,,,,,,,,,No,No,,,,,Yes
7115000,11830_2024,chr11,2513354,A,G,KCNQ1,AD,c.387-14574A>G,Not provided,,,,1/15,intron_variant,MODIFIER,Het,45,0.511,Long-QT syndrome type 1,No,,No,unknown_db_phenotype,No phenotype text in DB (unknown),Not provided,Not provided,0,Not provided,Not provided,0,Not provided,0,0,Not provided,No database evidence,0.0,Unknown,-1.000,Not provided,Not provided,Not provided,[],[],unknown,No,PM2_Moderate,"{""PM2_Moderate"": 2}",2,VUS,VUS,,,,PM2_Moderate: gnomAD max AF=0 < threshold 0.0001 for MOI AD,,,,,,,,,,,,,,No,No,,,,,Yes
7115000,11830_2024,chr11,2539781,C,T,KCNQ1,AD,c.477+11763C>T,Not provided,,,,2/15,intron_variant,MODIFIER,Het,64,0.531,Long-QT syndrome type 1,No,,No,unknown_db_phenotype,No phenotype text in DB (unknown),Not provided,Not provided,0,Not provided,Not provided,0,Not provided,0,0,Not provided,No database evidence,0.0,Unknown,-1.000,Not provided,Not provided,Not provided,[],[],unknown,No,PM2_Moderate,"{""PM2_Moderate"": 2}",2,VUS,VUS,,,,PM2_Moderate: gnomAD max AF=0 < threshold 0.0001 for MOI AD,,,,,,,,,,,,,,No,No,,,,,Yes
7115000,11830_2024,chr11,2569996,A,T,KCNQ1,AD,c.478-632A>T,Not provided,,,,2/15,intron_variant,MODIFIER,Het,46,0.478,Long-QT syndrome type 1,No,,No,unknown_db_phenotype,No phenotype text in DB (unknown),Not provided,Not provided,0,Not provided,Not provided,0,Not provided,0,0,Not provided,No database evidence,0.0,Unknown,-1.000,Not provided,Not provided,Not provided,[],[],unknown,No,PM2_Moderate,"{""PM2_Moderate"": 2}",2,VUS,VUS,,,,PM2_Moderate: gnomAD max AF=0 < threshold 0.0001 for MOI AD,,,,,,,,,,,,,,No,No,,,,,Yes
7115000,11830_2024,chr11,2578456,C,T,KCNQ1,AD,c.541-4979C>T,Not provided,,,,6/15,intron_variant,MODIFIER,Het,50,0.480,Long-QT syndrome type 1,No,,No,unknown_db_phenotype,No phenotype text in DB (unknown),Not provided,Not provided,0,Not provided,Not provided,0,Not provided,0,0,Not provided,No database evidence,0.0,Unknown,-1.000,Not provided,Not provided,Not provided,[],[],unknown,No,PM2_Moderate,"{""PM2_Moderate"": 2}",2,VUS,VUS,,,,PM2_Moderate: gnomAD max AF=0 < threshold 0.0001 for MOI AD,,,,,,,,,,,,,,No,No,,,,,Yes
7115000,11830_2024,chr11,2694710,G,A,KCNQ1,AD,c.1133+32629G>A,Not provided,,,,11/15,intron_variant,MODIFIER,Het,49,0.592,Long-QT syndrome type 1,No,,No,unknown_db_phenotype,No phenotype text in DB (unknown),Not provided,Not provided,0,Not provided,Not provided,0,Not provided,0,0,Not provided,No database evidence,0.000059,v3,-1.000,Not provided,Not provided,Not provided,[],[],unknown,No,PM2_Moderate,"{""PM2_Moderate"": 2}",2,VUS,VUS,,,,PM2_Moderate: gnomAD max AF=5.91529e-05 < threshold 0.0001 for MOI AD,,,,,,,,,,,,,,No,No,,,,,Yes
7115000,11830_2024,chr11,2704726,G,A,KCNQ1,AD,c.1133+42645G>A,Not provided,,,,11/15,intron_variant,MODIFIER,Het,56,0.661,Long-QT syndrome type 1,No,,No,unknown_db_phenotype,No phenotype text in DB (unknown),Not provided,Not provided,0,Not provided,Not provided,0,Not provided,0,0,Not provided,No database evidence,0.0,Unknown,-1.000,Not provided,Not provided,Not provided,[],[],unknown,No,PM2_Moderate,"{""PM2_Moderate"": 2}",2,VUS,VUS,,,,PM2_Moderate: gnomAD max AF=0 < threshold 0.0001 for MOI AD,,,,,,,,,,,,,,No,No,,,,,Yes
7115000,11830_2024,chr11,2715436,G,C,KCNQ1,AD,c.1133+53355G>C,Not provided,,,,11/15,intron_variant,MODIFIER,Het,48,0.562,Long-QT syndrome type 1,No,,No,unknown_db_phenotype,No phenotype text in DB (unknown),Not provided,Not provided,0,Not provided,Not provided,0,Not provided,0,0,Not provided,No database evidence,0.0,Unknown,-1.000,Not provided,Not provided,Not provided,[],[],unknown,No,PM2_Moderate,"{""PM2_Moderate"": 2}",2,VUS,VUS,,,,PM2_Moderate: gnomAD max AF=0 < threshold 0.0001 for MOI AD,,,,,,,,,,,,,,No,No,,,,,Yes
7115000,11830_2024,chr11,2725485,A,G,KCNQ1,AD,c.1134-43359A>G,Not provided,,,,11/15,intron_variant,MODIFIER,Het,52,0.462,Long-QT syndrome type 1,No,,No,unknown_db_phenotype,No phenotype text in DB (unknown),Not provided,Not provided,0,Not provided,Not provided,0,Not provided,0,0,Not provided,No database evidence,0.0,Unknown,-1.000,Not provided,Not provided,Not provided,[],[],unknown,No,PM2_Moderate,"{""PM2_Moderate"": 2}",2,VUS,VUS,,,,PM2_Moderate: gnomAD max AF=0 < threshold 0.0001 for MOI AD,,,,,,,,,,,,,,No,No,,,,,Yes
7115000,11830_2024,chr11,2790326,G,A,KCNQ1,AD,c.1413+12289G>A,Not provided,,,,15/15,intron_variant,MODIFIER,Het,62,0.435,Long-QT syndrome type 1,No,,No,unknown_db_phenotype,No phenotype text in DB (unknown),Not provided,Not provided,0,Not provided,Not provided,0,Not provided,0,0,Not provided,No database evidence,0.0,Unknown,-1.000,Not provided,Not provided,Not provided,[],[],unknown,No,PM2_Moderate,"{""PM2_Moderate"": 2}",2,VUS,VUS,,,,PM2_Moderate: gnomAD max AF=0 < threshold 0.0001 for MOI AD,,,,,,,,,,,,,,No,No,,,,,Yes
7115000,11830_2024,chr11,2806376,C,T,KCNQ1,AD,c.1413+28339C>T,Not provided,,,,15/15,intron_variant,MODIFIER,Het,35,0.543,Long-QT syndrome type 1,No,,No,unknown_db_phenotype,No phenotype text in DB (unknown),Not provided,Not provided,0,Not provided,Not provided,0,Not provided,0,0,Not provided,No database evidence,0.0,Unknown,-1.000,Not provided,Not provided,Not provided,[],[],unknown,No,PM2_Moderate,"{""PM2_Moderate"": 2}",2,VUS,VUS,,,,PM2_Moderate: gnomAD max AF=0 < threshold 0.0001 for MOI AD,,,,,,,,,,,,,,No,No,,,,,Yes
7115000,11830_2024,chr11,2809189,T,A,KCNQ1,AD,c.1413+31152T>A,Not provided,,,,15/15,intron_variant,MODIFIER,Het,21,0.381,Long-QT syndrome type 1,No,,No,unknown_db_phenotype,No phenotype text in DB (unknown),Not provided,Not provided,0,Not provided,Not provided,0,Not provided,0,0,Not provided,No database evidence,0.0,Unknown,-1.000,Not provided,Not provided,Not provided,[],[],unknown,No,PM2_Moderate,"{""PM2_Moderate"": 2}",2,VUS,VUS,,,,PM2_Moderate: gnomAD max AF=0 < threshold 0.0001 for MOI AD,,,,,,,,,,,,,,No,No,,,,,Yes
7115000,11830_2024,chr11,2843323,C,G,KCNQ1,AD,c.1414-4444C>G,Not provided,,,,15/15,intron_variant,MODIFIER,Het,47,0.511,Long-QT syndrome type 1,No,,No,unknown_db_phenotype,No phenotype text in DB (unknown),Not provided,Not provided,0,Not provided,Not provided,0,Not provided,0,0,Not provided,No database evidence,0.0,Unknown,-1.000,Not provided,Not provided,Not provided,[],[],unknown,No,PM2_Moderate,"{""PM2_Moderate"": 2}",2,VUS,VUS,,,,PM2_Moderate: gnomAD max AF=0 < threshold 0.0001 for MOI AD,,,,,,,,,,,,,,No,No,,,,,Yes
7115000,11830_2024,chr11,32383077,CA,C,WT1,AD,c.*5980delT,Not provided,,,,,downstream_gene_variant,MODIFIER,Het,63,0.444,WT1-related Wilms tumor,No,,No,unknown_db_phenotype,No phenotype text in DB (unknown),Not provided,Not provided,0,Not provided,Not provided,0,Not provided,0,0,Not provided,No database evidence,0.0,Unknown,-1.000,Not provided,Not provided,Not provided,[],[],unknown,No,PM2_Moderate,"{""PM2_Moderate"": 2}",2,VUS,VUS,,,,PM2_Moderate: gnomAD max AF=0 < threshold 0.0001 for MOI AD,,,,,,,,,,,,,,No,No,,,,,Yes
7115000,11830_2024,chr11,32410540,T,C,WT1,AD,c.314+7037A>G,Not provided,,,,4/8,intron_variant,MODIFIER,Het,40,0.450,WT1-related Wilms tumor,No,,No,unknown_db_phenotype,No phenotype text in DB (unknown),Not provided,Not provided,0,Not provided,Not provided,0,Not provided,0,0,Not provided,No database evidence,0.0,Unknown,-1.000,Not provided,Not provided,Not provided,[],[],unknown,No,PM2_Moderate,"{""PM2_Moderate"": 2}",2,VUS,VUS,,,,PM2_Moderate: gnomAD max AF=0 < threshold 0.0001 for MOI AD,,,,,,,,,,,,,,No,No,,,,,Yes
7115000,11830_2024,chr11,61433164,G,T,SDHAF2,AD,c.36+2982G>T,Not provided,,,,1/3,intron_variant,MODIFIER,Het,23,0.609,Hereditary paraganglioma-pheochromocytoma syndrome,No,,No,unknown_db_phenotype,No phenotype text in DB (unknown),Not provided,Not provided,0,Not provided,Not provided,0,Not provided,0,0,Not provided,No database evidence,0.0,Unknown,-1.000,Not provided,Not provided,Not provided,[],[],unknown,No,PM2_Moderate,"{""PM2_Moderate"": 2}",2,VUS,VUS,,,,PM2_Moderate: gnomAD max AF=0 < threshold 0.0001 for MOI AD,,,,,,,,,,,,,,No,No,,,,,Yes
7115000,11830_2024,chr12,32856076,T,A,PKP2,AD,c.1171-5103A>T,Not provided,,,,4/12,intron_variant,MODIFIER,Het,29,0.483,Arrhythmogenic right ventricular cardiomyopathy,No,,No,unknown_db_phenotype,No phenotype text in DB (unknown),Not provided,Not provided,0,Not provided,Not provided,0,Not provided,0,0,Not provided,No database evidence,0.000013,v3,-1.000,Not provided,Not provided,Not provided,[],[],unknown,No,PM2_Moderate,"{""PM2_Moderate"": 2}",2,VUS,VUS,,,,PM2_Moderate: gnomAD max AF=1.31441e-05 < threshold 0.0001 for MOI AD,,,,,,,,,,,,,,No,No,,,,,Yes
7115000,11830_2024,chr12,32883471,T,A,PKP2,AD,c.224-4439A>T,Not provided,,,,1/12,intron_variant,MODIFIER,Het,28,0.517,Arrhythmogenic right ventricular cardiomyopathy,No,,No,unknown_db_phenotype,No phenotype text in DB (unknown),Not provided,Not provided,0,Not provided,Not provided,0,Not provided,0,0,Not provided,No database evidence,0.000013,v3,-1.000,Not provided,Not provided,Not provided,[],[],unknown,No,PM2_Moderate,"{""PM2_Moderate"": 2}",2,VUS,VUS,,,,PM2_Moderate: gnomAD max AF=1.31385e-05 < threshold 0.0001 for MOI AD,,,,,,,,,,,,,,No,No,,,,,Yes
7115000,11830_2024,chr12,32893241,C,A,PKP2,AD,c.223+3268G>T,Not provided,,,,1/12,intron_variant,MODIFIER,Het,44,0.523,Arrhythmogenic right ventricular cardiomyopathy,No,,No,unknown_db_phenotype,No phenotype text in DB (unknown),Not provided,Not provided,0,Not provided,Not provided,0,Not provided,0,0,Not provided,No database evidence,0.0,Unknown,-1.000,Not provided,Not provided,Not provided,[],[],unknown,No,PM2_Moderate,"{""PM2_Moderate"": 2}",2,VUS,VUS,,,,PM2_Moderate: gnomAD max AF=0 < threshold 0.0001 for MOI AD,,,,,,,,,,,,,,No,No,,,,,Yes
7115000,11830_2024,chr12,51914716,TTTTAATTTAA,T,ACVRL1,AD,c.772+170_772+179delAATTTAATTT,Not provided,,,,5/8,intron_variant,MODIFIER,Het,66,0.379,Hereditary hemorrhagic telangiectasia,No,,No,unknown_db_phenotype,No phenotype text in DB (unknown),Not provided,Not provided,0,Not provided,Not provided,0,Not provided,0,0,Not provided,No database evidence,0.0,Unknown,-1.000,Not provided,0.020,Not provided,[],[],unknown,No,PM2_Moderate,"{""PM2_Moderate"": 2}",2,VUS,VUS,,,,PM2_Moderate: gnomAD max AF=0 < threshold 0.0001 for MOI AD,,,,,,,,,,,,,,No,No,,,,,Yes
7115000,11830_2024,chr12,110905876,G,T,MYL2,AD,c.*5201C>A,Not provided,,,,,downstream_gene_variant,MODIFIER,Het,13,0.231,Hypertrophic cardiomyopathy,No,,No,unknown_db_phenotype,No phenotype text in DB (unknown),Not provided,Not provided,0,Not provided,Not provided,0,Not provided,0,0,Not provided,No database evidence,0.000035,v3,-1.000,Not provided,Not provided,Not provided,[],[],unknown,Yes,PM2_Moderate,"{""PM2_Moderate"": 2}",2,VUS,VUS,,,,PM2_Moderate: gnomAD max AF=3.54308e-05 < threshold 0.0001 for MOI AD,,,,,,,,,,,,,,No,No,,,Delins cluster (unphased) detected (cluster_id=7; members=chr12:110905876:G:T:7115000;chr12:110905878:G:T:7115000;chr12:110905877:T:A:7115000) - phasing required to confirm cis/trans.;Delins/overlap cluster (id=7) detected but not all members meet P/LP or >5pts -> not auto-escalated (possible carrier).,,Yes
7115000,11830_2024,chr12,110905877,T,A,MYL2,AD,c.*5200A>T,Not provided,,,,,downstream_gene_variant,MODIFIER,Het,13,0.231,Hypertrophic cardiomyopathy,No,,No,unknown_db_phenotype,No phenotype text in DB (unknown),Not provided,Not provided,0,Not provided,Not provided,0,Not provided,0,0,Not provided,No database evidence,0.0,Unknown,-1.000,Not provided,Not provided,Not provided,[],[],unknown,Yes,PM2_Moderate,"{""PM2_Moderate"": 2}",2,VUS,VUS,,,,PM2_Moderate: gnomAD max AF=0 < threshold 0.0001 for MOI AD,,,,,,,,,,,,,,No,No,,,Delins cluster (unphased) detected (cluster_id=7; members=chr12:110905876:G:T:7115000;chr12:110905878:G:T:7115000;chr12:110905877:T:A:7115000) - phasing required to confirm cis/trans.;Delins/overlap cluster (id=7) detected but not all members meet P/LP or >5pts -> not auto-escalated (possible carrier).,,Yes
7115000,11830_2024,chr12,110905878,G,T,MYL2,AD,c.*5199C>A,Not provided,,,,,downstream_gene_variant,MODIFIER,Het,13,0.231,Hypertrophic cardiomyopathy,No,,No,unknown_db_phenotype,No phenotype text in DB (unknown),Not provided,Not provided,0,Not provided,Not provided,0,Not provided,0,0,Not provided,No database evidence,0.0,Unknown,-1.000,Not provided,Not provided,Not provided,[],[],unknown,Yes,PM2_Moderate,"{""PM2_Moderate"": 2}",2,VUS,VUS,,,,PM2_Moderate: gnomAD max AF=0 < threshold 0.0001 for MOI AD,,,,,,,,,,,,,,No,No,,,Delins cluster (unphased) detected (cluster_id=7; members=chr12:110905876:G:T:7115000;chr12:110905878:G:T:7115000;chr12:110905877:T:A:7115000) - phasing required to confirm cis/trans.;Delins/overlap cluster (id=7) detected but not all members meet P/LP or >5pts -> not auto-escalated (possible carrier).,,Yes
7115000,11830_2024,chr13,32315300,G,A,BRCA2,AD,c.-407G>A,Not provided,,,,,upstream_gene_variant,MODIFIER,Het,31,0.710,Hereditary breast and ovarian cancer,No,,Yes,token_match,"Shared terms: breast, cancer, hereditary, ovarian",Hereditary_breast_ovarian_cancer_syndrome,Benign,1,FP,Increased transcriptional activity,1,Not provided,0,0,Not provided,"ClinVar: Benign (1*); HGMD: FP (1 pubs, dmsupported=0, confirm=0)",0.0,Unknown,-1.000,Not provided,Not provided,Not provided,[],[],unknown,No,PM2_Moderate,"{""PM2_Moderate"": 2}",2,VUS,VUS,,,,PM2_Moderate: gnomAD max AF=0 < threshold 0.0001 for MOI AD,,,,,,,,,,,,,,No,No,,,Low quality ClinVar: Benign (1 stars),,Yes
7115000,11830_2024,chr13,32316589,T,G,BRCA2,AD,c.67+62T>G,Not provided,,,,2/26,intron_variant,MODIFIER,Het,53,0.679,Hereditary breast and ovarian cancer,No,,No,N/A,N/A,Hereditary_cancer-predisposing_syndrome|not_specified|not_provided|Hereditary_breast_ovarian_cancer_syndrome|Breast-ovarian_cancer;_familial;_susceptibility_to;_2,Benign/Likely_benign,2,DM?,Breast and ovarian cancer syndrome,2,Not provided,1,0,Not provided,"ClinVar: Benign/Likely_benign (2*); HGMD: DM? (2 pubs, dmsupported=1, confirm=0)",0.0,Unknown,-1.000,Not provided,Not provided,Not provided,[],[],unknown,No,PM2_Moderate,"{""PM2_Moderate"": 2}",2,VUS,VUS,,,,PM2_Moderate: gnomAD max AF=0 < threshold 0.0001 for MOI AD,,,,,,,,,,,,,,No,No,,,Filtered: HQ Benign (ClinVar≥2★ or HGMD benign or Internal DB benign),Filtered: HQ Benign (ClinVar≥2★ or HGMD benign or Internal DB benign),Yes
7115000,11830_2024,chr13,32318439,A,AT,BRCA2,AD,c.68-625dupT,Not provided,,,,2/26,intron_variant,MODIFIER,Het,22,0.682,Hereditary breast and ovarian cancer,No,,No,unknown_db_phenotype,No phenotype text in DB (unknown),Not provided,Not provided,0,Not provided,Not provided,0,Not provided,0,0,Not provided,No database evidence,0.0,Unknown,-1.000,Not provided,Not provided,Not provided,[],[],unknown,No,PM2_Moderate,"{""PM2_Moderate"": 2}",2,VUS,VUS,,,,PM2_Moderate: gnomAD max AF=0 < threshold 0.0001 for MOI AD,,,,,,,,,,,,,,No,No,,,,,Yes
7115000,11830_2024,chr13,32324055,A,G,BRCA2,AD,c.317-1021A>G,Not provided,,,,3/26,intron_variant,MODIFIER,Het,34,0.676,Hereditary breast and ovarian cancer,No,,No,unknown_db_phenotype,No phenotype text in DB (unknown),Not provided,Not provided,0,Not provided,Not provided,0,Not provided,0,0,Not provided,No database evidence,0.0,Unknown,-1.000,Not provided,Not provided,Not provided,[],[],unknown,No,PM2_Moderate,"{""PM2_Moderate"": 2}",2,VUS,VUS,,,,PM2_Moderate: gnomAD max AF=0 < threshold 0.0001 for MOI AD,,,,,,,,,,,,,,No,No,,,,,Yes
7115000,11830_2024,chr13,32402508,T,A,BRCA2,AD,c.*3738T>A,Not provided,,,,,downstream_gene_variant,MODIFIER,Het,43,0.651,Hereditary breast and ovarian cancer,No,,No,unknown_db_phenotype,No phenotype text in DB (unknown),Not provided,Not provided,0,Not provided,Not provided,0,Not provided,0,0,Not provided,No database evidence,0.0,Unknown,-1.000,Not provided,Not provided,Not provided,[],[],unknown,Yes,PM2_Moderate,"{""PM2_Moderate"": 2}",2,VUS,VUS,,,,PM2_Moderate: gnomAD max AF=0 < threshold 0.0001 for MOI AD,,,,,,,,,,,,,,No,No,,,Delins cluster (unphased) detected (cluster_id=8; members=chr13:32402508:T:A:7115000;chr13:32402511:G:T:7115000;chr13:32402514:G:C:7115000;chr13:32402515:CAA:C:7115000;chr13:32402513:A:T:7115000;chr13:32402510:A:ACT:7115000) - phasing required to confirm cis/trans.;Delins/overlap cluster (id=8) detected but not all members meet P/LP or >5pts -> not auto-escalated (possible carrier).,,Yes
7115000,11830_2024,chr13,32402510,A,ACT,BRCA2,AD,c.*3740_*3741insCT,Not provided,,,,,downstream_gene_variant,MODIFIER,Het,43,0.605,Hereditary breast and ovarian cancer,No,,No,unknown_db_phenotype,No phenotype text in DB (unknown),Not provided,Not provided,0,Not provided,Not provided,0,Not provided,0,0,Not provided,No database evidence,0.0,Unknown,-1.000,Not provided,0.000,Not provided,[],[],unknown,Yes,PM2_Moderate,"{""PM2_Moderate"": 2}",2,VUS,VUS,,,,PM2_Moderate: gnomAD max AF=0 < threshold 0.0001 for MOI AD,,,,,,,,,,,,,,No,No,,,Delins cluster (unphased) detected (cluster_id=8; members=chr13:32402508:T:A:7115000;chr13:32402511:G:T:7115000;chr13:32402514:G:C:7115000;chr13:32402515:CAA:C:7115000;chr13:32402513:A:T:7115000;chr13:32402510:A:ACT:7115000) - phasing required to confirm cis/trans.;Delins/overlap cluster (id=8) detected but not all members meet P/LP or >5pts -> not auto-escalated (possible carrier).,,Yes
7115000,11830_2024,chr13,32402511,G,T,BRCA2,AD,c.*3741G>T,Not provided,,,,,downstream_gene_variant,MODIFIER,Het,44,0.636,Hereditary breast and ovarian cancer,No,,No,unknown_db_phenotype,No phenotype text in DB (unknown),Not provided,Not provided,0,Not provided,Not provided,0,Not provided,0,0,Not provided,No database evidence,0.0,Unknown,-1.000,Not provided,Not provided,Not provided,[],[],unknown,Yes,PM2_Moderate,"{""PM2_Moderate"": 2}",2,VUS,VUS,,,,PM2_Moderate: gnomAD max AF=0 < threshold 0.0001 for MOI AD,,,,,,,,,,,,,,No,No,,,Delins cluster (unphased) detected (cluster_id=8; members=chr13:32402508:T:A:7115000;chr13:32402511:G:T:7115000;chr13:32402514:G:C:7115000;chr13:32402515:CAA:C:7115000;chr13:32402513:A:T:7115000;chr13:32402510:A:ACT:7115000) - phasing required to confirm cis/trans.;Delins/overlap cluster (id=8) detected but not all members meet P/LP or >5pts -> not auto-escalated (possible carrier).,,Yes
7115000,11830_2024,chr13,32402513,A,T,BRCA2,AD,c.*3743A>T,Not provided,,,,,downstream_gene_variant,MODIFIER,Het,44,0.636,Hereditary breast and ovarian cancer,No,,No,unknown_db_phenotype,No phenotype text in DB (unknown),Not provided,Not provided,0,Not provided,Not provided,0,Not provided,0,0,Not provided,No database evidence,0.0,Unknown,-1.000,Not provided,Not provided,Not provided,[],[],unknown,Yes,PM2_Moderate,"{""PM2_Moderate"": 2}",2,VUS,VUS,,,,PM2_Moderate: gnomAD max AF=0 < threshold 0.0001 for MOI AD,,,,,,,,,,,,,,No,No,,,Delins cluster (unphased) detected (cluster_id=8; members=chr13:32402508:T:A:7115000;chr13:32402511:G:T:7115000;chr13:32402514:G:C:7115000;chr13:32402515:CAA:C:7115000;chr13:32402513:A:T:7115000;chr13:32402510:A:ACT:7115000) - phasing required to confirm cis/trans.;Delins/overlap cluster (id=8) detected but not all members meet P/LP or >5pts -> not auto-escalated (possible carrier).,,Yes
7115000,11830_2024,chr13,32402514,G,C,BRCA2,AD,c.*3744G>C,Not provided,,,,,downstream_gene_variant,MODIFIER,Het,45,0.644,Hereditary breast and ovarian cancer,No,,No,unknown_db_phenotype,No phenotype text in DB (unknown),Not provided,Not provided,0,Not provided,Not provided,0,Not provided,0,0,Not provided,No database evidence,0.0,Unknown,-1.000,Not provided,Not provided,Not provided,[],[],unknown,Yes,PM2_Moderate,"{""PM2_Moderate"": 2}",2,VUS,VUS,,,,PM2_Moderate: gnomAD max AF=0 < threshold 0.0001 for MOI AD,,,,,,,,,,,,,,No,No,,,Delins cluster (unphased) detected (cluster_id=8; members=chr13:32402508:T:A:7115000;chr13:32402511:G:T:7115000;chr13:32402514:G:C:7115000;chr13:32402515:CAA:C:7115000;chr13:32402513:A:T:7115000;chr13:32402510:A:ACT:7115000) - phasing required to confirm cis/trans.;Delins/overlap cluster (id=8) detected but not all members meet P/LP or >5pts -> not auto-escalated (possible carrier).,,Yes
7115000,11830_2024,chr13,32402515,CAA,C,BRCA2,AD,c.*3746_*3747delAA,Not provided,,,,,downstream_gene_variant,MODIFIER,Het,45,0.622,Hereditary breast and ovarian cancer,No,,No,unknown_db_phenotype,No phenotype text in DB (unknown),Not provided,Not provided,0,Not provided,Not provided,0,Not provided,0,0,Not provided,No database evidence,0.0,Unknown,-1.000,Not provided,Not provided,Not provided,[],[],unknown,Yes,PM2_Moderate,"{""PM2_Moderate"": 2}",2,VUS,VUS,,,,PM2_Moderate: gnomAD max AF=0 < threshold 0.0001 for MOI AD,,,,,,,,,,,,,,No,No,,,Delins cluster (unphased) detected (cluster_id=8; members=chr13:32402508:T:A:7115000;chr13:32402511:G:T:7115000;chr13:32402514:G:C:7115000;chr13:32402515:CAA:C:7115000;chr13:32402513:A:T:7115000;chr13:32402510:A:ACT:7115000) - phasing required to confirm cis/trans.;Delins/overlap cluster (id=8) detected but not all members meet P/LP or >5pts -> not auto-escalated (possible carrier).,,Yes
7115000,11830_2024,chr13,48330905,AAT,A,RB1,AD,c.265-11691_265-11690delAT,Not provided,,,,2/26,intron_variant,MODIFIER,Het,35,0.343,Retinoblastoma,No,,No,unknown_db_phenotype,No phenotype text in DB (unknown),Not provided,Not provided,0,Not provided,Not provided,0,Not provided,0,0,Not provided,No database evidence,0.0,Unknown,-1.000,Not provided,Not provided,Not provided,[],[],unknown,No,PM2_Moderate,"{""PM2_Moderate"": 2}",2,VUS,VUS,,,,PM2_Moderate: gnomAD max AF=0 < threshold 0.0001 for MOI AD,,,,,,,,,,,,,,No,No,,,,,Yes
7115000,11830_2024,chr13,48362246,A,G,RB1,AD,c.719-569A>G,Not provided,,,,7/26,intron_variant,MODIFIER,Het,21,0.476,Retinoblastoma,No,,No,unknown_db_phenotype,No phenotype text in DB (unknown),Not provided,Not provided,0,Not provided,Not provided,0,Not provided,0,0,Not provided,No database evidence,0.0,Unknown,-1.000,Not provided,Not provided,Not provided,[],[],unknown,No,PM2_Moderate,"{""PM2_Moderate"": 2}",2,VUS,VUS,,,,PM2_Moderate: gnomAD max AF=0 < threshold 0.0001 for MOI AD,,,,,,,,,,,,,,No,No,,,,,Yes
7115000,11830_2024,chr13,48404892,T,C,RB1,AD,c.1695+23449T>C,Not provided,,,,17/26,intron_variant,MODIFIER,Het,30,0.500,Retinoblastoma,No,,No,unknown_db_phenotype,No phenotype text in DB (unknown),Not provided,Not provided,0,Not provided,Not provided,0,Not provided,0,0,Not provided,No database evidence,0.0,Unknown,-1.000,Not provided,Not provided,Not provided,[],[],unknown,No,PM2_Moderate,"{""PM2_Moderate"": 2}",2,VUS,VUS,,,,PM2_Moderate: gnomAD max AF=0 < threshold 0.0001 for MOI AD,,,,,,,,,,,,,,No,No,,,,,Yes
7115000,11830_2024,chr13,48438939,T,C,RB1,AD,c.1696-14054T>C,Not provided,,,,17/26,intron_variant,MODIFIER,Het,41,0.463,Retinoblastoma,No,,No,unknown_db_phenotype,No phenotype text in DB (unknown),Not provided,Not provided,0,Not provided,Not provided,0,Not provided,0,0,Not provided,No database evidence,0.0,Unknown,-1.000,Not provided,Not provided,Not provided,[],[],unknown,No,PM2_Moderate,"{""PM2_Moderate"": 2}",2,VUS,VUS,,,,PM2_Moderate: gnomAD max AF=0 < threshold 0.0001 for MOI AD,,,,,,,,,,,,,,No,No,,,,,Yes
7115000,11830_2024,chr13,48446949,A,C,RB1,AD,c.1696-6044A>C,Not provided,,,,17/26,intron_variant,MODIFIER,Het,47,0.596,Retinoblastoma,No,,No,unknown_db_phenotype,No phenotype text in DB (unknown),Not provided,Not provided,0,Not provided,Not provided,0,Not provided,0,0,Not provided,No database evidence,0.0,Unknown,-1.000,Not provided,Not provided,Not provided,[],[],unknown,No,PM2_Moderate,"{""PM2_Moderate"": 2}",2,VUS,VUS,,,,PM2_Moderate: gnomAD max AF=0 < threshold 0.0001 for MOI AD,,,,,,,,,,,,,,No,No,,,,,Yes
7115000,11830_2024,chr13,51954287,G,C,ATP7B,AR,c.2114+3229C>G,Not provided,,,,10/21,intron_variant,MODIFIER,Het,56,0.571,Wilson disease,No,,No,unknown_db_phenotype,No phenotype text in DB (unknown),Not provided,Not provided,0,Not provided,Not provided,0,Not provided,0,0,Not provided,No database evidence,0.0,Unknown,-1.000,Not provided,Not provided,Not provided,[],[],unknown,No,PM2_Moderate,"{""PM2_Moderate"": 2}",2,VUS,VUS,,,,PM2_Moderate: gnomAD max AF=0 < threshold 0.005 for MOI AR,,,,,,,,,,,,,,No,No,,,,,Yes
7115000,11830_2024,chr13,51974960,A,C,ATP7B,AR,c.260T>G,p.Ile87Ser,,,87,2/17,missense_variant,MODERATE,Het,48,0.396,Wilson disease,No,,No,unknown_db_phenotype,No phenotype text in DB (unknown),Not provided,Not provided,0,Not provided,Not provided,0,Not provided,0,0,Not provided,No database evidence,0.0,Unknown,0.274,Not provided,Not provided,Not provided,[],[],unknown,No,PM2_Moderate,"{""PM2_Moderate"": 2}",2,VUS,VUS,,,,PM2_Moderate: gnomAD max AF=0 < threshold 0.005 for MOI AR,,,,,,,,,,,,,,No,No,,,,,Yes
7115000,11830_2024,chr13,51986285,A,G,ATP7B,AR,c.52-11117T>C,Not provided,,,,1/16,intron_variant,MODIFIER,Het,16,0.625,Wilson disease,No,,No,unknown_db_phenotype,No phenotype text in DB (unknown),Not provided,Not provided,0,Not provided,Not provided,0,Not provided,0,0,Not provided,No database evidence,0.0,Unknown,-1.000,Not provided,Not provided,Not provided,[],[],unknown,No,PM2_Moderate,"{""PM2_Moderate"": 2}",2,VUS,VUS,,,,PM2_Moderate: gnomAD max AF=0 < threshold 0.005 for MOI AR,,,,,,,,,,,,,,No,No,,,,,Yes
7115000,11830_2024,chr14,23413506,G,T,MYH7,AD,c.5790+253C>A,Not provided,,,,39/39,intron_variant,MODIFIER,Het,27,0.481,Hypertrophic cardiomyopathy; Dilated cardiomyopathy,Yes,"RULES_PRESENT_NO_MATCH: Include if Impact is ""MODERATE"" or ""LOW"";RULES_PRESENT_NO_MATCH: Include if Impact is ""MODERATE"" or ""LOW""",No,unknown_db_phenotype,No phenotype text in DB (unknown),Not provided,Not provided,0,Not provided,Not provided,0,Not provided,0,0,Not provided,No database evidence,0.000053,v3,-1.000,Not provided,Not provided,Not provided,[],[],unknown,No,PM2_Moderate,"{""PM2_Moderate"": 2}",2,VUS,VUS,,,,PM2_Moderate: gnomAD max AF=5.27837e-05 < threshold 0.0001 for MOI AD,,,,,,,,,,,,,,No,No,,,,,Yes
7115000,11830_2024,chr15,48424410,C,A,FBN1,AD,c.7453+959G>T,Not provided,,,,60/65,intron_variant,MODIFIER,Het,52,0.500,Marfan syndrome,No,,No,unknown_db_phenotype,No phenotype text in DB (unknown),Not provided,Not provided,0,Not provided,Not provided,0,Not provided,0,0,Not provided,No database evidence,0.0,Unknown,-1.000,Not provided,Not provided,Not provided,[],[],unknown,No,PM2_Moderate,"{""PM2_Moderate"": 2}",2,VUS,VUS,,,,PM2_Moderate: gnomAD max AF=0 < threshold 0.0001 for MOI AD,,,,,,,,,,,,,,No,No,,,,,Yes
7115000,11830_2024,chr15,48442101,T,C,FBN1,AD,c.6038-255A>G,Not provided,,,,49/65,intron_variant,MODIFIER,Het,40,0.561,Marfan syndrome,No,,No,unknown_db_phenotype,No phenotype text in DB (unknown),Not provided,Not provided,0,Not provided,Not provided,0,Not provided,0,0,Not provided,No database evidence,0.0,Unknown,-1.000,Not provided,Not provided,Not provided,[],[],unknown,No,PM2_Moderate,"{""PM2_Moderate"": 2}",2,VUS,VUS,,,,PM2_Moderate: gnomAD max AF=0 < threshold 0.0001 for MOI AD,,,,,,,,,,,,,,No,No,,,,,Yes
7115000,11830_2024,chr15,48506795,G,A,FBN1,AD,c.1838-1648C>T,Not provided,,,,15/65,intron_variant,MODIFIER,Het,30,0.300,Marfan syndrome,No,,No,unknown_db_phenotype,No phenotype text in DB (unknown),Not provided,Not provided,0,Not provided,Not provided,0,Not provided,0,0,Not provided,No database evidence,0.0,Unknown,-1.000,Not provided,Not provided,Not provided,[],[],unknown,No,PM2_Moderate,"{""PM2_Moderate"": 2}",2,VUS,VUS,,,,PM2_Moderate: gnomAD max AF=0 < threshold 0.0001 for MOI AD,,,,,,,,,,,,,,No,No,,,,,Yes
7115000,11830_2024,chr15,48530130,C,CCCG,FBN1,AD,c.863-3876_863-3875insCGG,Not provided,,,,8/65,intron_variant,MODIFIER,Hom,12,0.833,Marfan syndrome,No,,No,unknown_db_phenotype,No phenotype text in DB (unknown),Not provided,Not provided,0,Not provided,Not provided,0,Not provided,0,0,Not provided,No database evidence,0.0,Unknown,-1.000,Not provided,0.020,Not provided,[],[],unknown,No,PM2_Moderate,"{""PM2_Moderate"": 2}",2,VUS,VUS,,,,PM2_Moderate: gnomAD max AF=0 < threshold 0.0001 for MOI AD,,,,,,,,,,,,,,No,No,,,,,Yes
7115000,11830_2024,chr15,48530180,GCCT,G,FBN1,AD,c.862+3897_862+3899delAGG,Not provided,,,,8/65,intron_variant,MODIFIER,Het,22,0.818,Marfan syndrome,No,,No,unknown_db_phenotype,No phenotype text in DB (unknown),Not provided,Not provided,0,Not provided,Not provided,0,Not provided,0,0,Not provided,No database evidence,0.0,Unknown,-1.000,Not provided,Not provided,Not provided,[],[],unknown,No,PM2_Moderate,"{""PM2_Moderate"": 2}",2,VUS,VUS,,,,PM2_Moderate: gnomAD max AF=0 < threshold 0.0001 for MOI AD,,,,,,,,,,,,,,No,No,,,,,Yes
7115000,11830_2024,chr15,48562409,A,G,FBN1,AD,c.539-24601T>C,Not provided,,,,6/65,intron_variant,MODIFIER,Het,48,0.458,Marfan syndrome,No,,No,unknown_db_phenotype,No phenotype text in DB (unknown),Not provided,Not provided,0,Not provided,Not provided,0,Not provided,0,0,Not provided,No database evidence,0.0,Unknown,-1.000,Not provided,Not provided,Not provided,[],[],unknown,No,PM2_Moderate,"{""PM2_Moderate"": 2}",2,VUS,VUS,,,,PM2_Moderate: gnomAD max AF=0 < threshold 0.0001 for MOI AD,,,,,,,,,,,,,,No,No,,,,,Yes
7115000,11830_2024,chr15,48589822,G,A,FBN1,AD,c.538+6461C>T,Not provided,,,,6/65,intron_variant,MODIFIER,Het,28,0.571,Marfan syndrome,No,,No,unknown_db_phenotype,No phenotype text in DB (unknown),Not provided,Not provided,0,Not provided,Not provided,0,Not provided,0,0,Not provided,No database evidence,0.000053,v3,-1.000,Not provided,Not provided,Not provided,[],[],unknown,No,PM2_Moderate,"{""PM2_Moderate"": 2}",2,VUS,VUS,,,,PM2_Moderate: gnomAD max AF=5.27607e-05 < threshold 0.0001 for MOI AD,,,,,,,,,,,,,,No,No,,,,,Yes
7115000,11830_2024,chr15,48617561,A,AT,FBN1,AD,c.165-4470dupA,Not provided,,,,2/65,intron_variant,MODIFIER,Het,34,0.353,Marfan syndrome,No,,No,unknown_db_phenotype,No phenotype text in DB (unknown),Not provided,Not provided,0,Not provided,Not provided,0,Not provided,0,0,Not provided,No database evidence,0.0,Unknown,-1.000,Not provided,Not provided,Not provided,[],[],unknown,No,PM2_Moderate,"{""PM2_Moderate"": 2}",2,VUS,VUS,,,,PM2_Moderate: gnomAD max AF=0 < threshold 0.0001 for MOI AD,,,,,,,,,,,,,,No,No,,,,,Yes
7115000,11830_2024,chr15,67078578,A,G,SMAD3,AD,c.206+12218A>G,Not provided,,,,1/8,intron_variant,MODIFIER,Het,38,0.316,Loeys-Dietz syndrome,No,,No,unknown_db_phenotype,No phenotype text in DB (unknown),Not provided,Not provided,0,Not provided,Not provided,0,Not provided,0,0,Not provided,No database evidence,0.0,Unknown,-1.000,Not provided,Not provided,Not provided,[],[],unknown,No,PM2_Moderate,"{""PM2_Moderate"": 2}",2,VUS,VUS,,,,PM2_Moderate: gnomAD max AF=0 < threshold 0.0001 for MOI AD,,,,,,,,,,,,,,No,No,,,,,Yes
7115000,11830_2024,chr16,2067255,A,C,TSC2,AD,c.1116+1620A>C,Not provided,,,,13/37,intron_variant,MODIFIER,Het,41,0.488,Tuberous sclerosis complex,No,,No,unknown_db_phenotype,No phenotype text in DB (unknown),Not provided,Not provided,0,Not provided,Not provided,0,Not provided,0,0,Not provided,No database evidence,0.0,Unknown,-1.000,Not provided,Not provided,Not provided,[],[],unknown,No,PM2_Moderate,"{""PM2_Moderate"": 2}",2,VUS,VUS,,,,PM2_Moderate: gnomAD max AF=0 < threshold 0.0001 for MOI AD,,,,,,,,,,,,,,No,No,,,,,Yes
7115000,11830_2024,chr16,15814138,C,CAA,MYH11,AD,c.502+9116_502+9117insTT,Not provided,,,,3/40,intron_variant,MODIFIER,Het,24,0.280,Familial thoracic aortic aneurysm,No,,No,unknown_db_phenotype,No phenotype text in DB (unknown),Not provided,Not provided,0,Not provided,Not provided,0,Not provided,0,0,Not provided,No database evidence,0.0,Unknown,-1.000,Not provided,0.000,Not provided,[],[],unknown,Yes,PM2_Moderate,"{""PM2_Moderate"": 2}",2,VUS,VUS,,,,PM2_Moderate: gnomAD max AF=0 < threshold 0.0001 for MOI AD,,,,,,,,,,,,,,No,No,,,Delins cluster (unphased) detected (cluster_id=9; members=chr16:15814138:C:CAA:7115000;chr16:15814139:C:A:7115000) - phasing required to confirm cis/trans.;Delins/overlap cluster (id=9) detected but not all members meet P/LP or >5pts -> not auto-escalated (possible carrier).,,Yes
7115000,11830_2024,chr16,15814139,C,A,MYH11,AD,c.502+9116G>T,Not provided,,,,3/40,intron_variant,MODIFIER,Het,24,0.375,Familial thoracic aortic aneurysm,No,,No,unknown_db_phenotype,No phenotype text in DB (unknown),Not provided,Not provided,0,Not provided,Not provided,0,Not provided,0,0,Not provided,No database evidence,0.000032,v3,-1.000,Not provided,Not provided,Not provided,[],[],unknown,Yes,PM2_Moderate,"{""PM2_Moderate"": 2}",2,VUS,VUS,,,,PM2_Moderate: gnomAD max AF=3.16256e-05 < threshold 0.0001 for MOI AD,,,,,,,,,,,,,,No,No,,,Delins cluster (unphased) detected (cluster_id=9; members=chr16:15814138:C:CAA:7115000;chr16:15814139:C:A:7115000) - phasing required to confirm cis/trans.;Delins/overlap cluster (id=9) detected but not all members meet P/LP or >5pts -> not auto-escalated (possible carrier).,,Yes
7115000,11830_2024,chr16,15844237,C,T,MYH11,AD,c.-17-5968G>A,Not provided,,,,1/40,intron_variant,MODIFIER,Het,57,0.632,Familial thoracic aortic aneurysm,No,,No,unknown_db_phenotype,No phenotype text in DB (unknown),Not provided,Not provided,0,Not provided,Not provided,0,Not provided,0,0,Not provided,No database evidence,0.0,Unknown,-1.000,Not provided,Not provided,Not provided,[],[],unknown,No,PM2_Moderate,"{""PM2_Moderate"": 2}",2,VUS,VUS,,,,PM2_Moderate: gnomAD max AF=0 < threshold 0.0001 for MOI AD,,,,,,,,,,,,,,No,No,,,,,Yes
7115000,11830_2024,chr17,43116372,A,G,BRCA1,AD,c.81-593T>C,Not provided,,,,1/21,intron_variant,MODIFIER,Het,33,0.455,Hereditary breast and ovarian cancer,No,,No,unknown_db_phenotype,No phenotype text in DB (unknown),Not provided,Not provided,0,Not provided,Not provided,0,Not provided,0,0,Not provided,No database evidence,0.000125,v3,-1.000,Not provided,Not provided,Not provided,[],[],unknown,No,,{},0,VUS,VUS,,,,,,,,,,,,,,,,,,No,No,,,,,Yes
7115000,11830_2024,chr17,80113823,A,AG,GAA,AR,c.2189+458dupG,Not provided,,,,15/19,intron_variant,MODIFIER,Het,26,0.808,Pompe disease,No,,No,unknown_db_phenotype,No phenotype text in DB (unknown),Not provided,Not provided,0,Not provided,Not provided,0,Not provided,0,0,Not provided,No database evidence,0.0,Unknown,-1.000,Not provided,Not provided,Not provided,[],[],unknown,No,PM2_Moderate,"{""PM2_Moderate"": 2}",2,VUS,VUS,,,,PM2_Moderate: gnomAD max AF=0 < threshold 0.005 for MOI AR,,,,,,,,,,,,,,No,No,,,,,Yes
7115000,11830_2024,chr18,31058803,C,CACACAT,DSC2,AD,c.*9211_*9212insATGTGT,Not provided,,,,,downstream_gene_variant,MODIFIER,Het,32,0.312,Arrhythmogenic right ventricular cardiomyopathy,No,,No,unknown_db_phenotype,No phenotype text in DB (unknown),Not provided,Not provided,0,Not provided,Not provided,0,Not provided,0,0,Not provided,No database evidence,0.0,Unknown,-1.000,Not provided,Not provided,Not provided,[],[],unknown,No,PM2_Moderate,"{""PM2_Moderate"": 2}",2,VUS,VUS,,,,PM2_Moderate: gnomAD max AF=0 < threshold 0.0001 for MOI AD,,,,,,,,,,,,,,No,No,,,,,Yes
7115000,11830_2024,chr18,31086760,T,C,DSC2,AD,c.776-18A>G,Not provided,,,,6/15,intron_variant,MODIFIER,Het,47,0.511,Arrhythmogenic right ventricular cardiomyopathy,No,,No,unknown_db_phenotype,No phenotype text in DB (unknown),Not provided,Not provided,0,Not provided,Not provided,0,Not provided,0,0,Not provided,No database evidence,0.000007,v3,-1.000,Not provided,Not provided,Not provided,[],[],unknown,No,PM2_Moderate,"{""PM2_Moderate"": 2}",2,VUS,VUS,,,,PM2_Moderate: gnomAD max AF=6.57056e-06 < threshold 0.0001 for MOI AD,,,,,,,,,,,,,,No,No,,,,,Yes
7115000,11830_2024,chr18,31504142,G,A,DSG2,AD,c.45+5846G>A,Not provided,,,,1/14,intron_variant,MODIFIER,Het,49,0.408,Arrhythmogenic right ventricular cardiomyopathy,No,,No,unknown_db_phenotype,No phenotype text in DB (unknown),Not provided,Not provided,0,Not provided,Not provided,0,Not provided,0,0,Not provided,No database evidence,0.0,Unknown,-1.000,Not provided,Not provided,Not provided,[],[],unknown,No,PM2_Moderate,"{""PM2_Moderate"": 2}",2,VUS,VUS,,,,PM2_Moderate: gnomAD max AF=0 < threshold 0.0001 for MOI AD,,,,,,,,,,,,,,No,No,,,,,Yes
7115000,11830_2024,chr18,51059465,T,G,SMAD4,AD,c.905-401T>G,Not provided,,,,7/11,intron_variant,MODIFIER,Het,33,0.515,Juvenile polyposis syndrome; Hereditary hemorrhagic telangiectasia,Yes,"RULES_PRESENT_NO_MATCH: Exclude if HGVSp contains any of: [""p.Arg496Cys"", ""p.Ile500Val"", ""p.Ile500Thr"", ""p.Ile500Met""];RULES_PRESENT_NO_MATCH: Exclude if HGVSp contains any of: [""p.Arg496Cys"", ""p.Ile500Val"", ""p.Ile500Thr"", ""p.Ile500Met""]",No,unknown_db_phenotype,No phenotype text in DB (unknown),Not provided,Not provided,0,Not provided,Not provided,0,Not provided,0,0,Not provided,No database evidence,0.000092,v3,-1.000,Not provided,Not provided,Not provided,[],[],unknown,No,PM2_Moderate,"{""PM2_Moderate"": 2}",2,VUS,VUS,,,,PM2_Moderate: gnomAD max AF=9.19564e-05 < threshold 0.0001 for MOI AD,,,,,,,,,,,,,,No,No,,,,,Yes
7115000,11830_2024,chr19,1204771,T,G,STK11,AD,c.-2143T>G,Not provided,,,,,upstream_gene_variant,MODIFIER,Het,35,0.429,Peutz-Jeghers syndrome,No,,No,unknown_db_phenotype,No phenotype text in DB (unknown),Not provided,Not provided,0,Not provided,Not provided,0,Not provided,0,0,Not provided,No database evidence,0.0,Unknown,-1.000,Not provided,Not provided,Not provided,[],[],unknown,No,PM2_Moderate,"{""PM2_Moderate"": 2}",2,VUS,VUS,,,,PM2_Moderate: gnomAD max AF=0 < threshold 0.0001 for MOI AD,,,,,,,,,,,,,,No,No,,,,,Yes
7115000,11830_2024,chr19,1226776,G,A,STK11,AD,c.*16+113G>A,Not provided,,,,9/9,intron_variant,MODIFIER,Het,52,0.577,Peutz-Jeghers syndrome,No,,No,unknown_db_phenotype,No phenotype text in DB (unknown),Not provided,Not provided,0,Not provided,Not provided,0,Not provided,0,0,Not provided,No database evidence,0.0,Unknown,-1.000,Not provided,Not provided,Not provided,[],[],unknown,No,PM2_Moderate,"{""PM2_Moderate"": 2}",2,VUS,VUS,,,,PM2_Moderate: gnomAD max AF=0 < threshold 0.0001 for MOI AD,,,,,,,,,,,,,,No,No,,,,,Yes
7115000,11830_2024,chr19,11092672,C,T,LDLR,AD,c.67+3057C>T,Not provided,,,,1/15,intron_variant,MODIFIER,Het,42,0.571,Familial hypercholesterolemia,No,,No,unknown_db_phenotype,No phenotype text in DB (unknown),Not provided,Not provided,0,Not provided,Not provided,0,Not provided,0,0,Not provided,No database evidence,0.0,Unknown,-1.000,Not provided,Not provided,Not provided,[],[],unknown,No,PM2_Moderate,"{""PM2_Moderate"": 2}",2,VUS,VUS,,,,PM2_Moderate: gnomAD max AF=0 < threshold 0.0001 for MOI AD,,,,,,,,,,,,,,No,No,,,,,Yes
7115000,11830_2024,chr19,11105413,C,T,LDLR,AD,c.314-1152C>T,Not provided,,,,3/15,intron_variant,MODIFIER,Het,53,0.509,Familial hypercholesterolemia,No,,No,N/A,N/A,LDLR-related_disorder|Cardiovascular_phenotype|not_specified|Familial_hypercholesterolemia|not_provided|Hypercholesterolemia;_familial;_1,Likely_benign,3,DM,Hypercholesterolaemia,4,Not provided,0,0,Not provided,"ClinVar: Likely_benign (3*); HGMD: DM (4 pubs, dmsupported=0, confirm=0)",0.0,Unknown,-1.000,Not provided,Not provided,Not provided,[],[],unknown,No,PM2_Moderate,"{""PM2_Moderate"": 2}",2,VUS,VUS,,,,PM2_Moderate: gnomAD max AF=0 < threshold 0.0001 for MOI AD,,,,,,,,,,,,,,No,No,,,Filtered: HQ Benign (ClinVar≥2★ or HGMD benign or Internal DB benign),Filtered: HQ Benign (ClinVar≥2★ or HGMD benign or Internal DB benign),Yes
7115000,11830_2024,chr19,11124597,C,T,LDLR,AD,c.1777+1253C>T,Not provided,,,,13/15,intron_variant,MODIFIER,Het,49,0.367,Familial hypercholesterolemia,No,,No,unknown_db_phenotype,No phenotype text in DB (unknown),Not provided,Not provided,0,Not provided,Not provided,0,Not provided,0,0,Not provided,No database evidence,0.0,Unknown,-1.000,Not provided,Not provided,Not provided,[],[],unknown,No,PM2_Moderate,"{""PM2_Moderate"": 2}",2,VUS,VUS,,,,PM2_Moderate: gnomAD max AF=0 < threshold 0.0001 for MOI AD,,,,,,,,,,,,,,No,No,,,,,Yes
7115000,11830_2024,chr19,38431418,C,G,RYR1,AD,c.-2412C>G,Not provided,,,,,upstream_gene_variant,MODIFIER,Het,32,0.562,Malignant hyperthermia,No,,No,unknown_db_phenotype,No phenotype text in DB (unknown),Not provided,Not provided,0,Not provided,Not provided,0,Not provided,0,0,Not provided,No database evidence,0.0,Unknown,-1.000,Not provided,Not provided,Not provided,[],[],unknown,No,PM2_Moderate,"{""PM2_Moderate"": 2}",2,VUS,VUS,,,,PM2_Moderate: gnomAD max AF=0 < threshold 0.0001 for MOI AD,,,,,,,,,,,,,,No,No,,,,,Yes
7115000,11830_2024,chr19,38433223,T,G,RYR1,AD,c.-607T>G,Not provided,,,,,upstream_gene_variant,MODIFIER,Het,39,0.462,Malignant hyperthermia,No,,No,unknown_db_phenotype,No phenotype text in DB (unknown),Not provided,Not provided,0,Not provided,Not provided,0,Not provided,0,0,Not provided,No database evidence,0.0,Unknown,-1.000,Not provided,Not provided,Not provided,[],[],unknown,No,PM2_Moderate,"{""PM2_Moderate"": 2}",2,VUS,VUS,,,,PM2_Moderate: gnomAD max AF=0 < threshold 0.0001 for MOI AD,,,,,,,,,,,,,,No,No,,,,,Yes
7115000,11830_2024,chr19,38471774,C,T,RYR1,AD,c.3766-1603C>T,Not provided,,,,27/104,intron_variant,MODIFIER,Het,31,0.645,Malignant hyperthermia,No,,No,unknown_db_phenotype,No phenotype text in DB (unknown),Not provided,Not provided,0,Not provided,Not provided,0,Not provided,0,0,Not provided,No database evidence,0.000079,v3,-1.000,Not provided,Not provided,Not provided,[],[],unknown,No,PM2_Moderate,"{""PM2_Moderate"": 2}",2,VUS,VUS,,,,PM2_Moderate: gnomAD max AF=7.93021e-05 < threshold 0.0001 for MOI AD,,,,,,,,,,,,,,No,No,,,,,Yes
7115000,11830_2024,chr19,38473379,A,G,RYR1,AD,c.3768A>G,p.Val1256Val,,,1256,28/105,splice_region_variant&synonymous_variant,LOW,Het,56,0.446,Malignant hyperthermia,No,,No,N/A,N/A,Malignant_hyperthermia;_susceptibility_to;_1|RYR1-related_disorder,Likely_benign,2,Not provided,Not provided,0,Not provided,0,0,Not provided,ClinVar: Likely_benign (2*),0.0,Unknown,-1.000,Not provided,Not provided,Not provided,[],[],unknown,No,PM2_Moderate,"{""PM2_Moderate"": 2}",2,VUS,VUS,,,,PM2_Moderate: gnomAD max AF=0 < threshold 0.0001 for MOI AD,,,,,,,,,,,,,,No,No,,,Filtered: HQ Benign (ClinVar≥2★ or HGMD benign or Internal DB benign),Filtered: HQ Benign (ClinVar≥2★ or HGMD benign or Internal DB benign),Yes
7115000,11830_2024,chr19,38477688,G,A,RYR1,AD,c.4294-22G>A,Not provided,,,,29/104,intron_variant,MODIFIER,Het,39,0.513,Malignant hyperthermia,No,,No,unknown_db_phenotype,No phenotype text in DB (unknown),Not provided,Not provided,0,Not provided,Not provided,0,Not provided,0,0,Not provided,No database evidence,0.0,Unknown,-1.000,Not provided,Not provided,Not provided,[],[],unknown,No,PM2_Moderate,"{""PM2_Moderate"": 2}",2,VUS,VUS,,,,PM2_Moderate: gnomAD max AF=0 < threshold 0.0001 for MOI AD,,,,,,,,,,,,,,No,No,,,,,Yes
7115000,11830_2024,chr19,38498304,G,C,RYR1,AD,c.6892-804G>C,Not provided,,,,42/104,intron_variant,MODIFIER,Het,33,0.515,Malignant hyperthermia,No,,No,unknown_db_phenotype,No phenotype text in DB (unknown),Not provided,Not provided,0,Not provided,Not provided,0,Not provided,0,0,Not provided,No database evidence,0.000013,v3,-1.000,Not provided,Not provided,Not provided,[],[],unknown,No,PM2_Moderate,"{""PM2_Moderate"": 2}",2,VUS,VUS,,,,PM2_Moderate: gnomAD max AF=1.31453e-05 < threshold 0.0001 for MOI AD,,,,,,,,,,,,,,No,No,,,,,Yes
7115000,11830_2024,chr19,38535707,G,A,RYR1,AD,c.11502-290G>A,Not provided,,,,80/104,intron_variant,MODIFIER,Het,46,0.522,Malignant hyperthermia,No,,No,unknown_db_phenotype,No phenotype text in DB (unknown),Not provided,Not provided,0,Not provided,Not provided,0,Not provided,0,0,Not provided,No database evidence,0.000026,v3,-1.000,Not provided,Not provided,Not provided,[],[],unknown,No,PM2_Moderate,"{""PM2_Moderate"": 2}",2,VUS,VUS,,,,PM2_Moderate: gnomAD max AF=2.62864e-05 < threshold 0.0001 for MOI AD,,,,,,,,,,,,,,No,No,,,,,Yes
7115000,11830_2024,chr19,38569287,G,A,RYR1,AD,c.13645-1320G>A,Not provided,,,,92/104,intron_variant,MODIFIER,Het,39,0.487,Malignant hyperthermia,No,,No,unknown_db_phenotype,No phenotype text in DB (unknown),Not provided,Not provided,0,Not provided,Not provided,0,Not provided,0,0,Not provided,No database evidence,0.0,Unknown,-1.000,Not provided,Not provided,Not provided,[],[],unknown,No,PM2_Moderate,"{""PM2_Moderate"": 2}",2,VUS,VUS,,,,PM2_Moderate: gnomAD max AF=0 < threshold 0.0001 for MOI AD,,,,,,,,,,,,,,No,No,,,,,Yes
7115000,11830_2024,chr19,38590396,T,A,RYR1,AD,c.*2976T>A,Not provided,,,,,downstream_gene_variant,MODIFIER,Het,14,0.214,Malignant hyperthermia,No,,No,unknown_db_phenotype,No phenotype text in DB (unknown),Not provided,Not provided,0,Not provided,Not provided,0,Not provided,0,0,Not provided,No database evidence,0.0,Unknown,-1.000,Not provided,Not provided,Not provided,[],[],unknown,No,PM2_Moderate,"{""PM2_Moderate"": 2}",2,VUS,VUS,,,,PM2_Moderate: gnomAD max AF=0 < threshold 0.0001 for MOI AD,,,,,,,,,,,,,,No,No,,,,,Yes
7115000,11830_2024,chr19,55155545,T,C,TNNI3,AD,c.279+656A>G,Not provided,,,,4/6,intron_variant,MODIFIER,Het,12,0.333,Hypertrophic cardiomyopathy,No,,No,unknown_db_phenotype,No phenotype text in DB (unknown),Not provided,Not provided,0,Not provided,Not provided,0,Not provided,0,0,Not provided,No database evidence,0.0,Unknown,-1.000,Not provided,Not provided,Not provided,[],[],unknown,No,PM2_Moderate,"{""PM2_Moderate"": 2}",2,VUS,VUS,,,,PM2_Moderate: gnomAD max AF=0 < threshold 0.0001 for MOI AD,,,,,,,,,,,,,,No,No,,,,,Yes
7115000,11830_2024,chr2,47158511,T,A,CALM2,AD,c.*2265A>T,Not provided,,,,,downstream_gene_variant,MODIFIER,Het,43,0.698,Long-QT syndrome type 15; Catecholaminergic polymorphic ventricular tachycardia,No,,No,unknown_db_phenotype,No phenotype text in DB (unknown),Not provided,Not provided,0,Not provided,Not provided,0,Not provided,0,0,Not provided,No database evidence,0.0,Unknown,-1.000,Not provided,Not provided,Not provided,[],[],unknown,No,PM2_Moderate,"{""PM2_Moderate"": 2}",2,VUS,VUS,,,,PM2_Moderate: gnomAD max AF=0 < threshold 0.0001 for MOI AD,,,,,,,,,,,,,,No,No,,,,,Yes
7115000,11830_2024,chr2,47164194,C,A,CALM2,AD,c.-74-1532G>T,Not provided,,,,1/4,intron_variant,MODIFIER,Het,12,0.583,Long-QT syndrome type 15; Catecholaminergic polymorphic ventricular tachycardia,No,,No,unknown_db_phenotype,No phenotype text in DB (unknown),Not provided,Not provided,0,Not provided,Not provided,0,Not provided,0,0,Not provided,No database evidence,0.0,Unknown,-1.000,Not provided,Not provided,Not provided,[],[],unknown,No,PM2_Moderate,"{""PM2_Moderate"": 2}",2,VUS,VUS,,,,PM2_Moderate: gnomAD max AF=0 < threshold 0.0001 for MOI AD,,,,,,,,,,,,,,No,No,,,,,Yes
7115000,11830_2024,chr2,47168195,A,G,CALM2,AD,c.-75+2539T>C,Not provided,,,,1/4,intron_variant,MODIFIER,Het,39,0.513,Long-QT syndrome type 15; Catecholaminergic polymorphic ventricular tachycardia,No,,No,unknown_db_phenotype,No phenotype text in DB (unknown),Not provided,Not provided,0,Not provided,Not provided,0,Not provided,0,0,Not provided,No database evidence,0.0,Unknown,-1.000,Not provided,Not provided,Not provided,[],[],unknown,No,PM2_Moderate,"{""PM2_Moderate"": 2}",2,VUS,VUS,,,,PM2_Moderate: gnomAD max AF=0 < threshold 0.0001 for MOI AD,,,,,,,,,,,,,,No,No,,,,,Yes
7115000,11830_2024,chr2,47172834,G,A,CALM2,AD,c.-105-2070C>T,Not provided,,,,1/5,intron_variant,MODIFIER,Het,23,0.522,Long-QT syndrome type 15; Catecholaminergic polymorphic ventricular tachycardia,No,,No,unknown_db_phenotype,No phenotype text in DB (unknown),Not provided,Not provided,0,Not provided,Not provided,0,Not provided,0,0,Not provided,No database evidence,0.0,Unknown,-1.000,Not provided,Not provided,Not provided,[],[],unknown,No,PM2_Moderate,"{""PM2_Moderate"": 2}",2,VUS,VUS,,,,PM2_Moderate: gnomAD max AF=0 < threshold 0.0001 for MOI AD,,,,,,,,,,,,,,No,No,,,,,Yes
7115000,11830_2024,chr2,47175097,T,C,CALM2,AD,c.-106+1752A>G,Not provided,,,,1/5,intron_variant,MODIFIER,Het,11,0.455,Long-QT syndrome type 15; Catecholaminergic polymorphic ventricular tachycardia,No,,No,unknown_db_phenotype,No phenotype text in DB (unknown),Not provided,Not provided,0,Not provided,Not provided,0,Not provided,0,0,Not provided,No database evidence,0.0,Unknown,-1.000,Not provided,Not provided,Not provided,[],[],unknown,No,PM2_Moderate,"{""PM2_Moderate"": 2}",2,VUS,VUS,,,,PM2_Moderate: gnomAD max AF=0 < threshold 0.0001 for MOI AD,,,,,,,,,,,,,,No,No,,,,,Yes
7115000,11830_2024,chr2,47412367,TC,T,MSH2,AD,c.646-46delC,Not provided,,,,3/15,intron_variant,MODIFIER,Het,46,0.652,Lynch syndrome,No,,No,mismatch,No overlap found,not_specified,Benign,1,Not provided,Not provided,0,Not provided,0,0,Not provided,ClinVar: Benign (1*),0.0,Unknown,-1.000,Not provided,Not provided,Not provided,[],[],unknown,No,PM2_Moderate,"{""PM2_Moderate"": 2}",2,VUS,VUS,,,,PM2_Moderate: gnomAD max AF=0 < threshold 0.0001 for MOI AD,,,,,,,,,,,,,,No,No,,,Low quality ClinVar: Benign (1 stars),,Yes
7115000,11830_2024,chr2,47443115,T,A,MSH2,AD,c.1277-2433T>A,Not provided,,,,7/15,intron_variant,MODIFIER,Het,26,0.538,Lynch syndrome,No,,Yes,token_match,Shared terms: syndrome,Hereditary_cancer-predisposing_syndrome,Likely_benign,1,Not provided,Not provided,0,Not provided,0,0,Not provided,ClinVar: Likely_benign (1*),0.0,Unknown,-1.000,Not provided,Not provided,Not provided,[],[],unknown,No,PM2_Moderate,"{""PM2_Moderate"": 2}",2,VUS,VUS,,,,PM2_Moderate: gnomAD max AF=0 < threshold 0.0001 for MOI AD,,,,,,,,,,,,,,No,No,,,Low quality ClinVar: Likely_benign (1 stars),,Yes
7115000,11830_2024,chr2,47466090,C,T,MSH2,AD,c.1313-568C>T,Not provided,,,,10/16,intron_variant,MODIFIER,Het,46,0.413,Lynch syndrome,No,,No,unknown_db_phenotype,No phenotype text in DB (unknown),Not provided,Not provided,0,Not provided,Not provided,0,Not provided,0,0,Not provided,No database evidence,0.0,Unknown,-1.000,Not provided,Not provided,Not provided,[],[],unknown,No,PM2_Moderate,"{""PM2_Moderate"": 2}",2,VUS,VUS,,,,PM2_Moderate: gnomAD max AF=0 < threshold 0.0001 for MOI AD,,,,,,,,,,,,,,No,No,,,,,Yes
7115000,11830_2024,chr2,47806945,T,A,MSH6,AD,c.*85T>A,Not provided,,,,10/10,3_prime_UTR_variant,MODIFIER,Het,30,0.633,Lynch syndrome,No,,Yes,direct_match,Direct substring match,Hereditary_nonpolyposis_colorectal_neoplasms|Hereditary_cancer|Hereditary_cancer-predisposing_syndrome|Lynch_syndrome_5|Endometrial_carcinoma|not_specified|not_provided,Conflicting_classifications_of_pathogenicity,1,DM?,"Colorectal cancer, non-polyposis",1,Not provided,0,0,Not provided,"ClinVar: Conflicting_classifications_of_pathogenicity (1*); HGMD: DM? (1 pubs, dmsupported=0, confirm=0)",0.0,Unknown,-1.000,Not provided,Not provided,Not provided,[],[],unknown,No,PM2_Moderate,"{""PM2_Moderate"": 2}",2,VUS,VUS,,,,PM2_Moderate: gnomAD max AF=0 < threshold 0.0001 for MOI AD,,,,,,,,,,,,,,No,No,,,Low quality ClinVar: Conflicting_classifications_of_pathogenicity (1 stars),,Yes
7115000,11830_2024,chr2,96244189,C,CT,TMEM127,AD,c.*9618_*9619insA,Not provided,,,,,downstream_gene_variant,MODIFIER,Het,18,0.556,Hereditary paraganglioma-pheochromocytoma syndrome,No,,No,unknown_db_phenotype,No phenotype text in DB (unknown),Not provided,Not provided,0,Not provided,Not provided,0,Not provided,0,0,Not provided,No database evidence,0.0,Unknown,-1.000,Not provided,Not provided,Not provided,[],[],unknown,No,PM2_Moderate,"{""PM2_Moderate"": 2}",2,VUS,VUS,,,,PM2_Moderate: gnomAD max AF=0 < threshold 0.0001 for MOI AD,,,,,,,,,,,,,,No,No,,,,,Yes
7115000,11830_2024,chr2,96246587,G,A,TMEM127,AD,c.*7221C>T,Not provided,,,,,downstream_gene_variant,MODIFIER,Het,48,0.521,Hereditary paraganglioma-pheochromocytoma syndrome,No,,No,unknown_db_phenotype,No phenotype text in DB (unknown),Not provided,Not provided,0,Not provided,Not provided,0,Not provided,0,0,Not provided,No database evidence,0.000059,v3,-1.000,Not provided,Not provided,Not provided,[],[],unknown,No,PM2_Moderate,"{""PM2_Moderate"": 2}",2,VUS,VUS,,,,PM2_Moderate: gnomAD max AF=5.91506e-05 < threshold 0.0001 for MOI AD,,,,,,,,,,,,,,No,No,,,,,Yes
7115000,11830_2024,chr2,96247348,A,T,TMEM127,AD,c.*6460T>A,Not provided,,,,,downstream_gene_variant,MODIFIER,Het,50,0.580,Hereditary paraganglioma-pheochromocytoma syndrome,No,,No,unknown_db_phenotype,No phenotype text in DB (unknown),Not provided,Not provided,0,Not provided,Not provided,0,Not provided,0,0,Not provided,No database evidence,0.0,Unknown,-1.000,Not provided,Not provided,Not provided,[],[],unknown,No,PM2_Moderate,"{""PM2_Moderate"": 2}",2,VUS,VUS,,,,PM2_Moderate: gnomAD max AF=0 < threshold 0.0001 for MOI AD,,,,,,,,,,,,,,No,No,,,,,Yes
7115000,11830_2024,chr2,178531098,CAGA,C,TTN,AD,c.78319_78321delTCT,p.Ser26107del,,,26107,186/191,conservative_inframe_deletion,MODERATE,Het,60,0.533,Dilated cardiomyopathy (truncating variants only),Yes,Exclude if Impact is MODERATE;Exclude if Impact is MODERATE,No,unknown_db_phenotype,No phenotype text in DB (unknown),Not provided,Not provided,0,Not provided,Not provided,0,Not provided,0,0,Not provided,No database evidence,0.0,Unknown,-1.000,Not provided,Not provided,Not provided,[],[],unknown,No,PM4_Supporting;PM2_Moderate,"{""PM4_Supporting"": 1, ""PM2_Moderate"": 2}",3,VUS,VUS,,,,PM2_Moderate: gnomAD max AF=0 < threshold 0.0001 for MOI AD,,PM4_Supporting: small in-frame indel (<10 AA) outside annotated critical domains,,,,,,,,,,,,No,No,,,HGMD gene mismatch: TTN vs TTNIC;Gene mismatch detected -> DB evidence ignored for matching sources;Filtered by gene 'Rules' (exclude): Exclude if Impact is MODERATE,Filtered by gene 'Rules' (exclude): Exclude if Impact is MODERATE,Yes
7115000,11830_2024,chr2,178576311,C,T,TTN,AD,c.42626G>A,p.Gly14209Asp,,,14209,154/191,missense_variant,MODERATE,Het,52,0.596,Dilated cardiomyopathy (truncating variants only),Yes,Exclude if Impact is MODERATE;Exclude if Impact is MODERATE,No,unknown_db_phenotype,No phenotype text in DB (unknown),Not provided,Not provided,0,Not provided,Not provided,0,0.18,0,0,Not provided,No database evidence,0.0,Unknown,0.601,Not provided,Not provided,Not provided,[],[],unknown,No,PM2_Moderate,"{""PM2_Moderate"": 2}",2,VUS,VUS,,,,PM2_Moderate: gnomAD max AF=0 < threshold 0.0001 for MOI AD,,,,,,,,,,,,,,No,No,,,HGMD gene mismatch: TTN vs TTNIC;Gene mismatch detected -> DB evidence ignored for matching sources;Filtered by gene 'Rules' (exclude): Exclude if Impact is MODERATE,Filtered by gene 'Rules' (exclude): Exclude if Impact is MODERATE,Yes
7115000,11830_2024,chr2,178620542,G,A,TTN,AD,c.38275C>T,p.Arg12759Cys,,,12759,197/312,missense_variant,MODERATE,Het,41,0.488,Dilated cardiomyopathy (truncating variants only),Yes,Exclude if Impact is MODERATE;Exclude if Impact is MODERATE,No,unknown_db_phenotype,No phenotype text in DB (unknown),Not provided,Not provided,0,Not provided,Not provided,0,0.16,0,0,Not provided,No database evidence,0.0,Unknown,0.468,Not provided,Not provided,Not provided,[],[],unknown,No,PM2_Moderate,"{""PM2_Moderate"": 2}",2,VUS,VUS,,,,PM2_Moderate: gnomAD max AF=0 < threshold 0.0001 for MOI AD,,,,,,,,,,,,,,No,No,,,HGMD gene mismatch: TTN vs TTNIC;Gene mismatch detected -> DB evidence ignored for matching sources;Filtered by gene 'Rules' (exclude): Exclude if Impact is MODERATE,Filtered by gene 'Rules' (exclude): Exclude if Impact is MODERATE,Yes
7115000,11830_2024,chr2,178646104,T,TTATATATATATATATA,TTN,AD,c.32594-90_32594-75dupTATATATATATATATA,Not provided,,,,165/311,intron_variant,MODIFIER,Het,25,0.240,Dilated cardiomyopathy (truncating variants only),Yes,RULES_PRESENT_NO_MATCH: Exclude if Impact is MODERATE;RULES_PRESENT_NO_MATCH: Exclude if Impact is MODERATE,No,unknown_db_phenotype,No phenotype text in DB (unknown),Not provided,Not provided,0,Not provided,Not provided,0,Not provided,0,0,Not provided,No database evidence,0.0,Unknown,-1.000,Not provided,0.000,Not provided,[],[],unknown,No,PM2_Moderate,"{""PM2_Moderate"": 2}",2,VUS,VUS,,,,PM2_Moderate: gnomAD max AF=0 < threshold 0.0001 for MOI AD,,,,,,,,,,,,,,No,No,,,,,Yes
7115000,11830_2024,chr2,178683977,T,C,TTN,AD,c.29074+22A>G,Not provided,,,,130/311,intron_variant,MODIFIER,Het,24,0.625,Dilated cardiomyopathy (truncating variants only),Yes,RULES_PRESENT_NO_MATCH: Exclude if Impact is MODERATE;RULES_PRESENT_NO_MATCH: Exclude if Impact is MODERATE,No,unknown_db_phenotype,No phenotype text in DB (unknown),Not provided,Not provided,0,Not provided,Not provided,0,Not provided,0,0,Not provided,No database evidence,0.0,Unknown,-1.000,Not provided,Not provided,Not provided,[],[],unknown,No,PM2_Moderate,"{""PM2_Moderate"": 2}",2,VUS,VUS,,,,PM2_Moderate: gnomAD max AF=0 < threshold 0.0001 for MOI AD,,,,,,,,,,,,,,No,No,,,,,Yes
7115000,11830_2024,chr2,178708284,GTGAT,G,TTN,AD,c.13282+29794_13282+29797delATCA,Not provided,,,,46/190,intron_variant,MODIFIER,Het,46,0.370,Dilated cardiomyopathy (truncating variants only),Yes,RULES_PRESENT_NO_MATCH: Exclude if Impact is MODERATE;RULES_PRESENT_NO_MATCH: Exclude if Impact is MODERATE,No,unknown_db_phenotype,No phenotype text in DB (unknown),Not provided,Not provided,0,Not provided,Not provided,0,Not provided,0,0,Not provided,No database evidence,0.0,Unknown,-1.000,Not provided,0.000,Not provided,[],[],unknown,No,PM2_Moderate,"{""PM2_Moderate"": 2}",2,VUS,VUS,,,,PM2_Moderate: gnomAD max AF=0 < threshold 0.0001 for MOI AD,,,,,,,,,,,,,,No,No,,,,,Yes
7115000,11830_2024,chr2,178721377,A,G,TTN,AD,c.13282+16705T>C,Not provided,,,,46/190,intron_variant,MODIFIER,Het,26,0.577,Dilated cardiomyopathy (truncating variants only),Yes,RULES_PRESENT_NO_MATCH: Exclude if Impact is MODERATE;RULES_PRESENT_NO_MATCH: Exclude if Impact is MODERATE,No,unknown_db_phenotype,No phenotype text in DB (unknown),Not provided,Not provided,0,Not provided,Not provided,0,Not provided,0,0,Not provided,No database evidence,0.0,Unknown,-1.000,Not provided,Not provided,Not provided,[],[],unknown,No,PM2_Moderate,"{""PM2_Moderate"": 2}",2,VUS,VUS,,,,PM2_Moderate: gnomAD max AF=0 < threshold 0.0001 for MOI AD,,,,,,,,,,,,,,No,No,,,,,Yes
7115000,11830_2024,chr2,178778560,A,G,TTN,AD,c.4070+314T>C,Not provided,,,,23/190,intron_variant,MODIFIER,Het,37,0.351,Dilated cardiomyopathy (truncating variants only),Yes,RULES_PRESENT_NO_MATCH: Exclude if Impact is MODERATE;RULES_PRESENT_NO_MATCH: Exclude if Impact is MODERATE,No,unknown_db_phenotype,No phenotype text in DB (unknown),Not provided,Not provided,0,Not provided,Not provided,0,Not provided,0,0,Not provided,No database evidence,0.0,Unknown,-1.000,Not provided,Not provided,Not provided,[],[],unknown,No,PM2_Moderate,"{""PM2_Moderate"": 2}",2,VUS,VUS,,,,PM2_Moderate: gnomAD max AF=0 < threshold 0.0001 for MOI AD,,,,,,,,,,,,,,No,No,,,,,Yes
7115000,11830_2024,chr2,188984618,G,A,COL3A1,AD,c.80-142G>A,Not provided,,,,1/50,intron_variant,MODIFIER,Het,34,0.647,"Ehlers-Danlos syndrome, vascular type",No,,No,unknown_db_phenotype,No phenotype text in DB (unknown),Not provided,Not provided,0,Not provided,Not provided,0,Not provided,0,0,Not provided,No database evidence,0.000026,v3,-1.000,Not provided,Not provided,Not provided,[],[],unknown,No,PM2_Moderate,"{""PM2_Moderate"": 2}",2,VUS,VUS,,,,PM2_Moderate: gnomAD max AF=2.63116e-05 < threshold 0.0001 for MOI AD,,,,,,,,,,,,,,No,No,,,,,Yes
7115000,11830_2024,chr2,189007096,A,AATATATATAT,COL3A1,AD,c.3255+141_3255+150dupATATATATAT,Not provided,,,,44/50,intron_variant,MODIFIER,Het,28,0.571,"Ehlers-Danlos syndrome, vascular type",No,,No,unknown_db_phenotype,No phenotype text in DB (unknown),Not provided,Not provided,0,Not provided,Not provided,0,Not provided,0,0,Not provided,No database evidence,0.0,Unknown,-1.000,Not provided,0.000,Not provided,[],[],unknown,No,PM2_Moderate,"{""PM2_Moderate"": 2}",2,VUS,VUS,,,,PM2_Moderate: gnomAD max AF=0 < threshold 0.0001 for MOI AD,,,,,,,,,,,,,,No,No,,,,,Yes
7115000,11830_2024,chr22,29703567,C,T,NF2,AD,c.*8765C>T,Not provided,,,,,downstream_gene_variant,MODIFIER,Het,39,0.564,NF2-related schwannomatosis,No,,No,unknown_db_phenotype,No phenotype text in DB (unknown),Not provided,Not provided,0,Not provided,Not provided,0,Not provided,0,0,Not provided,No database evidence,0.0,Unknown,-1.000,Not provided,Not provided,Not provided,[],[],unknown,No,PM2_Moderate,"{""PM2_Moderate"": 2}",2,VUS,VUS,,,,PM2_Moderate: gnomAD max AF=0 < threshold 0.0001 for MOI AD,,,,,,,,,,,,,,No,No,,,,,Yes
7115000,11830_2024,chr3,14125982,T,G,TMEM43,AD,c.12+777T>G,Not provided,,,,1/11,intron_variant,MODIFIER,Het,47,0.468,Arrhythmogenic right ventricular cardiomyopathy,No,,No,unknown_db_phenotype,No phenotype text in DB (unknown),Not provided,Not provided,0,Not provided,Not provided,0,Not provided,0,0,Not provided,No database evidence,0.0,Unknown,-1.000,Not provided,Not provided,Not provided,[],[],unknown,No,PM2_Moderate,"{""PM2_Moderate"": 2}",2,VUS,VUS,,,,PM2_Moderate: gnomAD max AF=0 < threshold 0.0001 for MOI AD,,,,,,,,,,,,,,No,No,,,,,Yes
7115000,11830_2024,chr3,14126347,T,G,TMEM43,AD,c.12+1142T>G,Not provided,,,,1/11,intron_variant,MODIFIER,Het,44,0.409,Arrhythmogenic right ventricular cardiomyopathy,No,,No,unknown_db_phenotype,No phenotype text in DB (unknown),Not provided,Not provided,0,Not provided,Not provided,0,Not provided,0,0,Not provided,No database evidence,0.0,Unknown,-1.000,Not provided,Not provided,Not provided,[],[],unknown,No,PM2_Moderate,"{""PM2_Moderate"": 2}",2,VUS,VUS,,,,PM2_Moderate: gnomAD max AF=0 < threshold 0.0001 for MOI AD,,,,,,,,,,,,,,No,No,,,,,Yes
7115000,11830_2024,chr3,15602200,T,G,BTD,AR,c.44+306T>G,Not provided,,,,1/2,intron_variant,MODIFIER,Het,40,0.525,Biotinidase deficiency,No,,No,unknown_db_phenotype,No phenotype text in DB (unknown),Not provided,Not provided,0,Not provided,Not provided,0,Not provided,0,0,Not provided,No database evidence,0.0,Unknown,-1.000,Not provided,Not provided,Not provided,[],[],unknown,No,PM2_Moderate,"{""PM2_Moderate"": 2}",2,VUS,VUS,,,,PM2_Moderate: gnomAD max AF=0 < threshold 0.005 for MOI AR,,,,,,,,,,,,,,No,No,,,,,Yes
7115000,11830_2024,chr3,15606355,G,A,BTD,AR,c.44+4461G>A,Not provided,,,,1/2,intron_variant,MODIFIER,Het,45,0.511,Biotinidase deficiency,No,,No,unknown_db_phenotype,No phenotype text in DB (unknown),Not provided,Not provided,0,Not provided,Not provided,0,Not provided,0,0,Not provided,No database evidence,0.0,Unknown,-1.000,Not provided,Not provided,Not provided,[],[],unknown,No,PM2_Moderate,"{""PM2_Moderate"": 2}",2,VUS,VUS,,,,PM2_Moderate: gnomAD max AF=0 < threshold 0.005 for MOI AR,,,,,,,,,,,,,,No,No,,,,,Yes
7115000,11830_2024,chr3,15649294,G,A,BTD,AR,c.399+7237G>A,Not provided,,,,3/3,intron_variant,MODIFIER,Het,50,0.460,Biotinidase deficiency,No,,No,unknown_db_phenotype,No phenotype text in DB (unknown),Not provided,Not provided,0,Not provided,Not provided,0,Not provided,0,0,Not provided,No database evidence,0.000007,v3,-1.000,Not provided,Not provided,Not provided,[],[],unknown,No,PM2_Moderate,"{""PM2_Moderate"": 2}",2,VUS,VUS,,,,PM2_Moderate: gnomAD max AF=6.56927e-06 < threshold 0.005 for MOI AR,,,,,,,,,,,,,,No,No,,,,,Yes
7115000,11830_2024,chr3,15650516,G,T,BTD,AR,c.399+8459G>T,Not provided,,,,3/3,intron_variant,MODIFIER,Het,40,0.550,Biotinidase deficiency,No,,No,unknown_db_phenotype,No phenotype text in DB (unknown),Not provided,Not provided,0,Not provided,Not provided,0,Not provided,0,0,Not provided,No database evidence,0.0,Unknown,-1.000,Not provided,Not provided,Not provided,[],[],unknown,No,PM2_Moderate,"{""PM2_Moderate"": 2}",2,VUS,VUS,,,,PM2_Moderate: gnomAD max AF=0 < threshold 0.005 for MOI AR,,,,,,,,,,,,,,No,No,,,,,Yes
7115000,11830_2024,chr3,15682023,C,G,BTD,AR,c.400-28376C>G,Not provided,,,,3/3,intron_variant,MODIFIER,Het,51,0.510,Biotinidase deficiency,No,,No,unknown_db_phenotype,No phenotype text in DB (unknown),Not provided,Not provided,0,Not provided,Not provided,0,Not provided,0,0,Not provided,No database evidence,0.000007,v3,-1.000,Not provided,Not provided,Not provided,[],[],unknown,No,PM2_Moderate,"{""PM2_Moderate"": 2}",2,VUS,VUS,,,,PM2_Moderate: gnomAD max AF=6.57817e-06 < threshold 0.005 for MOI AR,,,,,,,,,,,,,,No,No,,,,,Yes
7115000,11830_2024,chr3,15691476,T,C,BTD,AR,c.400-18923T>C,Not provided,,,,3/3,intron_variant,MODIFIER,Het,37,0.541,Biotinidase deficiency,No,,No,unknown_db_phenotype,No phenotype text in DB (unknown),Not provided,Not provided,0,Not provided,Not provided,0,Not provided,0,0,Not provided,No database evidence,0.0,Unknown,-1.000,Not provided,Not provided,Not provided,[],[],unknown,No,PM2_Moderate,"{""PM2_Moderate"": 2}",2,VUS,VUS,,,,PM2_Moderate: gnomAD max AF=0 < threshold 0.005 for MOI AR,,,,,,,,,,,,,,No,No,,,,,Yes
7115000,11830_2024,chr3,30602501,A,AT,TGFBR2,AD,c.-4383_-4382insT,Not provided,,,,,upstream_gene_variant,MODIFIER,Het,25,0.600,Loeys-Dietz syndrome,No,,No,unknown_db_phenotype,No phenotype text in DB (unknown),Not provided,Not provided,0,Not provided,Not provided,0,Not provided,0,0,Not provided,No database evidence,0.0,Unknown,-1.000,Not provided,Not provided,Not provided,[],[],unknown,No,PM2_Moderate,"{""PM2_Moderate"": 2}",2,VUS,VUS,,,,PM2_Moderate: gnomAD max AF=0 < threshold 0.0001 for MOI AD,,,,,,,,,,,,,,No,No,,,,,Yes
7115000,11830_2024,chr3,30665055,T,C,TGFBR2,AD,c.455-6583T>C,Not provided,,,,3/6,intron_variant,MODIFIER,Het,46,0.500,Loeys-Dietz syndrome,No,,No,unknown_db_phenotype,No phenotype text in DB (unknown),Not provided,Not provided,0,Not provided,Not provided,0,Not provided,0,0,Not provided,No database evidence,0.0,Unknown,-1.000,Not provided,Not provided,Not provided,[],[],unknown,No,PM2_Moderate,"{""PM2_Moderate"": 2}",2,VUS,VUS,,,,PM2_Moderate: gnomAD max AF=0 < threshold 0.0001 for MOI AD,,,,,,,,,,,,,,No,No,,,,,Yes
7115000,11830_2024,chr3,36989263,T,C,MLH1,AD,c.-4285T>C,Not provided,,,,,upstream_gene_variant,MODIFIER,Het,27,0.741,Lynch syndrome,No,,No,unknown_db_phenotype,No phenotype text in DB (unknown),Not provided,Not provided,0,Not provided,Not provided,0,Not provided,0,0,Not provided,No database evidence,0.0,Unknown,-1.000,Not provided,Not provided,Not provided,[],[],unknown,No,PM2_Moderate,"{""PM2_Moderate"": 2}",2,VUS,VUS,,,,PM2_Moderate: gnomAD max AF=0 < threshold 0.0001 for MOI AD,,,,,,,,,,,,,,No,No,,,HGMD gene mismatch: MLH1 vs EPM2AIP1;Gene mismatch detected -> DB evidence ignored for matching sources,,Yes
7115000,11830_2024,chr3,37010347,C,T,MLH1,AD,c.-281-1473C>T,Not provided,,,,5/15,intron_variant,MODIFIER,Het,23,0.565,Lynch syndrome,No,,No,unknown_db_phenotype,No phenotype text in DB (unknown),Not provided,Not provided,0,Not provided,Not provided,0,Not provided,0,0,Not provided,No database evidence,0.0,Unknown,-1.000,Not provided,Not provided,Not provided,[],[],unknown,No,PM2_Moderate,"{""PM2_Moderate"": 2}",2,VUS,VUS,,,,PM2_Moderate: gnomAD max AF=0 < threshold 0.0001 for MOI AD,,,,,,,,,,,,,,No,No,,,,,Yes
7115000,11830_2024,chr3,37042974,CT,C,MLH1,AD,c.657+653delT,Not provided,,,,12/15,intron_variant,MODIFIER,Het,30,0.500,Lynch syndrome,No,,No,unknown_db_phenotype,No phenotype text in DB (unknown),Not provided,Not provided,0,Not provided,Not provided,0,Not provided,0,0,Not provided,No database evidence,0.0,Unknown,-1.000,Not provided,Not provided,Not provided,[],[],unknown,No,PM2_Moderate,"{""PM2_Moderate"": 2}",2,VUS,VUS,,,,PM2_Moderate: gnomAD max AF=0 < threshold 0.0001 for MOI AD,,,,,,,,,,,,,,No,No,,,,,Yes
7115000,11830_2024,chr3,37046608,TA,T,MLH1,AD,c.658-910delA,Not provided,,,,12/15,intron_variant,MODIFIER,Het,18,0.444,Lynch syndrome,No,,No,unknown_db_phenotype,No phenotype text in DB (unknown),Not provided,Not provided,0,Not provided,Not provided,0,Not provided,0,0,Not provided,No database evidence,0.0,Unknown,-1.000,Not provided,Not provided,Not provided,[],[],unknown,No,PM2_Moderate,"{""PM2_Moderate"": 2}",2,VUS,VUS,,,,PM2_Moderate: gnomAD max AF=0 < threshold 0.0001 for MOI AD,,,,,,,,,,,,,,No,No,,,,,Yes
7115000,11830_2024,chr3,37051391,A,G,MLH1,AD,c.*738A>G,Not provided,,,,,downstream_gene_variant,MODIFIER,Het,24,0.458,Lynch syndrome,No,,No,unknown_db_phenotype,No phenotype text in DB (unknown),Not provided,Not provided,0,Not provided,Not provided,0,Not provided,0,0,Not provided,No database evidence,0.0,Unknown,-1.000,Not provided,Not provided,Not provided,[],[],unknown,No,PM2_Moderate,"{""PM2_Moderate"": 2}",2,VUS,VUS,,,,PM2_Moderate: gnomAD max AF=0 < threshold 0.0001 for MOI AD,,,,,,,,,,,,,,No,No,,,,,Yes
7115000,11830_2024,chr3,37055552,G,A,MLH1,AD,c.*4899G>A,Not provided,,,,,downstream_gene_variant,MODIFIER,Het,57,0.526,Lynch syndrome,No,,No,unknown_db_phenotype,No phenotype text in DB (unknown),Not provided,Not provided,0,Not provided,Not provided,0,Not provided,0,0,Not provided,No database evidence,0.0,Unknown,-1.000,Not provided,Not provided,Not provided,[],[],unknown,No,PM2_Moderate,"{""PM2_Moderate"": 2}",2,VUS,VUS,,,,PM2_Moderate: gnomAD max AF=0 < threshold 0.0001 for MOI AD,,,,,,,,,,,,,,No,No,,,,,Yes
7115000,11830_2024,chr3,38577783,T,TTG,SCN5A,AD,c.3229-1003_3229-1002insCA,Not provided,,,,17/26,intron_variant,MODIFIER,Het,49,0.571,Long QT syndrome type 3; Brugada syndrome; Dilated cardiomyopathy,No,,No,unknown_db_phenotype,No phenotype text in DB (unknown),Not provided,Not provided,0,Not provided,Not provided,0,Not provided,0,0,Not provided,No database evidence,0.0,Unknown,-1.000,Not provided,0.050,Not provided,[],[],unknown,Yes,PM2_Moderate,"{""PM2_Moderate"": 2}",2,VUS,VUS,,,,PM2_Moderate: gnomAD max AF=0 < threshold 0.0001 for MOI AD,,,,,,,,,,,,,,No,No,,,Delins cluster (unphased) detected (cluster_id=10; members=chr3:38577783:T:TTG:7115000;chr3:38577784:A:G:7115000;chr3:38577785:C:G:7115000) - phasing required to confirm cis/trans.;Delins/overlap cluster (id=10) detected but not all members meet P/LP or >5pts -> not auto-escalated (possible carrier).,,Yes
7115000,11830_2024,chr3,38577784,A,G,SCN5A,AD,c.3229-1003T>C,Not provided,,,,17/26,intron_variant,MODIFIER,Het,49,0.673,Long QT syndrome type 3; Brugada syndrome; Dilated cardiomyopathy,No,,No,unknown_db_phenotype,No phenotype text in DB (unknown),Not provided,Not provided,0,Not provided,Not provided,0,Not provided,0,0,Not provided,No database evidence,0.0,Unknown,-1.000,Not provided,Not provided,Not provided,[],[],unknown,Yes,PM2_Moderate,"{""PM2_Moderate"": 2}",2,VUS,VUS,,,,PM2_Moderate: gnomAD max AF=0 < threshold 0.0001 for MOI AD,,,,,,,,,,,,,,No,No,,,Delins cluster (unphased) detected (cluster_id=10; members=chr3:38577783:T:TTG:7115000;chr3:38577784:A:G:7115000;chr3:38577785:C:G:7115000) - phasing required to confirm cis/trans.;Delins/overlap cluster (id=10) detected but not all members meet P/LP or >5pts -> not auto-escalated (possible carrier).,,Yes
7115000,11830_2024,chr3,38577785,C,G,SCN5A,AD,c.3229-1004G>C,Not provided,,,,17/26,intron_variant,MODIFIER,Het,49,0.673,Long QT syndrome type 3; Brugada syndrome; Dilated cardiomyopathy,No,,No,unknown_db_phenotype,No phenotype text in DB (unknown),Not provided,Not provided,0,Not provided,Not provided,0,Not provided,0,0,Not provided,No database evidence,0.0,Unknown,-1.000,Not provided,Not provided,Not provided,[],[],unknown,Yes,PM2_Moderate,"{""PM2_Moderate"": 2}",2,VUS,VUS,,,,PM2_Moderate: gnomAD max AF=0 < threshold 0.0001 for MOI AD,,,,,,,,,,,,,,No,No,,,Delins cluster (unphased) detected (cluster_id=10; members=chr3:38577783:T:TTG:7115000;chr3:38577784:A:G:7115000;chr3:38577785:C:G:7115000) - phasing required to confirm cis/trans.;Delins/overlap cluster (id=10) detected but not all members meet P/LP or >5pts -> not auto-escalated (possible carrier).,,Yes
7115000,11830_2024,chr3,38579873,ACGCG,A,SCN5A,AD,c.3228+1054_3228+1057delCGCG,Not provided,,,,17/26,intron_variant,MODIFIER,Het,45,0.578,Long QT syndrome type 3; Brugada syndrome; Dilated cardiomyopathy,No,,No,unknown_db_phenotype,No phenotype text in DB (unknown),Not provided,Not provided,0,Not provided,Not provided,0,Not provided,0,0,Not provided,No database evidence,0.0,Unknown,-1.000,Not provided,0.000,Not provided,[],[],unknown,Yes,PM2_Moderate,"{""PM2_Moderate"": 2}",2,VUS,VUS,,,,PM2_Moderate: gnomAD max AF=0 < threshold 0.0001 for MOI AD,,,,,,,,,,,,,,No,No,,,Delins cluster (unphased) detected (cluster_id=11; members=chr3:38579873:ACGCG:A:7115000;chr3:38579879:G:A:7115000) - phasing required to confirm cis/trans.;Delins/overlap cluster (id=11) detected but not all members meet P/LP or >5pts -> not auto-escalated (possible carrier).,,Yes
7115000,11830_2024,chr3,38579879,G,A,SCN5A,AD,c.3228+1052C>T,Not provided,,,,17/26,intron_variant,MODIFIER,Het,46,0.565,Long QT syndrome type 3; Brugada syndrome; Dilated cardiomyopathy,No,,No,unknown_db_phenotype,No phenotype text in DB (unknown),Not provided,Not provided,0,Not provided,Not provided,0,Not provided,0,0,Not provided,No database evidence,0.0,Unknown,-1.000,Not provided,Not provided,Not provided,[],[],unknown,Yes,PM2_Moderate,"{""PM2_Moderate"": 2}",2,VUS,VUS,,,,PM2_Moderate: gnomAD max AF=0 < threshold 0.0001 for MOI AD,,,,,,,,,,,,,,No,No,,,Delins cluster (unphased) detected (cluster_id=11; members=chr3:38579873:ACGCG:A:7115000;chr3:38579879:G:A:7115000) - phasing required to confirm cis/trans.;Delins/overlap cluster (id=11) detected but not all members meet P/LP or >5pts -> not auto-escalated (possible carrier).,,Yes
7115000,11830_2024,chr3,38579891,A,C,SCN5A,AD,c.3228+1040T>G,Not provided,,,,17/26,intron_variant,MODIFIER,Het,46,0.522,Long QT syndrome type 3; Brugada syndrome; Dilated cardiomyopathy,No,,No,unknown_db_phenotype,No phenotype text in DB (unknown),Not provided,Not provided,0,Not provided,Not provided,0,Not provided,0,0,Not provided,No database evidence,0.000060,v3,-1.000,Not provided,Not provided,Not provided,[],[],unknown,No,PM2_Moderate,"{""PM2_Moderate"": 2}",2,VUS,VUS,,,,PM2_Moderate: gnomAD max AF=6.01604e-05 < threshold 0.0001 for MOI AD,,,,,,,,,,,,,,No,No,,,,,Yes
7115000,11830_2024,chr3,38609823,C,T,SCN5A,AD,c.845G>A,p.Arg282His,,,282,7/27,missense_variant,MODERATE,Het,51,0.510,Long QT syndrome type 3; Brugada syndrome; Dilated cardiomyopathy,No,,Yes,token_match,Shared terms: syndrome,Cardiac_arrhythmia|Cardiovascular_phenotype|not_provided|Brugada_syndrome|Brugada_syndrome_1,Pathogenic/Likely_pathogenic,2,DM,Brugada syndrome,12,0.65,9,0,Not provided,"ClinVar: Pathogenic/Likely_pathogenic (2*); HGMD: DM (12 pubs, dmsupported=9, confirm=0)",0.0,Unknown,0.794,Not provided,Not provided,Not provided,"[{""hgvsp"": ""p.Arg282His"", ""clnsig"": ""Pathogenic/Likely_pathogenic"", ""source"": ""ClinVar_Likely_pathogenic"", ""stars"": 2}]",[],unknown,No,PS1_Supporting;PM2_Moderate;PP3_Supporting;PP5_Supporting,"{""PS1_Supporting"": 1, ""PM2_Moderate"": 2, ""PP3_Supporting"": 1, ""PP5_Supporting"": 1}",5,VUS,Pathogenic,,PS1: exact same protein change observed in DB: p.Arg282His (Pathogenic/Likely_pathogenic),,PM2_Moderate: gnomAD max AF=0 < threshold 0.0001 for MOI AD,,,,,PP3_Supporting: REVEL=0.794 or AlphaMissense=-1.000 >= supporting thresholds,PP5_Supporting: high-quality database annotation (ClinVar≥2★ or HGMD DM≥2 pubs or Internal DB P/LP),,,,,,,,Yes,No,HQ DB consensus;HQ note: Mild disagreement among HQ sources (Pathogenic vs Likely pathogenic); assigning conservative class 'Pathogenic' and adding note.,,HQ DB consensus;HQ note: Mild disagreement among HQ sources (Pathogenic vs Likely pathogenic); assigning conservative class 'Pathogenic' and adding note.,,No
7115000,11830_2024,chr3,46864247,G,T,MYL3,AD,c.-857C>A,Not provided,,,,,upstream_gene_variant,MODIFIER,Het,54,0.556,Hypertrophic cardiomyopathy,No,,No,unknown_db_phenotype,No phenotype text in DB (unknown),Not provided,Not provided,0,Not provided,Not provided,0,Not provided,0,0,Not provided,No database evidence,0.0,Unknown,-1.000,Not provided,Not provided,Not provided,[],[],unknown,No,PM2_Moderate,"{""PM2_Moderate"": 2}",2,VUS,VUS,,,,PM2_Moderate: gnomAD max AF=0 < threshold 0.0001 for MOI AD,,,,,,,,,,,,,,No,No,,,,,Yes
7115000,11830_2024,chr5,112847720,G,A,APC,AD,c.*3594G>A,Not provided,,,,,downstream_gene_variant,MODIFIER,Het,38,0.632,Familial adenomatous polyposis,Yes,"RULES_PRESENT_NO_MATCH: Exclude if Consequence contains ""5_prime_UTR_variant"";RULES_PRESENT_NO_MATCH: Exclude if Consequence contains ""5_prime_UTR_variant""",No,unknown_db_phenotype,No phenotype text in DB (unknown),Not provided,Not provided,0,Not provided,Not provided,0,Not provided,0,0,Not provided,No database evidence,0.0,Unknown,-1.000,Not provided,Not provided,Not provided,[],[],unknown,No,PM2_Moderate,"{""PM2_Moderate"": 2}",2,VUS,VUS,,,,PM2_Moderate: gnomAD max AF=0 < threshold 0.0001 for MOI AD,,,,,,,,,,,,,,No,No,,,,,Yes
7115000,11830_2024,chr6,7539955,G,A,DSP,AD,c.-1961G>A,Not provided,,,,,upstream_gene_variant,MODIFIER,Het,30,0.633,Arrhythmogenic right ventricular cardiomyopathy; Dilated cardiomyopathy,No,,No,unknown_db_phenotype,No phenotype text in DB (unknown),Not provided,Not provided,0,Not provided,Not provided,0,Not provided,0,0,Not provided,No database evidence,0.0,Unknown,-1.000,Not provided,Not provided,Not provided,[],[],unknown,No,PM2_Moderate,"{""PM2_Moderate"": 2}",2,VUS,VUS,,,,PM2_Moderate: gnomAD max AF=0 < threshold 0.0001 for MOI AD,,,,,,,,,,,,,,No,No,,,,,Yes
7115000,11830_2024,chr6,26087344,G,A,HFE,AR,c.-97G>A,Not provided,,,,1/6,5_prime_UTR_variant,MODIFIER,Het,32,0.562,Hereditary hemochromatosis (c.845G>A; p.C282Y homozygotes only),Yes,"RULES_PRESENT_NO_MATCH: Include if HGVSp contains ""p.Cys282Tyr"";RULES_PRESENT_NO_MATCH: Include if HGVSp contains ""p.Cys282Tyr""",No,unknown_db_phenotype,No phenotype text in DB (unknown),Not provided,Not provided,0,Not provided,Not provided,0,Not provided,0,0,Not provided,No database evidence,0.0,Unknown,-1.000,Not provided,Not provided,Not provided,[],[],unknown,No,PM2_Moderate,"{""PM2_Moderate"": 2}",2,VUS,VUS,,,,PM2_Moderate: gnomAD max AF=0 < threshold 0.005 for MOI AR,,,,,,,,,,,,,,No,No,,,,,Yes
7115000,11830_2024,chr6,26101716,A,C,HFE,AR,c.*7490A>C,Not provided,,,,,downstream_gene_variant,MODIFIER,Het,35,0.514,Hereditary hemochromatosis (c.845G>A; p.C282Y homozygotes only),Yes,"RULES_PRESENT_NO_MATCH: Include if HGVSp contains ""p.Cys282Tyr"";RULES_PRESENT_NO_MATCH: Include if HGVSp contains ""p.Cys282Tyr""",No,unknown_db_phenotype,No phenotype text in DB (unknown),Not provided,Not provided,0,Not provided,Not provided,0,Not provided,0,0,Not provided,No database evidence,0.0,Unknown,-1.000,Not provided,Not provided,Not provided,[],[],unknown,No,PM2_Moderate,"{""PM2_Moderate"": 2}",2,VUS,VUS,,,,PM2_Moderate: gnomAD max AF=0 < threshold 0.005 for MOI AR,,,,,,,,,,,,,,No,No,,,,,Yes
7115000,11830_2024,chr6,123266619,A,AAT,TRDN,AR,c.1783+1086_1783+1087dupAT,Not provided,,,,32/40,intron_variant,MODIFIER,Hom,12,0.667,Catecholaminergic polymorphic ventricular tachycardia; Long QT syndrome,No,,No,unknown_db_phenotype,No phenotype text in DB (unknown),Not provided,Not provided,0,Not provided,Not provided,0,Not provided,0,0,Not provided,No database evidence,0.0,Unknown,-1.000,Not provided,0.000,Not provided,[],[],unknown,No,PM2_Moderate;PM3_Supporting,"{""PM2_Moderate"": 2, ""PM3_Supporting"": 1}",3,VUS,VUS,,,,PM2_Moderate: gnomAD max AF=0 < threshold 0.005 for MOI AR,,,,,,,,,,,,,,No,No,,,PM3 (PM3_Supporting): total=0.50 [homozygous: +0.5],,Yes
7115000,11830_2024,chr6,123266642,TA,T,TRDN,AR,c.1783+1064delT,Not provided,,,,32/40,intron_variant,MODIFIER,Hom,16,1.000,Catecholaminergic polymorphic ventricular tachycardia; Long QT syndrome,No,,No,unknown_db_phenotype,No phenotype text in DB (unknown),Not provided,Not provided,0,Not provided,Not provided,0,Not provided,0,0,Not provided,No database evidence,0.0,Unknown,-1.000,Not provided,Not provided,Not provided,[],[],unknown,No,PM2_Moderate;PM3_Supporting,"{""PM2_Moderate"": 2, ""PM3_Supporting"": 1}",3,VUS,VUS,,,,PM2_Moderate: gnomAD max AF=0 < threshold 0.005 for MOI AR,,,,,,,,,,,,,,No,No,,,PM3 (PM3_Supporting): total=0.50 [homozygous: +0.5],,Yes
7115000,11830_2024,chr6,123278074,A,G,TRDN,AR,c.1567+244T>C,Not provided,,,,26/40,intron_variant,MODIFIER,Het,27,0.519,Catecholaminergic polymorphic ventricular tachycardia; Long QT syndrome,No,,No,unknown_db_phenotype,No phenotype text in DB (unknown),Not provided,Not provided,0,Not provided,Not provided,0,Not provided,0,0,Not provided,No database evidence,0.0,Unknown,-1.000,Not provided,Not provided,Not provided,[],[],unknown,No,PM2_Moderate,"{""PM2_Moderate"": 2}",2,VUS,VUS,,,,PM2_Moderate: gnomAD max AF=0 < threshold 0.005 for MOI AR,,,,,,,,,,,,,,No,No,,,,,Yes
7115000,11830_2024,chr6,123283985,C,CATATATATATATATATATATATATATATATATAT,TRDN,AR,c.1511-4904_1511-4903insATATATATATATATATATATATATATATATATAT,Not provided,,,,24/40,intron_variant,MODIFIER,Het,14,0.429,Catecholaminergic polymorphic ventricular tachycardia; Long QT syndrome,No,,No,unknown_db_phenotype,No phenotype text in DB (unknown),Not provided,Not provided,0,Not provided,Not provided,0,Not provided,0,0,Not provided,No database evidence,0.0,Unknown,-1.000,Not provided,0.000,Not provided,[],[],unknown,No,PM2_Moderate,"{""PM2_Moderate"": 2}",2,VUS,VUS,,,,PM2_Moderate: gnomAD max AF=0 < threshold 0.005 for MOI AR,,,,,,,,,,,,,,No,No,,,,,Yes
7115000,11830_2024,chr6,123289255,A,T,TRDN,AR,c.1511-10173T>A,Not provided,,,,24/40,intron_variant,MODIFIER,Het,32,0.469,Catecholaminergic polymorphic ventricular tachycardia; Long QT syndrome,No,,No,unknown_db_phenotype,No phenotype text in DB (unknown),Not provided,Not provided,0,Not provided,Not provided,0,Not provided,0,0,Not provided,No database evidence,0.0,Unknown,-1.000,Not provided,Not provided,Not provided,[],[],unknown,No,PM2_Moderate,"{""PM2_Moderate"": 2}",2,VUS,VUS,,,,PM2_Moderate: gnomAD max AF=0 < threshold 0.005 for MOI AR,,,,,,,,,,,,,,No,No,,,,,Yes
7115000,11830_2024,chr6,123301733,G,A,TRDN,AR,c.1510+14724C>T,Not provided,,,,24/40,intron_variant,MODIFIER,Het,28,0.357,Catecholaminergic polymorphic ventricular tachycardia; Long QT syndrome,No,,No,unknown_db_phenotype,No phenotype text in DB (unknown),Not provided,Not provided,0,Not provided,Not provided,0,Not provided,0,0,Not provided,No database evidence,0.000018,v3,-1.000,Not provided,Not provided,Not provided,[],[],unknown,No,PM2_Moderate,"{""PM2_Moderate"": 2}",2,VUS,VUS,,,,PM2_Moderate: gnomAD max AF=1.79791e-05 < threshold 0.005 for MOI AR,,,,,,,,,,,,,,No,No,,,,,Yes
7115000,11830_2024,chr6,123336478,A,G,TRDN,AR,c.1420+1141T>C,Not provided,,,,22/40,intron_variant,MODIFIER,Het,45,0.422,Catecholaminergic polymorphic ventricular tachycardia; Long QT syndrome,No,,No,unknown_db_phenotype,No phenotype text in DB (unknown),Not provided,Not provided,0,Not provided,Not provided,0,Not provided,0,0,Not provided,No database evidence,0.0,Unknown,-1.000,Not provided,Not provided,Not provided,[],[],unknown,No,PM2_Moderate,"{""PM2_Moderate"": 2}",2,VUS,VUS,,,,PM2_Moderate: gnomAD max AF=0 < threshold 0.005 for MOI AR,,,,,,,,,,,,,,No,No,,,,,Yes
7115000,11830_2024,chr6,123378886,AG,A,TRDN,AR,c.1190-989delC,Not provided,,,,16/20,intron_variant,MODIFIER,Het,32,0.719,Catecholaminergic polymorphic ventricular tachycardia; Long QT syndrome,No,,No,unknown_db_phenotype,No phenotype text in DB (unknown),Not provided,Not provided,0,Not provided,Not provided,0,Not provided,0,0,Not provided,No database evidence,0.0,Unknown,-1.000,Not provided,Not provided,Not provided,[],[],unknown,No,PM2_Moderate,"{""PM2_Moderate"": 2}",2,VUS,VUS,,,,PM2_Moderate: gnomAD max AF=0 < threshold 0.005 for MOI AR,,,,,,,,,,,,,,No,No,,,,,Yes
7115000,11830_2024,chr6,123404138,C,T,TRDN,AR,c.1055-10461G>A,Not provided,,,,12/20,intron_variant,MODIFIER,Het,27,0.481,Catecholaminergic polymorphic ventricular tachycardia; Long QT syndrome,No,,No,unknown_db_phenotype,No phenotype text in DB (unknown),Not provided,Not provided,0,Not provided,Not provided,0,Not provided,0,0,Not provided,No database evidence,0.0,Unknown,-1.000,Not provided,Not provided,Not provided,[],[],unknown,No,PM2_Moderate,"{""PM2_Moderate"": 2}",2,VUS,VUS,,,,PM2_Moderate: gnomAD max AF=0 < threshold 0.005 for MOI AR,,,,,,,,,,,,,,No,No,,,,,Yes
7115000,11830_2024,chr6,123414742,CT,C,TRDN,AR,c.1055-21066delA,Not provided,,,,12/20,intron_variant,MODIFIER,Het,27,0.481,Catecholaminergic polymorphic ventricular tachycardia; Long QT syndrome,No,,No,unknown_db_phenotype,No phenotype text in DB (unknown),Not provided,Not provided,0,Not provided,Not provided,0,Not provided,0,0,Not provided,No database evidence,0.0,Unknown,-1.000,Not provided,Not provided,Not provided,[],[],unknown,No,PM2_Moderate,"{""PM2_Moderate"": 2}",2,VUS,VUS,,,,PM2_Moderate: gnomAD max AF=0 < threshold 0.005 for MOI AR,,,,,,,,,,,,,,No,No,,,,,Yes
7115000,11830_2024,chr6,123420389,T,TA,TRDN,AR,c.1054+17673_1054+17674insT,Not provided,,,,12/20,intron_variant,MODIFIER,Het,38,0.447,Catecholaminergic polymorphic ventricular tachycardia; Long QT syndrome,No,,No,unknown_db_phenotype,No phenotype text in DB (unknown),Not provided,Not provided,0,Not provided,Not provided,0,Not provided,0,0,Not provided,No database evidence,0.0,Unknown,-1.000,Not provided,Not provided,Not provided,[],[],unknown,Yes,PM2_Moderate,"{""PM2_Moderate"": 2}",2,VUS,VUS,,,,PM2_Moderate: gnomAD max AF=0 < threshold 0.005 for MOI AR,,,,,,,,,,,,,,No,No,,,Delins cluster (unphased) detected (cluster_id=12; members=chr6:123420389:T:TA:7115000;chr6:123420391:T:A:7115000;chr6:123420390:T:A:7115000) - phasing required to confirm cis/trans.;Delins/overlap cluster (id=12) detected but not all members meet P/LP or >5pts -> not auto-escalated (possible carrier).,,Yes
7115000,11830_2024,chr6,123420390,T,A,TRDN,AR,c.1054+17673A>T,Not provided,,,,12/20,intron_variant,MODIFIER,Het,36,0.528,Catecholaminergic polymorphic ventricular tachycardia; Long QT syndrome,No,,No,unknown_db_phenotype,No phenotype text in DB (unknown),Not provided,Not provided,0,Not provided,Not provided,0,Not provided,0,0,Not provided,No database evidence,0.0,Unknown,-1.000,Not provided,Not provided,Not provided,[],[],unknown,Yes,PM2_Moderate,"{""PM2_Moderate"": 2}",2,VUS,VUS,,,,PM2_Moderate: gnomAD max AF=0 < threshold 0.005 for MOI AR,,,,,,,,,,,,,,No,No,,,Delins cluster (unphased) detected (cluster_id=12; members=chr6:123420389:T:TA:7115000;chr6:123420391:T:A:7115000;chr6:123420390:T:A:7115000) - phasing required to confirm cis/trans.;Delins/overlap cluster (id=12) detected but not all members meet P/LP or >5pts -> not auto-escalated (possible carrier).,,Yes
7115000,11830_2024,chr6,123420391,T,A,TRDN,AR,c.1054+17672A>T,Not provided,,,,12/20,intron_variant,MODIFIER,Het,36,0.500,Catecholaminergic polymorphic ventricular tachycardia; Long QT syndrome,No,,No,unknown_db_phenotype,No phenotype text in DB (unknown),Not provided,Not provided,0,Not provided,Not provided,0,Not provided,0,0,Not provided,No database evidence,0.0,Unknown,-1.000,Not provided,Not provided,Not provided,[],[],unknown,Yes,PM2_Moderate,"{""PM2_Moderate"": 2}",2,VUS,VUS,,,,PM2_Moderate: gnomAD max AF=0 < threshold 0.005 for MOI AR,,,,,,,,,,,,,,No,No,,,Delins cluster (unphased) detected (cluster_id=12; members=chr6:123420389:T:TA:7115000;chr6:123420391:T:A:7115000;chr6:123420390:T:A:7115000) - phasing required to confirm cis/trans.;Delins/overlap cluster (id=12) detected but not all members meet P/LP or >5pts -> not auto-escalated (possible carrier).,,Yes
7115000,11830_2024,chr6,123455485,C,T,TRDN,AR,c.931+9421G>A,Not provided,,,,10/20,intron_variant,MODIFIER,Het,20,0.550,Catecholaminergic polymorphic ventricular tachycardia; Long QT syndrome,No,,No,unknown_db_phenotype,No phenotype text in DB (unknown),Not provided,Not provided,0,Not provided,Not provided,0,Not provided,0,0,Not provided,No database evidence,0.0,Unknown,-1.000,Not provided,Not provided,Not provided,[],[],unknown,No,PM2_Moderate,"{""PM2_Moderate"": 2}",2,VUS,VUS,,,,PM2_Moderate: gnomAD max AF=0 < threshold 0.005 for MOI AR,,,,,,,,,,,,,,No,No,,,,,Yes
7115000,11830_2024,chr6,123505541,A,G,TRDN,AR,c.611-1640T>C,Not provided,,,,7/20,intron_variant,MODIFIER,Het,21,0.333,Catecholaminergic polymorphic ventricular tachycardia; Long QT syndrome,No,,No,unknown_db_phenotype,No phenotype text in DB (unknown),Not provided,Not provided,0,Not provided,Not provided,0,Not provided,0,0,Not provided,No database evidence,0.0,Unknown,-1.000,Not provided,Not provided,Not provided,[],[],unknown,No,PM2_Moderate,"{""PM2_Moderate"": 2}",2,VUS,VUS,,,,PM2_Moderate: gnomAD max AF=0 < threshold 0.005 for MOI AR,,,,,,,,,,,,,,No,No,,,,,Yes
7115000,11830_2024,chr6,123522922,A,AG,TRDN,AR,c.485-6717_485-6716insC,Not provided,,,,5/20,intron_variant,MODIFIER,Het,54,0.389,Catecholaminergic polymorphic ventricular tachycardia; Long QT syndrome,No,,No,unknown_db_phenotype,No phenotype text in DB (unknown),Not provided,Not provided,0,Not provided,Not provided,0,Not provided,0,0,Not provided,No database evidence,0.0,Unknown,-1.000,Not provided,Not provided,Not provided,[],[],unknown,Yes,PM2_Moderate,"{""PM2_Moderate"": 2}",2,VUS,VUS,,,,PM2_Moderate: gnomAD max AF=0 < threshold 0.005 for MOI AR,,,,,,,,,,,,,,No,No,,,Delins cluster (unphased) detected (cluster_id=13; members=chr6:123522922:A:AG:7115000;chr6:123522923:TCCC:T:7115000) - phasing required to confirm cis/trans.;Delins/overlap cluster (id=13) detected but not all members meet P/LP or >5pts -> not auto-escalated (possible carrier).,,Yes
7115000,11830_2024,chr6,123522923,TCCC,T,TRDN,AR,c.485-6720_485-6718delGGG,Not provided,,,,5/20,intron_variant,MODIFIER,Het,55,0.436,Catecholaminergic polymorphic ventricular tachycardia; Long QT syndrome,No,,No,unknown_db_phenotype,No phenotype text in DB (unknown),Not provided,Not provided,0,Not provided,Not provided,0,Not provided,0,0,Not provided,No database evidence,0.0,Unknown,-1.000,Not provided,Not provided,Not provided,[],[],unknown,Yes,PM2_Moderate,"{""PM2_Moderate"": 2}",2,VUS,VUS,,,,PM2_Moderate: gnomAD max AF=0 < threshold 0.005 for MOI AR,,,,,,,,,,,,,,No,No,,,Delins cluster (unphased) detected (cluster_id=13; members=chr6:123522922:A:AG:7115000;chr6:123522923:TCCC:T:7115000) - phasing required to confirm cis/trans.;Delins/overlap cluster (id=13) detected but not all members meet P/LP or >5pts -> not auto-escalated (possible carrier).,,Yes
7115000,11830_2024,chr6,123603796,G,C,TRDN,AR,c.23-32664C>G,Not provided,,,,1/20,intron_variant,MODIFIER,Het,48,0.354,Catecholaminergic polymorphic ventricular tachycardia; Long QT syndrome,No,,No,unknown_db_phenotype,No phenotype text in DB (unknown),Not provided,Not provided,0,Not provided,Not provided,0,Not provided,0,0,Not provided,No database evidence,0.0,Unknown,-1.000,Not provided,Not provided,Not provided,[],[],unknown,No,PM2_Moderate,"{""PM2_Moderate"": 2}",2,VUS,VUS,,,,PM2_Moderate: gnomAD max AF=0 < threshold 0.005 for MOI AR,,,,,,,,,,,,,,No,No,,,,,Yes
7115000,11830_2024,chr7,128830356,G,C,FLNC,AD,c.-282G>C,Not provided,,,,,upstream_gene_variant,MODIFIER,Het,21,0.571,Dilated cardiomyopathy; Hypertrophic cardiomyopathy; Myofibrillar myopathy,No,,No,unknown_db_phenotype,No phenotype text in DB (unknown),Not provided,Not provided,0,Not provided,Not provided,0,Not provided,0,0,Not provided,No database evidence,0.000020,v3,-1.000,Not provided,Not provided,Not provided,[],[],unknown,No,PM2_Moderate,"{""PM2_Moderate"": 2}",2,VUS,VUS,,,,PM2_Moderate: gnomAD max AF=1.99378e-05 < threshold 0.0001 for MOI AD,,,,,,,,,,,,,,No,No,,,,,Yes
7115000,11830_2024,chr7,128838764,C,T,FLNC,AD,c.1372C>T,p.Pro458Ser,,,458,8/47,missense_variant,MODERATE,Het,48,0.521,Dilated cardiomyopathy; Hypertrophic cardiomyopathy; Myofibrillar myopathy,No,,Yes,direct_match,Direct substring match,not_provided|Myofibrillar_myopathy_5|Hypertrophic_cardiomyopathy_26|Dilated_Cardiomyopathy;_Dominant|Distal_myopathy_with_posterior_leg_and_anterior_hand_involvement|Cardiovascular_phenotype,Conflicting_classifications_of_pathogenicity,1,Not provided,Not provided,0,Not provided,0,0,Not provided,ClinVar: Conflicting_classifications_of_pathogenicity (1*),0.000013,v3,0.300,Not provided,Not provided,Not provided,[],[],unknown,No,PM2_Moderate,"{""PM2_Moderate"": 2}",2,VUS,VUS,,,,PM2_Moderate: gnomAD max AF=1.31491e-05 < threshold 0.0001 for MOI AD,,,,,,,,,,,,,,No,No,,,Low quality ClinVar: Conflicting_classifications_of_pathogenicity (1 stars),,Yes
7115000,11830_2024,chr7,150958863,G,T,KCNH2,AD,c.473-361C>A,Not provided,,,,3/14,intron_variant,MODIFIER,Het,40,0.475,Long-QT syndrome type 2,No,,No,unknown_db_phenotype,No phenotype text in DB (unknown),Not provided,Not provided,0,Not provided,Not provided,0,Not provided,0,0,Not provided,No database evidence,0.0,Unknown,-1.000,Not provided,Not provided,Not provided,[],[],unknown,No,PM2_Moderate,"{""PM2_Moderate"": 2}",2,VUS,VUS,,,,PM2_Moderate: gnomAD max AF=0 < threshold 0.0001 for MOI AD,,,,,,,,,,,,,,No,No,,,,,Yes
7115000,11830_2024,chr7,151625519,A,G,PRKAG2,AD,c.31+6550T>C,Not provided,,,,1/11,intron_variant,MODIFIER,Het,31,0.516,Hypertrophic cardiomyopathy,No,,No,unknown_db_phenotype,No phenotype text in DB (unknown),Not provided,Not provided,0,Not provided,Not provided,0,Not provided,0,0,Not provided,No database evidence,0.0,Unknown,-1.000,Not provided,Not provided,Not provided,[],[],unknown,No,PM2_Moderate,"{""PM2_Moderate"": 2}",2,VUS,VUS,,,,PM2_Moderate: gnomAD max AF=0 < threshold 0.0001 for MOI AD,,,,,,,,,,,,,,No,No,,,,,Yes
7115000,11830_2024,chr7,151637247,T,A,PRKAG2,AD,c.313-5109A>T,Not provided,,,,2/13,intron_variant,MODIFIER,Het,51,0.529,Hypertrophic cardiomyopathy,No,,No,unknown_db_phenotype,No phenotype text in DB (unknown),Not provided,Not provided,0,Not provided,Not provided,0,Not provided,0,0,Not provided,No database evidence,0.0,Unknown,-1.000,Not provided,Not provided,Not provided,[],[],unknown,No,PM2_Moderate,"{""PM2_Moderate"": 2}",2,VUS,VUS,,,,PM2_Moderate: gnomAD max AF=0 < threshold 0.0001 for MOI AD,,,,,,,,,,,,,,No,No,,,,,Yes
7115000,11830_2024,chr7,151645698,A,G,PRKAG2,AD,c.313-13560T>C,Not provided,,,,2/13,intron_variant,MODIFIER,Het,50,0.420,Hypertrophic cardiomyopathy,No,,No,unknown_db_phenotype,No phenotype text in DB (unknown),Not provided,Not provided,0,Not provided,Not provided,0,Not provided,0,0,Not provided,No database evidence,0.0,Unknown,-1.000,Not provided,Not provided,Not provided,[],[],unknown,No,PM2_Moderate,"{""PM2_Moderate"": 2}",2,VUS,VUS,,,,PM2_Moderate: gnomAD max AF=0 < threshold 0.0001 for MOI AD,,,,,,,,,,,,,,No,No,,,,,Yes
7115000,11830_2024,chr7,151761701,T,C,PRKAG2,AD,c.334+19451A>G,Not provided,,,,3/15,intron_variant,MODIFIER,Het,41,0.439,Hypertrophic cardiomyopathy,No,,No,unknown_db_phenotype,No phenotype text in DB (unknown),Not provided,Not provided,0,Not provided,Not provided,0,Not provided,0,0,Not provided,No database evidence,0.0,Unknown,-1.000,Not provided,Not provided,Not provided,[],[],unknown,No,PM2_Moderate,"{""PM2_Moderate"": 2}",2,VUS,VUS,,,,PM2_Moderate: gnomAD max AF=0 < threshold 0.0001 for MOI AD,,,,,,,,,,,,,,No,No,,,,,Yes
7115000,11830_2024,chr7,151820620,C,G,PRKAG2,AD,c.115-34079G>C,Not provided,,,,1/15,intron_variant,MODIFIER,Het,27,0.407,Hypertrophic cardiomyopathy,No,,No,unknown_db_phenotype,No phenotype text in DB (unknown),Not provided,Not provided,0,Not provided,Not provided,0,Not provided,0,0,Not provided,No database evidence,0.0,Unknown,-1.000,Not provided,Not provided,Not provided,[],[],unknown,Yes,PM2_Moderate,"{""PM2_Moderate"": 2}",2,VUS,VUS,,,,PM2_Moderate: gnomAD max AF=0 < threshold 0.0001 for MOI AD,,,,,,,,,,,,,,No,No,,,Delins cluster (unphased) detected (cluster_id=14; members=chr7:151820620:C:G:7115000;chr7:151820626:A:T:7115000) - phasing required to confirm cis/trans.;Delins/overlap cluster (id=14) detected but not all members meet P/LP or >5pts -> not auto-escalated (possible carrier).,,Yes
7115000,11830_2024,chr7,151820626,A,T,PRKAG2,AD,c.115-34085T>A,Not provided,,,,1/15,intron_variant,MODIFIER,Het,28,0.393,Hypertrophic cardiomyopathy,No,,No,unknown_db_phenotype,No phenotype text in DB (unknown),Not provided,Not provided,0,Not provided,Not provided,0,Not provided,0,0,Not provided,No database evidence,0.0,Unknown,-1.000,Not provided,Not provided,Not provided,[],[],unknown,Yes,PM2_Moderate,"{""PM2_Moderate"": 2}",2,VUS,VUS,,,,PM2_Moderate: gnomAD max AF=0 < threshold 0.0001 for MOI AD,,,,,,,,,,,,,,No,No,,,Delins cluster (unphased) detected (cluster_id=14; members=chr7:151820620:C:G:7115000;chr7:151820626:A:T:7115000) - phasing required to confirm cis/trans.;Delins/overlap cluster (id=14) detected but not all members meet P/LP or >5pts -> not auto-escalated (possible carrier).,,Yes
7115000,11830_2024,chr7,151821039,C,T,PRKAG2,AD,c.115-34498G>A,Not provided,,,,1/15,intron_variant,MODIFIER,Het,65,0.262,Hypertrophic cardiomyopathy,No,,No,unknown_db_phenotype,No phenotype text in DB (unknown),Not provided,Not provided,0,Not provided,Not provided,0,Not provided,0,0,Not provided,No database evidence,0.0,Unknown,-1.000,Not provided,Not provided,Not provided,[],[],unknown,No,PM2_Moderate,"{""PM2_Moderate"": 2}",2,VUS,VUS,,,,PM2_Moderate: gnomAD max AF=0 < threshold 0.0001 for MOI AD,,,,,,,,,,,,,,No,No,,,,,Yes
7115000,11830_2024,chr7,151832698,C,G,PRKAG2,AD,c.114+43809G>C,Not provided,,,,1/15,intron_variant,MODIFIER,Het,40,0.500,Hypertrophic cardiomyopathy,No,,No,unknown_db_phenotype,No phenotype text in DB (unknown),Not provided,Not provided,0,Not provided,Not provided,0,Not provided,0,0,Not provided,No database evidence,0.0,Unknown,-1.000,Not provided,Not provided,Not provided,[],[],unknown,No,PM2_Moderate,"{""PM2_Moderate"": 2}",2,VUS,VUS,,,,PM2_Moderate: gnomAD max AF=0 < threshold 0.0001 for MOI AD,,,,,,,,,,,,,,No,No,,,,,Yes
7115000,11830_2024,chr7,151874005,TGTATAA,T,PRKAG2,AD,c.114+2496_114+2501delTTATAC,Not provided,,,,1/15,intron_variant,MODIFIER,Het,36,0.361,Hypertrophic cardiomyopathy,No,,No,unknown_db_phenotype,No phenotype text in DB (unknown),Not provided,Not provided,0,Not provided,Not provided,0,Not provided,0,0,Not provided,No database evidence,0.0,Unknown,-1.000,Not provided,0.000,Not provided,[],[],unknown,No,PM2_Moderate,"{""PM2_Moderate"": 2}",2,VUS,VUS,,,,PM2_Moderate: gnomAD max AF=0 < threshold 0.0001 for MOI AD,,,,,,,,,,,,,,No,No,,,,,Yes
7115000,11830_2024,chr7,151874354,GATGTAT,G,PRKAG2,AD,c.114+2147_114+2152delATACAT,Not provided,,,,1/15,intron_variant,MODIFIER,Het,21,0.286,Hypertrophic cardiomyopathy,No,,No,unknown_db_phenotype,No phenotype text in DB (unknown),Not provided,Not provided,0,Not provided,Not provided,0,Not provided,0,0,Not provided,No database evidence,0.000050,v3,-1.000,Not provided,0.010,Not provided,[],[],unknown,No,PM2_Moderate,"{""PM2_Moderate"": 2}",2,VUS,VUS,,,,PM2_Moderate: gnomAD max AF=5.04785e-05 < threshold 0.0001 for MOI AD,,,,,,,,,,,,,,No,No,,,,,Yes
7115000,11830_2024,chr7,151874390,GATGTAT,G,PRKAG2,AD,c.114+2111_114+2116delATACAT,Not provided,,,,1/15,intron_variant,MODIFIER,Het,17,0.412,Hypertrophic cardiomyopathy,No,,No,unknown_db_phenotype,No phenotype text in DB (unknown),Not provided,Not provided,0,Not provided,Not provided,0,Not provided,0,0,Not provided,No database evidence,0.0,Unknown,-1.000,Not provided,0.010,Not provided,[],[],unknown,No,PM2_Moderate,"{""PM2_Moderate"": 2}",2,VUS,VUS,,,,PM2_Moderate: gnomAD max AF=0 < threshold 0.0001 for MOI AD,,,,,,,,,,,,,,No,No,,,,,Yes
7115000,11830_2024,chr7,151874474,G,GATGTAT,PRKAG2,AD,c.114+2027_114+2032dupATACAT,Not provided,,,,1/15,intron_variant,MODIFIER,Hom,26,0.346,Hypertrophic cardiomyopathy,No,,No,unknown_db_phenotype,No phenotype text in DB (unknown),Not provided,Not provided,0,Not provided,Not provided,0,Not provided,0,0,Not provided,No database evidence,0.0,Unknown,-1.000,Not provided,0.010,Not provided,[],[],unknown,No,PM2_Moderate,"{""PM2_Moderate"": 2}",2,VUS,VUS,,,,PM2_Moderate: gnomAD max AF=0 < threshold 0.0001 for MOI AD,,,,,,,,,,,,,,No,No,,,,,Yes
7115000,11830_2024,chr9,99151938,ATCT,A,TGFBR1,AD,c.*2637_*2639delTCT,Not provided,,,,8/8,3_prime_UTR_variant,MODIFIER,Het,44,0.409,Loeys-Dietz syndrome,No,,Yes,direct_match,Direct substring match,Loeys-Dietz_syndrome_1|Familial_thoracic_aortic_aneurysm_and_aortic_dissection|Loeys-Dietz_syndrome,Uncertain_significance,1,Not provided,Not provided,0,Not provided,0,0,Not provided,ClinVar: Uncertain_significance (1*),0.000099,v3,-1.000,Not provided,Not provided,Not provided,[],[],unknown,No,PM2_Moderate,"{""PM2_Moderate"": 2}",2,VUS,VUS,,,,PM2_Moderate: gnomAD max AF=9.85377e-05 < threshold 0.0001 for MOI AD,,,,,,,,,,,,,,No,No,,,Low quality ClinVar: Uncertain_significance (1 stars),,Yes
7115000,11830_2024,chr9,127830340,TAA,T,ENG,AD,c.220-515_220-514delTT,Not provided,,,,2/13,intron_variant,MODIFIER,Het,11,0.364,Hereditary hemorrhagic telangiectasia,No,,No,unknown_db_phenotype,No phenotype text in DB (unknown),Not provided,Not provided,0,Not provided,Not provided,0,Not provided,0,0,Not provided,No database evidence,0.0,Unknown,-1.000,Not provided,Not provided,Not provided,[],[],unknown,No,PM2_Moderate,"{""PM2_Moderate"": 2}",2,VUS,VUS,,,,PM2_Moderate: gnomAD max AF=0 < threshold 0.0001 for MOI AD,,,,,,,,,,,,,,No,No,,,,,Yes
7115000,11830_2024,chr9,127838757,C,G,ENG,AD,c.219+4337G>C,Not provided,,,,2/13,intron_variant,MODIFIER,Het,43,0.558,Hereditary hemorrhagic telangiectasia,No,,No,unknown_db_phenotype,No phenotype text in DB (unknown),Not provided,Not provided,0,Not provided,Not provided,0,Not provided,0,0,Not provided,No database evidence,0.0,Unknown,-1.000,Not provided,Not provided,Not provided,[],[],unknown,No,PM2_Moderate,"{""PM2_Moderate"": 2}",2,VUS,VUS,,,,PM2_Moderate: gnomAD max AF=0 < threshold 0.0001 for MOI AD,,,,,,,,,,,,,,No,No,,,,,Yes
7115000,11830_2024,chr9,127856792,C,T,ENG,AD,c.-2437G>A,Not provided,,,,,upstream_gene_variant,MODIFIER,Het,56,0.500,Hereditary hemorrhagic telangiectasia,No,,No,unknown_db_phenotype,No phenotype text in DB (unknown),Not provided,Not provided,0,Not provided,Not provided,0,Not provided,0,0,Not provided,No database evidence,0.000026,v3,-1.000,Not provided,Not provided,Not provided,[],[],unknown,No,PM2_Moderate,"{""PM2_Moderate"": 2}",2,VUS,VUS,,,,PM2_Moderate: gnomAD max AF=2.63096e-05 < threshold 0.0001 for MOI AD,,,,,,,,,,,,,,No,No,,,,,Yes
7115000,11830_2024,chrX,38408028,G,T,OTC,XL,c.664-714G>T,Not provided,,,,6/9,intron_variant,MODIFIER,Het,51,0.471,Ornithine transcarbamylase deficiency,No,,No,unknown_db_phenotype,No phenotype text in DB (unknown),Not provided,Not provided,0,Not provided,Not provided,0,Not provided,0,0,Not provided,No database evidence,0.0,Unknown,-1.000,Not provided,Not provided,Not provided,[],[],unknown,No,PM2_Moderate,"{""PM2_Moderate"": 2}",2,VUS,VUS,,,,PM2_Moderate: gnomAD max AF=0 < threshold 0.0001 for MOI XL,,,,,,,,,,,,,,No,No,,,,,Yes
7115000,11830_2024,chrX,101399951,G,A,GLA,XL,c.639+715C>T,Not provided,,,,4/6,intron_variant,MODIFIER,Het,46,0.500,Fabry disease,No,,Yes,direct_match,Direct substring match,Fabry_disease,Benign,1,Not provided,Not provided,0,Not provided,0,0,Not provided,ClinVar: Benign (1*),0.0,Unknown,-1.000,Not provided,Not provided,Not provided,[],[],unknown,No,PM2_Moderate,"{""PM2_Moderate"": 2}",2,VUS,VUS,,,,PM2_Moderate: gnomAD max AF=0 < threshold 0.0001 for MOI XL,,,,,,,,,,,,,,No,No,,,Low quality ClinVar: Benign (1 stars),,Yes
