sample,Family_ID,chrom,pos,ref,alt,gene,Inheritance,HGVSc,HGVSp,AA_ref,AA_alt,AA_pos,tid,Exon,Consequence,Impact,Zygosity,DP,Sample_AF,acmg_disease_association,Special_Guidance,Rules_applied,clinvar_phenotype_match,clinvar_phenotype_info,hgmd_phenotype_match,hgmd_phenotype_info,clinvar_trait,clinvar_sig,clinvar_stars,clinvar_consensus_class,clinvar_consensus_stars,clinvar_aggregate_stars,clinvar_phenotype_match_method,hgmd_class,hgmd_phenotype,hgmd_publication_count,hgmd_rankscore,hgmd_dmsupported,internal_db_sig,database_summary,gnomAD_AF,gnomAD_version,REVEL,CADD,SpliceAI,AlphaMissense,ps1_matches,pm5_matches,phase,is_delins_part,criteria_points_ext,total_ext_points,extended_class,PP5ext_BP5ext_expl,PP5_clin_block,PP5_hgmd_block,PP5_raw_total,PP5_applied,PVS1_expl,PS1_expl,PM1_expl,PM2_expl,PM3_expl,PM4_expl,PM5_expl,PP1_expl,PP3_expl,BA1_expl,BS1_expl,BS2_expl,BP4_expl,BP6_expl,BP7_expl,in_auto_report,in_manual_review,auto_report_reasons,manual_reasons,comments,filtered_reasons,filtered_out
7029740,19910_2023,chr1,17032224,T,C,SDHB,AD,c.286+836A>G,Not provided,,,,NM_003000.3,3/7,intron_variant,MODIFIER,Het,36,0.568,Hereditary paraganglioma-pheochromocytoma syndrome,No,,No,Not provided,No,Not provided,Not provided,Not provided,0,Not provided,0,0,N/A,Not provided,Not provided,0,Not provided,0,Not provided,No database evidence,0.000099,v3,0.000,Not provided,Not provided,Not provided,[],[],unknown,No,"{""PM2_Moderate"": 2}",2,VUS,"No ClinVar submissions | No HGMD entry | raw_total=0.000, applied=None",No ClinVar submissions,No HGMD entry,0.000,,,,,PM2_Moderate: gnomAD max AF=9.91434e-05 < threshold 0.0001 for MOI AD,,,,,,,,,,,,No,No,,,Filtered: VUS with <5 points excluded from all reporting paths (auto/manual/delins),,Yes
7029740,19910_2023,chr1,55056870,C,T,PCSK9,AD,n.656-461C>T,Not provided,,,,NR_110451.1,4/9,intron_variant,MODIFIER,Het,26,0.536,Familial hypercholesterolemia,Yes,"No include rule matched; rules require explicit inclusion (whitelist);Include if Impact is ""MODERATE"" or ""LOW"";No include rule matched; rules require explicit inclusion (whitelist);Include if Impact is ""MODERATE"" or ""LOW"";No include rule matched; rules require explicit inclusion (whitelist);Include if Impact is ""MODERATE"" or ""LOW""",No,Not provided,No,Not provided,Not provided,Not provided,0,Not provided,0,0,N/A,Not provided,Not provided,0,Not provided,0,Not provided,No database evidence,0.0,Unknown,0.000,Not provided,Not provided,Not provided,[],[],unknown,No,"{""PM2_Moderate"": 2}",2,VUS,"No ClinVar submissions | No HGMD entry | raw_total=0.000, applied=None",No ClinVar submissions,No HGMD entry,0.000,,,,,PM2_Moderate: gnomAD max AF=0 < threshold 0.0001 for MOI AD,,,,,,,,,,,,No,No,,,"Filtered: VUS with <5 points excluded from all reporting paths (auto/manual/delins);Filtered by gene 'Rules' (exclude): No include rule matched; rules require explicit inclusion (whitelist); Include if Impact is ""MODERATE"" or ""LOW""","Filtered: VUS with <5 points excluded from all reporting paths (auto/manual/delins);Filtered by gene 'Rules' (exclude): No include rule matched; rules require explicit inclusion (whitelist); Include if Impact is ""MODERATE"" or ""LOW""",Yes
7029740,19910_2023,chr1,115729178,T,C,CASQ2,AR,c.607-2056A>G,Not provided,,,,NM_001232.3,5/10,intron_variant,MODIFIER,Het,16,0.375,Catecholaminergic polymorphic ventricular tachycardia,No,,No,Not provided,No,Not provided,Not provided,Not provided,0,Not provided,0,0,N/A,Not provided,Not provided,0,Not provided,0,Not provided,No database evidence,0.0,Unknown,0.000,Not provided,Not provided,Not provided,[],[],unknown,No,"{""PM2_Moderate"": 2}",2,VUS,"No ClinVar submissions | No HGMD entry | raw_total=0.000, applied=None",No ClinVar submissions,No HGMD entry,0.000,,,,,PM2_Moderate: gnomAD max AF=0 < threshold 0.005 for MOI AR,,,,,,,,,,,,No,No,,,Filtered: VUS with <5 points excluded from all reporting paths (auto/manual/delins),,Yes
7029740,19910_2023,chr1,115739061,T,TA,CASQ2,AR,c.421-727_421-726insT,Not provided,,,,NM_001232.3,3/10,intron_variant,MODIFIER,Hom,27,0.964,Catecholaminergic polymorphic ventricular tachycardia,No,,No,Not provided,No,Not provided,Not provided,Not provided,0,Not provided,0,0,N/A,Not provided,Not provided,0,Not provided,0,Not provided,No database evidence,0.0,Unknown,0.000,Not provided,Not provided,Not provided,[],[],unknown,No,"{""PM2_Moderate"": 2, ""PM3_Supporting"": 1}",3,VUS,"No ClinVar submissions | No HGMD entry | raw_total=0.000, applied=None",No ClinVar submissions,No HGMD entry,0.000,,,,,PM2_Moderate: gnomAD max AF=0 < threshold 0.005 for MOI AR,,,,,,,,,,,,No,No,,,PM3 (PM3_Supporting): total=0.50 [homozygous: +0.5];Filtered: VUS with <5 points excluded from all reporting paths (auto/manual/delins),,Yes
7029740,19910_2023,chr1,115767105,A,G,CASQ2,AR,c.234+1203T>C,Not provided,,,,NM_001232.3,1/10,intron_variant,MODIFIER,Het,30,0.364,Catecholaminergic polymorphic ventricular tachycardia,No,,No,Not provided,No,Not provided,Not provided,Not provided,0,Not provided,0,0,N/A,Not provided,Not provided,0,Not provided,0,Not provided,No database evidence,0.0,Unknown,0.000,Not provided,Not provided,Not provided,[],[],unknown,No,"{""PM2_Moderate"": 2}",2,VUS,"No ClinVar submissions | No HGMD entry | raw_total=0.000, applied=None",No ClinVar submissions,No HGMD entry,0.000,,,,,PM2_Moderate: gnomAD max AF=0 < threshold 0.005 for MOI AR,,,,,,,,,,,,No,No,,,Filtered: VUS with <5 points excluded from all reporting paths (auto/manual/delins),,Yes
7029740,19910_2023,chr1,156109798,A,ATG,LMNA,AD,c.-206-4896_-206-4895dupTG,Not provided,,,,NM_001282625.1,3/12,intron_variant,MODIFIER,Het,22,0.583,Dilated cardiomyopathy,No,,No,Not provided,No,Not provided,Not provided,Not provided,0,Not provided,0,0,N/A,Not provided,Not provided,0,Not provided,0,Not provided,No database evidence,0.0,Unknown,0.000,Not provided,Not provided,Not provided,[],[],unknown,No,"{""PM2_Moderate"": 2}",2,VUS,"No ClinVar submissions | No HGMD entry | raw_total=0.000, applied=None",No ClinVar submissions,No HGMD entry,0.000,,,,,PM2_Moderate: gnomAD max AF=0 < threshold 0.0001 for MOI AD,,,,,,,,,,,,No,No,,,Filtered: VUS with <5 points excluded from all reporting paths (auto/manual/delins),,Yes
7029740,19910_2023,chr1,156142503,G,A,LMNA,AD,c.*2664G>A,Not provided,,,,NM_001257374.3,,downstream_gene_variant,MODIFIER,Het,29,0.581,Dilated cardiomyopathy,No,,No,Not provided,No,Not provided,Not provided,Not provided,0,Not provided,0,0,N/A,Not provided,Not provided,0,Not provided,0,Not provided,No database evidence,0.0,Unknown,0.000,Not provided,Not provided,Not provided,[],[],unknown,No,"{""PM2_Moderate"": 2}",2,VUS,"No ClinVar submissions | No HGMD entry | raw_total=0.000, applied=None",No ClinVar submissions,No HGMD entry,0.000,,,,,PM2_Moderate: gnomAD max AF=0 < threshold 0.0001 for MOI AD,,,,,,,,,,,,No,No,,,Filtered: VUS with <5 points excluded from all reporting paths (auto/manual/delins),,Yes
7029740,19910_2023,chr1,161371258,C,CT,SDHC,AD,c.*8728dupT,Not provided,,,,NM_001035511.2,5/5,3_prime_UTR_variant,MODIFIER,Het,32,0.429,Hereditary paraganglioma-pheochromocytoma syndrome,No,,No,Not provided,No,Not provided,Not provided,Not provided,0,Not provided,0,0,N/A,Not provided,Not provided,0,Not provided,0,Not provided,No database evidence,0.0,Unknown,0.000,Not provided,Not provided,Not provided,[],[],unknown,No,"{""PM2_Moderate"": 2}",2,VUS,"No ClinVar submissions | No HGMD entry | raw_total=0.000, applied=None",No ClinVar submissions,No HGMD entry,0.000,,,,,PM2_Moderate: gnomAD max AF=0 < threshold 0.0001 for MOI AD,,,,,,,,,,,,No,No,,,Filtered: VUS with <5 points excluded from all reporting paths (auto/manual/delins),,Yes
7029740,19910_2023,chr1,201069223,G,A,CACNA1S,AD,c.2491-27C>T,Not provided,,,,NM_000069.3,18/43,intron_variant,MODIFIER,Het,23,0.385,Malignant hyperthermia,No,,No,Not provided,No,Not provided,Not provided,Not provided,0,Not provided,0,0,N/A,Not provided,Not provided,0,Not provided,0,Not provided,No database evidence,0.000007,v3,0.000,Not provided,Not provided,Not provided,[],[],unknown,No,"{""PM2_Moderate"": 2}",2,VUS,"No ClinVar submissions | No HGMD entry | raw_total=0.000, applied=None",No ClinVar submissions,No HGMD entry,0.000,,,,,PM2_Moderate: gnomAD max AF=6.56901e-06 < threshold 0.0001 for MOI AD,,,,,,,,,,,,No,No,,,Filtered: VUS with <5 points excluded from all reporting paths (auto/manual/delins),,Yes
7029740,19910_2023,chr1,201083821,G,C,CACNA1S,AD,c.1233-499C>G,Not provided,,,,NM_000069.3,9/43,intron_variant,MODIFIER,Het,40,0.548,Malignant hyperthermia,No,,No,Not provided,No,Not provided,Not provided,Not provided,0,Not provided,0,0,N/A,Not provided,Not provided,0,Not provided,0,Not provided,No database evidence,0.000007,v3,0.000,Not provided,Not provided,Not provided,[],[],unknown,No,"{""PM2_Moderate"": 2}",2,VUS,"No ClinVar submissions | No HGMD entry | raw_total=0.000, applied=None",No ClinVar submissions,No HGMD entry,0.000,,,,,PM2_Moderate: gnomAD max AF=6.57531e-06 < threshold 0.0001 for MOI AD,,,,,,,,,,,,No,No,,,Filtered: VUS with <5 points excluded from all reporting paths (auto/manual/delins),,Yes
7029740,19910_2023,chr1,201373735,G,A,TNNT2,AD,c.-14-467C>T,Not provided,,,,NM_000364.4,1/15,intron_variant,MODIFIER,Het,44,0.522,Dilated cardiomyopathy; Hypertrophic cardiomyopathy,No,,No,Not provided,No,Not provided,Not provided,Not provided,0,Not provided,0,0,N/A,Not provided,Not provided,0,Not provided,0,Not provided,No database evidence,0.0,Unknown,0.000,Not provided,Not provided,Not provided,[],[],unknown,No,"{""PM2_Moderate"": 2}",2,VUS,"No ClinVar submissions | No HGMD entry | raw_total=0.000, applied=None",No ClinVar submissions,No HGMD entry,0.000,,,,,PM2_Moderate: gnomAD max AF=0 < threshold 0.0001 for MOI AD,,,,,,,,,,,,No,No,,,Filtered: VUS with <5 points excluded from all reporting paths (auto/manual/delins),,Yes
7029740,19910_2023,chr1,201382556,C,T,TNNT2,AD,c.-4948G>A,Not provided,,,,NM_000364.4,,upstream_gene_variant,MODIFIER,Het,30,0.424,Dilated cardiomyopathy; Hypertrophic cardiomyopathy,No,,No,Not provided,No,Not provided,Not provided,Not provided,0,Not provided,0,0,N/A,Not provided,Not provided,0,Not provided,0,Not provided,No database evidence,0.000007,v3,0.000,Not provided,Not provided,Not provided,[],[],unknown,No,"{""PM2_Moderate"": 2}",2,VUS,"No ClinVar submissions | No HGMD entry | raw_total=0.000, applied=None",No ClinVar submissions,No HGMD entry,0.000,,,,,PM2_Moderate: gnomAD max AF=6.58042e-06 < threshold 0.0001 for MOI AD,,,,,,,,,,,,No,No,,,Filtered: VUS with <5 points excluded from all reporting paths (auto/manual/delins),,Yes
7029740,19910_2023,chr1,237056671,A,AG,RYR2,AD,c.48+14102_48+14103insG,Not provided,,,,NM_001035.3,1/104,intron_variant,MODIFIER,Hom,24,1.000,Catecholaminergic polymorphic ventricular tachycardia,No,,No,Not provided,No,Not provided,Not provided,Not provided,0,Not provided,0,0,N/A,Not provided,Not provided,0,Not provided,0,Not provided,No database evidence,0.0,Unknown,0.000,Not provided,Not provided,Not provided,[],[],unknown,No,"{""PM2_Moderate"": 2}",2,VUS,"No ClinVar submissions | No HGMD entry | raw_total=0.000, applied=None",No ClinVar submissions,No HGMD entry,0.000,,,,,PM2_Moderate: gnomAD max AF=0 < threshold 0.0001 for MOI AD,,,,,,,,,,,,No,No,,,Cluster id=1 detected (members=chr1:237056671:A:AG:7029740;chr1:237056674:G:A:7029740;chr1:237056672:T:C:7029740) - no Pathogenic/LP present; delins NOT flagged; requires P/LP to consider delins.;Delins/overlap cluster (id=1) detected but not all members meet P/LP or >5pts -> not auto-escalated (possible carrier).;Filtered: VUS with <5 points excluded from all reporting paths (auto/manual/delins),,Yes
7029740,19910_2023,chr1,237056672,T,C,RYR2,AD,c.48+14103T>C,Not provided,,,,NM_001035.3,1/104,intron_variant,MODIFIER,Hom,23,1.000,Catecholaminergic polymorphic ventricular tachycardia,No,,No,Not provided,No,Not provided,Not provided,Not provided,0,Not provided,0,0,N/A,Not provided,Not provided,0,Not provided,0,Not provided,No database evidence,0.0,Unknown,0.000,Not provided,Not provided,Not provided,[],[],unknown,No,"{""PM2_Moderate"": 2}",2,VUS,"No ClinVar submissions | No HGMD entry | raw_total=0.000, applied=None",No ClinVar submissions,No HGMD entry,0.000,,,,,PM2_Moderate: gnomAD max AF=0 < threshold 0.0001 for MOI AD,,,,,,,,,,,,No,No,,,Cluster id=1 detected (members=chr1:237056671:A:AG:7029740;chr1:237056674:G:A:7029740;chr1:237056672:T:C:7029740) - no Pathogenic/LP present; delins NOT flagged; requires P/LP to consider delins.;Delins/overlap cluster (id=1) detected but not all members meet P/LP or >5pts -> not auto-escalated (possible carrier).;Filtered: VUS with <5 points excluded from all reporting paths (auto/manual/delins),,Yes
7029740,19910_2023,chr1,237056674,G,A,RYR2,AD,c.48+14105G>A,Not provided,,,,NM_001035.3,1/104,intron_variant,MODIFIER,Hom,23,1.000,Catecholaminergic polymorphic ventricular tachycardia,No,,No,Not provided,No,Not provided,Not provided,Not provided,0,Not provided,0,0,N/A,Not provided,Not provided,0,Not provided,0,Not provided,No database evidence,0.0,Unknown,0.000,Not provided,Not provided,Not provided,[],[],unknown,No,"{""PM2_Moderate"": 2}",2,VUS,"No ClinVar submissions | No HGMD entry | raw_total=0.000, applied=None",No ClinVar submissions,No HGMD entry,0.000,,,,,PM2_Moderate: gnomAD max AF=0 < threshold 0.0001 for MOI AD,,,,,,,,,,,,No,No,,,Cluster id=1 detected (members=chr1:237056671:A:AG:7029740;chr1:237056674:G:A:7029740;chr1:237056672:T:C:7029740) - no Pathogenic/LP present; delins NOT flagged; requires P/LP to consider delins.;Delins/overlap cluster (id=1) detected but not all members meet P/LP or >5pts -> not auto-escalated (possible carrier).;Filtered: VUS with <5 points excluded from all reporting paths (auto/manual/delins),,Yes
7029740,19910_2023,chr1,237065011,G,A,RYR2,AD,c.48+22442G>A,Not provided,,,,NM_001035.3,1/104,intron_variant,MODIFIER,Het,32,0.375,Catecholaminergic polymorphic ventricular tachycardia,No,,No,Not provided,No,Not provided,Not provided,Not provided,0,Not provided,0,0,N/A,Not provided,Not provided,0,Not provided,0,Not provided,No database evidence,0.0,Unknown,0.000,Not provided,Not provided,Not provided,[],[],unknown,No,"{""PM2_Moderate"": 2}",2,VUS,"No ClinVar submissions | No HGMD entry | raw_total=0.000, applied=None",No ClinVar submissions,No HGMD entry,0.000,,,,,PM2_Moderate: gnomAD max AF=0 < threshold 0.0001 for MOI AD,,,,,,,,,,,,No,No,,,Filtered: VUS with <5 points excluded from all reporting paths (auto/manual/delins),,Yes
7029740,19910_2023,chr1,237084016,C,T,RYR2,AD,c.48+41447C>T,Not provided,,,,NM_001035.3,1/104,intron_variant,MODIFIER,Het,24,0.481,Catecholaminergic polymorphic ventricular tachycardia,No,,No,Not provided,No,Not provided,Not provided,Not provided,0,Not provided,0,0,N/A,Not provided,Not provided,0,Not provided,0,Not provided,No database evidence,0.0,Unknown,0.000,Not provided,Not provided,Not provided,[],[],unknown,No,"{""PM2_Moderate"": 2}",2,VUS,"No ClinVar submissions | No HGMD entry | raw_total=0.000, applied=None",No ClinVar submissions,No HGMD entry,0.000,,,,,PM2_Moderate: gnomAD max AF=0 < threshold 0.0001 for MOI AD,,,,,,,,,,,,No,No,,,Filtered: VUS with <5 points excluded from all reporting paths (auto/manual/delins),,Yes
7029740,19910_2023,chr1,237237945,C,CTTT,RYR2,AD,c.49-32552_49-32551insTTT,Not provided,,,,NM_001035.3,1/104,intron_variant,MODIFIER,Het,10,0.700,Catecholaminergic polymorphic ventricular tachycardia,No,,No,Not provided,No,Not provided,Not provided,Not provided,0,Not provided,0,0,N/A,Not provided,Not provided,0,Not provided,0,Not provided,No database evidence,0.0,Unknown,0.000,Not provided,0.010,Not provided,[],[],unknown,No,"{""PM2_Moderate"": 2}",2,VUS,"No ClinVar submissions | No HGMD entry | raw_total=0.000, applied=None",No ClinVar submissions,No HGMD entry,0.000,,,,,PM2_Moderate: gnomAD max AF=0 < threshold 0.0001 for MOI AD,,,,,,,,,,,,No,No,,,Filtered: VUS with <5 points excluded from all reporting paths (auto/manual/delins),,Yes
7029740,19910_2023,chr1,237308596,G,A,RYR2,AD,c.169-22282G>A,Not provided,,,,NM_001035.3,2/104,intron_variant,MODIFIER,Het,28,0.621,Catecholaminergic polymorphic ventricular tachycardia,No,,No,Not provided,No,Not provided,Not provided,Not provided,0,Not provided,0,0,N/A,Not provided,Not provided,0,Not provided,0,Not provided,No database evidence,0.000007,v3,0.000,Not provided,Not provided,Not provided,[],[],unknown,No,"{""PM2_Moderate"": 2}",2,VUS,"No ClinVar submissions | No HGMD entry | raw_total=0.000, applied=None",No ClinVar submissions,No HGMD entry,0.000,,,,,PM2_Moderate: gnomAD max AF=6.5722e-06 < threshold 0.0001 for MOI AD,,,,,,,,,,,,No,No,,,Filtered: VUS with <5 points excluded from all reporting paths (auto/manual/delins),,Yes
7029740,19910_2023,chr1,237404480,T,C,RYR2,AD,c.774-12569T>C,Not provided,,,,NM_001035.3,10/104,intron_variant,MODIFIER,Het,34,0.583,Catecholaminergic polymorphic ventricular tachycardia,No,,No,Not provided,No,Not provided,Not provided,Not provided,0,Not provided,0,0,N/A,Not provided,Not provided,0,Not provided,0,Not provided,No database evidence,0.0,Unknown,0.000,Not provided,Not provided,Not provided,[],[],unknown,No,"{""PM2_Moderate"": 2}",2,VUS,"No ClinVar submissions | No HGMD entry | raw_total=0.000, applied=None",No ClinVar submissions,No HGMD entry,0.000,,,,,PM2_Moderate: gnomAD max AF=0 < threshold 0.0001 for MOI AD,,,,,,,,,,,,No,No,,,Filtered: VUS with <5 points excluded from all reporting paths (auto/manual/delins),,Yes
7029740,19910_2023,chr1,237427782,CAAAAAAAAAAAAAA,C,RYR2,AD,c.1005+4551_1005+4564delAAAAAAAAAAAAAA,Not provided,,,,NM_001035.3,12/104,intron_variant,MODIFIER,Het,24,0.731,Catecholaminergic polymorphic ventricular tachycardia,No,,No,Not provided,No,Not provided,Not provided,Not provided,0,Not provided,0,0,N/A,Not provided,Not provided,0,Not provided,0,Not provided,No database evidence,0.0,Unknown,0.000,Not provided,0.000,Not provided,[],[],unknown,No,"{""PM2_Moderate"": 2}",2,VUS,"No ClinVar submissions | No HGMD entry | raw_total=0.000, applied=None",No ClinVar submissions,No HGMD entry,0.000,,,,,PM2_Moderate: gnomAD max AF=0 < threshold 0.0001 for MOI AD,,,,,,,,,,,,No,No,,,Filtered: VUS with <5 points excluded from all reporting paths (auto/manual/delins),,Yes
7029740,19910_2023,chr1,237484920,C,T,RYR2,AD,c.1709-6886C>T,Not provided,,,,NM_001035.3,17/104,intron_variant,MODIFIER,Het,27,0.552,Catecholaminergic polymorphic ventricular tachycardia,No,,No,Not provided,No,Not provided,Not provided,Not provided,0,Not provided,0,0,N/A,Not provided,Not provided,0,Not provided,0,Not provided,No database evidence,0.0,Unknown,0.000,Not provided,Not provided,Not provided,[],[],unknown,No,"{""PM2_Moderate"": 2}",2,VUS,"No ClinVar submissions | No HGMD entry | raw_total=0.000, applied=None",No ClinVar submissions,No HGMD entry,0.000,,,,,PM2_Moderate: gnomAD max AF=0 < threshold 0.0001 for MOI AD,,,,,,,,,,,,No,No,,,Filtered: VUS with <5 points excluded from all reporting paths (auto/manual/delins),,Yes
7029740,19910_2023,chr1,237490195,C,T,RYR2,AD,c.1709-1611C>T,Not provided,,,,NM_001035.3,17/104,intron_variant,MODIFIER,Het,40,0.575,Catecholaminergic polymorphic ventricular tachycardia,No,,No,Not provided,No,Not provided,Not provided,Not provided,0,Not provided,0,0,N/A,Not provided,Not provided,0,Not provided,0,Not provided,No database evidence,0.0,Unknown,0.000,Not provided,Not provided,Not provided,[],[],unknown,No,"{""PM2_Moderate"": 2}",2,VUS,"No ClinVar submissions | No HGMD entry | raw_total=0.000, applied=None",No ClinVar submissions,No HGMD entry,0.000,,,,,PM2_Moderate: gnomAD max AF=0 < threshold 0.0001 for MOI AD,,,,,,,,,,,,No,No,,,Filtered: VUS with <5 points excluded from all reporting paths (auto/manual/delins),,Yes
7029740,19910_2023,chr1,237578714,AGGTGGTGGG,A,RYR2,AD,c.3598+9396_3598+9404delGGTGGTGGG,Not provided,,,,NM_001035.3,29/104,intron_variant,MODIFIER,Het,25,0.429,Catecholaminergic polymorphic ventricular tachycardia,No,,No,Not provided,No,Not provided,Not provided,Not provided,0,Not provided,0,0,N/A,Not provided,Not provided,0,Not provided,0,Not provided,No database evidence,0.000013,v3,0.000,Not provided,0.000,Not provided,[],[],unknown,No,"{""PM2_Moderate"": 2}",2,VUS,"No ClinVar submissions | No HGMD entry | raw_total=0.000, applied=None",No ClinVar submissions,No HGMD entry,0.000,,,,,PM2_Moderate: gnomAD max AF=1.30883e-05 < threshold 0.0001 for MOI AD,,,,,,,,,,,,No,No,,,Cluster id=2 detected (members=chr1:237578714:AGGTGGTGGG:A:7029740;chr1:237578732:CATGTACGCTCCCTCAGTGT:C:7029740) - no Pathogenic/LP present; delins NOT flagged; requires P/LP to consider delins.;Delins/overlap cluster (id=2) detected but not all members meet P/LP or >5pts -> not auto-escalated (possible carrier).;Filtered: VUS with <5 points excluded from all reporting paths (auto/manual/delins),,Yes
7029740,19910_2023,chr1,237578732,CATGTACGCTCCCTCAGTGT,C,RYR2,AD,c.3598+9414_3598+9432delATGTACGCTCCCTCAGTGT,Not provided,,,,NM_001035.3,29/104,intron_variant,MODIFIER,Het,24,0.407,Catecholaminergic polymorphic ventricular tachycardia,No,,No,Not provided,No,Not provided,Not provided,Not provided,0,Not provided,0,0,N/A,Not provided,Not provided,0,Not provided,0,Not provided,No database evidence,0.000013,v3,0.000,Not provided,0.000,Not provided,[],[],unknown,No,"{""PM2_Moderate"": 2}",2,VUS,"No ClinVar submissions | No HGMD entry | raw_total=0.000, applied=None",No ClinVar submissions,No HGMD entry,0.000,,,,,PM2_Moderate: gnomAD max AF=1.31648e-05 < threshold 0.0001 for MOI AD,,,,,,,,,,,,No,No,,,Cluster id=2 detected (members=chr1:237578714:AGGTGGTGGG:A:7029740;chr1:237578732:CATGTACGCTCCCTCAGTGT:C:7029740) - no Pathogenic/LP present; delins NOT flagged; requires P/LP to consider delins.;Delins/overlap cluster (id=2) detected but not all members meet P/LP or >5pts -> not auto-escalated (possible carrier).;Filtered: VUS with <5 points excluded from all reporting paths (auto/manual/delins),,Yes
7029740,19910_2023,chr1,237605975,G,A,RYR2,AD,c.4683+3864G>A,Not provided,,,,NM_001035.3,35/104,intron_variant,MODIFIER,Het,24,0.407,Catecholaminergic polymorphic ventricular tachycardia,No,,No,Not provided,No,Not provided,Not provided,Not provided,0,Not provided,0,0,N/A,Not provided,Not provided,0,Not provided,0,Not provided,No database evidence,0.0,Unknown,0.000,Not provided,Not provided,Not provided,[],[],unknown,No,"{""PM2_Moderate"": 2}",2,VUS,"No ClinVar submissions | No HGMD entry | raw_total=0.000, applied=None",No ClinVar submissions,No HGMD entry,0.000,,,,,PM2_Moderate: gnomAD max AF=0 < threshold 0.0001 for MOI AD,,,,,,,,,,,,No,No,,,Filtered: VUS with <5 points excluded from all reporting paths (auto/manual/delins),,Yes
7029740,19910_2023,chr1,237631688,C,A,RYR2,AD,c.6555+147C>A,Not provided,,,,NM_001035.3,42/104,intron_variant,MODIFIER,Het,12,0.769,Catecholaminergic polymorphic ventricular tachycardia,No,,No,Not provided,No,Not provided,Not provided,Not provided,0,Not provided,0,0,N/A,Not provided,Not provided,0,Not provided,0,Not provided,No database evidence,0.000020,v3,0.000,Not provided,Not provided,Not provided,[],[],unknown,No,"{""PM2_Moderate"": 2}",2,VUS,"No ClinVar submissions | No HGMD entry | raw_total=0.000, applied=None",No ClinVar submissions,No HGMD entry,0.000,,,,,PM2_Moderate: gnomAD max AF=2.01979e-05 < threshold 0.0001 for MOI AD,,,,,,,,,,,,No,No,,,Cluster id=3 detected (members=chr1:237631688:C:A:7029740;chr1:237631691:G:A:7029740) - no Pathogenic/LP present; delins NOT flagged; requires P/LP to consider delins.;Delins/overlap cluster (id=3) detected but not all members meet P/LP or >5pts -> not auto-escalated (possible carrier).;Filtered: VUS with <5 points excluded from all reporting paths (auto/manual/delins),,Yes
7029740,19910_2023,chr1,237631691,G,A,RYR2,AD,c.6555+150G>A,Not provided,,,,NM_001035.3,42/104,intron_variant,MODIFIER,Het,12,0.769,Catecholaminergic polymorphic ventricular tachycardia,No,,No,Not provided,No,Not provided,Not provided,Not provided,0,Not provided,0,0,N/A,Not provided,Not provided,0,Not provided,0,Not provided,No database evidence,0.000078,v3,0.000,Not provided,Not provided,Not provided,[],[],unknown,No,"{""PM2_Moderate"": 2}",2,VUS,"No ClinVar submissions | No HGMD entry | raw_total=0.000, applied=None",No ClinVar submissions,No HGMD entry,0.000,,,,,PM2_Moderate: gnomAD max AF=7.84344e-05 < threshold 0.0001 for MOI AD,,,,,,,,,,,,No,No,,,Cluster id=3 detected (members=chr1:237631688:C:A:7029740;chr1:237631691:G:A:7029740) - no Pathogenic/LP present; delins NOT flagged; requires P/LP to consider delins.;Delins/overlap cluster (id=3) detected but not all members meet P/LP or >5pts -> not auto-escalated (possible carrier).;Filtered: VUS with <5 points excluded from all reporting paths (auto/manual/delins),,Yes
7029740,19910_2023,chr1,237744717,T,TAAA,RYR2,AD,c.11145+2368_11145+2369insAAA,Not provided,,,,NM_001035.3,80/104,intron_variant,MODIFIER,Het,26,0.643,Catecholaminergic polymorphic ventricular tachycardia,No,,No,Not provided,No,Not provided,Not provided,Not provided,0,Not provided,0,0,N/A,Not provided,Not provided,0,Not provided,0,Not provided,No database evidence,0.0,Unknown,0.000,Not provided,0.000,Not provided,[],[],unknown,No,"{""PM2_Moderate"": 2}",2,VUS,"No ClinVar submissions | No HGMD entry | raw_total=0.000, applied=None",No ClinVar submissions,No HGMD entry,0.000,,,,,PM2_Moderate: gnomAD max AF=0 < threshold 0.0001 for MOI AD,,,,,,,,,,,,No,No,,,Cluster id=4 detected (members=chr1:237744717:T:TAAA:7029740;chr1:237744718:T:A:7029740) - no Pathogenic/LP present; delins NOT flagged; requires P/LP to consider delins.;Delins/overlap cluster (id=4) detected but not all members meet P/LP or >5pts -> not auto-escalated (possible carrier).;Filtered: VUS with <5 points excluded from all reporting paths (auto/manual/delins),,Yes
7029740,19910_2023,chr1,237744718,T,A,RYR2,AD,c.11145+2369T>A,Not provided,,,,NM_001035.3,80/104,intron_variant,MODIFIER,Het,26,0.643,Catecholaminergic polymorphic ventricular tachycardia,No,,No,Not provided,No,Not provided,Not provided,Not provided,0,Not provided,0,0,N/A,Not provided,Not provided,0,Not provided,0,Not provided,No database evidence,0.0,Unknown,0.000,Not provided,Not provided,Not provided,[],[],unknown,No,"{""PM2_Moderate"": 2}",2,VUS,"No ClinVar submissions | No HGMD entry | raw_total=0.000, applied=None",No ClinVar submissions,No HGMD entry,0.000,,,,,PM2_Moderate: gnomAD max AF=0 < threshold 0.0001 for MOI AD,,,,,,,,,,,,No,No,,,Cluster id=4 detected (members=chr1:237744717:T:TAAA:7029740;chr1:237744718:T:A:7029740) - no Pathogenic/LP present; delins NOT flagged; requires P/LP to consider delins.;Delins/overlap cluster (id=4) detected but not all members meet P/LP or >5pts -> not auto-escalated (possible carrier).;Filtered: VUS with <5 points excluded from all reporting paths (auto/manual/delins),,Yes
7029740,19910_2023,chr1,237767835,T,C,RYR2,AD,c.11477-2972T>C,Not provided,,,,NM_001035.3,84/104,intron_variant,MODIFIER,Het,43,0.391,Catecholaminergic polymorphic ventricular tachycardia,No,,No,Not provided,No,Not provided,Not provided,Not provided,0,Not provided,0,0,N/A,Not provided,Not provided,0,Not provided,0,Not provided,No database evidence,0.0,Unknown,0.000,Not provided,Not provided,Not provided,[],[],unknown,No,"{""PM2_Moderate"": 2}",2,VUS,"No ClinVar submissions | No HGMD entry | raw_total=0.000, applied=None",No ClinVar submissions,No HGMD entry,0.000,,,,,PM2_Moderate: gnomAD max AF=0 < threshold 0.0001 for MOI AD,,,,,,,,,,,,No,No,,,Filtered: VUS with <5 points excluded from all reporting paths (auto/manual/delins),,Yes
7029740,19910_2023,chr1,237789579,A,ATAG,RYR2,AD,c.13476+1446_13476+1448dupAGT,Not provided,,,,NM_001035.3,92/104,intron_variant,MODIFIER,Het,20,0.400,Catecholaminergic polymorphic ventricular tachycardia,No,,No,Not provided,No,Not provided,Not provided,Not provided,0,Not provided,0,0,N/A,Not provided,Not provided,0,Not provided,0,Not provided,No database evidence,0.0,Unknown,0.000,Not provided,0.000,Not provided,[],[],unknown,No,"{""PM2_Moderate"": 2}",2,VUS,"No ClinVar submissions | No HGMD entry | raw_total=0.000, applied=None",No ClinVar submissions,No HGMD entry,0.000,,,,,PM2_Moderate: gnomAD max AF=0 < threshold 0.0001 for MOI AD,,,,,,,,,,,,No,No,,,Filtered: VUS with <5 points excluded from all reporting paths (auto/manual/delins),,Yes
7029740,19910_2023,chr10,86751644,CGTGCGCACATGCACAT,C,BMPR1A,AD,c.-5542_-5527delGTGCGCACATGCACAT,Not provided,,,,NM_004329.2,,upstream_gene_variant,MODIFIER,Hom,16,0.647,Juvenile polyposis syndrome,No,,No,Not provided,No,Not provided,Not provided,Not provided,0,Not provided,0,0,N/A,Not provided,Not provided,0,Not provided,0,Not provided,No database evidence,0.0,Unknown,0.000,Not provided,0.000,Not provided,[],[],unknown,No,"{""PM2_Moderate"": 2}",2,VUS,"No ClinVar submissions | No HGMD entry | raw_total=0.000, applied=None",No ClinVar submissions,No HGMD entry,0.000,,,,,PM2_Moderate: gnomAD max AF=0 < threshold 0.0001 for MOI AD,,,,,,,,,,,,No,No,,,Cluster id=5 detected (members=chr10:86751644:CGTGCGCACATGCACAT:C:7029740;chr10:86751652:C:CATACGCATAT:7029740) - no Pathogenic/LP present; delins NOT flagged; requires P/LP to consider delins.;Delins/overlap cluster (id=5) detected but not all members meet P/LP or >5pts -> not auto-escalated (possible carrier).;Filtered: VUS with <5 points excluded from all reporting paths (auto/manual/delins),,Yes
7029740,19910_2023,chr10,86751684,C,CAT,BMPR1A,AD,c.-5503_-5502insAT,Not provided,,,,NM_004329.2,,upstream_gene_variant,MODIFIER,Hom,18,0.895,Juvenile polyposis syndrome,No,,No,Not provided,No,Not provided,Not provided,Not provided,0,Not provided,0,0,N/A,Not provided,Not provided,0,Not provided,0,Not provided,No database evidence,0.0,Unknown,0.000,Not provided,0.020,Not provided,[],[],unknown,No,"{""PM2_Moderate"": 2}",2,VUS,"No ClinVar submissions | No HGMD entry | raw_total=0.000, applied=None",No ClinVar submissions,No HGMD entry,0.000,,,,,PM2_Moderate: gnomAD max AF=0 < threshold 0.0001 for MOI AD,,,,,,,,,,,,No,No,,,Filtered: VUS with <5 points excluded from all reporting paths (auto/manual/delins),,Yes
7029740,19910_2023,chr10,86751703,G,A,BMPR1A,AD,c.-5484G>A,Not provided,,,,NM_004329.2,,upstream_gene_variant,MODIFIER,Hom,19,1.000,Juvenile polyposis syndrome,No,,No,Not provided,No,Not provided,Not provided,Not provided,0,Not provided,0,0,N/A,Not provided,Not provided,0,Not provided,0,Not provided,No database evidence,0.0,Unknown,0.000,Not provided,Not provided,Not provided,[],[],unknown,No,"{""PM2_Moderate"": 2}",2,VUS,"No ClinVar submissions | No HGMD entry | raw_total=0.000, applied=None",No ClinVar submissions,No HGMD entry,0.000,,,,,PM2_Moderate: gnomAD max AF=0 < threshold 0.0001 for MOI AD,,,,,,,,,,,,No,No,,,Filtered: VUS with <5 points excluded from all reporting paths (auto/manual/delins),,Yes
7029740,19910_2023,chr10,86751787,ATGCGCACATATGTG,A,BMPR1A,AD,c.-5399_-5386delTGCGCACATATGTG,Not provided,,,,NM_004329.2,,upstream_gene_variant,MODIFIER,Hom,14,1.000,Juvenile polyposis syndrome,No,,No,Not provided,No,Not provided,Not provided,Not provided,0,Not provided,0,0,N/A,Not provided,Not provided,0,Not provided,0,Not provided,No database evidence,0.0,Unknown,0.000,Not provided,0.000,Not provided,[],[],unknown,No,"{""PM2_Moderate"": 2}",2,VUS,"No ClinVar submissions | No HGMD entry | raw_total=0.000, applied=None",No ClinVar submissions,No HGMD entry,0.000,,,,,PM2_Moderate: gnomAD max AF=0 < threshold 0.0001 for MOI AD,,,,,,,,,,,,No,No,,,Filtered: VUS with <5 points excluded from all reporting paths (auto/manual/delins),,Yes
7029740,19910_2023,chr10,86841900,A,G,BMPR1A,AD,c.-153+2921A>G,Not provided,,,,NM_004329.2,2/12,intron_variant,MODIFIER,Het,32,0.606,Juvenile polyposis syndrome,No,,No,Not provided,No,Not provided,Not provided,Not provided,0,Not provided,0,0,N/A,Not provided,Not provided,0,Not provided,0,Not provided,No database evidence,0.0,Unknown,0.000,Not provided,Not provided,Not provided,[],[],unknown,No,"{""PM2_Moderate"": 2}",2,VUS,"No ClinVar submissions | No HGMD entry | raw_total=0.000, applied=None",No ClinVar submissions,No HGMD entry,0.000,,,,,PM2_Moderate: gnomAD max AF=0 < threshold 0.0001 for MOI AD,,,,,,,,,,,,No,No,,,Filtered: VUS with <5 points excluded from all reporting paths (auto/manual/delins),,Yes
7029740,19910_2023,chr10,86847005,G,A,BMPR1A,AD,c.-153+8026G>A,Not provided,,,,NM_004329.2,2/12,intron_variant,MODIFIER,Het,34,0.486,Juvenile polyposis syndrome,No,,No,Not provided,No,Not provided,Not provided,Not provided,0,Not provided,0,0,N/A,Not provided,Not provided,0,Not provided,0,Not provided,No database evidence,0.0,Unknown,0.000,Not provided,Not provided,Not provided,[],[],unknown,No,"{""PM2_Moderate"": 2}",2,VUS,"No ClinVar submissions | No HGMD entry | raw_total=0.000, applied=None",No ClinVar submissions,No HGMD entry,0.000,,,,,PM2_Moderate: gnomAD max AF=0 < threshold 0.0001 for MOI AD,,,,,,,,,,,,No,No,,,Filtered: VUS with <5 points excluded from all reporting paths (auto/manual/delins),,Yes
7029740,19910_2023,chr10,86909144,A,G,BMPR1A,AD,c.531-3096A>G,Not provided,,,,NM_004329.2,7/12,intron_variant,MODIFIER,Het,34,0.657,Juvenile polyposis syndrome,No,,No,Not provided,No,Not provided,Not provided,Not provided,0,Not provided,0,0,N/A,Not provided,Not provided,0,Not provided,0,Not provided,No database evidence,0.0,Unknown,0.000,Not provided,Not provided,Not provided,[],[],unknown,No,"{""PM2_Moderate"": 2}",2,VUS,"No ClinVar submissions | No HGMD entry | raw_total=0.000, applied=None",No ClinVar submissions,No HGMD entry,0.000,,,,,PM2_Moderate: gnomAD max AF=0 < threshold 0.0001 for MOI AD,,,,,,,,,,,,No,No,,,Filtered: VUS with <5 points excluded from all reporting paths (auto/manual/delins),,Yes
7029740,19910_2023,chr10,86915237,G,C,BMPR1A,AD,c.676-1897G>C,Not provided,,,,NM_004329.2,8/12,intron_variant,MODIFIER,Het,39,0.537,Juvenile polyposis syndrome,No,,No,Not provided,No,Not provided,Not provided,Not provided,0,Not provided,0,0,N/A,Not provided,Not provided,0,Not provided,0,Not provided,No database evidence,0.0,Unknown,0.000,Not provided,Not provided,Not provided,[],[],unknown,No,"{""PM2_Moderate"": 2}",2,VUS,"No ClinVar submissions | No HGMD entry | raw_total=0.000, applied=None",No ClinVar submissions,No HGMD entry,0.000,,,,,PM2_Moderate: gnomAD max AF=0 < threshold 0.0001 for MOI AD,,,,,,,,,,,,No,No,,,Filtered: VUS with <5 points excluded from all reporting paths (auto/manual/delins),,Yes
7029740,19910_2023,chr10,87910516,C,T,PTEN,AD,c.165-14997C>T,Not provided,,,,NM_000314.8.2,2/8,intron_variant,MODIFIER,Het,20,0.350,PTEN hamartoma tumor syndrome,No,,No,Not provided,No,Not provided,Not provided,Not provided,0,Not provided,0,0,N/A,Not provided,Not provided,0,Not provided,0,Not provided,No database evidence,0.0,Unknown,0.000,Not provided,Not provided,Not provided,[],[],unknown,No,"{""PM2_Moderate"": 2}",2,VUS,"No ClinVar submissions | No HGMD entry | raw_total=0.000, applied=None",No ClinVar submissions,No HGMD entry,0.000,,,,,PM2_Moderate: gnomAD max AF=0 < threshold 0.0001 for MOI AD,,,,,,,,,,,,No,No,,,Filtered: VUS with <5 points excluded from all reporting paths (auto/manual/delins),,Yes
7029740,19910_2023,chr10,87953733,G,A,PTEN,AD,c.634+1474G>A,Not provided,,,,NM_000314.8.2,6/8,intron_variant,MODIFIER,Het,40,0.643,PTEN hamartoma tumor syndrome,No,,No,Not provided,No,Not provided,Not provided,Not provided,0,Not provided,0,0,N/A,Not provided,Not provided,0,Not provided,0,Not provided,No database evidence,0.0,Unknown,0.000,Not provided,Not provided,Not provided,[],[],unknown,No,"{""PM2_Moderate"": 2}",2,VUS,"No ClinVar submissions | No HGMD entry | raw_total=0.000, applied=None",No ClinVar submissions,No HGMD entry,0.000,,,,,PM2_Moderate: gnomAD max AF=0 < threshold 0.0001 for MOI AD,,,,,,,,,,,,No,No,,,Filtered: VUS with <5 points excluded from all reporting paths (auto/manual/delins),,Yes
7029740,19910_2023,chr10,87966599,T,A,PTEN,AD,c.*1127T>A,Not provided,,,,NM_000314.8.2,9/9,3_prime_UTR_variant,MODIFIER,Het,30,0.485,PTEN hamartoma tumor syndrome,No,,No,Not provided,No,Not provided,Not provided,Not provided,0,Not provided,0,0,N/A,Not provided,Not provided,0,Not provided,0,Not provided,No database evidence,0.0,Unknown,0.000,Not provided,Not provided,Not provided,[],[],unknown,No,"{""PM2_Moderate"": 2}",2,VUS,"No ClinVar submissions | No HGMD entry | raw_total=0.000, applied=None",No ClinVar submissions,No HGMD entry,0.000,,,,,PM2_Moderate: gnomAD max AF=0 < threshold 0.0001 for MOI AD,,,,,,,,,,,,No,No,,,Filtered: VUS with <5 points excluded from all reporting paths (auto/manual/delins),,Yes
7029740,19910_2023,chr10,88934431,C,A,ACTA2,AD,c.*792G>T,Not provided,,,,NM_001141945.2,,downstream_gene_variant,MODIFIER,Het,25,0.600,Familial thoracic aortic aneurysm,Yes,"No include rule matched; rules require explicit inclusion (whitelist);Include if Impact is ""MODERATE"" or ""LOW"";No include rule matched; rules require explicit inclusion (whitelist);Include if Impact is ""MODERATE"" or ""LOW"";No include rule matched; rules require explicit inclusion (whitelist);Include if Impact is ""MODERATE"" or ""LOW""",No,Not provided,No,Not provided,Not provided,Not provided,0,Not provided,0,0,N/A,Not provided,Not provided,0,Not provided,0,Not provided,No database evidence,0.0,Unknown,0.000,Not provided,Not provided,Not provided,[],[],unknown,No,"{""PM2_Moderate"": 2}",2,VUS,"No ClinVar submissions | No HGMD entry | raw_total=0.000, applied=None",No ClinVar submissions,No HGMD entry,0.000,,,,,PM2_Moderate: gnomAD max AF=0 < threshold 0.0001 for MOI AD,,,,,,,,,,,,No,No,,,"Filtered: VUS with <5 points excluded from all reporting paths (auto/manual/delins);Filtered by gene 'Rules' (exclude): No include rule matched; rules require explicit inclusion (whitelist); Include if Impact is ""MODERATE"" or ""LOW""","Filtered: VUS with <5 points excluded from all reporting paths (auto/manual/delins);Filtered by gene 'Rules' (exclude): No include rule matched; rules require explicit inclusion (whitelist); Include if Impact is ""MODERATE"" or ""LOW""",Yes
7029740,19910_2023,chr10,88944895,CAG,C,ACTA2,AD,c.259-990_259-989delCT,Not provided,,,,NM_001141945.2,3/8,intron_variant,MODIFIER,Het,45,0.660,Familial thoracic aortic aneurysm,Yes,"No include rule matched; rules require explicit inclusion (whitelist);Include if Impact is ""MODERATE"" or ""LOW"";No include rule matched; rules require explicit inclusion (whitelist);Include if Impact is ""MODERATE"" or ""LOW"";No include rule matched; rules require explicit inclusion (whitelist);Include if Impact is ""MODERATE"" or ""LOW""",No,Not provided,No,Not provided,Not provided,Not provided,0,Not provided,0,0,N/A,Not provided,Not provided,0,Not provided,0,Not provided,No database evidence,0.0,Unknown,0.000,Not provided,Not provided,Not provided,[],[],unknown,No,"{""PM2_Moderate"": 2}",2,VUS,"No ClinVar submissions | No HGMD entry | raw_total=0.000, applied=None",No ClinVar submissions,No HGMD entry,0.000,,,,,PM2_Moderate: gnomAD max AF=0 < threshold 0.0001 for MOI AD,,,,,,,,,,,,No,No,,,"Filtered: VUS with <5 points excluded from all reporting paths (auto/manual/delins);Filtered by gene 'Rules' (exclude): No include rule matched; rules require explicit inclusion (whitelist); Include if Impact is ""MODERATE"" or ""LOW""","Filtered: VUS with <5 points excluded from all reporting paths (auto/manual/delins);Filtered by gene 'Rules' (exclude): No include rule matched; rules require explicit inclusion (whitelist); Include if Impact is ""MODERATE"" or ""LOW""",Yes
7029740,19910_2023,chr10,110659384,C,A,RBM20,AD,c.191+14739C>A,Not provided,,,,NM_001134363.3,1/13,intron_variant,MODIFIER,Het,18,0.476,Dliated cardiomyopathy,No,,No,Not provided,No,Not provided,Not provided,Not provided,0,Not provided,0,0,N/A,Not provided,Not provided,0,Not provided,0,Not provided,No database evidence,0.000033,v3,0.000,Not provided,Not provided,Not provided,[],[],unknown,No,"{""PM2_Moderate"": 2}",2,VUS,"No ClinVar submissions | No HGMD entry | raw_total=0.000, applied=None",No ClinVar submissions,No HGMD entry,0.000,,,,,PM2_Moderate: gnomAD max AF=3.28645e-05 < threshold 0.0001 for MOI AD,,,,,,,,,,,,No,No,,,Filtered: VUS with <5 points excluded from all reporting paths (auto/manual/delins),,Yes
7029740,19910_2023,chr10,110727400,A,AAAAAT,RBM20,AD,c.192-53397_192-53396insTAAAA,Not provided,,,,NM_001134363.3,1/13,intron_variant,MODIFIER,Hom,32,0.971,Dliated cardiomyopathy,No,,No,Not provided,No,Not provided,Not provided,Not provided,0,Not provided,0,0,N/A,Not provided,Not provided,0,Not provided,0,Not provided,No database evidence,0.0,Unknown,0.000,Not provided,0.000,Not provided,[],[],unknown,No,"{""PM2_Moderate"": 2}",2,VUS,"No ClinVar submissions | No HGMD entry | raw_total=0.000, applied=None",No ClinVar submissions,No HGMD entry,0.000,,,,,PM2_Moderate: gnomAD max AF=0 < threshold 0.0001 for MOI AD,,,,,,,,,,,,No,No,,,Filtered: VUS with <5 points excluded from all reporting paths (auto/manual/delins),,Yes
7029740,19910_2023,chr10,110727419,A,AAAAAATAAAAAAAAT,RBM20,AD,c.192-53379_192-53378insAATAAAAAAAATAAA,Not provided,,,,NM_001134363.3,1/13,intron_variant,MODIFIER,Hom,40,0.878,Dliated cardiomyopathy,No,,No,Not provided,No,Not provided,Not provided,Not provided,0,Not provided,0,0,N/A,Not provided,Not provided,0,Not provided,0,Not provided,No database evidence,0.0,Unknown,0.000,Not provided,0.000,Not provided,[],[],unknown,No,"{""PM2_Moderate"": 2}",2,VUS,"No ClinVar submissions | No HGMD entry | raw_total=0.000, applied=None",No ClinVar submissions,No HGMD entry,0.000,,,,,PM2_Moderate: gnomAD max AF=0 < threshold 0.0001 for MOI AD,,,,,,,,,,,,No,No,,,Filtered: VUS with <5 points excluded from all reporting paths (auto/manual/delins),,Yes
7029740,19910_2023,chr10,110784367,C,T,RBM20,AD,c.1364C>T,p.Ser455Leu,Ser,Leu,455,NM_001134363.3,4/14,missense_variant,MODERATE,Het,35,0.474,Dliated cardiomyopathy,No,,Yes,Dilated cardiomyopathy 1DD;Dilated cardiomyopathy 1DD;Cardiomyopathy;Long QT syndrome;CN230736:Cardiovascular phenotype;Primary dilated cardiomyopathy,Yes,"Cardiomyopathy, dilated",Dilated cardiomyopathy 1DD;Dilated cardiomyopathy 1DD;Cardiomyopathy;Long QT syndrome;CN230736:Cardiovascular phenotype;Primary dilated cardiomyopathy,likely benign;benign;benign;benign;benign;uncertain significance,2;2;2;2;2;2,Benign,2,2,conditions_csv_phenotype_match,DM?,"Cardiomyopathy, dilated",8,0.11,0,Not provided,"ClinVar: Sig=likely benign;benign;benign;benign;benign;uncertain significance; ClinVar: Trait=Dilated cardiomyopathy 1DD;Dilated cardiomyopathy 1DD;Cardiomyopathy;Long QT syndrome;CN230736:Cardiovascular phenotype;Primary dilated cardiomyopathy; HGMD: Phen=Cardiomyopathy, dilated",0.0,Unknown,0.361,Not provided,0.280,Not provided,[],[],unknown,No,"{""PM2_Moderate"": 2, ""PP3_Moderate"": 2, ""BP5ext_Moderate"": -2}",2,VUS,"sig=benign (-3 points), stars=2 (1.0 coef), clinvar_phenotype_match=Yes, clin=-3.000 | class=DM? (1 points), pubs=8, dm_supported=0 (0/8), coef=0.5, hgmd_phenotype_match=Yes, hgmd=0.500 | raw_total=-2.500, applied=BP5ext_Moderate","sig=benign (-3 points), stars=2 (1.0 coef), clinvar_phenotype_match=Yes, clin=-3.000","class=DM? (1 points), pubs=8, dm_supported=0 (0/8), coef=0.5, hgmd_phenotype_match=Yes, hgmd=0.500",-2.500,BP5ext_Moderate,,,,PM2_Moderate: gnomAD max AF=0 < threshold 0.0001 for MOI AD,,,,,"PP3_Moderate: computational evidence (SpliceAI=0.280, REVEL=0.361, CADD=NA) met moderate thresholds",,,,,,,No,No,,,Database conflict (ClinVar): Benign vs VUS detected -> conservative -1 point applied (info in comments).;Filtered: VUS with <5 points excluded from all reporting paths (auto/manual/delins),,Yes
7029740,19910_2023,chr10,119678724,T,TTTTTTTTTTA,BAG3,AD,c.*1442_*1443insTTTTTTTTTA,Not provided,,,,NM_004281.3,,downstream_gene_variant,MODIFIER,Het,12,0.235,Dilated cardiomyopathy; Myofibrillar myopathy,No,,No,Not provided,No,Not provided,Not provided,Not provided,0,Not provided,0,0,N/A,Not provided,Not provided,0,Not provided,0,Not provided,No database evidence,0.0,Unknown,0.000,Not provided,Not provided,Not provided,[],[],unknown,No,"{""PM2_Moderate"": 2}",2,VUS,"No ClinVar submissions | No HGMD entry | raw_total=0.000, applied=None",No ClinVar submissions,No HGMD entry,0.000,,,,,PM2_Moderate: gnomAD max AF=0 < threshold 0.0001 for MOI AD,,,,,,,,,,,,No,No,,,Filtered: VUS with <5 points excluded from all reporting paths (auto/manual/delins),,Yes
7029740,19910_2023,chr11,2484717,C,T,KCNQ1,AD,c.386+39233C>T,Not provided,,,,NM_000218.3,1/15,intron_variant,MODIFIER,Het,25,0.429,Long-QT syndrome type 1,No,,No,Not provided,No,Not provided,Not provided,Not provided,0,Not provided,0,0,N/A,Not provided,Not provided,0,Not provided,0,Not provided,No database evidence,0.0,Unknown,0.000,Not provided,Not provided,Not provided,[],[],unknown,No,"{""PM2_Moderate"": 2}",2,VUS,"No ClinVar submissions | No HGMD entry | raw_total=0.000, applied=None",No ClinVar submissions,No HGMD entry,0.000,,,,,PM2_Moderate: gnomAD max AF=0 < threshold 0.0001 for MOI AD,,,,,,,,,,,,No,No,,,Filtered: VUS with <5 points excluded from all reporting paths (auto/manual/delins),,Yes
7029740,19910_2023,chr11,2488869,ATCT,A,KCNQ1,AD,c.387-39054_387-39052delCTT,Not provided,,,,NM_000218.3,1/15,intron_variant,MODIFIER,Het,42,0.614,Long-QT syndrome type 1,No,,No,Not provided,No,Not provided,Not provided,Not provided,0,Not provided,0,0,N/A,Not provided,Not provided,0,Not provided,0,Not provided,No database evidence,0.0,Unknown,0.000,Not provided,Not provided,Not provided,[],[],unknown,No,"{""PM2_Moderate"": 2}",2,VUS,"No ClinVar submissions | No HGMD entry | raw_total=0.000, applied=None",No ClinVar submissions,No HGMD entry,0.000,,,,,PM2_Moderate: gnomAD max AF=0 < threshold 0.0001 for MOI AD,,,,,,,,,,,,No,No,,,Filtered: VUS with <5 points excluded from all reporting paths (auto/manual/delins),,Yes
7029740,19910_2023,chr11,2529039,TG,T,KCNQ1,AD,c.477+1024delG,Not provided,,,,NM_000218.3,2/15,intron_variant,MODIFIER,Het,44,0.500,Long-QT syndrome type 1,No,,No,Not provided,No,Not provided,Not provided,Not provided,0,Not provided,0,0,N/A,Not provided,Not provided,0,Not provided,0,Not provided,No database evidence,0.0,Unknown,0.000,Not provided,Not provided,Not provided,[],[],unknown,No,"{""PM2_Moderate"": 2}",2,VUS,"No ClinVar submissions | No HGMD entry | raw_total=0.000, applied=None",No ClinVar submissions,No HGMD entry,0.000,,,,,PM2_Moderate: gnomAD max AF=0 < threshold 0.0001 for MOI AD,,,,,,,,,,,,No,No,,,Filtered: VUS with <5 points excluded from all reporting paths (auto/manual/delins),,Yes
7029740,19910_2023,chr11,2534049,C,G,KCNQ1,AD,c.477+6031C>G,Not provided,,,,NM_000218.3,2/15,intron_variant,MODIFIER,Het,32,0.545,Long-QT syndrome type 1,No,,No,Not provided,No,Not provided,Not provided,Not provided,0,Not provided,0,0,N/A,Not provided,Not provided,0,Not provided,0,Not provided,No database evidence,0.0,Unknown,0.000,Not provided,Not provided,Not provided,[],[],unknown,No,"{""PM2_Moderate"": 2}",2,VUS,"No ClinVar submissions | No HGMD entry | raw_total=0.000, applied=None",No ClinVar submissions,No HGMD entry,0.000,,,,,PM2_Moderate: gnomAD max AF=0 < threshold 0.0001 for MOI AD,,,,,,,,,,,,No,No,,,Filtered: VUS with <5 points excluded from all reporting paths (auto/manual/delins),,Yes
7029740,19910_2023,chr11,2544303,T,TAC,KCNQ1,AD,c.477+16285_477+16286insAC,Not provided,,,,NM_000218.3,2/15,intron_variant,MODIFIER,Het,10,0.300,Long-QT syndrome type 1,No,,No,Not provided,No,Not provided,Not provided,Not provided,0,Not provided,0,0,N/A,Not provided,Not provided,0,Not provided,0,Not provided,No database evidence,0.000029,v3,0.000,Not provided,0.000,Not provided,[],[],unknown,No,"{""PM2_Moderate"": 2}",2,VUS,"No ClinVar submissions | No HGMD entry | raw_total=0.000, applied=None",No ClinVar submissions,No HGMD entry,0.000,,,,,PM2_Moderate: gnomAD max AF=2.86221e-05 < threshold 0.0001 for MOI AD,,,,,,,,,,,,No,No,,,Cluster id=6 detected (members=chr11:2544302:G:A:7029740;chr11:2544310:A:ATG:7029740;chr11:2544303:T:TAC:7029740) - no Pathogenic/LP present; delins NOT flagged; requires P/LP to consider delins.;Delins/overlap cluster (id=6) detected but not all members meet P/LP or >5pts -> not auto-escalated (possible carrier).;Filtered: VUS with <5 points excluded from all reporting paths (auto/manual/delins),,Yes
7029740,19910_2023,chr11,2544310,A,ATG,KCNQ1,AD,c.477+16294_477+16295dupGT,Not provided,,,,NM_000218.3,2/15,intron_variant,MODIFIER,Het,10,0.300,Long-QT syndrome type 1,No,,No,Not provided,No,Not provided,Not provided,Not provided,0,Not provided,0,0,N/A,Not provided,Not provided,0,Not provided,0,Not provided,No database evidence,0.0,Unknown,0.000,Not provided,0.000,Not provided,[],[],unknown,No,"{""PM2_Moderate"": 2}",2,VUS,"No ClinVar submissions | No HGMD entry | raw_total=0.000, applied=None",No ClinVar submissions,No HGMD entry,0.000,,,,,PM2_Moderate: gnomAD max AF=0 < threshold 0.0001 for MOI AD,,,,,,,,,,,,No,No,,,Cluster id=6 detected (members=chr11:2544302:G:A:7029740;chr11:2544310:A:ATG:7029740;chr11:2544303:T:TAC:7029740) - no Pathogenic/LP present; delins NOT flagged; requires P/LP to consider delins.;Delins/overlap cluster (id=6) detected but not all members meet P/LP or >5pts -> not auto-escalated (possible carrier).;Filtered: VUS with <5 points excluded from all reporting paths (auto/manual/delins),,Yes
7029740,19910_2023,chr11,2589072,G,T,KCNQ1,AD,c.1393+218G>T,Not provided,,,,NM_000218.3,10/15,intron_variant,MODIFIER,Het,30,0.333,Long-QT syndrome type 1,No,,No,Not provided,No,Not provided,Not provided,Not provided,0,Not provided,0,0,N/A,Not provided,Not provided,0,Not provided,0,Not provided,No database evidence,0.000013,v3,0.000,Not provided,Not provided,Not provided,[],[],unknown,No,"{""PM2_Moderate"": 2}",2,VUS,"No ClinVar submissions | No HGMD entry | raw_total=0.000, applied=None",No ClinVar submissions,No HGMD entry,0.000,,,,,PM2_Moderate: gnomAD max AF=1.31439e-05 < threshold 0.0001 for MOI AD,,,,,,,,,,,,No,No,,,Filtered: VUS with <5 points excluded from all reporting paths (auto/manual/delins),,Yes
7029740,19910_2023,chr11,2673091,C,T,KCNQ1,AD,c.1514+11010C>T,Not provided,,,,NM_000218.3,11/15,intron_variant,MODIFIER,Het,35,0.528,Long-QT syndrome type 1,No,,No,CN239322:KCNQ1-related disorder,No,Not provided,CN239322:KCNQ1-related disorder,likely benign,0,Likely benign,0,0,conditions_csv_phenotype_match,Not provided,Not provided,0,Not provided,0,Not provided,ClinVar: Sig=likely benign; ClinVar: Trait=CN239322:KCNQ1-related disorder,0.0,Unknown,0.000,Not provided,Not provided,Not provided,[],[],unknown,No,"{""PM2_Moderate"": 2, ""BP5ext_Supporting"": -1}",1,VUS,"sig=likely benign (-2 points), stars=1 (0.75 coef), clinvar_phenotype_match=No [PENALTY APPLIED], clin=-1.000 | No HGMD entry | raw_total=-1.000, applied=BP5ext_Supporting","sig=likely benign (-2 points), stars=1 (0.75 coef), clinvar_phenotype_match=No [PENALTY APPLIED], clin=-1.000",No HGMD entry,-1.000,BP5ext_Supporting,,,,PM2_Moderate: gnomAD max AF=0 < threshold 0.0001 for MOI AD,,,,,,,,,,,,No,No,,,Filtered: VUS with <5 points excluded from all reporting paths (auto/manual/delins),,Yes
7029740,19910_2023,chr11,2711024,A,G,KCNQ1,AD,c.1514+48943A>G,Not provided,,,,NM_000218.3,11/15,intron_variant,MODIFIER,Het,40,0.548,Long-QT syndrome type 1,No,,No,Not provided,No,Not provided,Not provided,Not provided,0,Not provided,0,0,N/A,Not provided,Not provided,0,Not provided,0,Not provided,No database evidence,0.0,Unknown,0.000,Not provided,Not provided,Not provided,[],[],unknown,No,"{""PM2_Moderate"": 2}",2,VUS,"No ClinVar submissions | No HGMD entry | raw_total=0.000, applied=None",No ClinVar submissions,No HGMD entry,0.000,,,,,PM2_Moderate: gnomAD max AF=0 < threshold 0.0001 for MOI AD,,,,,,,,,,,,No,No,,,Filtered: VUS with <5 points excluded from all reporting paths (auto/manual/delins),,Yes
7029740,19910_2023,chr11,2752368,T,C,KCNQ1,AD,c.1515-16476T>C,Not provided,,,,NM_000218.3,11/15,intron_variant,MODIFIER,Het,37,0.553,Long-QT syndrome type 1,No,,No,Not provided,No,Not provided,Not provided,Not provided,0,Not provided,0,0,N/A,Not provided,Not provided,0,Not provided,0,Not provided,No database evidence,0.0,Unknown,0.000,Not provided,Not provided,Not provided,[],[],unknown,No,"{""PM2_Moderate"": 2}",2,VUS,"No ClinVar submissions | No HGMD entry | raw_total=0.000, applied=None",No ClinVar submissions,No HGMD entry,0.000,,,,,PM2_Moderate: gnomAD max AF=0 < threshold 0.0001 for MOI AD,,,,,,,,,,,,No,No,,,Filtered: VUS with <5 points excluded from all reporting paths (auto/manual/delins),,Yes
7029740,19910_2023,chr11,2776204,T,C,KCNQ1,AD,c.1685+150T>C,Not provided,,,,NM_000218.3,13/15,intron_variant,MODIFIER,Het,12,0.333,Long-QT syndrome type 1,No,,No,Not provided,No,Not provided,Not provided,Not provided,0,Not provided,0,0,N/A,Not provided,Not provided,0,Not provided,0,Not provided,No database evidence,0.0,Unknown,0.000,Not provided,Not provided,Not provided,[],[],unknown,No,"{""PM2_Moderate"": 2}",2,VUS,"No ClinVar submissions | No HGMD entry | raw_total=0.000, applied=None",No ClinVar submissions,No HGMD entry,0.000,,,,,PM2_Moderate: gnomAD max AF=0 < threshold 0.0001 for MOI AD,,,,,,,,,,,,No,No,,,Filtered: VUS with <5 points excluded from all reporting paths (auto/manual/delins),,Yes
7029740,19910_2023,chr11,2777631,G,A,KCNQ1,AD,c.1733-345G>A,Not provided,,,,NM_000218.3,14/15,intron_variant,MODIFIER,Het,24,0.680,Long-QT syndrome type 1,No,,No,Not provided,No,Not provided,Not provided,Not provided,0,Not provided,0,0,N/A,Not provided,Not provided,0,Not provided,0,Not provided,No database evidence,0.0,Unknown,0.000,Not provided,Not provided,Not provided,[],[],unknown,No,"{""PM2_Moderate"": 2}",2,VUS,"No ClinVar submissions | No HGMD entry | raw_total=0.000, applied=None",No ClinVar submissions,No HGMD entry,0.000,,,,,PM2_Moderate: gnomAD max AF=0 < threshold 0.0001 for MOI AD,,,,,,,,,,,,No,No,,,Filtered: VUS with <5 points excluded from all reporting paths (auto/manual/delins),,Yes
7029740,19910_2023,chr11,2778150,G,A,KCNQ1,AD,c.1794+113G>A,Not provided,,,,NM_000218.3,15/15,intron_variant,MODIFIER,Het,27,0.517,Long-QT syndrome type 1,No,,No,Not provided,No,Not provided,Not provided,Not provided,0,Not provided,0,0,N/A,Not provided,Not provided,0,Not provided,0,Not provided,No database evidence,0.0,Unknown,0.000,Not provided,Not provided,Not provided,[],[],unknown,No,"{""PM2_Moderate"": 2}",2,VUS,"No ClinVar submissions | No HGMD entry | raw_total=0.000, applied=None",No ClinVar submissions,No HGMD entry,0.000,,,,,PM2_Moderate: gnomAD max AF=0 < threshold 0.0001 for MOI AD,,,,,,,,,,,,No,No,,,Filtered: VUS with <5 points excluded from all reporting paths (auto/manual/delins),,Yes
7029740,19910_2023,chr11,2802058,G,A,KCNQ1,AD,c.1794+24021G>A,Not provided,,,,NM_000218.3,15/15,intron_variant,MODIFIER,Het,33,0.412,Long-QT syndrome type 1,No,,No,Not provided,No,Not provided,Not provided,Not provided,0,Not provided,0,0,N/A,Not provided,Not provided,0,Not provided,0,Not provided,No database evidence,0.0,Unknown,0.000,Not provided,Not provided,Not provided,[],[],unknown,No,"{""PM2_Moderate"": 2}",2,VUS,"No ClinVar submissions | No HGMD entry | raw_total=0.000, applied=None",No ClinVar submissions,No HGMD entry,0.000,,,,,PM2_Moderate: gnomAD max AF=0 < threshold 0.0001 for MOI AD,,,,,,,,,,,,No,No,,,Filtered: VUS with <5 points excluded from all reporting paths (auto/manual/delins),,Yes
7029740,19910_2023,chr11,2802399,G,A,KCNQ1,AD,c.1794+24362G>A,Not provided,,,,NM_000218.3,15/15,intron_variant,MODIFIER,Het,36,0.622,Long-QT syndrome type 1,No,,No,Not provided,No,Not provided,Not provided,Not provided,0,Not provided,0,0,N/A,Not provided,Not provided,0,Not provided,0,Not provided,No database evidence,0.0,Unknown,0.000,Not provided,Not provided,Not provided,[],[],unknown,No,"{""PM2_Moderate"": 2}",2,VUS,"No ClinVar submissions | No HGMD entry | raw_total=0.000, applied=None",No ClinVar submissions,No HGMD entry,0.000,,,,,PM2_Moderate: gnomAD max AF=0 < threshold 0.0001 for MOI AD,,,,,,,,,,,,No,No,,,Filtered: VUS with <5 points excluded from all reporting paths (auto/manual/delins),,Yes
7029740,19910_2023,chr11,2809379,G,A,KCNQ1,AD,c.1794+31342G>A,Not provided,,,,NM_000218.3,15/15,intron_variant,MODIFIER,Het,40,0.488,Long-QT syndrome type 1,No,,No,Not provided,No,Not provided,Not provided,Not provided,0,Not provided,0,0,N/A,Not provided,Not provided,0,Not provided,0,Not provided,No database evidence,0.0,Unknown,0.000,Not provided,Not provided,Not provided,[],[],unknown,No,"{""PM2_Moderate"": 2}",2,VUS,"No ClinVar submissions | No HGMD entry | raw_total=0.000, applied=None",No ClinVar submissions,No HGMD entry,0.000,,,,,PM2_Moderate: gnomAD max AF=0 < threshold 0.0001 for MOI AD,,,,,,,,,,,,No,No,,,Filtered: VUS with <5 points excluded from all reporting paths (auto/manual/delins),,Yes
7029740,19910_2023,chr11,2825703,G,A,KCNQ1,AD,c.1795-22064G>A,Not provided,,,,NM_000218.3,15/15,intron_variant,MODIFIER,Het,34,0.500,Long-QT syndrome type 1,No,,No,Not provided,No,Not provided,Not provided,Not provided,0,Not provided,0,0,N/A,Not provided,Not provided,0,Not provided,0,Not provided,No database evidence,0.0,Unknown,0.000,Not provided,Not provided,Not provided,[],[],unknown,No,"{""PM2_Moderate"": 2}",2,VUS,"No ClinVar submissions | No HGMD entry | raw_total=0.000, applied=None",No ClinVar submissions,No HGMD entry,0.000,,,,,PM2_Moderate: gnomAD max AF=0 < threshold 0.0001 for MOI AD,,,,,,,,,,,,No,No,,,Filtered: VUS with <5 points excluded from all reporting paths (auto/manual/delins),,Yes
7029740,19910_2023,chr11,2837752,A,C,KCNQ1,AD,c.1795-10015A>C,Not provided,,,,NM_000218.3,15/15,intron_variant,MODIFIER,Het,16,0.647,Long-QT syndrome type 1,No,,No,Not provided,No,Not provided,Not provided,Not provided,0,Not provided,0,0,N/A,Not provided,Not provided,0,Not provided,0,Not provided,No database evidence,0.0,Unknown,0.000,Not provided,Not provided,Not provided,[],[],unknown,No,"{""PM2_Moderate"": 2}",2,VUS,"No ClinVar submissions | No HGMD entry | raw_total=0.000, applied=None",No ClinVar submissions,No HGMD entry,0.000,,,,,PM2_Moderate: gnomAD max AF=0 < threshold 0.0001 for MOI AD,,,,,,,,,,,,No,No,,,Filtered: VUS with <5 points excluded from all reporting paths (auto/manual/delins),,Yes
7029740,19910_2023,chr11,47353167,A,C,MYBPC3,AD,c.-520T>G,Not provided,,,,NM_000256.3,,upstream_gene_variant,MODIFIER,Het,32,0.438,Hypertrophic cardiomyopathy,No,,No,Not provided,No,Not provided,Not provided,Not provided,0,Not provided,0,0,N/A,Not provided,Not provided,0,Not provided,0,Not provided,No database evidence,0.0,Unknown,0.000,Not provided,Not provided,Not provided,[],[],unknown,No,"{""PM2_Moderate"": 2}",2,VUS,"No ClinVar submissions | No HGMD entry | raw_total=0.000, applied=None",No ClinVar submissions,No HGMD entry,0.000,,,,,PM2_Moderate: gnomAD max AF=0 < threshold 0.0001 for MOI AD,,,,,,,,,,,,No,No,,,Filtered: VUS with <5 points excluded from all reporting paths (auto/manual/delins),,Yes
7029740,19910_2023,chr11,64800548,T,G,MEN1,AD,c.*3786A>C,Not provided,,,,NM_000244.3,,downstream_gene_variant,MODIFIER,Het,33,0.543,Multiple endocrine neoplasia type 1,No,,No,Not provided,No,Not provided,Not provided,Not provided,0,Not provided,0,0,N/A,Not provided,Not provided,0,Not provided,0,Not provided,No database evidence,0.0,Unknown,0.000,Not provided,Not provided,Not provided,[],[],unknown,No,"{""PM2_Moderate"": 2}",2,VUS,"No ClinVar submissions | No HGMD entry | raw_total=0.000, applied=None",No ClinVar submissions,No HGMD entry,0.000,,,,,PM2_Moderate: gnomAD max AF=0 < threshold 0.0001 for MOI AD,,,,,,,,,,,,No,No,,,Filtered: VUS with <5 points excluded from all reporting paths (auto/manual/delins),,Yes
7029740,19910_2023,chr12,32846745,C,CAAAA,PKP2,AD,c.1379-3436_1379-3433dupTTTT,Not provided,,,,NM_004572.3,5/13,intron_variant,MODIFIER,Het,16,0.688,Arrhythmogenic right ventricular cardiomyopathy,No,,No,Not provided,No,Not provided,Not provided,Not provided,0,Not provided,0,0,N/A,Not provided,Not provided,0,Not provided,0,Not provided,No database evidence,0.0,Unknown,0.000,Not provided,0.000,Not provided,[],[],unknown,No,"{""PM2_Moderate"": 2}",2,VUS,"No ClinVar submissions | No HGMD entry | raw_total=0.000, applied=None",No ClinVar submissions,No HGMD entry,0.000,,,,,PM2_Moderate: gnomAD max AF=0 < threshold 0.0001 for MOI AD,,,,,,,,,,,,No,No,,,Filtered: VUS with <5 points excluded from all reporting paths (auto/manual/delins),,Yes
7029740,19910_2023,chr12,32860345,G,C,PKP2,AD,c.1170+8582C>G,Not provided,,,,NM_004572.3,4/13,intron_variant,MODIFIER,Het,37,0.658,Arrhythmogenic right ventricular cardiomyopathy,No,,No,Not provided,No,Not provided,Not provided,Not provided,0,Not provided,0,0,N/A,Not provided,Not provided,0,Not provided,0,Not provided,No database evidence,0.0,Unknown,0.000,Not provided,Not provided,Not provided,[],[],unknown,No,"{""PM2_Moderate"": 2}",2,VUS,"No ClinVar submissions | No HGMD entry | raw_total=0.000, applied=None",No ClinVar submissions,No HGMD entry,0.000,,,,,PM2_Moderate: gnomAD max AF=0 < threshold 0.0001 for MOI AD,,,,,,,,,,,,No,No,,,Filtered: VUS with <5 points excluded from all reporting paths (auto/manual/delins),,Yes
7029740,19910_2023,chr12,32887757,A,G,PKP2,AD,c.224-8725T>C,Not provided,,,,NM_004572.3,1/13,intron_variant,MODIFIER,Het,22,0.500,Arrhythmogenic right ventricular cardiomyopathy,No,,No,Not provided,No,Not provided,Not provided,Not provided,0,Not provided,0,0,N/A,Not provided,Not provided,0,Not provided,0,Not provided,No database evidence,0.0,Unknown,0.000,Not provided,Not provided,Not provided,[],[],unknown,No,"{""PM2_Moderate"": 2}",2,VUS,"No ClinVar submissions | No HGMD entry | raw_total=0.000, applied=None",No ClinVar submissions,No HGMD entry,0.000,,,,,PM2_Moderate: gnomAD max AF=0 < threshold 0.0001 for MOI AD,,,,,,,,,,,,No,No,,,Filtered: VUS with <5 points excluded from all reporting paths (auto/manual/delins),,Yes
7029740,19910_2023,chr12,51920931,TG,T,ACVRL1,AD,c.*45delG,Not provided,,,,NM_000020.3,10/10,3_prime_UTR_variant,MODIFIER,Het,14,0.500,Hereditary hemorrhagic telangiectasia,No,,Yes,"Telangiectasia, hereditary hemorrhagic, type 2;Telangiectasia, hereditary hemorrhagic, type 1",No,Not provided,"Telangiectasia, hereditary hemorrhagic, type 2;Telangiectasia, hereditary hemorrhagic, type 1",likely benign;likely benign,1;1,Likely benign,1,1,conditions_csv_phenotype_match,Not provided,Not provided,0,Not provided,0,Not provided,"ClinVar: Sig=likely benign;likely benign; ClinVar: Trait=Telangiectasia, hereditary hemorrhagic, type 2;Telangiectasia, hereditary hemorrhagic, type 1",0.0,Unknown,0.000,Not provided,Not provided,Not provided,[],[],unknown,No,"{""PM2_Moderate"": 2, ""BP5ext_Supporting"": -1}",1,VUS,"sig=likely benign (-2 points), stars=1 (0.75 coef), clinvar_phenotype_match=Yes, clin=-1.500 | No HGMD entry | raw_total=-1.500, applied=BP5ext_Supporting","sig=likely benign (-2 points), stars=1 (0.75 coef), clinvar_phenotype_match=Yes, clin=-1.500",No HGMD entry,-1.500,BP5ext_Supporting,,,,PM2_Moderate: gnomAD max AF=0 < threshold 0.0001 for MOI AD,,,,,,,,,,,,No,No,,,Filtered: VUS with <5 points excluded from all reporting paths (auto/manual/delins),,Yes
7029740,19910_2023,chr12,120975428,T,A,HNF1A,AD,c.-3341T>A,Not provided,,,,NM_001306179.2,,upstream_gene_variant,MODIFIER,Het,29,0.367,Maturity-Onset of Diabetes of the Young,No,,No,Not provided,No,Not provided,Not provided,Not provided,0,Not provided,0,0,N/A,Not provided,Not provided,0,Not provided,0,Not provided,No database evidence,0.0,Unknown,0.000,Not provided,Not provided,Not provided,[],[],unknown,No,"{""PM2_Moderate"": 2}",2,VUS,"No ClinVar submissions | No HGMD entry | raw_total=0.000, applied=None",No ClinVar submissions,No HGMD entry,0.000,,,,,PM2_Moderate: gnomAD max AF=0 < threshold 0.0001 for MOI AD,,,,,,,,,,,,No,No,,,Filtered: VUS with <5 points excluded from all reporting paths (auto/manual/delins),,Yes
7029740,19910_2023,chr13,32353467,CTA,C,BRCA2,AD,c.7008-1393_7008-1392delTA,Not provided,,,,NM_000059.3,13/26,intron_variant,MODIFIER,Hom,31,1.000,Hereditary breast and ovarian cancer,No,,Yes,"Breast-ovarian cancer, familial, susceptibility to, 2",No,Not provided,"Breast-ovarian cancer, familial, susceptibility to, 2",benign,3,Benign,3,3,conditions_csv_phenotype_match,Not provided,Not provided,0,Not provided,0,Not provided,"ClinVar: Sig=benign; ClinVar: Trait=Breast-ovarian cancer, familial, susceptibility to, 2",0.000007,v3,0.000,Not provided,Not provided,Not provided,[],[],unknown,No,"{""PM2_Moderate"": 2, ""BP5ext_Moderate"": -2}",0,VUS,"sig=benign (-3 points), stars=3 (1.25 coef), clinvar_phenotype_match=Yes, clin=-3.750 | No HGMD entry | raw_total=-3.750, applied=BP5ext_Moderate","sig=benign (-3 points), stars=3 (1.25 coef), clinvar_phenotype_match=Yes, clin=-3.750",No HGMD entry,-3.750,BP5ext_Moderate,,,,PM2_Moderate: gnomAD max AF=6.57713e-06 < threshold 0.0001 for MOI AD,,,,,,,,,,,,No,No,,,Filtered: VUS with <5 points excluded from all reporting paths (auto/manual/delins);Filtered: HQ Benign (ClinVar≥2★ or HGMD benign or Internal DB benign),Filtered: VUS with <5 points excluded from all reporting paths (auto/manual/delins);Filtered: HQ Benign (ClinVar≥2★ or HGMD benign or Internal DB benign),Yes
7029740,19910_2023,chr13,32353471,A,G,BRCA2,AD,c.7008-1390A>G,Not provided,,,,NM_000059.3,13/26,intron_variant,MODIFIER,Hom,31,1.000,Hereditary breast and ovarian cancer,No,,Yes,"Breast-ovarian cancer, familial, susceptibility to, 2",No,Not provided,"Breast-ovarian cancer, familial, susceptibility to, 2",benign,3,Benign,3,3,conditions_csv_phenotype_match,Not provided,Not provided,0,Not provided,0,Not provided,"ClinVar: Sig=benign; ClinVar: Trait=Breast-ovarian cancer, familial, susceptibility to, 2",0.000007,v3,0.000,Not provided,Not provided,Not provided,[],[],unknown,No,"{""PM2_Moderate"": 2, ""BP5ext_Moderate"": -2}",0,VUS,"sig=benign (-3 points), stars=3 (1.25 coef), clinvar_phenotype_match=Yes, clin=-3.750 | No HGMD entry | raw_total=-3.750, applied=BP5ext_Moderate","sig=benign (-3 points), stars=3 (1.25 coef), clinvar_phenotype_match=Yes, clin=-3.750",No HGMD entry,-3.750,BP5ext_Moderate,,,,PM2_Moderate: gnomAD max AF=6.57903e-06 < threshold 0.0001 for MOI AD,,,,,,,,,,,,No,No,,,Filtered: VUS with <5 points excluded from all reporting paths (auto/manual/delins);Filtered: HQ Benign (ClinVar≥2★ or HGMD benign or Internal DB benign),Filtered: VUS with <5 points excluded from all reporting paths (auto/manual/delins);Filtered: HQ Benign (ClinVar≥2★ or HGMD benign or Internal DB benign),Yes
7029740,19910_2023,chr13,32353473,G,GTA,BRCA2,AD,c.7008-1388_7008-1387insTA,Not provided,,,,NM_000059.3,13/26,intron_variant,MODIFIER,Hom,32,0.969,Hereditary breast and ovarian cancer,No,,Yes,"Breast-ovarian cancer, familial, susceptibility to, 2",No,Not provided,"Breast-ovarian cancer, familial, susceptibility to, 2",benign,3,Benign,3,3,conditions_csv_phenotype_match,Not provided,Not provided,0,Not provided,0,Not provided,"ClinVar: Sig=benign; ClinVar: Trait=Breast-ovarian cancer, familial, susceptibility to, 2",0.0,Unknown,0.000,Not provided,0.000,Not provided,[],[],unknown,No,"{""PM2_Moderate"": 2, ""BP5ext_Moderate"": -2}",0,VUS,"sig=benign (-3 points), stars=3 (1.25 coef), clinvar_phenotype_match=Yes, clin=-3.750 | No HGMD entry | raw_total=-3.750, applied=BP5ext_Moderate","sig=benign (-3 points), stars=3 (1.25 coef), clinvar_phenotype_match=Yes, clin=-3.750",No HGMD entry,-3.750,BP5ext_Moderate,,,,PM2_Moderate: gnomAD max AF=0 < threshold 0.0001 for MOI AD,,,,,,,,,,,,No,No,,,Filtered: VUS with <5 points excluded from all reporting paths (auto/manual/delins);Filtered: HQ Benign (ClinVar≥2★ or HGMD benign or Internal DB benign),Filtered: VUS with <5 points excluded from all reporting paths (auto/manual/delins);Filtered: HQ Benign (ClinVar≥2★ or HGMD benign or Internal DB benign),Yes
7029740,19910_2023,chr13,32353474,C,CA,BRCA2,AD,c.7008-1387_7008-1386insA,Not provided,,,,NM_000059.3,13/26,intron_variant,MODIFIER,Hom,32,1.000,Hereditary breast and ovarian cancer,No,,Yes,"Breast-ovarian cancer, familial, susceptibility to, 2",No,Not provided,"Breast-ovarian cancer, familial, susceptibility to, 2",benign,3,Benign,3,3,conditions_csv_phenotype_match,Not provided,Not provided,0,Not provided,0,Not provided,"ClinVar: Sig=benign; ClinVar: Trait=Breast-ovarian cancer, familial, susceptibility to, 2",0.000011,v3,0.000,Not provided,Not provided,Not provided,[],[],unknown,No,"{""PM2_Moderate"": 2, ""BP5ext_Moderate"": -2}",0,VUS,"sig=benign (-3 points), stars=3 (1.25 coef), clinvar_phenotype_match=Yes, clin=-3.750 | No HGMD entry | raw_total=-3.750, applied=BP5ext_Moderate","sig=benign (-3 points), stars=3 (1.25 coef), clinvar_phenotype_match=Yes, clin=-3.750",No HGMD entry,-3.750,BP5ext_Moderate,,,,PM2_Moderate: gnomAD max AF=1.09524e-05 < threshold 0.0001 for MOI AD,,,,,,,,,,,,No,No,,,Filtered: VUS with <5 points excluded from all reporting paths (auto/manual/delins);Filtered: HQ Benign (ClinVar≥2★ or HGMD benign or Internal DB benign),Filtered: VUS with <5 points excluded from all reporting paths (auto/manual/delins);Filtered: HQ Benign (ClinVar≥2★ or HGMD benign or Internal DB benign),Yes
7029740,19910_2023,chr13,32374798,T,C,BRCA2,AD,c.8633-1872T>C,Not provided,,,,NM_000059.3,20/26,intron_variant,MODIFIER,Het,40,0.525,Hereditary breast and ovarian cancer,No,,No,Not provided,No,Not provided,Not provided,Not provided,0,Not provided,0,0,N/A,Not provided,Not provided,0,Not provided,0,Not provided,No database evidence,0.0,Unknown,0.000,Not provided,Not provided,Not provided,[],[],unknown,No,"{""PM2_Moderate"": 2}",2,VUS,"No ClinVar submissions | No HGMD entry | raw_total=0.000, applied=None",No ClinVar submissions,No HGMD entry,0.000,,,,,PM2_Moderate: gnomAD max AF=0 < threshold 0.0001 for MOI AD,,,,,,,,,,,,No,No,,,Filtered: VUS with <5 points excluded from all reporting paths (auto/manual/delins),,Yes
7029740,19910_2023,chr13,32402508,T,A,BRCA2,AD,c.*3738T>A,Not provided,,,,NM_000059.3,,downstream_gene_variant,MODIFIER,Hom,41,1.000,Hereditary breast and ovarian cancer,No,,No,Not provided,No,Not provided,Not provided,Not provided,0,Not provided,0,0,N/A,Not provided,Not provided,0,Not provided,0,Not provided,No database evidence,0.0,Unknown,0.000,Not provided,Not provided,Not provided,[],[],unknown,No,"{""PM2_Moderate"": 2}",2,VUS,"No ClinVar submissions | No HGMD entry | raw_total=0.000, applied=None",No ClinVar submissions,No HGMD entry,0.000,,,,,PM2_Moderate: gnomAD max AF=0 < threshold 0.0001 for MOI AD,,,,,,,,,,,,No,No,,,Cluster id=8 detected (members=chr13:32402508:T:A:7029740;chr13:32402515:CAA:C:7029740;chr13:32402510:A:ACT:7029740;chr13:32402514:G:C:7029740;chr13:32402511:G:T:7029740;chr13:32402513:A:T:7029740) - no Pathogenic/LP present; delins NOT flagged; requires P/LP to consider delins.;Delins/overlap cluster (id=8) detected but not all members meet P/LP or >5pts -> not auto-escalated (possible carrier).;Filtered: VUS with <5 points excluded from all reporting paths (auto/manual/delins),,Yes
7029740,19910_2023,chr13,32402510,A,ACT,BRCA2,AD,c.*3740_*3741insCT,Not provided,,,,NM_000059.3,,downstream_gene_variant,MODIFIER,Hom,42,1.000,Hereditary breast and ovarian cancer,No,,No,Not provided,No,Not provided,Not provided,Not provided,0,Not provided,0,0,N/A,Not provided,Not provided,0,Not provided,0,Not provided,No database evidence,0.0,Unknown,0.000,Not provided,0.000,Not provided,[],[],unknown,No,"{""PM2_Moderate"": 2}",2,VUS,"No ClinVar submissions | No HGMD entry | raw_total=0.000, applied=None",No ClinVar submissions,No HGMD entry,0.000,,,,,PM2_Moderate: gnomAD max AF=0 < threshold 0.0001 for MOI AD,,,,,,,,,,,,No,No,,,Cluster id=8 detected (members=chr13:32402508:T:A:7029740;chr13:32402515:CAA:C:7029740;chr13:32402510:A:ACT:7029740;chr13:32402514:G:C:7029740;chr13:32402511:G:T:7029740;chr13:32402513:A:T:7029740) - no Pathogenic/LP present; delins NOT flagged; requires P/LP to consider delins.;Delins/overlap cluster (id=8) detected but not all members meet P/LP or >5pts -> not auto-escalated (possible carrier).;Filtered: VUS with <5 points excluded from all reporting paths (auto/manual/delins),,Yes
7029740,19910_2023,chr13,32402511,G,T,BRCA2,AD,c.*3741G>T,Not provided,,,,NM_000059.3,,downstream_gene_variant,MODIFIER,Hom,42,1.000,Hereditary breast and ovarian cancer,No,,No,Not provided,No,Not provided,Not provided,Not provided,0,Not provided,0,0,N/A,Not provided,Not provided,0,Not provided,0,Not provided,No database evidence,0.0,Unknown,0.000,Not provided,Not provided,Not provided,[],[],unknown,No,"{""PM2_Moderate"": 2}",2,VUS,"No ClinVar submissions | No HGMD entry | raw_total=0.000, applied=None",No ClinVar submissions,No HGMD entry,0.000,,,,,PM2_Moderate: gnomAD max AF=0 < threshold 0.0001 for MOI AD,,,,,,,,,,,,No,No,,,Cluster id=8 detected (members=chr13:32402508:T:A:7029740;chr13:32402515:CAA:C:7029740;chr13:32402510:A:ACT:7029740;chr13:32402514:G:C:7029740;chr13:32402511:G:T:7029740;chr13:32402513:A:T:7029740) - no Pathogenic/LP present; delins NOT flagged; requires P/LP to consider delins.;Delins/overlap cluster (id=8) detected but not all members meet P/LP or >5pts -> not auto-escalated (possible carrier).;Filtered: VUS with <5 points excluded from all reporting paths (auto/manual/delins),,Yes
7029740,19910_2023,chr13,32402513,A,T,BRCA2,AD,c.*3743A>T,Not provided,,,,NM_000059.3,,downstream_gene_variant,MODIFIER,Hom,41,1.000,Hereditary breast and ovarian cancer,No,,No,Not provided,No,Not provided,Not provided,Not provided,0,Not provided,0,0,N/A,Not provided,Not provided,0,Not provided,0,Not provided,No database evidence,0.0,Unknown,0.000,Not provided,Not provided,Not provided,[],[],unknown,No,"{""PM2_Moderate"": 2}",2,VUS,"No ClinVar submissions | No HGMD entry | raw_total=0.000, applied=None",No ClinVar submissions,No HGMD entry,0.000,,,,,PM2_Moderate: gnomAD max AF=0 < threshold 0.0001 for MOI AD,,,,,,,,,,,,No,No,,,Cluster id=8 detected (members=chr13:32402508:T:A:7029740;chr13:32402515:CAA:C:7029740;chr13:32402510:A:ACT:7029740;chr13:32402514:G:C:7029740;chr13:32402511:G:T:7029740;chr13:32402513:A:T:7029740) - no Pathogenic/LP present; delins NOT flagged; requires P/LP to consider delins.;Delins/overlap cluster (id=8) detected but not all members meet P/LP or >5pts -> not auto-escalated (possible carrier).;Filtered: VUS with <5 points excluded from all reporting paths (auto/manual/delins),,Yes
7029740,19910_2023,chr13,32402514,G,C,BRCA2,AD,c.*3744G>C,Not provided,,,,NM_000059.3,,downstream_gene_variant,MODIFIER,Hom,42,1.000,Hereditary breast and ovarian cancer,No,,No,Not provided,No,Not provided,Not provided,Not provided,0,Not provided,0,0,N/A,Not provided,Not provided,0,Not provided,0,Not provided,No database evidence,0.0,Unknown,0.000,Not provided,Not provided,Not provided,[],[],unknown,No,"{""PM2_Moderate"": 2}",2,VUS,"No ClinVar submissions | No HGMD entry | raw_total=0.000, applied=None",No ClinVar submissions,No HGMD entry,0.000,,,,,PM2_Moderate: gnomAD max AF=0 < threshold 0.0001 for MOI AD,,,,,,,,,,,,No,No,,,Cluster id=8 detected (members=chr13:32402508:T:A:7029740;chr13:32402515:CAA:C:7029740;chr13:32402510:A:ACT:7029740;chr13:32402514:G:C:7029740;chr13:32402511:G:T:7029740;chr13:32402513:A:T:7029740) - no Pathogenic/LP present; delins NOT flagged; requires P/LP to consider delins.;Delins/overlap cluster (id=8) detected but not all members meet P/LP or >5pts -> not auto-escalated (possible carrier).;Filtered: VUS with <5 points excluded from all reporting paths (auto/manual/delins),,Yes
7029740,19910_2023,chr13,32402515,CAA,C,BRCA2,AD,c.*3746_*3747delAA,Not provided,,,,NM_000059.3,,downstream_gene_variant,MODIFIER,Hom,42,1.000,Hereditary breast and ovarian cancer,No,,No,Not provided,No,Not provided,Not provided,Not provided,0,Not provided,0,0,N/A,Not provided,Not provided,0,Not provided,0,Not provided,No database evidence,0.0,Unknown,0.000,Not provided,Not provided,Not provided,[],[],unknown,No,"{""PM2_Moderate"": 2}",2,VUS,"No ClinVar submissions | No HGMD entry | raw_total=0.000, applied=None",No ClinVar submissions,No HGMD entry,0.000,,,,,PM2_Moderate: gnomAD max AF=0 < threshold 0.0001 for MOI AD,,,,,,,,,,,,No,No,,,Cluster id=8 detected (members=chr13:32402508:T:A:7029740;chr13:32402515:CAA:C:7029740;chr13:32402510:A:ACT:7029740;chr13:32402514:G:C:7029740;chr13:32402511:G:T:7029740;chr13:32402513:A:T:7029740) - no Pathogenic/LP present; delins NOT flagged; requires P/LP to consider delins.;Delins/overlap cluster (id=8) detected but not all members meet P/LP or >5pts -> not auto-escalated (possible carrier).;Filtered: VUS with <5 points excluded from all reporting paths (auto/manual/delins),,Yes
7029740,19910_2023,chr13,48306859,A,G,RB1,AD,c.138-421A>G,Not provided,,,,NM_000321.2,1/26,intron_variant,MODIFIER,Het,25,0.423,Retinoblastoma,No,,No,Not provided,No,Not provided,Not provided,Not provided,0,Not provided,0,0,N/A,Not provided,Not provided,0,Not provided,0,Not provided,No database evidence,0.000032,v2,0.000,Not provided,Not provided,Not provided,[],[],unknown,No,"{""PM2_Moderate"": 2}",2,VUS,"No ClinVar submissions | No HGMD entry | raw_total=0.000, applied=None",No ClinVar submissions,No HGMD entry,0.000,,,,,PM2_Moderate: gnomAD max AF=3.18573e-05 < threshold 0.0001 for MOI AD,,,,,,,,,,,,No,No,,,Filtered: VUS with <5 points excluded from all reporting paths (auto/manual/delins),,Yes
7029740,19910_2023,chr13,48333783,CT,C,RB1,AD,c.265-8803delT,Not provided,,,,NM_000321.2,2/26,intron_variant,MODIFIER,Het,32,0.618,Retinoblastoma,No,,No,Not provided,No,Not provided,Not provided,Not provided,0,Not provided,0,0,N/A,Not provided,Not provided,0,Not provided,0,Not provided,No database evidence,0.0,Unknown,0.000,Not provided,Not provided,Not provided,[],[],unknown,No,"{""PM2_Moderate"": 2}",2,VUS,"No ClinVar submissions | No HGMD entry | raw_total=0.000, applied=None",No ClinVar submissions,No HGMD entry,0.000,,,,,PM2_Moderate: gnomAD max AF=0 < threshold 0.0001 for MOI AD,,,,,,,,,,,,No,No,,,Filtered: VUS with <5 points excluded from all reporting paths (auto/manual/delins),,Yes
7029740,19910_2023,chr13,48340039,G,A,RB1,AD,c.265-2560G>A,Not provided,,,,NM_000321.2,2/26,intron_variant,MODIFIER,Het,34,0.571,Retinoblastoma,No,,No,Not provided,No,Not provided,Not provided,Not provided,0,Not provided,0,0,N/A,Not provided,Not provided,0,Not provided,0,Not provided,No database evidence,0.0,Unknown,0.000,Not provided,Not provided,Not provided,[],[],unknown,No,"{""PM2_Moderate"": 2}",2,VUS,"No ClinVar submissions | No HGMD entry | raw_total=0.000, applied=None",No ClinVar submissions,No HGMD entry,0.000,,,,,PM2_Moderate: gnomAD max AF=0 < threshold 0.0001 for MOI AD,,,,,,,,,,,,No,No,,,Filtered: VUS with <5 points excluded from all reporting paths (auto/manual/delins),,Yes
7029740,19910_2023,chr13,48352851,C,T,RB1,AD,c.607+3828C>T,Not provided,,,,NM_000321.2,6/26,intron_variant,MODIFIER,Het,33,0.382,Retinoblastoma,No,,No,Not provided,No,Not provided,Not provided,Not provided,0,Not provided,0,0,N/A,Not provided,Not provided,0,Not provided,0,Not provided,No database evidence,0.0,Unknown,0.000,Not provided,Not provided,Not provided,[],[],unknown,No,"{""PM2_Moderate"": 2}",2,VUS,"No ClinVar submissions | No HGMD entry | raw_total=0.000, applied=None",No ClinVar submissions,No HGMD entry,0.000,,,,,PM2_Moderate: gnomAD max AF=0 < threshold 0.0001 for MOI AD,,,,,,,,,,,,No,No,,,Filtered: VUS with <5 points excluded from all reporting paths (auto/manual/delins),,Yes
7029740,19910_2023,chr13,48394731,A,G,RB1,AD,c.1695+13288A>G,Not provided,,,,NM_000321.2,17/26,intron_variant,MODIFIER,Het,25,0.440,Retinoblastoma,No,,No,Not provided,No,Not provided,Not provided,Not provided,0,Not provided,0,0,N/A,Not provided,Not provided,0,Not provided,0,Not provided,No database evidence,0.0,Unknown,0.000,Not provided,Not provided,Not provided,[],[],unknown,No,"{""PM2_Moderate"": 2}",2,VUS,"No ClinVar submissions | No HGMD entry | raw_total=0.000, applied=None",No ClinVar submissions,No HGMD entry,0.000,,,,,PM2_Moderate: gnomAD max AF=0 < threshold 0.0001 for MOI AD,,,,,,,,,,,,No,No,,,Filtered: VUS with <5 points excluded from all reporting paths (auto/manual/delins),,Yes
7029740,19910_2023,chr13,48422003,A,C,RB1,AD,c.1696-30990A>C,Not provided,,,,NM_000321.2,17/26,intron_variant,MODIFIER,Het,35,0.400,Retinoblastoma,No,,No,Not provided,No,Not provided,Not provided,Not provided,0,Not provided,0,0,N/A,Not provided,Not provided,0,Not provided,0,Not provided,No database evidence,0.0,Unknown,0.000,Not provided,Not provided,Not provided,[],[],unknown,No,"{""PM2_Moderate"": 2}",2,VUS,"No ClinVar submissions | No HGMD entry | raw_total=0.000, applied=None",No ClinVar submissions,No HGMD entry,0.000,,,,,PM2_Moderate: gnomAD max AF=0 < threshold 0.0001 for MOI AD,,,,,,,,,,,,No,No,,,Cluster id=9 detected (members=chr13:48422003:A:C:7029740;chr13:48422005:G:T:7029740) - no Pathogenic/LP present; delins NOT flagged; requires P/LP to consider delins.;Delins/overlap cluster (id=9) detected but not all members meet P/LP or >5pts -> not auto-escalated (possible carrier).;Filtered: VUS with <5 points excluded from all reporting paths (auto/manual/delins),,Yes
7029740,19910_2023,chr13,48422005,G,T,RB1,AD,c.1696-30988G>T,Not provided,,,,NM_000321.2,17/26,intron_variant,MODIFIER,Het,35,0.417,Retinoblastoma,No,,No,Not provided,No,Not provided,Not provided,Not provided,0,Not provided,0,0,N/A,Not provided,Not provided,0,Not provided,0,Not provided,No database evidence,0.0,Unknown,0.000,Not provided,Not provided,Not provided,[],[],unknown,No,"{""PM2_Moderate"": 2}",2,VUS,"No ClinVar submissions | No HGMD entry | raw_total=0.000, applied=None",No ClinVar submissions,No HGMD entry,0.000,,,,,PM2_Moderate: gnomAD max AF=0 < threshold 0.0001 for MOI AD,,,,,,,,,,,,No,No,,,Cluster id=9 detected (members=chr13:48422003:A:C:7029740;chr13:48422005:G:T:7029740) - no Pathogenic/LP present; delins NOT flagged; requires P/LP to consider delins.;Delins/overlap cluster (id=9) detected but not all members meet P/LP or >5pts -> not auto-escalated (possible carrier).;Filtered: VUS with <5 points excluded from all reporting paths (auto/manual/delins),,Yes
7029740,19910_2023,chr13,48423344,G,A,RB1,AD,c.1696-29649G>A,Not provided,,,,NM_000321.2,17/26,intron_variant,MODIFIER,Het,40,0.561,Retinoblastoma,No,,No,Not provided,No,Not provided,Not provided,Not provided,0,Not provided,0,0,N/A,Not provided,Not provided,0,Not provided,0,Not provided,No database evidence,0.0,Unknown,0.000,Not provided,Not provided,Not provided,[],[],unknown,No,"{""PM2_Moderate"": 2}",2,VUS,"No ClinVar submissions | No HGMD entry | raw_total=0.000, applied=None",No ClinVar submissions,No HGMD entry,0.000,,,,,PM2_Moderate: gnomAD max AF=0 < threshold 0.0001 for MOI AD,,,,,,,,,,,,No,No,,,Filtered: VUS with <5 points excluded from all reporting paths (auto/manual/delins),,Yes
7029740,19910_2023,chr13,48447430,G,T,RB1,AD,c.1696-5563G>T,Not provided,,,,NM_000321.2,17/26,intron_variant,MODIFIER,Het,26,0.414,Retinoblastoma,No,,No,Not provided,No,Not provided,Not provided,Not provided,0,Not provided,0,0,N/A,Not provided,Not provided,0,Not provided,0,Not provided,No database evidence,0.0,Unknown,0.000,Not provided,Not provided,Not provided,[],[],unknown,No,"{""PM2_Moderate"": 2}",2,VUS,"No ClinVar submissions | No HGMD entry | raw_total=0.000, applied=None",No ClinVar submissions,No HGMD entry,0.000,,,,,PM2_Moderate: gnomAD max AF=0 < threshold 0.0001 for MOI AD,,,,,,,,,,,,No,No,,,Filtered: VUS with <5 points excluded from all reporting paths (auto/manual/delins),,Yes
7029740,19910_2023,chr13,48451022,T,G,RB1,AD,c.1696-1971T>G,Not provided,,,,NM_000321.2,17/26,intron_variant,MODIFIER,Het,37,0.658,Retinoblastoma,No,,No,Not provided,No,Not provided,Not provided,Not provided,0,Not provided,0,0,N/A,Not provided,Not provided,0,Not provided,0,Not provided,No database evidence,0.0,Unknown,0.000,Not provided,Not provided,Not provided,[],[],unknown,No,"{""PM2_Moderate"": 2}",2,VUS,"No ClinVar submissions | No HGMD entry | raw_total=0.000, applied=None",No ClinVar submissions,No HGMD entry,0.000,,,,,PM2_Moderate: gnomAD max AF=0 < threshold 0.0001 for MOI AD,,,,,,,,,,,,No,No,,,Filtered: VUS with <5 points excluded from all reporting paths (auto/manual/delins),,Yes
7029740,19910_2023,chr13,48452033,A,G,RB1,AD,c.1696-960A>G,Not provided,,,,NM_000321.2,17/26,intron_variant,MODIFIER,Het,26,0.500,Retinoblastoma,No,,No,Not provided,No,Not provided,Not provided,Not provided,0,Not provided,0,0,N/A,Not provided,Not provided,0,Not provided,0,Not provided,No database evidence,0.0,Unknown,0.000,Not provided,Not provided,Not provided,[],[],unknown,No,"{""PM2_Moderate"": 2}",2,VUS,"No ClinVar submissions | No HGMD entry | raw_total=0.000, applied=None",No ClinVar submissions,No HGMD entry,0.000,,,,,PM2_Moderate: gnomAD max AF=0 < threshold 0.0001 for MOI AD,,,,,,,,,,,,No,No,,,Filtered: VUS with <5 points excluded from all reporting paths (auto/manual/delins),,Yes
7029740,19910_2023,chr13,48468027,A,G,RB1,AD,c.2489+2659A>G,Not provided,,,,NM_000321.2,23/26,intron_variant,MODIFIER,Hom,10,0.833,Retinoblastoma,No,,No,Not provided,No,Not provided,Not provided,Not provided,0,Not provided,0,0,N/A,Not provided,Not provided,0,Not provided,0,Not provided,No database evidence,0.0,Unknown,0.000,Not provided,Not provided,Not provided,[],[],unknown,No,"{""PM2_Moderate"": 2}",2,VUS,"No ClinVar submissions | No HGMD entry | raw_total=0.000, applied=None",No ClinVar submissions,No HGMD entry,0.000,,,,,PM2_Moderate: gnomAD max AF=0 < threshold 0.0001 for MOI AD,,,,,,,,,,,,No,No,,,Filtered: VUS with <5 points excluded from all reporting paths (auto/manual/delins),,Yes
7029740,19910_2023,chr13,48479653,G,T,RB1,AD,c.2714-345G>T,Not provided,,,,NM_000321.2,26/26,intron_variant,MODIFIER,Het,30,0.452,Retinoblastoma,No,,No,Not provided,No,Not provided,Not provided,Not provided,0,Not provided,0,0,N/A,Not provided,Not provided,0,Not provided,0,Not provided,No database evidence,0.0,Unknown,0.000,Not provided,Not provided,Not provided,[],[],unknown,No,"{""PM2_Moderate"": 2}",2,VUS,"No ClinVar submissions | No HGMD entry | raw_total=0.000, applied=None",No ClinVar submissions,No HGMD entry,0.000,,,,,PM2_Moderate: gnomAD max AF=0 < threshold 0.0001 for MOI AD,,,,,,,,,,,,No,No,,,Filtered: VUS with <5 points excluded from all reporting paths (auto/manual/delins),,Yes
7029740,19910_2023,chr13,51942331,G,A,ATP7B,AR,c.3412+55C>T,Not provided,,,,NM_000053.4,15/20,intron_variant,MODIFIER,Het,28,0.483,Wilson disease,No,,No,Not provided,No,Not provided,Not provided,Not provided,0,Not provided,0,0,N/A,Not provided,Not provided,0,Not provided,0,Not provided,No database evidence,0.0,Unknown,0.000,Not provided,Not provided,Not provided,[],[],unknown,No,"{""PM2_Moderate"": 2}",2,VUS,"No ClinVar submissions | No HGMD entry | raw_total=0.000, applied=None",No ClinVar submissions,No HGMD entry,0.000,,,,,PM2_Moderate: gnomAD max AF=0 < threshold 0.005 for MOI AR,,,,,,,,,,,,No,No,,,Filtered: VUS with <5 points excluded from all reporting paths (auto/manual/delins),,Yes
7029740,19910_2023,chr13,51972309,C,T,ATP7B,AR,c.1286-1560G>A,Not provided,,,,NM_000053.4,2/20,intron_variant,MODIFIER,Het,27,0.655,Wilson disease,No,,No,Not provided,No,Not provided,Not provided,Not provided,0,Not provided,0,0,N/A,Not provided,Not provided,0,Not provided,0,Not provided,No database evidence,0.0,Unknown,0.000,Not provided,Not provided,Not provided,[],[],unknown,No,"{""PM2_Moderate"": 2}",2,VUS,"No ClinVar submissions | No HGMD entry | raw_total=0.000, applied=None",No ClinVar submissions,No HGMD entry,0.000,,,,,PM2_Moderate: gnomAD max AF=0 < threshold 0.005 for MOI AR,,,,,,,,,,,,No,No,,,Filtered: VUS with <5 points excluded from all reporting paths (auto/manual/delins),,Yes
7029740,19910_2023,chr13,51989738,C,T,ATP7B,AR,c.52-14570G>A,Not provided,,,,NM_000053.4,1/20,intron_variant,MODIFIER,Het,32,0.625,Wilson disease,No,,No,Not provided,No,Not provided,Not provided,Not provided,0,Not provided,0,0,N/A,Not provided,Not provided,0,Not provided,0,Not provided,No database evidence,0.0,Unknown,0.000,Not provided,Not provided,Not provided,[],[],unknown,No,"{""PM2_Moderate"": 2}",2,VUS,"No ClinVar submissions | No HGMD entry | raw_total=0.000, applied=None",No ClinVar submissions,No HGMD entry,0.000,,,,,PM2_Moderate: gnomAD max AF=0 < threshold 0.005 for MOI AR,,,,,,,,,,,,No,No,,,Filtered: VUS with <5 points excluded from all reporting paths (auto/manual/delins),,Yes
7029740,19910_2023,chr15,48407847,T,A,FBN1,AD,c.*3143A>T,Not provided,,,,NM_000138.4,,downstream_gene_variant,MODIFIER,Het,40,0.575,Marfan syndrome,No,,No,Not provided,No,Not provided,Not provided,Not provided,0,Not provided,0,0,N/A,Not provided,Not provided,0,Not provided,0,Not provided,No database evidence,0.0,Unknown,0.000,Not provided,Not provided,Not provided,[],[],unknown,No,"{""PM2_Moderate"": 2}",2,VUS,"No ClinVar submissions | No HGMD entry | raw_total=0.000, applied=None",No ClinVar submissions,No HGMD entry,0.000,,,,,PM2_Moderate: gnomAD max AF=0 < threshold 0.0001 for MOI AD,,,,,,,,,,,,No,No,,,Filtered: VUS with <5 points excluded from all reporting paths (auto/manual/delins),,Yes
7029740,19910_2023,chr15,48409692,G,C,FBN1,AD,c.*1298C>G,Not provided,,,,NM_000138.4,66/66,3_prime_UTR_variant,MODIFIER,Het,28,0.621,Marfan syndrome,No,,Yes,"Acromicric dysplasia;Ectopia lentis 1, isolated, autosomal dominant;Marfan syndrome;Weill-Marchesani syndrome;Familial thoracic aortic aneurysm and aortic dissection;Geleophysic dysplasia;Stiff skin syndrome",No,Not provided,"Acromicric dysplasia;Ectopia lentis 1, isolated, autosomal dominant;Marfan syndrome;Weill-Marchesani syndrome;Familial thoracic aortic aneurysm and aortic dissection;Geleophysic dysplasia;Stiff skin syndrome",benign;benign;likely benign;likely benign;uncertain significance;benign;benign,1;1;1;1;1;1;1,Benign,1,1,conditions_csv_phenotype_match,Not provided,Not provided,0,Not provided,0,Not provided,"ClinVar: Sig=benign;benign;likely benign;likely benign;uncertain significance;benign;benign; ClinVar: Trait=Acromicric dysplasia;Ectopia lentis 1, isolated, autosomal dominant;Marfan syndrome;Weill-Marchesani syndrome;Familial thoracic aortic aneurysm and aortic dissection;Geleophysic dysplasia;Stiff skin syndrome",0.0,Unknown,0.000,Not provided,Not provided,Not provided,[],[],unknown,No,"{""PM2_Moderate"": 2, ""BP5ext_Supporting"": -1}",1,VUS,"sig=likely benign (-2 points), stars=1 (0.75 coef), clinvar_phenotype_match=Yes, clin=-1.500 | No HGMD entry | raw_total=-1.500, applied=BP5ext_Supporting","sig=likely benign (-2 points), stars=1 (0.75 coef), clinvar_phenotype_match=Yes, clin=-1.500",No HGMD entry,-1.500,BP5ext_Supporting,,,,PM2_Moderate: gnomAD max AF=0 < threshold 0.0001 for MOI AD,,,,,,,,,,,,No,No,,,Database conflict (ClinVar): Benign vs VUS detected -> conservative -1 point applied (info in comments).;Filtered: VUS with <5 points excluded from all reporting paths (auto/manual/delins),,Yes
7029740,19910_2023,chr15,48410029,GC,G,FBN1,AD,c.*960delG,Not provided,,,,NM_000138.4,66/66,3_prime_UTR_variant,MODIFIER,Het,43,0.636,Marfan syndrome,No,,Yes,Stiff skin syndrome;Marfan syndrome;MASS syndrome;Ectopia lentis;Geleophysic dysplasia;Acromicric dysplasia;Familial thoracic aortic aneurysm and aortic dissection;Weill-Marchesani syndrome,No,Not provided,Stiff skin syndrome;Marfan syndrome;MASS syndrome;Ectopia lentis;Geleophysic dysplasia;Acromicric dysplasia;Familial thoracic aortic aneurysm and aortic dissection;Weill-Marchesani syndrome,likely benign;likely benign;likely benign;likely benign;likely benign;likely benign;likely benign;likely benign,1;1;1;1;1;1;1;1,Likely benign,1,1,conditions_csv_phenotype_match,Not provided,Not provided,0,Not provided,0,Not provided,ClinVar: Sig=likely benign;likely benign;likely benign;likely benign;likely benign;likely benign;likely benign;likely benign; ClinVar: Trait=Stiff skin syndrome;Marfan syndrome;MASS syndrome;Ectopia lentis;Geleophysic dysplasia;Acromicric dysplasia;Familial thoracic aortic aneurysm and aortic dissection;Weill-Marchesani syndrome,0.0,Unknown,0.000,Not provided,Not provided,Not provided,[],[],unknown,No,"{""PM2_Moderate"": 2, ""BP5ext_Supporting"": -1}",1,VUS,"sig=likely benign (-2 points), stars=1 (0.75 coef), clinvar_phenotype_match=Yes, clin=-1.500 | No HGMD entry | raw_total=-1.500, applied=BP5ext_Supporting","sig=likely benign (-2 points), stars=1 (0.75 coef), clinvar_phenotype_match=Yes, clin=-1.500",No HGMD entry,-1.500,BP5ext_Supporting,,,,PM2_Moderate: gnomAD max AF=0 < threshold 0.0001 for MOI AD,,,,,,,,,,,,No,No,,,Filtered: VUS with <5 points excluded from all reporting paths (auto/manual/delins),,Yes
7029740,19910_2023,chr15,48421889,T,C,FBN1,AD,c.7570+63A>G,Not provided,,,,NM_000138.4,61/65,intron_variant,MODIFIER,Het,30,0.485,Marfan syndrome,No,,No,Not provided,No,Not provided,Not provided,Not provided,0,Not provided,0,0,N/A,Not provided,Not provided,0,Not provided,0,Not provided,No database evidence,0.0,Unknown,0.000,Not provided,Not provided,Not provided,[],[],unknown,No,"{""PM2_Moderate"": 2}",2,VUS,"No ClinVar submissions | No HGMD entry | raw_total=0.000, applied=None",No ClinVar submissions,No HGMD entry,0.000,,,,,PM2_Moderate: gnomAD max AF=0 < threshold 0.0001 for MOI AD,,,,,,,,,,,,No,No,,,Filtered: VUS with <5 points excluded from all reporting paths (auto/manual/delins),,Yes
7029740,19910_2023,chr15,48426338,G,A,FBN1,AD,c.7205-474C>T,Not provided,,,,NM_000138.4,58/65,intron_variant,MODIFIER,Het,40,0.585,Marfan syndrome,No,,No,Not provided,No,Not provided,Not provided,Not provided,0,Not provided,0,0,N/A,Not provided,Not provided,0,Not provided,0,Not provided,No database evidence,0.0,Unknown,0.000,Not provided,Not provided,Not provided,[],[],unknown,No,"{""PM2_Moderate"": 2}",2,VUS,"No ClinVar submissions | No HGMD entry | raw_total=0.000, applied=None",No ClinVar submissions,No HGMD entry,0.000,,,,,PM2_Moderate: gnomAD max AF=0 < threshold 0.0001 for MOI AD,,,,,,,,,,,,No,No,,,Filtered: VUS with <5 points excluded from all reporting paths (auto/manual/delins),,Yes
7029740,19910_2023,chr15,48426866,C,T,FBN1,AD,c.7204+701G>A,Not provided,,,,NM_000138.4,58/65,intron_variant,MODIFIER,Het,24,0.375,Marfan syndrome,No,,No,Not provided,No,Not provided,Not provided,Not provided,0,Not provided,0,0,N/A,Not provided,Not provided,0,Not provided,0,Not provided,No database evidence,0.0,Unknown,0.000,Not provided,Not provided,Not provided,[],[],unknown,No,"{""PM2_Moderate"": 2}",2,VUS,"No ClinVar submissions | No HGMD entry | raw_total=0.000, applied=None",No ClinVar submissions,No HGMD entry,0.000,,,,,PM2_Moderate: gnomAD max AF=0 < threshold 0.0001 for MOI AD,,,,,,,,,,,,No,No,,,Filtered: VUS with <5 points excluded from all reporting paths (auto/manual/delins),,Yes
7029740,19910_2023,chr15,48429881,C,T,FBN1,AD,c.6871+790G>A,Not provided,,,,NM_000138.4,56/65,intron_variant,MODIFIER,Het,32,0.344,Marfan syndrome,No,,No,Not provided,No,Not provided,Not provided,Not provided,0,Not provided,0,0,N/A,Not provided,Not provided,0,Not provided,0,Not provided,No database evidence,0.0,Unknown,0.000,Not provided,Not provided,Not provided,[],[],unknown,No,"{""PM2_Moderate"": 2}",2,VUS,"No ClinVar submissions | No HGMD entry | raw_total=0.000, applied=None",No ClinVar submissions,No HGMD entry,0.000,,,,,PM2_Moderate: gnomAD max AF=0 < threshold 0.0001 for MOI AD,,,,,,,,,,,,No,No,,,Filtered: VUS with <5 points excluded from all reporting paths (auto/manual/delins),,Yes
7029740,19910_2023,chr15,48430515,G,A,FBN1,AD,c.6871+156C>T,Not provided,,,,NM_000138.4,56/65,intron_variant,MODIFIER,Het,38,0.439,Marfan syndrome,No,,No,Not provided,No,Not provided,Not provided,Not provided,0,Not provided,0,0,N/A,Not provided,Not provided,0,Not provided,0,Not provided,No database evidence,0.0,Unknown,0.000,Not provided,Not provided,Not provided,[],[],unknown,No,"{""PM2_Moderate"": 2}",2,VUS,"No ClinVar submissions | No HGMD entry | raw_total=0.000, applied=None",No ClinVar submissions,No HGMD entry,0.000,,,,,PM2_Moderate: gnomAD max AF=0 < threshold 0.0001 for MOI AD,,,,,,,,,,,,No,No,,,Filtered: VUS with <5 points excluded from all reporting paths (auto/manual/delins),,Yes
7029740,19910_2023,chr15,48430586,T,C,FBN1,AD,c.6871+85A>G,Not provided,,,,NM_000138.4,56/65,intron_variant,MODIFIER,Het,41,0.452,Marfan syndrome,No,,No,Not provided,No,Not provided,Not provided,Not provided,0,Not provided,0,0,N/A,Not provided,Not provided,0,Not provided,0,Not provided,No database evidence,0.0,Unknown,0.000,Not provided,Not provided,Not provided,[],[],unknown,No,"{""PM2_Moderate"": 2}",2,VUS,"No ClinVar submissions | No HGMD entry | raw_total=0.000, applied=None",No ClinVar submissions,No HGMD entry,0.000,,,,,PM2_Moderate: gnomAD max AF=0 < threshold 0.0001 for MOI AD,,,,,,,,,,,,No,No,,,Filtered: VUS with <5 points excluded from all reporting paths (auto/manual/delins),,Yes
7029740,19910_2023,chr15,48434174,G,A,FBN1,AD,c.6616+420C>T,Not provided,,,,NM_000138.4,54/65,intron_variant,MODIFIER,Het,30,0.485,Marfan syndrome,No,,No,Not provided,No,Not provided,Not provided,Not provided,0,Not provided,0,0,N/A,Not provided,Not provided,0,Not provided,0,Not provided,No database evidence,0.0,Unknown,0.000,Not provided,Not provided,Not provided,[],[],unknown,No,"{""PM2_Moderate"": 2}",2,VUS,"No ClinVar submissions | No HGMD entry | raw_total=0.000, applied=None",No ClinVar submissions,No HGMD entry,0.000,,,,,PM2_Moderate: gnomAD max AF=0 < threshold 0.0001 for MOI AD,,,,,,,,,,,,No,No,,,Filtered: VUS with <5 points excluded from all reporting paths (auto/manual/delins),,Yes
7029740,19910_2023,chr15,48434616,G,A,FBN1,AD,c.6594C>T,p.Pro2198Pro,Pro,Pro,2198,NM_000138.4,54/66,synonymous_variant,LOW,Het,29,0.467,Marfan syndrome,No,,Yes,"Acromicric dysplasia;Marfan syndrome;Ectopia lentis 1, isolated, autosomal dominant;Marfan syndrome;Geleophysic dysplasia;Connective tissue disorder;Familial thoracic aortic aneurysm and aortic dissection;Familial thoracic aortic aneurysm and aortic dissection;Stiff skin syndrome;Connective tissue disorder;Weill-Marchesani syndrome;Marfan syndrome;C4707243:Familial thoracic aortic aneurysm and aortic dissection",No,Not provided,"Acromicric dysplasia;Marfan syndrome;Ectopia lentis 1, isolated, autosomal dominant;Marfan syndrome;Geleophysic dysplasia;Connective tissue disorder;Familial thoracic aortic aneurysm and aortic dissection;Familial thoracic aortic aneurysm and aortic dissection;Stiff skin syndrome;Connective tissue disorder;Weill-Marchesani syndrome;Marfan syndrome;C4707243:Familial thoracic aortic aneurysm and aortic dissection",benign;benign;benign;likely benign;benign;benign;benign;likely benign;benign;likely benign;benign;benign,1;1;1;1;1;1;1;1;1;1;1;1,Benign,1,1,conditions_csv_phenotype_match,Not provided,Not provided,0,Not provided,0,Not provided,"ClinVar: Sig=benign;benign;benign;likely benign;benign;benign;benign;likely benign;benign;likely benign;benign;benign; ClinVar: Trait=Acromicric dysplasia;Marfan syndrome;Ectopia lentis 1, isolated, autosomal dominant;Marfan syndrome;Geleophysic dysplasia;Connective tissue disorder;Familial thoracic aortic aneurysm and aortic dissection;Familial thoracic aortic aneurysm and aortic dissection;Stiff skin syndrome;Connective tissue disorder;Weill-Marchesani syndrome;Marfan syndrome;C4707243:Familial thoracic aortic aneurysm and aortic dissection",0.0,Unknown,0.000,Not provided,Not provided,Not provided,[],[],unknown,No,"{""PM2_Moderate"": 2, ""BP5ext_Moderate"": -2}",0,VUS,"sig=benign (-3 points), stars=1 (0.75 coef), clinvar_phenotype_match=Yes, clin=-2.250 | No HGMD entry | raw_total=-2.250, applied=BP5ext_Moderate","sig=benign (-3 points), stars=1 (0.75 coef), clinvar_phenotype_match=Yes, clin=-2.250",No HGMD entry,-2.250,BP5ext_Moderate,,,,PM2_Moderate: gnomAD max AF=0 < threshold 0.0001 for MOI AD,,,,,,,,,,,,No,No,,,Filtered: VUS with <5 points excluded from all reporting paths (auto/manual/delins),,Yes
7029740,19910_2023,chr15,48438130,T,C,FBN1,AD,c.6164-213A>G,Not provided,,,,NM_000138.4,50/65,intron_variant,MODIFIER,Het,41,0.524,Marfan syndrome,No,,No,Not provided,No,Not provided,Not provided,Not provided,0,Not provided,0,0,N/A,Not provided,Not provided,0,Not provided,0,Not provided,No database evidence,0.0,Unknown,0.000,Not provided,Not provided,Not provided,[],[],unknown,No,"{""PM2_Moderate"": 2}",2,VUS,"No ClinVar submissions | No HGMD entry | raw_total=0.000, applied=None",No ClinVar submissions,No HGMD entry,0.000,,,,,PM2_Moderate: gnomAD max AF=0 < threshold 0.0001 for MOI AD,,,,,,,,,,,,No,No,,,Filtered: VUS with <5 points excluded from all reporting paths (auto/manual/delins),,Yes
7029740,19910_2023,chr15,48439937,C,T,FBN1,AD,c.6163+1784G>A,Not provided,,,,NM_000138.4,50/65,intron_variant,MODIFIER,Het,25,0.538,Marfan syndrome,No,,No,Not provided,No,Not provided,Not provided,Not provided,0,Not provided,0,0,N/A,Not provided,Not provided,0,Not provided,0,Not provided,No database evidence,0.0,Unknown,0.000,Not provided,Not provided,Not provided,[],[],unknown,No,"{""PM2_Moderate"": 2}",2,VUS,"No ClinVar submissions | No HGMD entry | raw_total=0.000, applied=None",No ClinVar submissions,No HGMD entry,0.000,,,,,PM2_Moderate: gnomAD max AF=0 < threshold 0.0001 for MOI AD,,,,,,,,,,,,No,No,,,Filtered: VUS with <5 points excluded from all reporting paths (auto/manual/delins),,Yes
7029740,19910_2023,chr15,48444055,G,A,FBN1,AD,c.6037+486C>T,Not provided,,,,NM_000138.4,49/65,intron_variant,MODIFIER,Het,32,0.588,Marfan syndrome,No,,No,Not provided,No,Not provided,Not provided,Not provided,0,Not provided,0,0,N/A,Not provided,Not provided,0,Not provided,0,Not provided,No database evidence,0.0,Unknown,0.000,Not provided,Not provided,Not provided,[],[],unknown,No,"{""PM2_Moderate"": 2}",2,VUS,"No ClinVar submissions | No HGMD entry | raw_total=0.000, applied=None",No ClinVar submissions,No HGMD entry,0.000,,,,,PM2_Moderate: gnomAD max AF=0 < threshold 0.0001 for MOI AD,,,,,,,,,,,,No,No,,,Filtered: VUS with <5 points excluded from all reporting paths (auto/manual/delins),,Yes
7029740,19910_2023,chr15,48445617,C,T,FBN1,AD,c.5789-113G>A,Not provided,,,,NM_000138.4,47/65,intron_variant,MODIFIER,Het,51,0.444,Marfan syndrome,No,,No,Not provided,No,Not provided,Not provided,Not provided,0,Not provided,0,0,N/A,Not provided,Not provided,0,Not provided,0,Not provided,No database evidence,0.0,Unknown,0.000,Not provided,Not provided,Not provided,[],[],unknown,No,"{""PM2_Moderate"": 2}",2,VUS,"No ClinVar submissions | No HGMD entry | raw_total=0.000, applied=None",No ClinVar submissions,No HGMD entry,0.000,,,,,PM2_Moderate: gnomAD max AF=0 < threshold 0.0001 for MOI AD,,,,,,,,,,,,No,No,,,Filtered: VUS with <5 points excluded from all reporting paths (auto/manual/delins),,Yes
7029740,19910_2023,chr15,48449863,T,C,FBN1,AD,c.5546-970A>G,Not provided,,,,NM_000138.4,45/65,intron_variant,MODIFIER,Het,55,0.446,Marfan syndrome,No,,No,Not provided,No,Not provided,Not provided,Not provided,0,Not provided,0,0,N/A,Not provided,Not provided,0,Not provided,0,Not provided,No database evidence,0.0,Unknown,0.000,Not provided,Not provided,Not provided,[],[],unknown,No,"{""PM2_Moderate"": 2}",2,VUS,"No ClinVar submissions | No HGMD entry | raw_total=0.000, applied=None",No ClinVar submissions,No HGMD entry,0.000,,,,,PM2_Moderate: gnomAD max AF=0 < threshold 0.0001 for MOI AD,,,,,,,,,,,,No,No,,,Filtered: VUS with <5 points excluded from all reporting paths (auto/manual/delins),,Yes
7029740,19910_2023,chr15,48452163,C,T,FBN1,AD,c.5545+399G>A,Not provided,,,,NM_000138.4,45/65,intron_variant,MODIFIER,Het,28,0.621,Marfan syndrome,No,,No,Not provided,No,Not provided,Not provided,Not provided,0,Not provided,0,0,N/A,Not provided,Not provided,0,Not provided,0,Not provided,No database evidence,0.000099,v3,0.000,Not provided,Not provided,Not provided,[],[],unknown,No,"{""PM2_Moderate"": 2}",2,VUS,"No ClinVar submissions | No HGMD entry | raw_total=0.000, applied=None",No ClinVar submissions,No HGMD entry,0.000,,,,,PM2_Moderate: gnomAD max AF=9.86232e-05 < threshold 0.0001 for MOI AD,,,,,,,,,,,,No,No,,,Filtered: VUS with <5 points excluded from all reporting paths (auto/manual/delins),,Yes
7029740,19910_2023,chr15,48453833,TA,T,FBN1,AD,c.5423-1150delT,Not provided,,,,NM_000138.4,44/65,intron_variant,MODIFIER,Het,27,0.552,Marfan syndrome,No,,No,Not provided,No,Not provided,Not provided,Not provided,0,Not provided,0,0,N/A,Not provided,Not provided,0,Not provided,0,Not provided,No database evidence,0.0,Unknown,0.000,Not provided,Not provided,Not provided,[],[],unknown,No,"{""PM2_Moderate"": 2}",2,VUS,"No ClinVar submissions | No HGMD entry | raw_total=0.000, applied=None",No ClinVar submissions,No HGMD entry,0.000,,,,,PM2_Moderate: gnomAD max AF=0 < threshold 0.0001 for MOI AD,,,,,,,,,,,,No,No,,,Filtered: VUS with <5 points excluded from all reporting paths (auto/manual/delins),,Yes
7029740,19910_2023,chr15,48456243,G,A,FBN1,AD,c.5422+394C>T,Not provided,,,,NM_000138.4,44/65,intron_variant,MODIFIER,Het,50,0.420,Marfan syndrome,No,,No,Not provided,No,Not provided,Not provided,Not provided,0,Not provided,0,0,N/A,Not provided,Not provided,0,Not provided,0,Not provided,No database evidence,0.0,Unknown,0.000,Not provided,Not provided,Not provided,[],[],unknown,No,"{""PM2_Moderate"": 2}",2,VUS,"No ClinVar submissions | No HGMD entry | raw_total=0.000, applied=None",No ClinVar submissions,No HGMD entry,0.000,,,,,PM2_Moderate: gnomAD max AF=0 < threshold 0.0001 for MOI AD,,,,,,,,,,,,No,No,,,Filtered: VUS with <5 points excluded from all reporting paths (auto/manual/delins),,Yes
7029740,19910_2023,chr15,48457219,C,T,FBN1,AD,c.5297-457G>A,Not provided,,,,NM_000138.4,43/65,intron_variant,MODIFIER,Het,30,0.400,Marfan syndrome,No,,No,Not provided,No,Not provided,Not provided,Not provided,0,Not provided,0,0,N/A,Not provided,Not provided,0,Not provided,0,Not provided,No database evidence,0.0,Unknown,0.000,Not provided,Not provided,Not provided,[],[],unknown,No,"{""PM2_Moderate"": 2}",2,VUS,"No ClinVar submissions | No HGMD entry | raw_total=0.000, applied=None",No ClinVar submissions,No HGMD entry,0.000,,,,,PM2_Moderate: gnomAD max AF=0 < threshold 0.0001 for MOI AD,,,,,,,,,,,,No,No,,,Filtered: VUS with <5 points excluded from all reporting paths (auto/manual/delins),,Yes
7029740,19910_2023,chr15,48458086,T,C,FBN1,AD,c.5297-1324A>G,Not provided,,,,NM_000138.4,43/65,intron_variant,MODIFIER,Het,40,0.600,Marfan syndrome,No,,No,Not provided,No,Not provided,Not provided,Not provided,0,Not provided,0,0,N/A,Not provided,Not provided,0,Not provided,0,Not provided,No database evidence,0.0,Unknown,0.000,Not provided,Not provided,Not provided,[],[],unknown,No,"{""PM2_Moderate"": 2}",2,VUS,"No ClinVar submissions | No HGMD entry | raw_total=0.000, applied=None",No ClinVar submissions,No HGMD entry,0.000,,,,,PM2_Moderate: gnomAD max AF=0 < threshold 0.0001 for MOI AD,,,,,,,,,,,,No,No,,,Filtered: VUS with <5 points excluded from all reporting paths (auto/manual/delins),,Yes
7029740,19910_2023,chr15,48458205,G,C,FBN1,AD,c.5297-1443C>G,Not provided,,,,NM_000138.4,43/65,intron_variant,MODIFIER,Het,29,0.548,Marfan syndrome,No,,No,Not provided,No,Not provided,Not provided,Not provided,0,Not provided,0,0,N/A,Not provided,Not provided,0,Not provided,0,Not provided,No database evidence,0.0,Unknown,0.000,Not provided,Not provided,Not provided,[],[],unknown,No,"{""PM2_Moderate"": 2}",2,VUS,"No ClinVar submissions | No HGMD entry | raw_total=0.000, applied=None",No ClinVar submissions,No HGMD entry,0.000,,,,,PM2_Moderate: gnomAD max AF=0 < threshold 0.0001 for MOI AD,,,,,,,,,,,,No,No,,,Filtered: VUS with <5 points excluded from all reporting paths (auto/manual/delins),,Yes
7029740,19910_2023,chr15,48459802,TGAGGA,T,FBN1,AD,c.5296+439_5296+443delTCCTC,Not provided,,,,NM_000138.4,43/65,intron_variant,MODIFIER,Het,25,0.440,Marfan syndrome,No,,No,Not provided,No,Not provided,Not provided,Not provided,0,Not provided,0,0,N/A,Not provided,Not provided,0,Not provided,0,Not provided,No database evidence,0.0,Unknown,0.000,Not provided,0.020,Not provided,[],[],unknown,No,"{""PM2_Moderate"": 2}",2,VUS,"No ClinVar submissions | No HGMD entry | raw_total=0.000, applied=None",No ClinVar submissions,No HGMD entry,0.000,,,,,PM2_Moderate: gnomAD max AF=0 < threshold 0.0001 for MOI AD,,,,,,,,,,,,No,No,,,Filtered: VUS with <5 points excluded from all reporting paths (auto/manual/delins),,Yes
7029740,19910_2023,chr15,48462351,CTT,C,FBN1,AD,c.5224+729_5224+730delAA,Not provided,,,,NM_000138.4,42/65,intron_variant,MODIFIER,Het,47,0.354,Marfan syndrome,No,,No,Not provided,No,Not provided,Not provided,Not provided,0,Not provided,0,0,N/A,Not provided,Not provided,0,Not provided,0,Not provided,No database evidence,0.0,Unknown,0.000,Not provided,Not provided,Not provided,[],[],unknown,No,"{""PM2_Moderate"": 2}",2,VUS,"No ClinVar submissions | No HGMD entry | raw_total=0.000, applied=None",No ClinVar submissions,No HGMD entry,0.000,,,,,PM2_Moderate: gnomAD max AF=0 < threshold 0.0001 for MOI AD,,,,,,,,,,,,No,No,,,Filtered: VUS with <5 points excluded from all reporting paths (auto/manual/delins),,Yes
7029740,19910_2023,chr15,48463350,T,C,FBN1,AD,c.5066-110A>G,Not provided,,,,NM_000138.4,41/65,intron_variant,MODIFIER,Het,41,0.524,Marfan syndrome,No,,No,Not provided,No,Not provided,Not provided,Not provided,0,Not provided,0,0,N/A,Not provided,Not provided,0,Not provided,0,Not provided,No database evidence,0.0,Unknown,0.000,Not provided,Not provided,Not provided,[],[],unknown,No,"{""PM2_Moderate"": 2}",2,VUS,"No ClinVar submissions | No HGMD entry | raw_total=0.000, applied=None",No ClinVar submissions,No HGMD entry,0.000,,,,,PM2_Moderate: gnomAD max AF=0 < threshold 0.0001 for MOI AD,,,,,,,,,,,,No,No,,,Filtered: VUS with <5 points excluded from all reporting paths (auto/manual/delins),,Yes
7029740,19910_2023,chr15,48464186,T,C,FBN1,AD,c.4943-165A>G,Not provided,,,,NM_000138.4,40/65,intron_variant,MODIFIER,Het,32,0.531,Marfan syndrome,No,,No,Not provided,No,Not provided,Not provided,Not provided,0,Not provided,0,0,N/A,Not provided,Not provided,0,Not provided,0,Not provided,No database evidence,0.0,Unknown,0.000,Not provided,Not provided,Not provided,[],[],unknown,No,"{""PM2_Moderate"": 2}",2,VUS,"No ClinVar submissions | No HGMD entry | raw_total=0.000, applied=None",No ClinVar submissions,No HGMD entry,0.000,,,,,PM2_Moderate: gnomAD max AF=0 < threshold 0.0001 for MOI AD,,,,,,,,,,,,No,No,,,Cluster id=10 detected (members=chr15:48464186:T:C:7029740;chr15:48464193:C:T:7029740) - no Pathogenic/LP present; delins NOT flagged; requires P/LP to consider delins.;Delins/overlap cluster (id=10) detected but not all members meet P/LP or >5pts -> not auto-escalated (possible carrier).;Filtered: VUS with <5 points excluded from all reporting paths (auto/manual/delins),,Yes
7029740,19910_2023,chr15,48464193,C,T,FBN1,AD,c.4943-172G>A,Not provided,,,,NM_000138.4,40/65,intron_variant,MODIFIER,Het,29,0.516,Marfan syndrome,No,,No,Not provided,No,Not provided,Not provided,Not provided,0,Not provided,0,0,N/A,Not provided,Not provided,0,Not provided,0,Not provided,No database evidence,0.0,Unknown,0.000,Not provided,Not provided,Not provided,[],[],unknown,No,"{""PM2_Moderate"": 2}",2,VUS,"No ClinVar submissions | No HGMD entry | raw_total=0.000, applied=None",No ClinVar submissions,No HGMD entry,0.000,,,,,PM2_Moderate: gnomAD max AF=0 < threshold 0.0001 for MOI AD,,,,,,,,,,,,No,No,,,Cluster id=10 detected (members=chr15:48464186:T:C:7029740;chr15:48464193:C:T:7029740) - no Pathogenic/LP present; delins NOT flagged; requires P/LP to consider delins.;Delins/overlap cluster (id=10) detected but not all members meet P/LP or >5pts -> not auto-escalated (possible carrier).;Filtered: VUS with <5 points excluded from all reporting paths (auto/manual/delins),,Yes
7029740,19910_2023,chr15,48464516,G,A,FBN1,AD,c.4943-495C>T,Not provided,,,,NM_000138.4,40/65,intron_variant,MODIFIER,Het,26,0.226,Marfan syndrome,No,,No,Not provided,No,Not provided,Not provided,Not provided,0,Not provided,0,0,N/A,Not provided,Not provided,0,Not provided,0,Not provided,No database evidence,0.0,Unknown,0.000,Not provided,Not provided,Not provided,[],[],unknown,No,"{""PM2_Moderate"": 2}",2,VUS,"No ClinVar submissions | No HGMD entry | raw_total=0.000, applied=None",No ClinVar submissions,No HGMD entry,0.000,,,,,PM2_Moderate: gnomAD max AF=0 < threshold 0.0001 for MOI AD,,,,,,,,,,,,No,No,,,Filtered: VUS with <5 points excluded from all reporting paths (auto/manual/delins),,Yes
7029740,19910_2023,chr15,48465178,TG,T,FBN1,AD,c.4942+389delC,Not provided,,,,NM_000138.4,40/65,intron_variant,MODIFIER,Het,36,0.579,Marfan syndrome,No,,No,Not provided,No,Not provided,Not provided,Not provided,0,Not provided,0,0,N/A,Not provided,Not provided,0,Not provided,0,Not provided,No database evidence,0.0,Unknown,0.000,Not provided,Not provided,Not provided,[],[],unknown,No,"{""PM2_Moderate"": 2}",2,VUS,"No ClinVar submissions | No HGMD entry | raw_total=0.000, applied=None",No ClinVar submissions,No HGMD entry,0.000,,,,,PM2_Moderate: gnomAD max AF=0 < threshold 0.0001 for MOI AD,,,,,,,,,,,,No,No,,,Filtered: VUS with <5 points excluded from all reporting paths (auto/manual/delins),,Yes
7029740,19910_2023,chr15,48465605,G,C,FBN1,AD,c.4905C>G,p.Thr1635Thr,Thr,Thr,1635,NM_000138.4,40/66,synonymous_variant,LOW,Het,22,0.583,Marfan syndrome,No,,Yes,"Familial thoracic aortic aneurysm and aortic dissection;Marfan syndrome;C4707243:Familial thoracic aortic aneurysm and aortic dissection;Familial thoracic aortic aneurysm and aortic dissection;Connective tissue disorder;Marfan syndrome;Marfan syndrome;Geleophysic dysplasia;Ectopia lentis 1, isolated, autosomal dominant;Stiff skin syndrome;Weill-Marchesani syndrome;Acromicric dysplasia",No,Not provided,"Familial thoracic aortic aneurysm and aortic dissection;Marfan syndrome;C4707243:Familial thoracic aortic aneurysm and aortic dissection;Familial thoracic aortic aneurysm and aortic dissection;Connective tissue disorder;Marfan syndrome;Marfan syndrome;Geleophysic dysplasia;Ectopia lentis 1, isolated, autosomal dominant;Stiff skin syndrome;Weill-Marchesani syndrome;Acromicric dysplasia",likely benign;benign;benign;benign;benign;likely benign;benign;benign;benign;benign;benign,2;2;2;2;2;2;2;2;2;2;2,Benign,2,2,conditions_csv_phenotype_match,Not provided,Not provided,0,Not provided,0,Not provided,"ClinVar: Sig=likely benign;benign;benign;benign;benign;likely benign;benign;benign;benign;benign;benign; ClinVar: Trait=Familial thoracic aortic aneurysm and aortic dissection;Marfan syndrome;C4707243:Familial thoracic aortic aneurysm and aortic dissection;Familial thoracic aortic aneurysm and aortic dissection;Connective tissue disorder;Marfan syndrome;Marfan syndrome;Geleophysic dysplasia;Ectopia lentis 1, isolated, autosomal dominant;Stiff skin syndrome;Weill-Marchesani syndrome;Acromicric dysplasia",0.0,Unknown,0.000,Not provided,Not provided,Not provided,[],[],unknown,No,"{""PM2_Moderate"": 2, ""BP5ext_Moderate"": -2}",0,VUS,"sig=benign (-3 points), stars=2 (1.0 coef), clinvar_phenotype_match=Yes, clin=-3.000 | No HGMD entry | raw_total=-3.000, applied=BP5ext_Moderate","sig=benign (-3 points), stars=2 (1.0 coef), clinvar_phenotype_match=Yes, clin=-3.000",No HGMD entry,-3.000,BP5ext_Moderate,,,,PM2_Moderate: gnomAD max AF=0 < threshold 0.0001 for MOI AD,,,,,,,,,,,,No,No,,,Filtered: VUS with <5 points excluded from all reporting paths (auto/manual/delins),,Yes
7029740,19910_2023,chr15,48465729,T,C,FBN1,AD,c.4817-36A>G,Not provided,,,,NM_000138.4,39/65,intron_variant,MODIFIER,Het,40,0.700,Marfan syndrome,No,,No,Not provided,No,Not provided,Not provided,Not provided,0,Not provided,0,0,N/A,Not provided,Not provided,0,Not provided,0,Not provided,No database evidence,0.0,Unknown,0.000,Not provided,Not provided,Not provided,[],[],unknown,No,"{""PM2_Moderate"": 2}",2,VUS,"No ClinVar submissions | No HGMD entry | raw_total=0.000, applied=None",No ClinVar submissions,No HGMD entry,0.000,,,,,PM2_Moderate: gnomAD max AF=0 < threshold 0.0001 for MOI AD,,,,,,,,,,,,No,No,,,Filtered: VUS with <5 points excluded from all reporting paths (auto/manual/delins),,Yes
7029740,19910_2023,chr15,48467110,C,T,FBN1,AD,c.4747+828G>A,Not provided,,,,NM_000138.4,38/65,intron_variant,MODIFIER,Het,29,0.567,Marfan syndrome,No,,No,Not provided,No,Not provided,Not provided,Not provided,0,Not provided,0,0,N/A,Not provided,Not provided,0,Not provided,0,Not provided,No database evidence,0.0,Unknown,0.000,Not provided,Not provided,Not provided,[],[],unknown,No,"{""PM2_Moderate"": 2}",2,VUS,"No ClinVar submissions | No HGMD entry | raw_total=0.000, applied=None",No ClinVar submissions,No HGMD entry,0.000,,,,,PM2_Moderate: gnomAD max AF=0 < threshold 0.0001 for MOI AD,,,,,,,,,,,,No,No,,,Filtered: VUS with <5 points excluded from all reporting paths (auto/manual/delins),,Yes
7029740,19910_2023,chr15,48469079,A,AAT,FBN1,AD,c.4460-547_4460-546dupAT,Not provided,,,,NM_000138.4,36/65,intron_variant,MODIFIER,Het,20,0.524,Marfan syndrome,No,,No,Not provided,No,Not provided,Not provided,Not provided,0,Not provided,0,0,N/A,Not provided,Not provided,0,Not provided,0,Not provided,No database evidence,0.0,Unknown,0.000,Not provided,0.000,Not provided,[],[],unknown,No,"{""PM2_Moderate"": 2}",2,VUS,"No ClinVar submissions | No HGMD entry | raw_total=0.000, applied=None",No ClinVar submissions,No HGMD entry,0.000,,,,,PM2_Moderate: gnomAD max AF=0 < threshold 0.0001 for MOI AD,,,,,,,,,,,,No,No,,,Filtered: VUS with <5 points excluded from all reporting paths (auto/manual/delins),,Yes
7029740,19910_2023,chr15,48470138,G,A,FBN1,AD,c.4459+496C>T,Not provided,,,,NM_000138.4,36/65,intron_variant,MODIFIER,Het,45,0.478,Marfan syndrome,No,,No,Not provided,No,Not provided,Not provided,Not provided,0,Not provided,0,0,N/A,Not provided,Not provided,0,Not provided,0,Not provided,No database evidence,0.0,Unknown,0.000,Not provided,Not provided,Not provided,[],[],unknown,No,"{""PM2_Moderate"": 2}",2,VUS,"No ClinVar submissions | No HGMD entry | raw_total=0.000, applied=None",No ClinVar submissions,No HGMD entry,0.000,,,,,PM2_Moderate: gnomAD max AF=0 < threshold 0.0001 for MOI AD,,,,,,,,,,,,No,No,,,Filtered: VUS with <5 points excluded from all reporting paths (auto/manual/delins),,Yes
7029740,19910_2023,chr15,48470977,C,T,FBN1,AD,c.4337-221G>A,Not provided,,,,NM_000138.4,35/65,intron_variant,MODIFIER,Het,32,0.515,Marfan syndrome,No,,No,Not provided,No,Not provided,Not provided,Not provided,0,Not provided,0,0,N/A,Not provided,Not provided,0,Not provided,0,Not provided,No database evidence,0.0,Unknown,0.000,Not provided,Not provided,Not provided,[],[],unknown,No,"{""PM2_Moderate"": 2}",2,VUS,"No ClinVar submissions | No HGMD entry | raw_total=0.000, applied=None",No ClinVar submissions,No HGMD entry,0.000,,,,,PM2_Moderate: gnomAD max AF=0 < threshold 0.0001 for MOI AD,,,,,,,,,,,,No,No,,,Filtered: VUS with <5 points excluded from all reporting paths (auto/manual/delins),,Yes
7029740,19910_2023,chr15,48471081,G,GT,FBN1,AD,c.4337-326dupA,Not provided,,,,NM_000138.4,35/65,intron_variant,MODIFIER,Het,34,0.571,Marfan syndrome,No,,No,Not provided,No,Not provided,Not provided,Not provided,0,Not provided,0,0,N/A,Not provided,Not provided,0,Not provided,0,Not provided,No database evidence,0.0,Unknown,0.000,Not provided,Not provided,Not provided,[],[],unknown,No,"{""PM2_Moderate"": 2}",2,VUS,"No ClinVar submissions | No HGMD entry | raw_total=0.000, applied=None",No ClinVar submissions,No HGMD entry,0.000,,,,,PM2_Moderate: gnomAD max AF=0 < threshold 0.0001 for MOI AD,,,,,,,,,,,,No,No,,,Filtered: VUS with <5 points excluded from all reporting paths (auto/manual/delins),,Yes
7029740,19910_2023,chr15,48471358,C,T,FBN1,AD,c.4337-602G>A,Not provided,,,,NM_000138.4,35/65,intron_variant,MODIFIER,Het,30,0.500,Marfan syndrome,No,,No,Not provided,No,Not provided,Not provided,Not provided,0,Not provided,0,0,N/A,Not provided,Not provided,0,Not provided,0,Not provided,No database evidence,0.0,Unknown,0.000,Not provided,Not provided,Not provided,[],[],unknown,No,"{""PM2_Moderate"": 2}",2,VUS,"No ClinVar submissions | No HGMD entry | raw_total=0.000, applied=None",No ClinVar submissions,No HGMD entry,0.000,,,,,PM2_Moderate: gnomAD max AF=0 < threshold 0.0001 for MOI AD,,,,,,,,,,,,No,No,,,Filtered: VUS with <5 points excluded from all reporting paths (auto/manual/delins),,Yes
7029740,19910_2023,chr15,48471647,A,G,FBN1,AD,c.4337-891T>C,Not provided,,,,NM_000138.4,35/65,intron_variant,MODIFIER,Het,38,0.538,Marfan syndrome,No,,No,Not provided,No,Not provided,Not provided,Not provided,0,Not provided,0,0,N/A,Not provided,Not provided,0,Not provided,0,Not provided,No database evidence,0.0,Unknown,0.000,Not provided,Not provided,Not provided,[],[],unknown,No,"{""PM2_Moderate"": 2}",2,VUS,"No ClinVar submissions | No HGMD entry | raw_total=0.000, applied=None",No ClinVar submissions,No HGMD entry,0.000,,,,,PM2_Moderate: gnomAD max AF=0 < threshold 0.0001 for MOI AD,,,,,,,,,,,,No,No,,,Filtered: VUS with <5 points excluded from all reporting paths (auto/manual/delins),,Yes
7029740,19910_2023,chr15,48472341,C,T,FBN1,AD,c.4336+210G>A,Not provided,,,,NM_000138.4,35/65,intron_variant,MODIFIER,Het,26,0.667,Marfan syndrome,No,,No,Not provided,No,Not provided,Not provided,Not provided,0,Not provided,0,0,N/A,Not provided,Not provided,0,Not provided,0,Not provided,No database evidence,0.0,Unknown,0.000,Not provided,Not provided,Not provided,[],[],unknown,No,"{""PM2_Moderate"": 2}",2,VUS,"No ClinVar submissions | No HGMD entry | raw_total=0.000, applied=None",No ClinVar submissions,No HGMD entry,0.000,,,,,PM2_Moderate: gnomAD max AF=0 < threshold 0.0001 for MOI AD,,,,,,,,,,,,No,No,,,Filtered: VUS with <5 points excluded from all reporting paths (auto/manual/delins),,Yes
7029740,19910_2023,chr15,48473092,C,T,FBN1,AD,c.4211-416G>A,Not provided,,,,NM_000138.4,34/65,intron_variant,MODIFIER,Het,47,0.417,Marfan syndrome,No,,No,Not provided,No,Not provided,Not provided,Not provided,0,Not provided,0,0,N/A,Not provided,Not provided,0,Not provided,0,Not provided,No database evidence,0.0,Unknown,0.000,Not provided,Not provided,Not provided,[],[],unknown,No,"{""PM2_Moderate"": 2}",2,VUS,"No ClinVar submissions | No HGMD entry | raw_total=0.000, applied=None",No ClinVar submissions,No HGMD entry,0.000,,,,,PM2_Moderate: gnomAD max AF=0 < threshold 0.0001 for MOI AD,,,,,,,,,,,,No,No,,,Filtered: VUS with <5 points excluded from all reporting paths (auto/manual/delins),,Yes
7029740,19910_2023,chr15,48473347,C,T,FBN1,AD,c.4211-671G>A,Not provided,,,,NM_000138.4,34/65,intron_variant,MODIFIER,Het,46,0.500,Marfan syndrome,No,,No,Not provided,No,Not provided,Not provided,Not provided,0,Not provided,0,0,N/A,Not provided,Not provided,0,Not provided,0,Not provided,No database evidence,0.0,Unknown,0.000,Not provided,Not provided,Not provided,[],[],unknown,No,"{""PM2_Moderate"": 2}",2,VUS,"No ClinVar submissions | No HGMD entry | raw_total=0.000, applied=None",No ClinVar submissions,No HGMD entry,0.000,,,,,PM2_Moderate: gnomAD max AF=0 < threshold 0.0001 for MOI AD,,,,,,,,,,,,No,No,,,Filtered: VUS with <5 points excluded from all reporting paths (auto/manual/delins),,Yes
7029740,19910_2023,chr15,48473766,C,T,FBN1,AD,c.4210+489G>A,Not provided,,,,NM_000138.4,34/65,intron_variant,MODIFIER,Het,32,0.656,Marfan syndrome,No,,No,Not provided,No,Not provided,Not provided,Not provided,0,Not provided,0,0,N/A,Not provided,Not provided,0,Not provided,0,Not provided,No database evidence,0.0,Unknown,0.000,Not provided,Not provided,Not provided,[],[],unknown,No,"{""PM2_Moderate"": 2}",2,VUS,"No ClinVar submissions | No HGMD entry | raw_total=0.000, applied=None",No ClinVar submissions,No HGMD entry,0.000,,,,,PM2_Moderate: gnomAD max AF=0 < threshold 0.0001 for MOI AD,,,,,,,,,,,,No,No,,,Filtered: VUS with <5 points excluded from all reporting paths (auto/manual/delins),,Yes
7029740,19910_2023,chr15,48474483,T,C,FBN1,AD,c.4087+45A>G,Not provided,,,,NM_000138.4,33/65,intron_variant,MODIFIER,Het,26,0.593,Marfan syndrome,No,,No,Not provided,No,Not provided,Not provided,Not provided,0,Not provided,0,0,N/A,Not provided,Not provided,0,Not provided,0,Not provided,No database evidence,0.0,Unknown,0.000,Not provided,Not provided,Not provided,[],[],unknown,No,"{""PM2_Moderate"": 2}",2,VUS,"No ClinVar submissions | No HGMD entry | raw_total=0.000, applied=None",No ClinVar submissions,No HGMD entry,0.000,,,,,PM2_Moderate: gnomAD max AF=0 < threshold 0.0001 for MOI AD,,,,,,,,,,,,No,No,,,Filtered: VUS with <5 points excluded from all reporting paths (auto/manual/delins),,Yes
7029740,19910_2023,chr15,48475510,A,T,FBN1,AD,c.3965-860T>A,Not provided,,,,NM_000138.4,32/65,intron_variant,MODIFIER,Het,34,0.459,Marfan syndrome,No,,No,Not provided,No,Not provided,Not provided,Not provided,0,Not provided,0,0,N/A,Not provided,Not provided,0,Not provided,0,Not provided,No database evidence,0.0,Unknown,0.000,Not provided,Not provided,Not provided,[],[],unknown,No,"{""PM2_Moderate"": 2}",2,VUS,"No ClinVar submissions | No HGMD entry | raw_total=0.000, applied=None",No ClinVar submissions,No HGMD entry,0.000,,,,,PM2_Moderate: gnomAD max AF=0 < threshold 0.0001 for MOI AD,,,,,,,,,,,,No,No,,,Filtered: VUS with <5 points excluded from all reporting paths (auto/manual/delins),,Yes
7029740,19910_2023,chr15,48477354,G,A,FBN1,AD,c.3965-2704C>T,Not provided,,,,NM_000138.4,32/65,intron_variant,MODIFIER,Het,42,0.512,Marfan syndrome,No,,No,Not provided,No,Not provided,Not provided,Not provided,0,Not provided,0,0,N/A,Not provided,Not provided,0,Not provided,0,Not provided,No database evidence,0.0,Unknown,0.000,Not provided,Not provided,Not provided,[],[],unknown,No,"{""PM2_Moderate"": 2}",2,VUS,"No ClinVar submissions | No HGMD entry | raw_total=0.000, applied=None",No ClinVar submissions,No HGMD entry,0.000,,,,,PM2_Moderate: gnomAD max AF=0 < threshold 0.0001 for MOI AD,,,,,,,,,,,,No,No,,,Filtered: VUS with <5 points excluded from all reporting paths (auto/manual/delins),,Yes
7029740,19910_2023,chr15,48487580,C,T,FBN1,AD,c.3338-143G>A,Not provided,,,,NM_000138.4,27/65,intron_variant,MODIFIER,Het,35,0.417,Marfan syndrome,No,,No,Not provided,No,Not provided,Not provided,Not provided,0,Not provided,0,0,N/A,Not provided,Not provided,0,Not provided,0,Not provided,No database evidence,0.0,Unknown,0.000,Not provided,Not provided,Not provided,[],[],unknown,No,"{""PM2_Moderate"": 2}",2,VUS,"No ClinVar submissions | No HGMD entry | raw_total=0.000, applied=None",No ClinVar submissions,No HGMD entry,0.000,,,,,PM2_Moderate: gnomAD max AF=0 < threshold 0.0001 for MOI AD,,,,,,,,,,,,No,No,,,Filtered: VUS with <5 points excluded from all reporting paths (auto/manual/delins),,Yes
7029740,19910_2023,chr15,48488010,G,A,FBN1,AD,c.3337+103C>T,Not provided,,,,NM_000138.4,27/65,intron_variant,MODIFIER,Het,26,0.556,Marfan syndrome,No,,No,Not provided,No,Not provided,Not provided,Not provided,0,Not provided,0,0,N/A,Not provided,Not provided,0,Not provided,0,Not provided,No database evidence,0.0,Unknown,0.000,Not provided,Not provided,Not provided,[],[],unknown,No,"{""PM2_Moderate"": 2}",2,VUS,"No ClinVar submissions | No HGMD entry | raw_total=0.000, applied=None",No ClinVar submissions,No HGMD entry,0.000,,,,,PM2_Moderate: gnomAD max AF=0 < threshold 0.0001 for MOI AD,,,,,,,,,,,,No,No,,,Filtered: VUS with <5 points excluded from all reporting paths (auto/manual/delins),,Yes
7029740,19910_2023,chr15,48491198,T,C,FBN1,AD,c.2855-1120A>G,Not provided,,,,NM_000138.4,24/65,intron_variant,MODIFIER,Het,30,0.387,Marfan syndrome,No,,No,Not provided,No,Not provided,Not provided,Not provided,0,Not provided,0,0,N/A,Not provided,Not provided,0,Not provided,0,Not provided,No database evidence,0.0,Unknown,0.000,Not provided,Not provided,Not provided,[],[],unknown,No,"{""PM2_Moderate"": 2}",2,VUS,"No ClinVar submissions | No HGMD entry | raw_total=0.000, applied=None",No ClinVar submissions,No HGMD entry,0.000,,,,,PM2_Moderate: gnomAD max AF=0 < threshold 0.0001 for MOI AD,,,,,,,,,,,,No,No,,,Filtered: VUS with <5 points excluded from all reporting paths (auto/manual/delins),,Yes
7029740,19910_2023,chr15,48495788,C,T,FBN1,AD,c.2420-200G>A,Not provided,,,,NM_000138.4,20/65,intron_variant,MODIFIER,Het,28,0.533,Marfan syndrome,No,,No,Not provided,No,Not provided,Not provided,Not provided,0,Not provided,0,0,N/A,Not provided,Not provided,0,Not provided,0,Not provided,No database evidence,0.0,Unknown,0.000,Not provided,Not provided,Not provided,[],[],unknown,No,"{""PM2_Moderate"": 2}",2,VUS,"No ClinVar submissions | No HGMD entry | raw_total=0.000, applied=None",No ClinVar submissions,No HGMD entry,0.000,,,,,PM2_Moderate: gnomAD max AF=0 < threshold 0.0001 for MOI AD,,,,,,,,,,,,No,No,,,Filtered: VUS with <5 points excluded from all reporting paths (auto/manual/delins),,Yes
7029740,19910_2023,chr15,48499935,C,T,FBN1,AD,c.2114-897G>A,Not provided,,,,NM_000138.4,17/65,intron_variant,MODIFIER,Het,40,0.525,Marfan syndrome,No,,No,Not provided,No,Not provided,Not provided,Not provided,0,Not provided,0,0,N/A,Not provided,Not provided,0,Not provided,0,Not provided,No database evidence,0.000099,v3,0.000,Not provided,Not provided,Not provided,[],[],unknown,No,"{""PM2_Moderate"": 2}",2,VUS,"No ClinVar submissions | No HGMD entry | raw_total=0.000, applied=None",No ClinVar submissions,No HGMD entry,0.000,,,,,PM2_Moderate: gnomAD max AF=9.85584e-05 < threshold 0.0001 for MOI AD,,,,,,,,,,,,No,No,,,Filtered: VUS with <5 points excluded from all reporting paths (auto/manual/delins),,Yes
7029740,19910_2023,chr15,48501604,T,C,FBN1,AD,c.2113+2183A>G,Not provided,,,,NM_000138.4,17/65,intron_variant,MODIFIER,Het,40,0.550,Marfan syndrome,No,,No,Not provided,No,Not provided,Not provided,Not provided,0,Not provided,0,0,N/A,Not provided,Not provided,0,Not provided,0,Not provided,No database evidence,0.0,Unknown,0.000,Not provided,Not provided,Not provided,[],[],unknown,No,"{""PM2_Moderate"": 2}",2,VUS,"No ClinVar submissions | No HGMD entry | raw_total=0.000, applied=None",No ClinVar submissions,No HGMD entry,0.000,,,,,PM2_Moderate: gnomAD max AF=0 < threshold 0.0001 for MOI AD,,,,,,,,,,,,No,No,,,Filtered: VUS with <5 points excluded from all reporting paths (auto/manual/delins),,Yes
7029740,19910_2023,chr15,48508673,G,A,FBN1,AD,c.1746C>T,p.Cys582Cys,Cys,Cys,582,NM_000138.4,15/66,synonymous_variant,LOW,Het,52,0.611,Marfan syndrome,No,,Yes,"Familial thoracic aortic aneurysm and aortic dissection;Marfan syndrome;Marfan syndrome;C4707243:Familial thoracic aortic aneurysm and aortic dissection;Stiff skin syndrome;Marfan syndrome;Acromicric dysplasia;Connective tissue disorder;Familial thoracic aortic aneurysm and aortic dissection;Connective tissue disorder;Geleophysic dysplasia;Ectopia lentis 1, isolated, autosomal dominant;Weill-Marchesani syndrome",No,Not provided,"Familial thoracic aortic aneurysm and aortic dissection;Marfan syndrome;Marfan syndrome;C4707243:Familial thoracic aortic aneurysm and aortic dissection;Stiff skin syndrome;Marfan syndrome;Acromicric dysplasia;Connective tissue disorder;Familial thoracic aortic aneurysm and aortic dissection;Connective tissue disorder;Geleophysic dysplasia;Ectopia lentis 1, isolated, autosomal dominant;Weill-Marchesani syndrome",benign;benign;benign;benign;likely benign;benign;likely benign;likely benign;benign;benign;benign;benign,2;2;2;2;2;2;2;2;2;2;2;2,Benign,2,2,conditions_csv_phenotype_match,Not provided,Not provided,0,Not provided,0,Not provided,"ClinVar: Sig=benign;benign;benign;benign;likely benign;benign;likely benign;likely benign;benign;benign;benign;benign; ClinVar: Trait=Familial thoracic aortic aneurysm and aortic dissection;Marfan syndrome;Marfan syndrome;C4707243:Familial thoracic aortic aneurysm and aortic dissection;Stiff skin syndrome;Marfan syndrome;Acromicric dysplasia;Connective tissue disorder;Familial thoracic aortic aneurysm and aortic dissection;Connective tissue disorder;Geleophysic dysplasia;Ectopia lentis 1, isolated, autosomal dominant;Weill-Marchesani syndrome",0.0,Unknown,0.000,Not provided,Not provided,Not provided,[],[],unknown,No,"{""PM2_Moderate"": 2, ""BP5ext_Moderate"": -2}",0,VUS,"sig=benign (-3 points), stars=2 (1.0 coef), clinvar_phenotype_match=Yes, clin=-3.000 | No HGMD entry | raw_total=-3.000, applied=BP5ext_Moderate","sig=benign (-3 points), stars=2 (1.0 coef), clinvar_phenotype_match=Yes, clin=-3.000",No HGMD entry,-3.000,BP5ext_Moderate,,,,PM2_Moderate: gnomAD max AF=0 < threshold 0.0001 for MOI AD,,,,,,,,,,,,No,No,,,Filtered: VUS with <5 points excluded from all reporting paths (auto/manual/delins),,Yes
7029740,19910_2023,chr15,48513353,A,T,FBN1,AD,c.1588+196T>A,Not provided,,,,NM_000138.4,13/65,intron_variant,MODIFIER,Het,30,0.600,Marfan syndrome,No,,No,Not provided,No,Not provided,Not provided,Not provided,0,Not provided,0,0,N/A,Not provided,Not provided,0,Not provided,0,Not provided,No database evidence,0.0,Unknown,0.000,Not provided,Not provided,Not provided,[],[],unknown,No,"{""PM2_Moderate"": 2}",2,VUS,"No ClinVar submissions | No HGMD entry | raw_total=0.000, applied=None",No ClinVar submissions,No HGMD entry,0.000,,,,,PM2_Moderate: gnomAD max AF=0 < threshold 0.0001 for MOI AD,,,,,,,,,,,,No,No,,,Filtered: VUS with <5 points excluded from all reporting paths (auto/manual/delins),,Yes
7029740,19910_2023,chr15,48513763,C,T,FBN1,AD,c.1469-95G>A,Not provided,,,,NM_000138.4,12/65,intron_variant,MODIFIER,Het,48,0.333,Marfan syndrome,No,,No,Not provided,No,Not provided,Not provided,Not provided,0,Not provided,0,0,N/A,Not provided,Not provided,0,Not provided,0,Not provided,No database evidence,0.0,Unknown,0.000,Not provided,Not provided,Not provided,[],[],unknown,No,"{""PM2_Moderate"": 2}",2,VUS,"No ClinVar submissions | No HGMD entry | raw_total=0.000, applied=None",No ClinVar submissions,No HGMD entry,0.000,,,,,PM2_Moderate: gnomAD max AF=0 < threshold 0.0001 for MOI AD,,,,,,,,,,,,No,No,,,Filtered: VUS with <5 points excluded from all reporting paths (auto/manual/delins),,Yes
7029740,19910_2023,chr15,48514440,A,G,FBN1,AD,c.1469-772T>C,Not provided,,,,NM_000138.4,12/65,intron_variant,MODIFIER,Het,34,0.432,Marfan syndrome,No,,No,Not provided,No,Not provided,Not provided,Not provided,0,Not provided,0,0,N/A,Not provided,Not provided,0,Not provided,0,Not provided,No database evidence,0.0,Unknown,0.000,Not provided,Not provided,Not provided,[],[],unknown,No,"{""PM2_Moderate"": 2}",2,VUS,"No ClinVar submissions | No HGMD entry | raw_total=0.000, applied=None",No ClinVar submissions,No HGMD entry,0.000,,,,,PM2_Moderate: gnomAD max AF=0 < threshold 0.0001 for MOI AD,,,,,,,,,,,,No,No,,,Filtered: VUS with <5 points excluded from all reporting paths (auto/manual/delins),,Yes
7029740,19910_2023,chr15,48582174,G,A,FBN1,AD,c.538+14109C>T,Not provided,,,,NM_000138.4,6/65,intron_variant,MODIFIER,Het,38,0.513,Marfan syndrome,No,,No,Not provided,No,Not provided,Not provided,Not provided,0,Not provided,0,0,N/A,Not provided,Not provided,0,Not provided,0,Not provided,No database evidence,0.0,Unknown,0.000,Not provided,Not provided,Not provided,[],[],unknown,No,"{""PM2_Moderate"": 2}",2,VUS,"No ClinVar submissions | No HGMD entry | raw_total=0.000, applied=None",No ClinVar submissions,No HGMD entry,0.000,,,,,PM2_Moderate: gnomAD max AF=0 < threshold 0.0001 for MOI AD,,,,,,,,,,,,No,No,,,Filtered: VUS with <5 points excluded from all reporting paths (auto/manual/delins),,Yes
7029740,19910_2023,chr15,48649695,C,CA,FBN1,AD,c.-4303_-4302insT,Not provided,,,,NM_000138.4,,upstream_gene_variant,MODIFIER,Het,33,0.543,Marfan syndrome,No,,No,Not provided,No,Not provided,Not provided,Not provided,0,Not provided,0,0,N/A,Not provided,Not provided,0,Not provided,0,Not provided,No database evidence,0.0,Unknown,0.000,Not provided,Not provided,Not provided,[],[],unknown,No,"{""PM2_Moderate"": 2}",2,VUS,"No ClinVar submissions | No HGMD entry | raw_total=0.000, applied=None",No ClinVar submissions,No HGMD entry,0.000,,,,,PM2_Moderate: gnomAD max AF=0 < threshold 0.0001 for MOI AD,,,,,,,,,,,,No,No,,,Filtered: VUS with <5 points excluded from all reporting paths (auto/manual/delins),,Yes
7029740,19910_2023,chr15,63049425,G,C,TPM1,AD,c.240+5273G>C,Not provided,,,,NM_000366.6,2/9,intron_variant,MODIFIER,Het,26,0.593,Hypertrophic cardiomyopathy,No,,No,Not provided,No,Not provided,Not provided,Not provided,0,Not provided,0,0,N/A,Not provided,Not provided,0,Not provided,0,Not provided,No database evidence,0.0,Unknown,0.000,Not provided,Not provided,Not provided,[],[],unknown,No,"{""PM2_Moderate"": 2}",2,VUS,"No ClinVar submissions | No HGMD entry | raw_total=0.000, applied=None",No ClinVar submissions,No HGMD entry,0.000,,,,,PM2_Moderate: gnomAD max AF=0 < threshold 0.0001 for MOI AD,,,,,,,,,,,,No,No,,,Filtered: VUS with <5 points excluded from all reporting paths (auto/manual/delins),,Yes
7029740,19910_2023,chr15,63052830,A,G,TPM1,AD,c.241-4155A>G,Not provided,,,,NM_000366.6,2/9,intron_variant,MODIFIER,Het,26,0.500,Hypertrophic cardiomyopathy,No,,No,Not provided,No,Not provided,Not provided,Not provided,0,Not provided,0,0,N/A,Not provided,Not provided,0,Not provided,0,Not provided,No database evidence,0.0,Unknown,0.000,Not provided,Not provided,Not provided,[],[],unknown,No,"{""PM2_Moderate"": 2}",2,VUS,"No ClinVar submissions | No HGMD entry | raw_total=0.000, applied=None",No ClinVar submissions,No HGMD entry,0.000,,,,,PM2_Moderate: gnomAD max AF=0 < threshold 0.0001 for MOI AD,,,,,,,,,,,,No,No,,,Filtered: VUS with <5 points excluded from all reporting paths (auto/manual/delins),,Yes
7029740,19910_2023,chr15,67144695,C,T,SMAD3,AD,c.-110+18711C>T,Not provided,,,,NM_001145102.1,1/8,intron_variant,MODIFIER,Het,30,0.452,Loeys-Dietz syndrome,No,,No,Not provided,No,Not provided,Not provided,Not provided,0,Not provided,0,0,N/A,Not provided,Not provided,0,Not provided,0,Not provided,No database evidence,0.0,Unknown,0.000,Not provided,Not provided,Not provided,[],[],unknown,No,"{""PM2_Moderate"": 2}",2,VUS,"No ClinVar submissions | No HGMD entry | raw_total=0.000, applied=None",No ClinVar submissions,No HGMD entry,0.000,,,,,PM2_Moderate: gnomAD max AF=0 < threshold 0.0001 for MOI AD,,,,,,,,,,,,No,No,,,Filtered: VUS with <5 points excluded from all reporting paths (auto/manual/delins),,Yes
7029740,19910_2023,chr16,2069705,C,A,TSC2,AD,c.1717-751C>A,Not provided,,,,NM_001077183.2,16/39,intron_variant,MODIFIER,Het,43,0.477,Tuberous sclerosis complex,No,,No,Not provided,No,Not provided,Not provided,Not provided,0,Not provided,0,0,N/A,Not provided,Not provided,0,Not provided,0,Not provided,No database evidence,0.0,Unknown,0.000,Not provided,Not provided,Not provided,[],[],unknown,No,"{""PM2_Moderate"": 2}",2,VUS,"No ClinVar submissions | No HGMD entry | raw_total=0.000, applied=None",No ClinVar submissions,No HGMD entry,0.000,,,,,PM2_Moderate: gnomAD max AF=0 < threshold 0.0001 for MOI AD,,,,,,,,,,,,No,No,,,Filtered: VUS with <5 points excluded from all reporting paths (auto/manual/delins),,Yes
7029740,19910_2023,chr16,2081728,C,T,TSC2,AD,c.3612C>T,p.Ala1204Ala,Ala,Ala,1204,NM_001077183.2,30/40,synonymous_variant,LOW,Het,22,0.708,Tuberous sclerosis complex,No,,Yes,Hereditary cancer-predisposing syndrome;Tuberous sclerosis 2;Lymphangiomyomatosis;C1846385:Isolated focal cortical dysplasia type II;C1860707:Tuberous sclerosis 2;Hereditary cancer-predisposing syndrome;Tuberous sclerosis syndrome;Tuberous sclerosis syndrome,No,Not provided,Hereditary cancer-predisposing syndrome;Tuberous sclerosis 2;Lymphangiomyomatosis;C1846385:Isolated focal cortical dysplasia type II;C1860707:Tuberous sclerosis 2;Hereditary cancer-predisposing syndrome;Tuberous sclerosis syndrome;Tuberous sclerosis syndrome,likely benign;benign;benign;benign;likely benign;benign,2;2;2;2;2;2,Benign,2,2,conditions_csv_phenotype_match,Not provided,Not provided,0,Not provided,0,Not provided,ClinVar: Sig=likely benign;benign;benign;benign;likely benign;benign; ClinVar: Trait=Hereditary cancer-predisposing syndrome;Tuberous sclerosis 2;Lymphangiomyomatosis;C1846385:Isolated focal cortical dysplasia type II;C1860707:Tuberous sclerosis 2;Hereditary cancer-predisposing syndrome;Tuberous sclerosis syndrome;Tuberous sclerosis syndrome,0.0,Unknown,0.000,Not provided,Not provided,Not provided,[],[],unknown,No,"{""PM2_Moderate"": 2, ""BP5ext_Moderate"": -2}",0,VUS,"sig=benign (-3 points), stars=2 (1.0 coef), clinvar_phenotype_match=Yes, clin=-3.000 | No HGMD entry | raw_total=-3.000, applied=BP5ext_Moderate","sig=benign (-3 points), stars=2 (1.0 coef), clinvar_phenotype_match=Yes, clin=-3.000",No HGMD entry,-3.000,BP5ext_Moderate,,,,PM2_Moderate: gnomAD max AF=0 < threshold 0.0001 for MOI AD,,,,,,,,,,,,No,No,,,Filtered: VUS with <5 points excluded from all reporting paths (auto/manual/delins),,Yes
7029740,19910_2023,chr16,15717308,G,A,MYH11,AD,c.5357C>T,p.Thr1786Met,Thr,Met,1786,NM_001040113.2.2,39/43,missense_variant,MODERATE,Het,35,0.474,Familial thoracic aortic aneurysm,No,,Yes,"Familial thoracic aortic aneurysm and aortic dissection;Familial thoracic aortic aneurysm and aortic dissection;Aortic aneurysm, familial thoracic 4;Aortic aneurysm, familial thoracic 4",No,Not provided,"Familial thoracic aortic aneurysm and aortic dissection;Familial thoracic aortic aneurysm and aortic dissection;Aortic aneurysm, familial thoracic 4;Aortic aneurysm, familial thoracic 4",likely benign;benign;uncertain significance;likely benign,2;2;2;2,Benign,2,2,conditions_csv_phenotype_match,Not provided,Not provided,0,Not provided,0,Not provided,"ClinVar: Sig=likely benign;benign;uncertain significance;likely benign; ClinVar: Trait=Familial thoracic aortic aneurysm and aortic dissection;Familial thoracic aortic aneurysm and aortic dissection;Aortic aneurysm, familial thoracic 4;Aortic aneurysm, familial thoracic 4",0.0,Unknown,0.279,Not provided,Not provided,Not provided,[],[],unknown,No,"{""PM2_Moderate"": 2, ""BP5ext_Moderate"": -2}",0,VUS,"sig=benign (-3 points), stars=2 (1.0 coef), clinvar_phenotype_match=Yes, clin=-3.000 | No HGMD entry | raw_total=-3.000, applied=BP5ext_Moderate","sig=benign (-3 points), stars=2 (1.0 coef), clinvar_phenotype_match=Yes, clin=-3.000",No HGMD entry,-3.000,BP5ext_Moderate,,,,PM2_Moderate: gnomAD max AF=0 < threshold 0.0001 for MOI AD,,,,,,,,,,,,No,No,,,Database conflict (ClinVar): Benign vs VUS detected -> conservative -1 point applied (info in comments).;Filtered: VUS with <5 points excluded from all reporting paths (auto/manual/delins),,Yes
7029740,19910_2023,chr16,15836208,G,A,MYH11,AD,c.345+1700C>T,Not provided,,,,NM_001040113.2.2,2/42,intron_variant,MODIFIER,Het,36,0.514,Familial thoracic aortic aneurysm,No,,No,Not provided,No,Not provided,Not provided,Not provided,0,Not provided,0,0,N/A,Not provided,Not provided,0,Not provided,0,Not provided,No database evidence,0.0,Unknown,0.000,Not provided,Not provided,Not provided,[],[],unknown,No,"{""PM2_Moderate"": 2}",2,VUS,"No ClinVar submissions | No HGMD entry | raw_total=0.000, applied=None",No ClinVar submissions,No HGMD entry,0.000,,,,,PM2_Moderate: gnomAD max AF=0 < threshold 0.0001 for MOI AD,,,,,,,,,,,,No,No,,,Filtered: VUS with <5 points excluded from all reporting paths (auto/manual/delins),,Yes
7029740,19910_2023,chr16,23599304,T,C,PALB2,AD,c.*4155A>G,Not provided,,,,NM_024675.4,,downstream_gene_variant,MODIFIER,Het,24,0.500,Hereditary breast cancer,No,,No,Not provided,No,Not provided,Not provided,Not provided,0,Not provided,0,0,N/A,Not provided,Not provided,0,Not provided,0,Not provided,No database evidence,0.0,Unknown,0.000,Not provided,Not provided,Not provided,[],[],unknown,No,"{""PM2_Moderate"": 2}",2,VUS,"No ClinVar submissions | No HGMD entry | raw_total=0.000, applied=None",No ClinVar submissions,No HGMD entry,0.000,,,,,PM2_Moderate: gnomAD max AF=0 < threshold 0.0001 for MOI AD,,,,,,,,,,,,No,No,,,Filtered: VUS with <5 points excluded from all reporting paths (auto/manual/delins),,Yes
7029740,19910_2023,chr16,23608834,A,AT,PALB2,AD,c.3202-823dupA,Not provided,,,,NM_024675.4,11/12,intron_variant,MODIFIER,Het,20,0.391,Hereditary breast cancer,No,,No,Not provided,No,Not provided,Not provided,Not provided,0,Not provided,0,0,N/A,Not provided,Not provided,0,Not provided,0,Not provided,No database evidence,0.0,Unknown,0.000,Not provided,Not provided,Not provided,[],[],unknown,No,"{""PM2_Moderate"": 2}",2,VUS,"No ClinVar submissions | No HGMD entry | raw_total=0.000, applied=None",No ClinVar submissions,No HGMD entry,0.000,,,,,PM2_Moderate: gnomAD max AF=0 < threshold 0.0001 for MOI AD,,,,,,,,,,,,No,No,,,Filtered: VUS with <5 points excluded from all reporting paths (auto/manual/delins),,Yes
7029740,19910_2023,chr16,23619819,G,A,PALB2,AD,c.3113+1543C>T,Not provided,,,,NM_024675.4,10/12,intron_variant,MODIFIER,Het,34,0.457,Hereditary breast cancer,No,,No,Not provided,No,Not provided,Not provided,Not provided,0,Not provided,0,0,N/A,Not provided,Not provided,0,Not provided,0,Not provided,No database evidence,0.0,Unknown,0.000,Not provided,Not provided,Not provided,[],[],unknown,No,"{""PM2_Moderate"": 2}",2,VUS,"No ClinVar submissions | No HGMD entry | raw_total=0.000, applied=None",No ClinVar submissions,No HGMD entry,0.000,,,,,PM2_Moderate: gnomAD max AF=0 < threshold 0.0001 for MOI AD,,,,,,,,,,,,No,No,,,Filtered: VUS with <5 points excluded from all reporting paths (auto/manual/delins),,Yes
7029740,19910_2023,chr17,43093569,CT,C,BRCA1,AD,c.1961delA,p.Lys654fs,,,,NM_007294.4,10/23,frameshift_variant,HIGH,Het,33,0.529,Hereditary breast and ovarian cancer,No,,Yes,"Infiltrating duct carcinoma of breast;Breast-ovarian cancer, familial, susceptibility to, 1;Hereditary cancer-predisposing syndrome;Hereditary breast ovarian cancer syndrome;Malignant tumor of breast;na:Inherited breast cancer and ovarian cancer;CN377757:BRCA1-related cancer predisposition;Fanconi anemia, complementation group S;na:Inherited ovarian cancer (without breast cancer);Familial cancer of breast;Breast neoplasm",Yes,Breast cancer,"Infiltrating duct carcinoma of breast;Breast-ovarian cancer, familial, susceptibility to, 1;Hereditary cancer-predisposing syndrome;Hereditary breast ovarian cancer syndrome;Malignant tumor of breast;na:Inherited breast cancer and ovarian cancer;CN377757:BRCA1-related cancer predisposition;Fanconi anemia, complementation group S;na:Inherited ovarian cancer (without breast cancer);Familial cancer of breast;Breast neoplasm",pathogenic;pathogenic;pathogenic;pathogenic;pathogenic;pathogenic;pathogenic;pathogenic;pathogenic;pathogenic;pathogenic,1;1;1;1;1;1;1;1;1;1;1,Pathogenic,1,1,conditions_csv_phenotype_match,DM,Breast cancer,51,Not provided,50,Not provided,"ClinVar: Sig=pathogenic;pathogenic;pathogenic;pathogenic;pathogenic;pathogenic;pathogenic;pathogenic;pathogenic;pathogenic;pathogenic; ClinVar: Trait=Infiltrating duct carcinoma of breast;Breast-ovarian cancer, familial, susceptibility to, 1;Hereditary cancer-predisposing syndrome;Hereditary breast ovarian cancer syndrome;Malignant tumor of breast;na:Inherited breast cancer and ovarian cancer;CN377757:BRCA1-related cancer predisposition;Fanconi anemia, complementation group S;na:Inherited ovarian cancer (without breast cancer);Familial cancer of breast;Breast neoplasm; HGMD: Phen=Breast cancer",0.000007,v3,0.000,Not provided,Not provided,Not provided,[],[],unknown,No,"{""PVS1_VeryStrong"": 8, ""PM2_Moderate"": 2, ""PP5ext_VeryStrong"": 8}",18,Pathogenic,"sig=pathogenic (3 points), stars=1 (0.75 coef), clinvar_phenotype_match=Yes, clin=2.250 | class=DM (3 points), pubs=51, dm_supported=50 (50/51), coef=2.0, hgmd_phenotype_match=Yes, hgmd=6.000 | raw_total=8.250, applied=PP5ext_VeryStrong","sig=pathogenic (3 points), stars=1 (0.75 coef), clinvar_phenotype_match=Yes, clin=2.250","class=DM (3 points), pubs=51, dm_supported=50 (50/51), coef=2.0, hgmd_phenotype_match=Yes, hgmd=6.000",8.250,PP5ext_VeryStrong,PVS1_VeryStrong: Variant is a predicted loss-of-function event and is predicted to trigger NMD,,,PM2_Moderate: gnomAD max AF=6.57886e-06 < threshold 0.0001 for MOI AD,,,,,PP3 not applied: variant is LOF/canonical-splice or PVS1 was assigned; computational evidence is not stacked with PVS1/LOF for this pipeline.,,,,,,,Yes,No,Extended score,,Extended score,,No
7029740,19910_2023,chr17,80106147,T,C,GAA,AR,c.692+253T>C,Not provided,,,,NM_000152.5,3/19,intron_variant,MODIFIER,Het,30,0.500,Pompe disease,No,,No,Not provided,No,Not provided,Not provided,Not provided,0,Not provided,0,0,N/A,Not provided,Not provided,0,Not provided,0,Not provided,No database evidence,0.0,Unknown,0.000,Not provided,Not provided,Not provided,[],[],unknown,No,"{""PM2_Moderate"": 2}",2,VUS,"No ClinVar submissions | No HGMD entry | raw_total=0.000, applied=None",No ClinVar submissions,No HGMD entry,0.000,,,,,PM2_Moderate: gnomAD max AF=0 < threshold 0.005 for MOI AR,,,,,,,,,,,,No,No,,,Filtered: VUS with <5 points excluded from all reporting paths (auto/manual/delins),,Yes
7029740,19910_2023,chr18,51028047,A,C,SMAD4,AD,c.-2704A>C,Not provided,,,,NM_005359.6,,upstream_gene_variant,MODIFIER,Het,27,0.357,Juvenile polyposis syndrome; Hereditary hemorrhagic telangiectasia,Yes,"RULES_PRESENT_NO_MATCH: Exclude if HGVSp contains any of: [""p.Arg496Cys"", ""p.Ile500Val"", ""p.Ile500Thr"", ""p.Ile500Met""];RULES_PRESENT_NO_MATCH: Exclude if HGVSp contains any of: [""p.Arg496Cys"", ""p.Ile500Val"", ""p.Ile500Thr"", ""p.Ile500Met""]",No,Not provided,No,Not provided,Not provided,Not provided,0,Not provided,0,0,N/A,Not provided,Not provided,0,Not provided,0,Not provided,No database evidence,0.0,Unknown,0.000,Not provided,Not provided,Not provided,[],[],unknown,No,"{""PM2_Moderate"": 2}",2,VUS,"No ClinVar submissions | No HGMD entry | raw_total=0.000, applied=None",No ClinVar submissions,No HGMD entry,0.000,,,,,PM2_Moderate: gnomAD max AF=0 < threshold 0.0001 for MOI AD,,,,,,,,,,,,No,No,,,Filtered: VUS with <5 points excluded from all reporting paths (auto/manual/delins),,Yes
7029740,19910_2023,chr18,51038335,A,G,SMAD4,AD,c.-128+7712A>G,Not provided,,,,NM_005359.6,1/11,intron_variant,MODIFIER,Het,22,0.435,Juvenile polyposis syndrome; Hereditary hemorrhagic telangiectasia,Yes,"RULES_PRESENT_NO_MATCH: Exclude if HGVSp contains any of: [""p.Arg496Cys"", ""p.Ile500Val"", ""p.Ile500Thr"", ""p.Ile500Met""];RULES_PRESENT_NO_MATCH: Exclude if HGVSp contains any of: [""p.Arg496Cys"", ""p.Ile500Val"", ""p.Ile500Thr"", ""p.Ile500Met""]",No,Not provided,No,Not provided,Not provided,Not provided,0,Not provided,0,0,N/A,Not provided,Not provided,0,Not provided,0,Not provided,No database evidence,0.0,Unknown,0.000,Not provided,Not provided,Not provided,[],[],unknown,No,"{""PM2_Moderate"": 2}",2,VUS,"No ClinVar submissions | No HGMD entry | raw_total=0.000, applied=None",No ClinVar submissions,No HGMD entry,0.000,,,,,PM2_Moderate: gnomAD max AF=0 < threshold 0.0001 for MOI AD,,,,,,,,,,,,No,No,,,Filtered: VUS with <5 points excluded from all reporting paths (auto/manual/delins),,Yes
7029740,19910_2023,chr18,51058627,A,T,SMAD4,AD,c.904+171A>T,Not provided,,,,NM_005359.6,7/11,intron_variant,MODIFIER,Het,20,0.591,Juvenile polyposis syndrome; Hereditary hemorrhagic telangiectasia,Yes,"RULES_PRESENT_NO_MATCH: Exclude if HGVSp contains any of: [""p.Arg496Cys"", ""p.Ile500Val"", ""p.Ile500Thr"", ""p.Ile500Met""];RULES_PRESENT_NO_MATCH: Exclude if HGVSp contains any of: [""p.Arg496Cys"", ""p.Ile500Val"", ""p.Ile500Thr"", ""p.Ile500Met""]",No,Not provided,No,Not provided,Not provided,Not provided,0,Not provided,0,0,N/A,Not provided,Not provided,0,Not provided,0,Not provided,No database evidence,0.000026,v3,0.000,Not provided,Not provided,Not provided,[],[],unknown,No,"{""PM2_Moderate"": 2}",2,VUS,"No ClinVar submissions | No HGMD entry | raw_total=0.000, applied=None",No ClinVar submissions,No HGMD entry,0.000,,,,,PM2_Moderate: gnomAD max AF=2.64599e-05 < threshold 0.0001 for MOI AD,,,,,,,,,,,,No,No,,,Filtered: VUS with <5 points excluded from all reporting paths (auto/manual/delins),,Yes
7029740,19910_2023,chr18,51068804,T,G,SMAD4,AD,c.1308+1617T>G,Not provided,,,,NM_005359.6,10/11,intron_variant,MODIFIER,Het,30,0.394,Juvenile polyposis syndrome; Hereditary hemorrhagic telangiectasia,Yes,"RULES_PRESENT_NO_MATCH: Exclude if HGVSp contains any of: [""p.Arg496Cys"", ""p.Ile500Val"", ""p.Ile500Thr"", ""p.Ile500Met""];RULES_PRESENT_NO_MATCH: Exclude if HGVSp contains any of: [""p.Arg496Cys"", ""p.Ile500Val"", ""p.Ile500Thr"", ""p.Ile500Met""]",No,Not provided,No,Not provided,Not provided,Not provided,0,Not provided,0,0,N/A,Not provided,Not provided,0,Not provided,0,Not provided,No database evidence,0.0,Unknown,0.000,Not provided,Not provided,Not provided,[],[],unknown,No,"{""PM2_Moderate"": 2}",2,VUS,"No ClinVar submissions | No HGMD entry | raw_total=0.000, applied=None",No ClinVar submissions,No HGMD entry,0.000,,,,,PM2_Moderate: gnomAD max AF=0 < threshold 0.0001 for MOI AD,,,,,,,,,,,,No,No,,,Filtered: VUS with <5 points excluded from all reporting paths (auto/manual/delins),,Yes
7029740,19910_2023,chr18,51073141,G,A,SMAD4,AD,c.1309-3497G>A,Not provided,,,,NM_005359.6,10/11,intron_variant,MODIFIER,Het,24,0.680,Juvenile polyposis syndrome; Hereditary hemorrhagic telangiectasia,Yes,"RULES_PRESENT_NO_MATCH: Exclude if HGVSp contains any of: [""p.Arg496Cys"", ""p.Ile500Val"", ""p.Ile500Thr"", ""p.Ile500Met""];RULES_PRESENT_NO_MATCH: Exclude if HGVSp contains any of: [""p.Arg496Cys"", ""p.Ile500Val"", ""p.Ile500Thr"", ""p.Ile500Met""]",No,Not provided,No,Not provided,Not provided,Not provided,0,Not provided,0,0,N/A,Not provided,Not provided,0,Not provided,0,Not provided,No database evidence,0.0,Unknown,0.000,Not provided,Not provided,Not provided,[],[],unknown,No,"{""PM2_Moderate"": 2}",2,VUS,"No ClinVar submissions | No HGMD entry | raw_total=0.000, applied=None",No ClinVar submissions,No HGMD entry,0.000,,,,,PM2_Moderate: gnomAD max AF=0 < threshold 0.0001 for MOI AD,,,,,,,,,,,,No,No,,,Filtered: VUS with <5 points excluded from all reporting paths (auto/manual/delins),,Yes
7029740,19910_2023,chr18,51085547,C,T,SMAD4,AD,c.*7080C>T,Not provided,,,,NM_005359.6,,downstream_gene_variant,MODIFIER,Het,33,0.559,Juvenile polyposis syndrome; Hereditary hemorrhagic telangiectasia,Yes,"RULES_PRESENT_NO_MATCH: Exclude if HGVSp contains any of: [""p.Arg496Cys"", ""p.Ile500Val"", ""p.Ile500Thr"", ""p.Ile500Met""];RULES_PRESENT_NO_MATCH: Exclude if HGVSp contains any of: [""p.Arg496Cys"", ""p.Ile500Val"", ""p.Ile500Thr"", ""p.Ile500Met""]",No,Not provided,No,Not provided,Not provided,Not provided,0,Not provided,0,0,N/A,Not provided,Not provided,0,Not provided,0,Not provided,No database evidence,0.0,Unknown,0.000,Not provided,Not provided,Not provided,[],[],unknown,No,"{""PM2_Moderate"": 2}",2,VUS,"No ClinVar submissions | No HGMD entry | raw_total=0.000, applied=None",No ClinVar submissions,No HGMD entry,0.000,,,,,PM2_Moderate: gnomAD max AF=0 < threshold 0.0001 for MOI AD,,,,,,,,,,,,No,No,,,Filtered: VUS with <5 points excluded from all reporting paths (auto/manual/delins),,Yes
7029740,19910_2023,chr19,1203429,G,A,STK11,AD,c.-3485G>A,Not provided,,,,NM_000455.5,,upstream_gene_variant,MODIFIER,Het,30,0.419,Peutz-Jeghers syndrome,No,,No,Not provided,No,Not provided,Not provided,Not provided,0,Not provided,0,0,N/A,Not provided,Not provided,0,Not provided,0,Not provided,No database evidence,0.000099,v3,0.000,Not provided,Not provided,Not provided,[],[],unknown,No,"{""PM2_Moderate"": 2}",2,VUS,"No ClinVar submissions | No HGMD entry | raw_total=0.000, applied=None",No ClinVar submissions,No HGMD entry,0.000,,,,,PM2_Moderate: gnomAD max AF=9.86012e-05 < threshold 0.0001 for MOI AD,,,,,,,,,,,,No,No,,,Filtered: VUS with <5 points excluded from all reporting paths (auto/manual/delins),,Yes
7029740,19910_2023,chr19,1216107,G,A,STK11,AD,c.291-2310G>A,Not provided,,,,NM_000455.5,1/9,intron_variant,MODIFIER,Het,31,0.471,Peutz-Jeghers syndrome,No,,No,Not provided,No,Not provided,Not provided,Not provided,0,Not provided,0,0,N/A,Not provided,Not provided,0,Not provided,0,Not provided,No database evidence,0.0,Unknown,0.000,Not provided,Not provided,Not provided,[],[],unknown,No,"{""PM2_Moderate"": 2}",2,VUS,"No ClinVar submissions | No HGMD entry | raw_total=0.000, applied=None",No ClinVar submissions,No HGMD entry,0.000,,,,,PM2_Moderate: gnomAD max AF=0 < threshold 0.0001 for MOI AD,,,,,,,,,,,,No,No,,,Filtered: VUS with <5 points excluded from all reporting paths (auto/manual/delins),,Yes
7029740,19910_2023,chr19,11109688,C,CT,LDLR,AD,c.941-948dupT,Not provided,,,,NM_001195798.2,6/17,intron_variant,MODIFIER,Het,21,0.458,Familial hypercholesterolemia,No,,No,Not provided,No,Not provided,Not provided,Not provided,0,Not provided,0,0,N/A,Not provided,Not provided,0,Not provided,0,Not provided,No database evidence,0.0,Unknown,0.000,Not provided,Not provided,Not provided,[],[],unknown,No,"{""PM2_Moderate"": 2}",2,VUS,"No ClinVar submissions | No HGMD entry | raw_total=0.000, applied=None",No ClinVar submissions,No HGMD entry,0.000,,,,,PM2_Moderate: gnomAD max AF=0 < threshold 0.0001 for MOI AD,,,,,,,,,,,,No,No,,,Filtered: VUS with <5 points excluded from all reporting paths (auto/manual/delins),,Yes
7029740,19910_2023,chr19,38434367,G,A,RYR1,AD,c.45+493G>A,Not provided,,,,NM_001042723.2,1/104,intron_variant,MODIFIER,Het,30,0.455,Malignant hyperthermia,No,,No,Not provided,No,Not provided,Not provided,Not provided,0,Not provided,0,0,N/A,Not provided,Not provided,0,Not provided,0,Not provided,No database evidence,0.0,Unknown,0.000,Not provided,Not provided,Not provided,[],[],unknown,No,"{""PM2_Moderate"": 2}",2,VUS,"No ClinVar submissions | No HGMD entry | raw_total=0.000, applied=None",No ClinVar submissions,No HGMD entry,0.000,,,,,PM2_Moderate: gnomAD max AF=0 < threshold 0.0001 for MOI AD,,,,,,,,,,,,No,No,,,Filtered: VUS with <5 points excluded from all reporting paths (auto/manual/delins),,Yes
7029740,19910_2023,chr19,38560973,T,C,RYR1,AD,c.12268-140T>C,Not provided,,,,NM_001042723.2,88/104,intron_variant,MODIFIER,Het,17,0.556,Malignant hyperthermia,No,,No,Not provided,No,Not provided,Not provided,Not provided,0,Not provided,0,0,N/A,Not provided,Not provided,0,Not provided,0,Not provided,No database evidence,0.0,Unknown,0.000,Not provided,Not provided,Not provided,[],[],unknown,No,"{""PM2_Moderate"": 2}",2,VUS,"No ClinVar submissions | No HGMD entry | raw_total=0.000, applied=None",No ClinVar submissions,No HGMD entry,0.000,,,,,PM2_Moderate: gnomAD max AF=0 < threshold 0.0001 for MOI AD,,,,,,,,,,,,No,No,,,Filtered: VUS with <5 points excluded from all reporting paths (auto/manual/delins),,Yes
7029740,19910_2023,chr19,38587555,C,T,RYR1,AD,c.*135C>T,Not provided,,,,NM_001042723.2,105/105,3_prime_UTR_variant,MODIFIER,Het,33,0.559,Malignant hyperthermia,No,,Yes,"Neuromuscular disease, congenital, with uniform type 1 fiber;Congenital multicore myopathy with external ophthalmoplegia;Malignant hyperthermia, susceptibility to, 1;Central core myopathy",No,Not provided,"Neuromuscular disease, congenital, with uniform type 1 fiber;Congenital multicore myopathy with external ophthalmoplegia;Malignant hyperthermia, susceptibility to, 1;Central core myopathy",likely benign;uncertain significance;likely benign;likely benign,1;1;1;1,Likely benign,1,1,conditions_csv_phenotype_match,Not provided,Not provided,0,Not provided,0,Not provided,"ClinVar: Sig=likely benign;uncertain significance;likely benign;likely benign; ClinVar: Trait=Neuromuscular disease, congenital, with uniform type 1 fiber;Congenital multicore myopathy with external ophthalmoplegia;Malignant hyperthermia, susceptibility to, 1;Central core myopathy",0.0,Unknown,0.000,Not provided,Not provided,Not provided,[],[],unknown,No,"{""PM2_Moderate"": 2, ""BP5ext_Supporting"": -1}",1,VUS,"sig=likely benign (-2 points), stars=1 (0.75 coef), clinvar_phenotype_match=Yes, clin=-1.500 | No HGMD entry | raw_total=-1.500, applied=BP5ext_Supporting","sig=likely benign (-2 points), stars=1 (0.75 coef), clinvar_phenotype_match=Yes, clin=-1.500",No HGMD entry,-1.500,BP5ext_Supporting,,,,PM2_Moderate: gnomAD max AF=0 < threshold 0.0001 for MOI AD,,,,,,,,,,,,No,No,,,Database conflict (ClinVar): Benign vs VUS detected -> conservative -1 point applied (info in comments).;Filtered: VUS with <5 points excluded from all reporting paths (auto/manual/delins),,Yes
7029740,19910_2023,chr19,38590388,A,T,RYR1,AD,c.*2968A>T,Not provided,,,,NM_001042723.2,,downstream_gene_variant,MODIFIER,Het,16,0.625,Malignant hyperthermia,No,,No,Not provided,No,Not provided,Not provided,Not provided,0,Not provided,0,0,N/A,Not provided,Not provided,0,Not provided,0,Not provided,No database evidence,0.0,Unknown,0.000,Not provided,Not provided,Not provided,[],[],unknown,No,"{""PM2_Moderate"": 2}",2,VUS,"No ClinVar submissions | No HGMD entry | raw_total=0.000, applied=None",No ClinVar submissions,No HGMD entry,0.000,,,,,PM2_Moderate: gnomAD max AF=0 < threshold 0.0001 for MOI AD,,,,,,,,,,,,No,No,,,Filtered: VUS with <5 points excluded from all reporting paths (auto/manual/delins),,Yes
7029740,19910_2023,chr19,46609181,G,A,CALM3,AD,c.*28G>A,Not provided,,,,NM_001329921.1,6/6,3_prime_UTR_variant,MODIFIER,Het,50,0.392,Long-QT syndrome type 16; Catecholaminergic polymorphic ventricular tachycardia,No,,No,Not provided,No,Not provided,Not provided,Not provided,0,Not provided,0,0,N/A,Not provided,Not provided,0,Not provided,0,Not provided,No database evidence,0.000033,v3,0.000,Not provided,Not provided,Not provided,[],[],unknown,No,"{""PM2_Moderate"": 2}",2,VUS,"No ClinVar submissions | No HGMD entry | raw_total=0.000, applied=None",No ClinVar submissions,No HGMD entry,0.000,,,,,PM2_Moderate: gnomAD max AF=3.28735e-05 < threshold 0.0001 for MOI AD,,,,,,,,,,,,No,No,,,Filtered: VUS with <5 points excluded from all reporting paths (auto/manual/delins),,Yes
7029740,19910_2023,chr19,46609639,G,A,CALM3,AD,c.*486G>A,Not provided,,,,NM_001329921.1,6/6,3_prime_UTR_variant,MODIFIER,Het,21,0.318,Long-QT syndrome type 16; Catecholaminergic polymorphic ventricular tachycardia,No,,No,Not provided,No,Not provided,Not provided,Not provided,0,Not provided,0,0,N/A,Not provided,Not provided,0,Not provided,0,Not provided,No database evidence,0.0,Unknown,0.000,Not provided,Not provided,Not provided,[],[],unknown,No,"{""PM2_Moderate"": 2}",2,VUS,"No ClinVar submissions | No HGMD entry | raw_total=0.000, applied=None",No ClinVar submissions,No HGMD entry,0.000,,,,,PM2_Moderate: gnomAD max AF=0 < threshold 0.0001 for MOI AD,,,,,,,,,,,,No,No,,,Filtered: VUS with <5 points excluded from all reporting paths (auto/manual/delins),,Yes
7029740,19910_2023,chr2,21001217,T,A,APOB,AD,c.*513A>T,Not provided,,,,NM_000384.3,,downstream_gene_variant,MODIFIER,Het,18,0.263,Familial hypercholesterolemia,Yes,"No include rule matched; rules require explicit inclusion (whitelist);Include if Impact is ""MODERATE"" or ""LOW"";No include rule matched; rules require explicit inclusion (whitelist);Include if Impact is ""MODERATE"" or ""LOW"";No include rule matched; rules require explicit inclusion (whitelist);Include if Impact is ""MODERATE"" or ""LOW""",No,Not provided,No,Not provided,Not provided,Not provided,0,Not provided,0,0,N/A,Not provided,Not provided,0,Not provided,0,Not provided,No database evidence,0.0,Unknown,0.000,Not provided,Not provided,Not provided,[],[],unknown,No,"{""PM2_Moderate"": 2}",2,VUS,"No ClinVar submissions | No HGMD entry | raw_total=0.000, applied=None",No ClinVar submissions,No HGMD entry,0.000,,,,,PM2_Moderate: gnomAD max AF=0 < threshold 0.0001 for MOI AD,,,,,,,,,,,,No,No,,,"Filtered: VUS with <5 points excluded from all reporting paths (auto/manual/delins);Filtered by gene 'Rules' (exclude): No include rule matched; rules require explicit inclusion (whitelist); Include if Impact is ""MODERATE"" or ""LOW""","Filtered: VUS with <5 points excluded from all reporting paths (auto/manual/delins);Filtered by gene 'Rules' (exclude): No include rule matched; rules require explicit inclusion (whitelist); Include if Impact is ""MODERATE"" or ""LOW""",Yes
7029740,19910_2023,chr2,21001218,A,T,APOB,AD,c.*512T>A,Not provided,,,,NM_000384.3,,downstream_gene_variant,MODIFIER,Het,18,0.263,Familial hypercholesterolemia,Yes,"No include rule matched; rules require explicit inclusion (whitelist);Include if Impact is ""MODERATE"" or ""LOW"";No include rule matched; rules require explicit inclusion (whitelist);Include if Impact is ""MODERATE"" or ""LOW"";No include rule matched; rules require explicit inclusion (whitelist);Include if Impact is ""MODERATE"" or ""LOW""",No,Not provided,No,Not provided,Not provided,Not provided,0,Not provided,0,0,N/A,Not provided,Not provided,0,Not provided,0,Not provided,No database evidence,0.0,Unknown,0.000,Not provided,Not provided,Not provided,[],[],unknown,No,"{""PM2_Moderate"": 2}",2,VUS,"No ClinVar submissions | No HGMD entry | raw_total=0.000, applied=None",No ClinVar submissions,No HGMD entry,0.000,,,,,PM2_Moderate: gnomAD max AF=0 < threshold 0.0001 for MOI AD,,,,,,,,,,,,No,No,,,"Filtered: VUS with <5 points excluded from all reporting paths (auto/manual/delins);Filtered by gene 'Rules' (exclude): No include rule matched; rules require explicit inclusion (whitelist); Include if Impact is ""MODERATE"" or ""LOW""","Filtered: VUS with <5 points excluded from all reporting paths (auto/manual/delins);Filtered by gene 'Rules' (exclude): No include rule matched; rules require explicit inclusion (whitelist); Include if Impact is ""MODERATE"" or ""LOW""",Yes
7029740,19910_2023,chr2,21001219,T,A,APOB,AD,c.*511A>T,Not provided,,,,NM_000384.3,,downstream_gene_variant,MODIFIER,Het,20,0.250,Familial hypercholesterolemia,Yes,"No include rule matched; rules require explicit inclusion (whitelist);Include if Impact is ""MODERATE"" or ""LOW"";No include rule matched; rules require explicit inclusion (whitelist);Include if Impact is ""MODERATE"" or ""LOW"";No include rule matched; rules require explicit inclusion (whitelist);Include if Impact is ""MODERATE"" or ""LOW""",No,Not provided,No,Not provided,Not provided,Not provided,0,Not provided,0,0,N/A,Not provided,Not provided,0,Not provided,0,Not provided,No database evidence,0.0,Unknown,0.000,Not provided,Not provided,Not provided,[],[],unknown,No,"{""PM2_Moderate"": 2}",2,VUS,"No ClinVar submissions | No HGMD entry | raw_total=0.000, applied=None",No ClinVar submissions,No HGMD entry,0.000,,,,,PM2_Moderate: gnomAD max AF=0 < threshold 0.0001 for MOI AD,,,,,,,,,,,,No,No,,,"Filtered: VUS with <5 points excluded from all reporting paths (auto/manual/delins);Filtered by gene 'Rules' (exclude): No include rule matched; rules require explicit inclusion (whitelist); Include if Impact is ""MODERATE"" or ""LOW""","Filtered: VUS with <5 points excluded from all reporting paths (auto/manual/delins);Filtered by gene 'Rules' (exclude): No include rule matched; rules require explicit inclusion (whitelist); Include if Impact is ""MODERATE"" or ""LOW""",Yes
7029740,19910_2023,chr2,21048922,C,G,APOB,AD,c.-4977G>C,Not provided,,,,NM_000384.3,,upstream_gene_variant,MODIFIER,Het,23,0.462,Familial hypercholesterolemia,Yes,"No include rule matched; rules require explicit inclusion (whitelist);Include if Impact is ""MODERATE"" or ""LOW"";No include rule matched; rules require explicit inclusion (whitelist);Include if Impact is ""MODERATE"" or ""LOW"";No include rule matched; rules require explicit inclusion (whitelist);Include if Impact is ""MODERATE"" or ""LOW""",No,Not provided,No,Not provided,Not provided,Not provided,0,Not provided,0,0,N/A,Not provided,Not provided,0,Not provided,0,Not provided,No database evidence,0.0,Unknown,0.000,Not provided,Not provided,Not provided,[],[],unknown,No,"{""PM2_Moderate"": 2}",2,VUS,"No ClinVar submissions | No HGMD entry | raw_total=0.000, applied=None",No ClinVar submissions,No HGMD entry,0.000,,,,,PM2_Moderate: gnomAD max AF=0 < threshold 0.0001 for MOI AD,,,,,,,,,,,,No,No,,,"Filtered: VUS with <5 points excluded from all reporting paths (auto/manual/delins);Filtered by gene 'Rules' (exclude): No include rule matched; rules require explicit inclusion (whitelist); Include if Impact is ""MODERATE"" or ""LOW""","Filtered: VUS with <5 points excluded from all reporting paths (auto/manual/delins);Filtered by gene 'Rules' (exclude): No include rule matched; rules require explicit inclusion (whitelist); Include if Impact is ""MODERATE"" or ""LOW""",Yes
7029740,19910_2023,chr2,47443115,T,A,MSH2,AD,c.1079-2433T>A,Not provided,,,,NM_001258281.1,8/16,intron_variant,MODIFIER,Het,26,0.414,Lynch syndrome,No,,No,Hereditary cancer-predisposing syndrome,No,Not provided,Hereditary cancer-predisposing syndrome,likely benign,0,Likely benign,0,0,conditions_csv_phenotype_match,Not provided,Not provided,0,Not provided,0,Not provided,ClinVar: Sig=likely benign; ClinVar: Trait=Hereditary cancer-predisposing syndrome,0.0,Unknown,0.000,Not provided,Not provided,Not provided,[],[],unknown,No,"{""PM2_Moderate"": 2, ""BP5ext_Supporting"": -1}",1,VUS,"sig=likely benign (-2 points), stars=1 (0.75 coef), clinvar_phenotype_match=No [PENALTY APPLIED], clin=-1.000 | No HGMD entry | raw_total=-1.000, applied=BP5ext_Supporting","sig=likely benign (-2 points), stars=1 (0.75 coef), clinvar_phenotype_match=No [PENALTY APPLIED], clin=-1.000",No HGMD entry,-1.000,BP5ext_Supporting,,,,PM2_Moderate: gnomAD max AF=0 < threshold 0.0001 for MOI AD,,,,,,,,,,,,No,No,,,Filtered: VUS with <5 points excluded from all reporting paths (auto/manual/delins),,Yes
7029740,19910_2023,chr2,47781791,C,T,MSH6,AD,c.-1443C>T,Not provided,,,,NM_001281492.1,,upstream_gene_variant,MODIFIER,Het,16,0.438,Lynch syndrome,No,,No,Not provided,No,Not provided,Not provided,Not provided,0,Not provided,0,0,N/A,Not provided,Not provided,0,Not provided,0,Not provided,No database evidence,0.0,Unknown,0.000,Not provided,Not provided,Not provided,[],[],unknown,No,"{""PM2_Moderate"": 2}",2,VUS,"No ClinVar submissions | No HGMD entry | raw_total=0.000, applied=None",No ClinVar submissions,No HGMD entry,0.000,,,,,PM2_Moderate: gnomAD max AF=0 < threshold 0.0001 for MOI AD,,,,,,,,,,,,No,No,,,Filtered: VUS with <5 points excluded from all reporting paths (auto/manual/delins),,Yes
7029740,19910_2023,chr2,96259334,G,C,TMEM127,AD,c.245-4337C>G,Not provided,,,,NM_001193304.3,2/3,intron_variant,MODIFIER,Het,27,0.517,Hereditary paraganglioma-pheochromocytoma syndrome,No,,No,Not provided,No,Not provided,Not provided,Not provided,0,Not provided,0,0,N/A,Not provided,Not provided,0,Not provided,0,Not provided,No database evidence,0.0,Unknown,0.000,Not provided,Not provided,Not provided,[],[],unknown,No,"{""PM2_Moderate"": 2}",2,VUS,"No ClinVar submissions | No HGMD entry | raw_total=0.000, applied=None",No ClinVar submissions,No HGMD entry,0.000,,,,,PM2_Moderate: gnomAD max AF=0 < threshold 0.0001 for MOI AD,,,,,,,,,,,,No,No,,,Filtered: VUS with <5 points excluded from all reporting paths (auto/manual/delins),,Yes
7029740,19910_2023,chr2,178557454,C,T,TTN,AD,c.82885G>A,p.Val27629Ile,Val,Ile,27629,NM_001256850.1,279/313,missense_variant,MODERATE,Het,35,0.556,Dilated cardiomyopathy (truncating variants only),Yes,Exclude if Impact is MODERATE;Exclude if Impact is MODERATE;Exclude if Impact is MODERATE,Yes,"CN230736:Cardiovascular phenotype;Myopathy, myofibrillar, 9, with early respiratory failure;Cardiomyopathy;Early-onset myopathy with fatal cardiomyopathy;Dilated cardiomyopathy 1G;Autosomal recessive limb-girdle muscular dystrophy type 2J;Tibial muscular dystrophy;Autosomal recessive limb-girdle muscular dystrophy type 2J;C1858763:Dilated cardiomyopathy 1G",No,Not provided,"CN230736:Cardiovascular phenotype;Myopathy, myofibrillar, 9, with early respiratory failure;Cardiomyopathy;Early-onset myopathy with fatal cardiomyopathy;Dilated cardiomyopathy 1G;Autosomal recessive limb-girdle muscular dystrophy type 2J;Tibial muscular dystrophy;Autosomal recessive limb-girdle muscular dystrophy type 2J;C1858763:Dilated cardiomyopathy 1G",benign;benign;benign;uncertain significance;uncertain significance;uncertain significance;benign;benign,1;1;1;1;1;1;1;1,Benign,1,1,conditions_csv_phenotype_match,Not provided,Not provided,0,Not provided,0,Not provided,"ClinVar: Sig=benign;benign;benign;uncertain significance;uncertain significance;uncertain significance;benign;benign; ClinVar: Trait=CN230736:Cardiovascular phenotype;Myopathy, myofibrillar, 9, with early respiratory failure;Cardiomyopathy;Early-onset myopathy with fatal cardiomyopathy;Dilated cardiomyopathy 1G;Autosomal recessive limb-girdle muscular dystrophy type 2J;Tibial muscular dystrophy;Autosomal recessive limb-girdle muscular dystrophy type 2J;C1858763:Dilated cardiomyopathy 1G",0.0,Unknown,0.056,Not provided,Not provided,Not provided,[],[],unknown,No,"{""PM2_Moderate"": 2, ""BP5ext_Moderate"": -2}",0,VUS,"sig=benign (-3 points), stars=1 (0.75 coef), clinvar_phenotype_match=Yes, clin=-2.250 | No HGMD entry | raw_total=-2.250, applied=BP5ext_Moderate","sig=benign (-3 points), stars=1 (0.75 coef), clinvar_phenotype_match=Yes, clin=-2.250",No HGMD entry,-2.250,BP5ext_Moderate,,,,PM2_Moderate: gnomAD max AF=0 < threshold 0.0001 for MOI AD,,,,,,,,,,,,No,No,,,Filtered: VUS with <5 points excluded from all reporting paths (auto/manual/delins);Filtered by gene 'Rules' (exclude): Exclude if Impact is MODERATE,Filtered: VUS with <5 points excluded from all reporting paths (auto/manual/delins);Filtered by gene 'Rules' (exclude): Exclude if Impact is MODERATE,Yes
7029740,19910_2023,chr2,178665668,C,T,TTN,AD,c.34265-2613G>A,Not provided,,,,NM_001256850.1,153/312,intron_variant,MODIFIER,Het,38,0.590,Dilated cardiomyopathy (truncating variants only),Yes,RULES_PRESENT_NO_MATCH: Exclude if Impact is MODERATE;RULES_PRESENT_NO_MATCH: Exclude if Impact is MODERATE,No,Not provided,No,Not provided,Not provided,Not provided,0,Not provided,0,0,N/A,Not provided,Not provided,0,Not provided,0,Not provided,No database evidence,0.0,Unknown,0.000,Not provided,Not provided,Not provided,[],[],unknown,No,"{""PM2_Moderate"": 2}",2,VUS,"No ClinVar submissions | No HGMD entry | raw_total=0.000, applied=None",No ClinVar submissions,No HGMD entry,0.000,,,,,PM2_Moderate: gnomAD max AF=0 < threshold 0.0001 for MOI AD,,,,,,,,,,,,No,No,,,Filtered: VUS with <5 points excluded from all reporting paths (auto/manual/delins),,Yes
7029740,19910_2023,chr2,178792266,A,C,TTN,AD,c.1537-69T>G,Not provided,,,,NM_001256850.1,9/312,intron_variant,MODIFIER,Het,58,0.492,Dilated cardiomyopathy (truncating variants only),Yes,RULES_PRESENT_NO_MATCH: Exclude if Impact is MODERATE;RULES_PRESENT_NO_MATCH: Exclude if Impact is MODERATE,No,Not provided,No,Not provided,Not provided,Not provided,0,Not provided,0,0,N/A,Not provided,Not provided,0,Not provided,0,Not provided,No database evidence,0.0,Unknown,0.000,Not provided,Not provided,Not provided,[],[],unknown,No,"{""PM2_Moderate"": 2}",2,VUS,"No ClinVar submissions | No HGMD entry | raw_total=0.000, applied=None",No ClinVar submissions,No HGMD entry,0.000,,,,,PM2_Moderate: gnomAD max AF=0 < threshold 0.0001 for MOI AD,,,,,,,,,,,,No,No,,,Filtered: VUS with <5 points excluded from all reporting paths (auto/manual/delins),,Yes
7029740,19910_2023,chr2,188996296,C,CTA,COL3A1,AD,c.1663-93_1663-92dupTA,Not provided,,,,NM_000090.3,23/50,intron_variant,MODIFIER,Het,17,0.389,"Ehlers-Danlos syndrome, vascular type",No,,No,Not provided,No,Not provided,Not provided,Not provided,0,Not provided,0,0,N/A,Not provided,Not provided,0,Not provided,0,Not provided,No database evidence,0.0,Unknown,0.000,Not provided,0.000,Not provided,[],[],unknown,No,"{""PM2_Moderate"": 2}",2,VUS,"No ClinVar submissions | No HGMD entry | raw_total=0.000, applied=None",No ClinVar submissions,No HGMD entry,0.000,,,,,PM2_Moderate: gnomAD max AF=0 < threshold 0.0001 for MOI AD,,,,,,,,,,,,No,No,,,Filtered: VUS with <5 points excluded from all reporting paths (auto/manual/delins),,Yes
7029740,19910_2023,chr2,218812098,C,G,CYP27A1,AR,c.447-124C>G,Not provided,,,,NM_000784.4,2/8,intron_variant,MODIFIER,Het,39,0.476,Cerebrotendinous xanthomatosis,No,,No,Not provided,No,Not provided,Not provided,Not provided,0,Not provided,0,0,N/A,Not provided,Not provided,0,Not provided,0,Not provided,No database evidence,0.0,Unknown,0.000,Not provided,Not provided,Not provided,[],[],unknown,No,"{""PM2_Moderate"": 2}",2,VUS,"No ClinVar submissions | No HGMD entry | raw_total=0.000, applied=None",No ClinVar submissions,No HGMD entry,0.000,,,,,PM2_Moderate: gnomAD max AF=0 < threshold 0.005 for MOI AR,,,,,,,,,,,,No,No,,,Filtered: VUS with <5 points excluded from all reporting paths (auto/manual/delins),,Yes
7029740,19910_2023,chr3,10142563,C,A,VHL,AD,c.341-200C>A,Not provided,,,,NM_001354723.2,1/2,intron_variant,MODIFIER,Het,23,0.417,Von Hippel-Lindau syndrome,No,,No,Not provided,No,Not provided,Not provided,Not provided,0,Not provided,0,0,N/A,Not provided,Not provided,0,Not provided,0,Not provided,No database evidence,0.0,Unknown,0.000,Not provided,Not provided,Not provided,[],[],unknown,No,"{""PM2_Moderate"": 2}",2,VUS,"No ClinVar submissions | No HGMD entry | raw_total=0.000, applied=None",No ClinVar submissions,No HGMD entry,0.000,,,,,PM2_Moderate: gnomAD max AF=0 < threshold 0.0001 for MOI AD,,,,,,,,,,,,No,No,,,Filtered: VUS with <5 points excluded from all reporting paths (auto/manual/delins),,Yes
7029740,19910_2023,chr3,15617098,G,A,BTD,AR,c.-17+15328G>A,Not provided,,,,NM_001281723.3,1/3,intron_variant,MODIFIER,Het,35,0.417,Biotinidase deficiency,No,,No,Not provided,No,Not provided,Not provided,Not provided,0,Not provided,0,0,N/A,Not provided,Not provided,0,Not provided,0,Not provided,No database evidence,0.0,Unknown,0.000,Not provided,Not provided,Not provided,[],[],unknown,No,"{""PM2_Moderate"": 2}",2,VUS,"No ClinVar submissions | No HGMD entry | raw_total=0.000, applied=None",No ClinVar submissions,No HGMD entry,0.000,,,,,PM2_Moderate: gnomAD max AF=0 < threshold 0.005 for MOI AR,,,,,,,,,,,,No,No,,,Filtered: VUS with <5 points excluded from all reporting paths (auto/manual/delins),,Yes
7029740,19910_2023,chr3,30651102,C,T,TGFBR2,AD,c.529+642C>T,Not provided,,,,NM_001024847.2,4/7,intron_variant,MODIFIER,Het,25,0.393,Loeys-Dietz syndrome,No,,No,Not provided,No,Not provided,Not provided,Not provided,0,Not provided,0,0,N/A,Not provided,Not provided,0,Not provided,0,Not provided,No database evidence,0.0,Unknown,0.000,Not provided,Not provided,Not provided,[],[],unknown,No,"{""PM2_Moderate"": 2}",2,VUS,"No ClinVar submissions | No HGMD entry | raw_total=0.000, applied=None",No ClinVar submissions,No HGMD entry,0.000,,,,,PM2_Moderate: gnomAD max AF=0 < threshold 0.0001 for MOI AD,,,,,,,,,,,,No,No,,,Filtered: VUS with <5 points excluded from all reporting paths (auto/manual/delins),,Yes
7029740,19910_2023,chr3,37024141,A,G,MLH1,AD,c.1039-1496A>G,Not provided,,,,NM_000249.3,11/18,intron_variant,MODIFIER,Het,22,0.478,Lynch syndrome,No,,No,Not provided,No,Not provided,Not provided,Not provided,0,Not provided,0,0,N/A,Not provided,Not provided,0,Not provided,0,Not provided,No database evidence,0.000053,v3,0.000,Not provided,Not provided,Not provided,[],[],unknown,No,"{""PM2_Moderate"": 2}",2,VUS,"No ClinVar submissions | No HGMD entry | raw_total=0.000, applied=None",No ClinVar submissions,No HGMD entry,0.000,,,,,PM2_Moderate: gnomAD max AF=5.2642e-05 < threshold 0.0001 for MOI AD,,,,,,,,,,,,No,No,,,Filtered: VUS with <5 points excluded from all reporting paths (auto/manual/delins),,Yes
7029740,19910_2023,chr3,37046608,TA,T,MLH1,AD,c.1732-910delA,Not provided,,,,NM_000249.3,15/18,intron_variant,MODIFIER,Hom,22,1.000,Lynch syndrome,No,,No,Not provided,No,Not provided,Not provided,Not provided,0,Not provided,0,0,N/A,Not provided,Not provided,0,Not provided,0,Not provided,No database evidence,0.0,Unknown,0.000,Not provided,Not provided,Not provided,[],[],unknown,No,"{""PM2_Moderate"": 2}",2,VUS,"No ClinVar submissions | No HGMD entry | raw_total=0.000, applied=None",No ClinVar submissions,No HGMD entry,0.000,,,,,PM2_Moderate: gnomAD max AF=0 < threshold 0.0001 for MOI AD,,,,,,,,,,,,No,No,,,Filtered: VUS with <5 points excluded from all reporting paths (auto/manual/delins),,Yes
7029740,19910_2023,chr3,37047639,A,G,MLH1,AD,c.1852A>G,p.Lys618Glu,Lys,Glu,618,NM_000249.3,16/19,missense_variant,MODERATE,Het,36,0.605,Lynch syndrome,No,,Yes,"Colorectal cancer, hereditary nonpolyposis, type 2;Hereditary cancer-predisposing syndrome;Lynch syndrome;Hereditary cancer-predisposing syndrome;Colorectal cancer, hereditary nonpolyposis, type 2;Hereditary nonpolyposis colorectal neoplasms;CN221562:Breast and/or ovarian cancer",No,"Colorectal cancer, non-polyposis","Colorectal cancer, hereditary nonpolyposis, type 2;Hereditary cancer-predisposing syndrome;Lynch syndrome;Hereditary cancer-predisposing syndrome;Colorectal cancer, hereditary nonpolyposis, type 2;Hereditary nonpolyposis colorectal neoplasms;CN221562:Breast and/or ovarian cancer",likely benign;benign;likely benign;likely benign;uncertain significance;benign;likely benign,1;1;1;1;1;1;1,Conflicting classifications of pathogenicity,1,1,conditions_csv_phenotype_match,DM?,"Colorectal cancer, non-polyposis",9,0.1,0,Not provided,"ClinVar: Sig=likely benign;benign;likely benign;likely benign;uncertain significance;benign;likely benign; ClinVar: Trait=Colorectal cancer, hereditary nonpolyposis, type 2;Hereditary cancer-predisposing syndrome;Lynch syndrome;Hereditary cancer-predisposing syndrome;Colorectal cancer, hereditary nonpolyposis, type 2;Hereditary nonpolyposis colorectal neoplasms;CN221562:Breast and/or ovarian cancer; HGMD: Phen=Colorectal cancer, non-polyposis",0.0,Unknown,0.874,Not provided,Not provided,Not provided,[],[],unknown,No,"{""PM2_Moderate"": 2, ""PP3_Supporting"": 1, ""BP5ext_Supporting"": -1}",2,VUS,"sig=likely benign (-2 points), stars=1 (0.75 coef), clinvar_phenotype_match=Yes, clin=-1.500 | class=DM? (1 points), pubs=9, dm_supported=0 (0/9), coef=0.5, hgmd_phenotype_match=No, hgmd=0.500 | raw_total=-1.000, applied=BP5ext_Supporting","sig=likely benign (-2 points), stars=1 (0.75 coef), clinvar_phenotype_match=Yes, clin=-1.500","class=DM? (1 points), pubs=9, dm_supported=0 (0/9), coef=0.5, hgmd_phenotype_match=No, hgmd=0.500",-1.000,BP5ext_Supporting,,,,PM2_Moderate: gnomAD max AF=0 < threshold 0.0001 for MOI AD,,,,,PP3_Supporting: REVEL=0.874 or AlphaMissense=-1.000 >= supporting thresholds,,,,,,,No,No,,,Filtered: VUS with 2 points (<5) excluded from delins cluster (cluster_id=12);Database conflict (ClinVar): Benign vs VUS detected -> conservative -1 point applied (info in comments).;Filtered: VUS with <5 points excluded from all reporting paths (auto/manual/delins),,Yes
7029740,19910_2023,chr3,37047640,A,C,MLH1,AD,c.1853A>C,p.Lys618Thr,Lys,Thr,618,NM_000249.3,16/19,missense_variant,MODERATE,Het,36,0.595,Lynch syndrome,No,,Yes,"Hereditary cancer-predisposing syndrome;Colorectal cancer, hereditary nonpolyposis, type 2;Lynch syndrome;Lynch syndrome 1;Colorectal cancer, hereditary nonpolyposis, type 2;Muir-Torré syndrome;C1333991:Colorectal cancer, hereditary nonpolyposis, type 2;C5399763:Mismatch repair cancer syndrome 1;Hereditary nonpolyposis colorectal neoplasms;CN221562:Breast and/or ovarian cancer;na:Colorectal cancer, non-polyposis",No,"Colorectal cancer, non-polyposis","Hereditary cancer-predisposing syndrome;Colorectal cancer, hereditary nonpolyposis, type 2;Lynch syndrome;Lynch syndrome 1;Colorectal cancer, hereditary nonpolyposis, type 2;Muir-Torré syndrome;C1333991:Colorectal cancer, hereditary nonpolyposis, type 2;C5399763:Mismatch repair cancer syndrome 1;Hereditary nonpolyposis colorectal neoplasms;CN221562:Breast and/or ovarian cancer;na:Colorectal cancer, non-polyposis",benign;benign;benign;likely benign;uncertain significance;likely benign;benign;likely benign;uncertain significance,2;2;2;2;2;2;2;2;2,Benign,2,2,conditions_csv_phenotype_match,DM,"Colorectal cancer, non-polyposis",24,0.31,5,Not provided,"ClinVar: Sig=benign;benign;benign;likely benign;uncertain significance;likely benign;benign;likely benign;uncertain significance; ClinVar: Trait=Hereditary cancer-predisposing syndrome;Colorectal cancer, hereditary nonpolyposis, type 2;Lynch syndrome;Lynch syndrome 1;Colorectal cancer, hereditary nonpolyposis, type 2;Muir-Torré syndrome;C1333991:Colorectal cancer, hereditary nonpolyposis, type 2;C5399763:Mismatch repair cancer syndrome 1;Hereditary nonpolyposis colorectal neoplasms;CN221562:Breast and/or ovarian cancer;na:Colorectal cancer, non-polyposis; HGMD: Phen=Colorectal cancer, non-polyposis",0.0,Unknown,0.963,Not provided,Not provided,Not provided,[],[],unknown,No,"{""PM2_Moderate"": 2, ""PP3_Moderate"": 2, ""BP5ext_Moderate"": -2}",2,VUS,"sig=benign (-3 points), stars=2 (1.0 coef), clinvar_phenotype_match=Yes, clin=-3.000 | class=DM (3 points), pubs=24, dm_supported=5 (5/24), coef=0.75, hgmd_phenotype_match=No [PENALTY APPLIED], hgmd=1.000 | raw_total=-2.000, applied=BP5ext_Moderate","sig=benign (-3 points), stars=2 (1.0 coef), clinvar_phenotype_match=Yes, clin=-3.000","class=DM (3 points), pubs=24, dm_supported=5 (5/24), coef=0.75, hgmd_phenotype_match=No [PENALTY APPLIED], hgmd=1.000",-2.000,BP5ext_Moderate,,,,PM2_Moderate: gnomAD max AF=0 < threshold 0.0001 for MOI AD,,,,,"PP3_Moderate: computational evidence (SpliceAI=0.000, REVEL=0.963, CADD=NA) met moderate thresholds",,,,,,,No,Yes,,"Filtered: VUS with 2 points (<5) excluded from delins cluster (cluster_id=12);HGMD phenotype 'Colorectal cancer, non-polyposis' mismatches ACMG disease but ClinVar trait 'C0027672:Hereditary cancer-predisposing syndrome;C1333991:Colorectal cancer, hereditary nonpolyposis, type 2;C4552100:Lynch syndrome;C2936783:Lynch syndrome 1;C1321489:Muir-Torré syndrome;C1333991:Colorectal cancer, hereditary nonpolyposis, type 2;C5399763:Mismatch repair cancer syndrome 1;C0009405:Hereditary nonpolyposis colorectal neoplasms;CN221562:Breast and/or ovarian cancer;na:Colorectal cancer, non-polyposis' matches; no manual escalation.;Database conflict (ClinVar): Benign vs VUS detected -> conservative -1 point applied (info in comments).;HQ Conflict: Conflict between HQ sources: Benign (ClinVar_Submission_3stars), Pathogenic (HGMD_DM_supported5)",Filtered: VUS with 2 points (<5) excluded from delins cluster (cluster_id=12);Filtered: VUS with <5 points excluded from all reporting paths (auto/manual/delins),,No
7029740,19910_2023,chr3,38579873,ACGCG,A,SCN5A,AD,c.3229-385_3229-382delCGCG,Not provided,,,,NM_000335.4,17/27,intron_variant,MODIFIER,Het,24,0.407,Long QT syndrome type 3; Brugada syndrome; Dilated cardiomyopathy,No,,No,Not provided,No,Not provided,Not provided,Not provided,0,Not provided,0,0,N/A,Not provided,Not provided,0,Not provided,0,Not provided,No database evidence,0.0,Unknown,0.000,Not provided,0.000,Not provided,[],[],unknown,No,"{""PM2_Moderate"": 2}",2,VUS,"No ClinVar submissions | No HGMD entry | raw_total=0.000, applied=None",No ClinVar submissions,No HGMD entry,0.000,,,,,PM2_Moderate: gnomAD max AF=0 < threshold 0.0001 for MOI AD,,,,,,,,,,,,No,No,,,Cluster id=13 detected (members=chr3:38579873:ACGCG:A:7029740;chr3:38579879:G:A:7029740) - no Pathogenic/LP present; delins NOT flagged; requires P/LP to consider delins.;Delins/overlap cluster (id=13) detected but not all members meet P/LP or >5pts -> not auto-escalated (possible carrier).;Filtered: VUS with <5 points excluded from all reporting paths (auto/manual/delins),,Yes
7029740,19910_2023,chr3,38579879,G,A,SCN5A,AD,c.3229-387C>T,Not provided,,,,NM_000335.4,17/27,intron_variant,MODIFIER,Het,26,0.379,Long QT syndrome type 3; Brugada syndrome; Dilated cardiomyopathy,No,,No,Not provided,No,Not provided,Not provided,Not provided,0,Not provided,0,0,N/A,Not provided,Not provided,0,Not provided,0,Not provided,No database evidence,0.0,Unknown,0.000,Not provided,Not provided,Not provided,[],[],unknown,No,"{""PM2_Moderate"": 2}",2,VUS,"No ClinVar submissions | No HGMD entry | raw_total=0.000, applied=None",No ClinVar submissions,No HGMD entry,0.000,,,,,PM2_Moderate: gnomAD max AF=0 < threshold 0.0001 for MOI AD,,,,,,,,,,,,No,No,,,Cluster id=13 detected (members=chr3:38579873:ACGCG:A:7029740;chr3:38579879:G:A:7029740) - no Pathogenic/LP present; delins NOT flagged; requires P/LP to consider delins.;Delins/overlap cluster (id=13) detected but not all members meet P/LP or >5pts -> not auto-escalated (possible carrier).;Filtered: VUS with <5 points excluded from all reporting paths (auto/manual/delins),,Yes
7029740,19910_2023,chr3,38579891,A,C,SCN5A,AD,c.3229-399T>G,Not provided,,,,NM_000335.4,17/27,intron_variant,MODIFIER,Het,29,0.367,Long QT syndrome type 3; Brugada syndrome; Dilated cardiomyopathy,No,,No,Not provided,No,Not provided,Not provided,Not provided,0,Not provided,0,0,N/A,Not provided,Not provided,0,Not provided,0,Not provided,No database evidence,0.000060,v3,0.000,Not provided,Not provided,Not provided,[],[],unknown,No,"{""PM2_Moderate"": 2}",2,VUS,"No ClinVar submissions | No HGMD entry | raw_total=0.000, applied=None",No ClinVar submissions,No HGMD entry,0.000,,,,,PM2_Moderate: gnomAD max AF=6.01604e-05 < threshold 0.0001 for MOI AD,,,,,,,,,,,,No,No,,,Filtered: VUS with <5 points excluded from all reporting paths (auto/manual/delins),,Yes
7029740,19910_2023,chr3,38593356,G,A,SCN5A,AD,c.2262+4373C>T,Not provided,,,,NM_000335.4,14/27,intron_variant,MODIFIER,Het,24,0.444,Long QT syndrome type 3; Brugada syndrome; Dilated cardiomyopathy,No,,No,Not provided,No,Not provided,Not provided,Not provided,0,Not provided,0,0,N/A,Not provided,Not provided,0,Not provided,0,Not provided,No database evidence,0.0,Unknown,0.000,Not provided,Not provided,Not provided,[],[],unknown,No,"{""PM2_Moderate"": 2}",2,VUS,"No ClinVar submissions | No HGMD entry | raw_total=0.000, applied=None",No ClinVar submissions,No HGMD entry,0.000,,,,,PM2_Moderate: gnomAD max AF=0 < threshold 0.0001 for MOI AD,,,,,,,,,,,,No,No,,,Filtered: VUS with <5 points excluded from all reporting paths (auto/manual/delins),,Yes
7029740,19910_2023,chr3,38642008,C,T,SCN5A,AD,c.-53+7523G>A,Not provided,,,,NM_000335.4,1/27,intron_variant,MODIFIER,Het,33,0.629,Long QT syndrome type 3; Brugada syndrome; Dilated cardiomyopathy,No,,No,Not provided,No,Not provided,Not provided,Not provided,0,Not provided,0,0,N/A,Not provided,Not provided,0,Not provided,0,Not provided,No database evidence,0.0,Unknown,0.000,Not provided,Not provided,Not provided,[],[],unknown,No,"{""PM2_Moderate"": 2}",2,VUS,"No ClinVar submissions | No HGMD entry | raw_total=0.000, applied=None",No ClinVar submissions,No HGMD entry,0.000,,,,,PM2_Moderate: gnomAD max AF=0 < threshold 0.0001 for MOI AD,,,,,,,,,,,,No,No,,,Filtered: VUS with <5 points excluded from all reporting paths (auto/manual/delins),,Yes
7029740,19910_2023,chr5,112747192,A,G,APC,AD,c.-18-7681A>G,Not provided,,,,NM_000038.6,1/15,intron_variant,MODIFIER,Het,38,0.513,Familial adenomatous polyposis,Yes,"RULES_PRESENT_NO_MATCH: Exclude if Consequence contains ""5_prime_UTR_variant"";RULES_PRESENT_NO_MATCH: Exclude if Consequence contains ""5_prime_UTR_variant""",No,Not provided,No,Not provided,Not provided,Not provided,0,Not provided,0,0,N/A,Not provided,Not provided,0,Not provided,0,Not provided,No database evidence,0.0,Unknown,0.000,Not provided,Not provided,Not provided,[],[],unknown,No,"{""PM2_Moderate"": 2}",2,VUS,"No ClinVar submissions | No HGMD entry | raw_total=0.000, applied=None",No ClinVar submissions,No HGMD entry,0.000,,,,,PM2_Moderate: gnomAD max AF=0 < threshold 0.0001 for MOI AD,,,,,,,,,,,,No,No,,,Filtered: VUS with <5 points excluded from all reporting paths (auto/manual/delins),,Yes
7029740,19910_2023,chr5,112763964,G,A,APC,AD,c.136-2362G>A,Not provided,,,,NM_000038.6,2/15,intron_variant,MODIFIER,Het,23,0.542,Familial adenomatous polyposis,Yes,"RULES_PRESENT_NO_MATCH: Exclude if Consequence contains ""5_prime_UTR_variant"";RULES_PRESENT_NO_MATCH: Exclude if Consequence contains ""5_prime_UTR_variant""",No,Not provided,No,Not provided,Not provided,Not provided,0,Not provided,0,0,N/A,Not provided,Not provided,0,Not provided,0,Not provided,No database evidence,0.0,Unknown,0.000,Not provided,Not provided,Not provided,[],[],unknown,No,"{""PM2_Moderate"": 2}",2,VUS,"No ClinVar submissions | No HGMD entry | raw_total=0.000, applied=None",No ClinVar submissions,No HGMD entry,0.000,,,,,PM2_Moderate: gnomAD max AF=0 < threshold 0.0001 for MOI AD,,,,,,,,,,,,No,No,,,Filtered: VUS with <5 points excluded from all reporting paths (auto/manual/delins),,Yes
7029740,19910_2023,chr5,112826208,T,C,APC,AD,c.1409-900T>C,Not provided,,,,NM_000038.6,11/15,intron_variant,MODIFIER,Het,38,0.341,Familial adenomatous polyposis,Yes,"RULES_PRESENT_NO_MATCH: Exclude if Consequence contains ""5_prime_UTR_variant"";RULES_PRESENT_NO_MATCH: Exclude if Consequence contains ""5_prime_UTR_variant""",No,Not provided,No,Not provided,Not provided,Not provided,0,Not provided,0,0,N/A,Not provided,Not provided,0,Not provided,0,Not provided,No database evidence,0.0,Unknown,0.000,Not provided,Not provided,Not provided,[],[],unknown,No,"{""PM2_Moderate"": 2}",2,VUS,"No ClinVar submissions | No HGMD entry | raw_total=0.000, applied=None",No ClinVar submissions,No HGMD entry,0.000,,,,,PM2_Moderate: gnomAD max AF=0 < threshold 0.0001 for MOI AD,,,,,,,,,,,,No,No,,,Filtered: VUS with <5 points excluded from all reporting paths (auto/manual/delins),,Yes
7029740,19910_2023,chr5,112831328,T,A,APC,AD,c.1743+2356T>A,Not provided,,,,NM_000038.6,14/15,intron_variant,MODIFIER,Het,34,0.459,Familial adenomatous polyposis,Yes,"RULES_PRESENT_NO_MATCH: Exclude if Consequence contains ""5_prime_UTR_variant"";RULES_PRESENT_NO_MATCH: Exclude if Consequence contains ""5_prime_UTR_variant""",No,Not provided,No,Not provided,Not provided,Not provided,0,Not provided,0,0,N/A,Not provided,Not provided,0,Not provided,0,Not provided,No database evidence,0.0,Unknown,0.000,Not provided,Not provided,Not provided,[],[],unknown,No,"{""PM2_Moderate"": 2}",2,VUS,"No ClinVar submissions | No HGMD entry | raw_total=0.000, applied=None",No ClinVar submissions,No HGMD entry,0.000,,,,,PM2_Moderate: gnomAD max AF=0 < threshold 0.0001 for MOI AD,,,,,,,,,,,,No,No,,,Filtered: VUS with <5 points excluded from all reporting paths (auto/manual/delins),,Yes
7029740,19910_2023,chr6,7544491,CT,C,DSP,AD,c.170+2419delT,Not provided,,,,NM_001008844.3,1/23,intron_variant,MODIFIER,Het,24,0.654,Arrhythmogenic right ventricular cardiomyopathy; Dilated cardiomyopathy,No,,No,Not provided,No,Not provided,Not provided,Not provided,0,Not provided,0,0,N/A,Not provided,Not provided,0,Not provided,0,Not provided,No database evidence,0.0,Unknown,0.000,Not provided,Not provided,Not provided,[],[],unknown,No,"{""PM2_Moderate"": 2}",2,VUS,"No ClinVar submissions | No HGMD entry | raw_total=0.000, applied=None",No ClinVar submissions,No HGMD entry,0.000,,,,,PM2_Moderate: gnomAD max AF=0 < threshold 0.0001 for MOI AD,,,,,,,,,,,,No,No,,,Filtered: VUS with <5 points excluded from all reporting paths (auto/manual/delins),,Yes
7029740,19910_2023,chr6,118548750,A,G,PLN,AD,c.-98+358A>G,Not provided,,,,NM_002667.5,1/1,intron_variant,MODIFIER,Het,53,0.519,Dilated cardiomyopathy,No,,No,Not provided,No,Not provided,Not provided,Not provided,0,Not provided,0,0,N/A,Not provided,Not provided,0,Not provided,0,Not provided,No database evidence,0.0,Unknown,0.000,Not provided,Not provided,Not provided,[],[],unknown,No,"{""PM2_Moderate"": 2}",2,VUS,"No ClinVar submissions | No HGMD entry | raw_total=0.000, applied=None",No ClinVar submissions,No HGMD entry,0.000,,,,,PM2_Moderate: gnomAD max AF=0 < threshold 0.0001 for MOI AD,,,,,,,,,,,,No,No,,,Filtered: VUS with <5 points excluded from all reporting paths (auto/manual/delins),,Yes
7029740,19910_2023,chr6,123212483,A,T,TRDN,AR,c.*6118T>A,Not provided,,,,NM_006073.4,,downstream_gene_variant,MODIFIER,Het,22,0.435,Catecholaminergic polymorphic ventricular tachycardia; Long QT syndrome,No,,No,Not provided,No,Not provided,Not provided,Not provided,0,Not provided,0,0,N/A,Not provided,Not provided,0,Not provided,0,Not provided,No database evidence,0.0,Unknown,0.000,Not provided,Not provided,Not provided,[],[],unknown,No,"{""PM2_Moderate"": 2}",2,VUS,"No ClinVar submissions | No HGMD entry | raw_total=0.000, applied=None",No ClinVar submissions,No HGMD entry,0.000,,,,,PM2_Moderate: gnomAD max AF=0 < threshold 0.005 for MOI AR,,,,,,,,,,,,No,No,,,Filtered: VUS with <5 points excluded from all reporting paths (auto/manual/delins),,Yes
7029740,19910_2023,chr6,123252230,A,G,TRDN,AR,c.1975+182T>C,Not provided,,,,NM_006073.4,38/40,intron_variant,MODIFIER,Het,40,0.585,Catecholaminergic polymorphic ventricular tachycardia; Long QT syndrome,No,,No,Not provided,No,Not provided,Not provided,Not provided,0,Not provided,0,0,N/A,Not provided,Not provided,0,Not provided,0,Not provided,No database evidence,0.000046,v3,0.000,Not provided,Not provided,Not provided,[],[],unknown,No,"{""PM2_Moderate"": 2}",2,VUS,"No ClinVar submissions | No HGMD entry | raw_total=0.000, applied=None",No ClinVar submissions,No HGMD entry,0.000,,,,,PM2_Moderate: gnomAD max AF=4.60326e-05 < threshold 0.005 for MOI AR,,,,,,,,,,,,No,No,,,Filtered: VUS with <5 points excluded from all reporting paths (auto/manual/delins),,Yes
7029740,19910_2023,chr6,123289011,TGG,T,TRDN,AR,c.1511-9931_1511-9930delCC,Not provided,,,,NM_006073.4,24/40,intron_variant,MODIFIER,Het,20,0.667,Catecholaminergic polymorphic ventricular tachycardia; Long QT syndrome,No,,No,Not provided,No,Not provided,Not provided,Not provided,0,Not provided,0,0,N/A,Not provided,Not provided,0,Not provided,0,Not provided,No database evidence,0.0,Unknown,0.000,Not provided,Not provided,Not provided,[],[],unknown,No,"{""PM2_Moderate"": 2}",2,VUS,"No ClinVar submissions | No HGMD entry | raw_total=0.000, applied=None",No ClinVar submissions,No HGMD entry,0.000,,,,,PM2_Moderate: gnomAD max AF=0 < threshold 0.005 for MOI AR,,,,,,,,,,,,No,No,,,Filtered: VUS with <5 points excluded from all reporting paths (auto/manual/delins),,Yes
7029740,19910_2023,chr6,123292148,G,A,TRDN,AR,c.1511-13066C>T,Not provided,,,,NM_006073.4,24/40,intron_variant,MODIFIER,Het,24,0.375,Catecholaminergic polymorphic ventricular tachycardia; Long QT syndrome,No,,No,Not provided,No,Not provided,Not provided,Not provided,0,Not provided,0,0,N/A,Not provided,Not provided,0,Not provided,0,Not provided,No database evidence,0.000020,v3,0.000,Not provided,Not provided,Not provided,[],[],unknown,No,"{""PM2_Moderate"": 2}",2,VUS,"No ClinVar submissions | No HGMD entry | raw_total=0.000, applied=None",No ClinVar submissions,No HGMD entry,0.000,,,,,PM2_Moderate: gnomAD max AF=1.97221e-05 < threshold 0.005 for MOI AR,,,,,,,,,,,,No,No,,,Filtered: VUS with <5 points excluded from all reporting paths (auto/manual/delins),,Yes
7029740,19910_2023,chr6,123406939,T,C,TRDN,AR,c.1055-13262A>G,Not provided,,,,NM_001251987.2,12/20,intron_variant,MODIFIER,Het,46,0.489,Catecholaminergic polymorphic ventricular tachycardia; Long QT syndrome,No,,No,Not provided,No,Not provided,Not provided,Not provided,0,Not provided,0,0,N/A,Not provided,Not provided,0,Not provided,0,Not provided,No database evidence,0.0,Unknown,0.000,Not provided,Not provided,Not provided,[],[],unknown,No,"{""PM2_Moderate"": 2}",2,VUS,"No ClinVar submissions | No HGMD entry | raw_total=0.000, applied=None",No ClinVar submissions,No HGMD entry,0.000,,,,,PM2_Moderate: gnomAD max AF=0 < threshold 0.005 for MOI AR,,,,,,,,,,,,No,No,,,Filtered: VUS with <5 points excluded from all reporting paths (auto/manual/delins),,Yes
7029740,19910_2023,chr6,123443035,C,G,TRDN,AR,c.932-4032G>C,Not provided,,,,NM_001251987.2,10/20,intron_variant,MODIFIER,Het,36,0.541,Catecholaminergic polymorphic ventricular tachycardia; Long QT syndrome,No,,No,Not provided,No,Not provided,Not provided,Not provided,0,Not provided,0,0,N/A,Not provided,Not provided,0,Not provided,0,Not provided,No database evidence,0.0,Unknown,0.000,Not provided,Not provided,Not provided,[],[],unknown,No,"{""PM2_Moderate"": 2}",2,VUS,"No ClinVar submissions | No HGMD entry | raw_total=0.000, applied=None",No ClinVar submissions,No HGMD entry,0.000,,,,,PM2_Moderate: gnomAD max AF=0 < threshold 0.005 for MOI AR,,,,,,,,,,,,No,No,,,Filtered: VUS with <5 points excluded from all reporting paths (auto/manual/delins),,Yes
7029740,19910_2023,chr6,123482154,G,A,TRDN,AR,c.853+15039C>T,Not provided,,,,NM_001251987.2,9/20,intron_variant,MODIFIER,Het,46,0.447,Catecholaminergic polymorphic ventricular tachycardia; Long QT syndrome,No,,No,Not provided,No,Not provided,Not provided,Not provided,0,Not provided,0,0,N/A,Not provided,Not provided,0,Not provided,0,Not provided,No database evidence,0.0,Unknown,0.000,Not provided,Not provided,Not provided,[],[],unknown,No,"{""PM2_Moderate"": 2}",2,VUS,"No ClinVar submissions | No HGMD entry | raw_total=0.000, applied=None",No ClinVar submissions,No HGMD entry,0.000,,,,,PM2_Moderate: gnomAD max AF=0 < threshold 0.005 for MOI AR,,,,,,,,,,,,No,No,,,Filtered: VUS with <5 points excluded from all reporting paths (auto/manual/delins),,Yes
7029740,19910_2023,chr7,5981058,C,A,PMS2,AD,c.2174+1766G>T,Not provided,,,,NM_000535.7,12/14,intron_variant,MODIFIER,Het,51,0.442,Lynch syndrome,No,,No,Not provided,No,Not provided,Not provided,Not provided,0,Not provided,0,0,N/A,Not provided,Not provided,0,Not provided,0,Not provided,No database evidence,0.0,Unknown,0.000,Not provided,Not provided,Not provided,[],[],unknown,No,"{""PM2_Moderate"": 2}",2,VUS,"No ClinVar submissions | No HGMD entry | raw_total=0.000, applied=None",No ClinVar submissions,No HGMD entry,0.000,,,,,PM2_Moderate: gnomAD max AF=0 < threshold 0.0001 for MOI AD,,,,,,,,,,,,No,No,,,Filtered: VUS with <5 points excluded from all reporting paths (auto/manual/delins),,Yes
7029740,19910_2023,chr7,128826704,T,G,FLNC,AD,c.-3934T>G,Not provided,,,,NM_001458.4,,upstream_gene_variant,MODIFIER,Het,35,0.447,Dilated cardiomyopathy; Hypertrophic cardiomyopathy; Myofibrillar myopathy,No,,No,Not provided,No,Not provided,Not provided,Not provided,0,Not provided,0,0,N/A,Not provided,Not provided,0,Not provided,0,Not provided,No database evidence,0.0,Unknown,0.000,Not provided,Not provided,Not provided,[],[],unknown,No,"{""PM2_Moderate"": 2}",2,VUS,"No ClinVar submissions | No HGMD entry | raw_total=0.000, applied=None",No ClinVar submissions,No HGMD entry,0.000,,,,,PM2_Moderate: gnomAD max AF=0 < threshold 0.0001 for MOI AD,,,,,,,,,,,,No,No,,,Filtered: VUS with <5 points excluded from all reporting paths (auto/manual/delins),,Yes
7029740,19910_2023,chr7,151560609,C,T,PRKAG2,AD,c.1461G>A,p.Arg487Arg,Arg,Arg,487,NM_001040633.1,15/16,synonymous_variant,LOW,Het,30,0.485,Hypertrophic cardiomyopathy,No,,Yes,Cardiomyopathy;Hypertrophic cardiomyopathy;Lethal congenital glycogen storage disease of heart;CN230736:Cardiovascular phenotype;Wolff-Parkinson-White pattern;Hypertrophic cardiomyopathy 6,No,Not provided,Cardiomyopathy;Hypertrophic cardiomyopathy;Lethal congenital glycogen storage disease of heart;CN230736:Cardiovascular phenotype;Wolff-Parkinson-White pattern;Hypertrophic cardiomyopathy 6,benign;benign;benign;likely benign;likely benign;likely benign,2;2;2;2;2;2,Benign,2,2,conditions_csv_phenotype_match,Not provided,Not provided,0,Not provided,0,Not provided,ClinVar: Sig=benign;benign;benign;likely benign;likely benign;likely benign; ClinVar: Trait=Cardiomyopathy;Hypertrophic cardiomyopathy;Lethal congenital glycogen storage disease of heart;CN230736:Cardiovascular phenotype;Wolff-Parkinson-White pattern;Hypertrophic cardiomyopathy 6,0.0,Unknown,0.000,Not provided,Not provided,Not provided,[],[],unknown,No,"{""PM2_Moderate"": 2, ""BP5ext_Moderate"": -2}",0,VUS,"sig=benign (-3 points), stars=2 (1.0 coef), clinvar_phenotype_match=Yes, clin=-3.000 | No HGMD entry | raw_total=-3.000, applied=BP5ext_Moderate","sig=benign (-3 points), stars=2 (1.0 coef), clinvar_phenotype_match=Yes, clin=-3.000",No HGMD entry,-3.000,BP5ext_Moderate,,,,PM2_Moderate: gnomAD max AF=0 < threshold 0.0001 for MOI AD,,,,,,,,,,,,No,No,,,Filtered: VUS with <5 points excluded from all reporting paths (auto/manual/delins),,Yes
7029740,19910_2023,chr7,151613133,C,T,PRKAG2,AD,c.623-17679G>A,Not provided,,,,NM_001040633.1,5/15,intron_variant,MODIFIER,Het,31,0.353,Hypertrophic cardiomyopathy,No,,No,Not provided,No,Not provided,Not provided,Not provided,0,Not provided,0,0,N/A,Not provided,Not provided,0,Not provided,0,Not provided,No database evidence,0.0,Unknown,0.000,Not provided,Not provided,Not provided,[],[],unknown,No,"{""PM2_Moderate"": 2}",2,VUS,"No ClinVar submissions | No HGMD entry | raw_total=0.000, applied=None",No ClinVar submissions,No HGMD entry,0.000,,,,,PM2_Moderate: gnomAD max AF=0 < threshold 0.0001 for MOI AD,,,,,,,,,,,,No,No,,,Filtered: VUS with <5 points excluded from all reporting paths (auto/manual/delins),,Yes
7029740,19910_2023,chr7,151680211,T,C,PRKAG2,AD,c.335-4574A>G,Not provided,,,,NM_001040633.1,3/15,intron_variant,MODIFIER,Het,28,0.733,Hypertrophic cardiomyopathy,No,,No,Not provided,No,Not provided,Not provided,Not provided,0,Not provided,0,0,N/A,Not provided,Not provided,0,Not provided,0,Not provided,No database evidence,0.0,Unknown,0.000,Not provided,Not provided,Not provided,[],[],unknown,No,"{""PM2_Moderate"": 2}",2,VUS,"No ClinVar submissions | No HGMD entry | raw_total=0.000, applied=None",No ClinVar submissions,No HGMD entry,0.000,,,,,PM2_Moderate: gnomAD max AF=0 < threshold 0.0001 for MOI AD,,,,,,,,,,,,No,No,,,Filtered: VUS with <5 points excluded from all reporting paths (auto/manual/delins),,Yes
7029740,19910_2023,chr7,151686349,T,C,PRKAG2,AD,c.335-10712A>G,Not provided,,,,NM_001040633.1,3/15,intron_variant,MODIFIER,Het,30,0.452,Hypertrophic cardiomyopathy,No,,No,Not provided,No,Not provided,Not provided,Not provided,0,Not provided,0,0,N/A,Not provided,Not provided,0,Not provided,0,Not provided,No database evidence,0.0,Unknown,0.000,Not provided,Not provided,Not provided,[],[],unknown,No,"{""PM2_Moderate"": 2}",2,VUS,"No ClinVar submissions | No HGMD entry | raw_total=0.000, applied=None",No ClinVar submissions,No HGMD entry,0.000,,,,,PM2_Moderate: gnomAD max AF=0 < threshold 0.0001 for MOI AD,,,,,,,,,,,,No,No,,,Filtered: VUS with <5 points excluded from all reporting paths (auto/manual/delins),,Yes
7029740,19910_2023,chr7,151759563,T,C,PRKAG2,AD,c.334+21589A>G,Not provided,,,,NM_001040633.1,3/15,intron_variant,MODIFIER,Het,44,0.356,Hypertrophic cardiomyopathy,No,,No,Not provided,No,Not provided,Not provided,Not provided,0,Not provided,0,0,N/A,Not provided,Not provided,0,Not provided,0,Not provided,No database evidence,0.0,Unknown,0.000,Not provided,Not provided,Not provided,[],[],unknown,No,"{""PM2_Moderate"": 2}",2,VUS,"No ClinVar submissions | No HGMD entry | raw_total=0.000, applied=None",No ClinVar submissions,No HGMD entry,0.000,,,,,PM2_Moderate: gnomAD max AF=0 < threshold 0.0001 for MOI AD,,,,,,,,,,,,No,No,,,Filtered: VUS with <5 points excluded from all reporting paths (auto/manual/delins),,Yes
7029740,19910_2023,chr7,151820331,C,T,PRKAG2,AD,c.115-33790G>A,Not provided,,,,NM_016203.4,1/15,intron_variant,MODIFIER,Het,20,0.571,Hypertrophic cardiomyopathy,No,,No,Not provided,No,Not provided,Not provided,Not provided,0,Not provided,0,0,N/A,Not provided,Not provided,0,Not provided,0,Not provided,No database evidence,0.0,Unknown,0.000,Not provided,Not provided,Not provided,[],[],unknown,No,"{""PM2_Moderate"": 2}",2,VUS,"No ClinVar submissions | No HGMD entry | raw_total=0.000, applied=None",No ClinVar submissions,No HGMD entry,0.000,,,,,PM2_Moderate: gnomAD max AF=0 < threshold 0.0001 for MOI AD,,,,,,,,,,,,No,No,,,Filtered: VUS with <5 points excluded from all reporting paths (auto/manual/delins),,Yes
7029740,19910_2023,chr7,151820620,C,G,PRKAG2,AD,c.115-34079G>C,Not provided,,,,NM_016203.4,1/15,intron_variant,MODIFIER,Hom,16,1.000,Hypertrophic cardiomyopathy,No,,No,Not provided,No,Not provided,Not provided,Not provided,0,Not provided,0,0,N/A,Not provided,Not provided,0,Not provided,0,Not provided,No database evidence,0.0,Unknown,0.000,Not provided,Not provided,Not provided,[],[],unknown,No,"{""PM2_Moderate"": 2}",2,VUS,"No ClinVar submissions | No HGMD entry | raw_total=0.000, applied=None",No ClinVar submissions,No HGMD entry,0.000,,,,,PM2_Moderate: gnomAD max AF=0 < threshold 0.0001 for MOI AD,,,,,,,,,,,,No,No,,,Cluster id=15 detected (members=chr7:151820620:C:G:7029740;chr7:151820626:A:T:7029740) - no Pathogenic/LP present; delins NOT flagged; requires P/LP to consider delins.;Delins/overlap cluster (id=15) detected but not all members meet P/LP or >5pts -> not auto-escalated (possible carrier).;Filtered: VUS with <5 points excluded from all reporting paths (auto/manual/delins),,Yes
7029740,19910_2023,chr7,151820626,A,T,PRKAG2,AD,c.115-34085T>A,Not provided,,,,NM_016203.4,1/15,intron_variant,MODIFIER,Hom,18,1.000,Hypertrophic cardiomyopathy,No,,No,Not provided,No,Not provided,Not provided,Not provided,0,Not provided,0,0,N/A,Not provided,Not provided,0,Not provided,0,Not provided,No database evidence,0.0,Unknown,0.000,Not provided,Not provided,Not provided,[],[],unknown,No,"{""PM2_Moderate"": 2}",2,VUS,"No ClinVar submissions | No HGMD entry | raw_total=0.000, applied=None",No ClinVar submissions,No HGMD entry,0.000,,,,,PM2_Moderate: gnomAD max AF=0 < threshold 0.0001 for MOI AD,,,,,,,,,,,,No,No,,,Cluster id=15 detected (members=chr7:151820620:C:G:7029740;chr7:151820626:A:T:7029740) - no Pathogenic/LP present; delins NOT flagged; requires P/LP to consider delins.;Delins/overlap cluster (id=15) detected but not all members meet P/LP or >5pts -> not auto-escalated (possible carrier).;Filtered: VUS with <5 points excluded from all reporting paths (auto/manual/delins),,Yes
7029740,19910_2023,chr7,151820654,C,T,PRKAG2,AD,c.115-34113G>A,Not provided,,,,NM_016203.4,1/15,intron_variant,MODIFIER,Het,18,0.381,Hypertrophic cardiomyopathy,No,,No,Not provided,No,Not provided,Not provided,Not provided,0,Not provided,0,0,N/A,Not provided,Not provided,0,Not provided,0,Not provided,No database evidence,0.000057,v3,0.000,Not provided,Not provided,Not provided,[],[],unknown,No,"{""PM2_Moderate"": 2}",2,VUS,"No ClinVar submissions | No HGMD entry | raw_total=0.000, applied=None",No ClinVar submissions,No HGMD entry,0.000,,,,,PM2_Moderate: gnomAD max AF=5.72688e-05 < threshold 0.0001 for MOI AD,,,,,,,,,,,,No,No,,,Filtered: VUS with <5 points excluded from all reporting paths (auto/manual/delins),,Yes
7029740,19910_2023,chr7,151839818,C,T,PRKAG2,AD,c.114+36689G>A,Not provided,,,,NM_016203.4,1/15,intron_variant,MODIFIER,Het,32,0.656,Hypertrophic cardiomyopathy,No,,No,Not provided,No,Not provided,Not provided,Not provided,0,Not provided,0,0,N/A,Not provided,Not provided,0,Not provided,0,Not provided,No database evidence,0.0,Unknown,0.000,Not provided,Not provided,Not provided,[],[],unknown,No,"{""PM2_Moderate"": 2}",2,VUS,"No ClinVar submissions | No HGMD entry | raw_total=0.000, applied=None",No ClinVar submissions,No HGMD entry,0.000,,,,,PM2_Moderate: gnomAD max AF=0 < threshold 0.0001 for MOI AD,,,,,,,,,,,,No,No,,,Filtered: VUS with <5 points excluded from all reporting paths (auto/manual/delins),,Yes
7029740,19910_2023,chr7,151844229,C,T,PRKAG2,AD,c.114+32278G>A,Not provided,,,,NM_016203.4,1/15,intron_variant,MODIFIER,Het,30,0.387,Hypertrophic cardiomyopathy,No,,No,Not provided,No,Not provided,Not provided,Not provided,0,Not provided,0,0,N/A,Not provided,Not provided,0,Not provided,0,Not provided,No database evidence,0.0,Unknown,0.000,Not provided,Not provided,Not provided,[],[],unknown,No,"{""PM2_Moderate"": 2}",2,VUS,"No ClinVar submissions | No HGMD entry | raw_total=0.000, applied=None",No ClinVar submissions,No HGMD entry,0.000,,,,,PM2_Moderate: gnomAD max AF=0 < threshold 0.0001 for MOI AD,,,,,,,,,,,,No,No,,,Filtered: VUS with <5 points excluded from all reporting paths (auto/manual/delins),,Yes
7029740,19910_2023,chr7,151851413,G,A,PRKAG2,AD,c.114+25094C>T,Not provided,,,,NM_016203.4,1/15,intron_variant,MODIFIER,Het,34,0.459,Hypertrophic cardiomyopathy,No,,No,Not provided,No,Not provided,Not provided,Not provided,0,Not provided,0,0,N/A,Not provided,Not provided,0,Not provided,0,Not provided,No database evidence,0.0,Unknown,0.000,Not provided,Not provided,Not provided,[],[],unknown,No,"{""PM2_Moderate"": 2}",2,VUS,"No ClinVar submissions | No HGMD entry | raw_total=0.000, applied=None",No ClinVar submissions,No HGMD entry,0.000,,,,,PM2_Moderate: gnomAD max AF=0 < threshold 0.0001 for MOI AD,,,,,,,,,,,,No,No,,,Filtered: VUS with <5 points excluded from all reporting paths (auto/manual/delins),,Yes
7029740,19910_2023,chr7,151876119,C,T,PRKAG2,AD,c.114+388G>A,Not provided,,,,NM_016203.4,1/15,intron_variant,MODIFIER,Het,17,0.556,Hypertrophic cardiomyopathy,No,,No,Not provided,No,Not provided,Not provided,Not provided,0,Not provided,0,0,N/A,Not provided,Not provided,0,Not provided,0,Not provided,No database evidence,0.0,Unknown,0.000,Not provided,Not provided,Not provided,[],[],unknown,No,"{""PM2_Moderate"": 2}",2,VUS,"No ClinVar submissions | No HGMD entry | raw_total=0.000, applied=None",No ClinVar submissions,No HGMD entry,0.000,,,,,PM2_Moderate: gnomAD max AF=0 < threshold 0.0001 for MOI AD,,,,,,,,,,,,No,No,,,Filtered: VUS with <5 points excluded from all reporting paths (auto/manual/delins),,Yes
7029740,19910_2023,chr9,99117074,T,G,TGFBR1,AD,c.97+11772T>G,Not provided,,,,NM_001130916.3,1/7,intron_variant,MODIFIER,Het,31,0.353,Loeys-Dietz syndrome,No,,No,Not provided,No,Not provided,Not provided,Not provided,0,Not provided,0,0,N/A,Not provided,Not provided,0,Not provided,0,Not provided,No database evidence,0.0,Unknown,0.000,Not provided,Not provided,Not provided,[],[],unknown,No,"{""PM2_Moderate"": 2}",2,VUS,"No ClinVar submissions | No HGMD entry | raw_total=0.000, applied=None",No ClinVar submissions,No HGMD entry,0.000,,,,,PM2_Moderate: gnomAD max AF=0 < threshold 0.0001 for MOI AD,,,,,,,,,,,,No,No,,,Filtered: VUS with <5 points excluded from all reporting paths (auto/manual/delins),,Yes
7029740,19910_2023,chr9,132913891,G,GT,TSC1,AD,c.738-1435dupA,Not provided,,,,NM_001162426.2,8/22,intron_variant,MODIFIER,Het,21,0.458,Tuberous sclerosis complex,No,,No,Not provided,No,Not provided,Not provided,Not provided,0,Not provided,0,0,N/A,Not provided,Not provided,0,Not provided,0,Not provided,No database evidence,0.0,Unknown,0.000,Not provided,Not provided,Not provided,[],[],unknown,No,"{""PM2_Moderate"": 2}",2,VUS,"No ClinVar submissions | No HGMD entry | raw_total=0.000, applied=None",No ClinVar submissions,No HGMD entry,0.000,,,,,PM2_Moderate: gnomAD max AF=0 < threshold 0.0001 for MOI AD,,,,,,,,,,,,No,No,,,Filtered: VUS with <5 points excluded from all reporting paths (auto/manual/delins),,Yes
7029740,19910_2023,chrX,38376748,T,C,OTC,XL,c.299-4594T>C,Not provided,,,,NM_000531.6,3/9,intron_variant,MODIFIER,Hemi,16,1.000,Ornithine transcarbamylase deficiency,No,,No,Not provided,No,Not provided,Not provided,Not provided,0,Not provided,0,0,N/A,Not provided,Not provided,0,Not provided,0,Not provided,No database evidence,0.0,Unknown,0.000,Not provided,Not provided,Not provided,[],[],unknown,No,"{""PM2_Moderate"": 2}",2,VUS,"No ClinVar submissions | No HGMD entry | raw_total=0.000, applied=None",No ClinVar submissions,No HGMD entry,0.000,,,,,PM2_Moderate: gnomAD max AF=0 < threshold 0.0001 for MOI XL,,,,,,,,,,,,No,No,,,Filtered: VUS with <5 points excluded from all reporting paths (auto/manual/delins),,Yes
7029740,19910_2023,chr1,237076013,C,T,RYR2,AD,c.48+33444C>T,Not provided,,,,NM_001035.3,1/104,intron_variant,MODIFIER,Het,6,0.571,Catecholaminergic polymorphic ventricular tachycardia,No,,No,Not provided,No,Not provided,Not provided,Not provided,0,Not provided,0,0,N/A,Not provided,Not provided,0,Not provided,0,Not provided,No database evidence,0.0,Unknown,0.000,Not provided,Not provided,Not provided,[],[],unknown,No,"{""PM2_Moderate"": 2}",2,VUS,"No ClinVar submissions | No HGMD entry | raw_total=0.000, applied=None",No ClinVar submissions,No HGMD entry,0.000,,,,,PM2_Moderate: gnomAD max AF=0 < threshold 0.0001 for MOI AD,,,,,,,,,,,,No,No,,,"Failed strict QC: heterozygous variant on chr1 with DP=6 (min=10), AF=0.571 (min=0.2);Filtered: VUS with <5 points excluded from all reporting paths (auto/manual/delins);Failed strict QC",,Yes
7029740,19910_2023,chr1,237594905,T,G,RYR2,AD,c.4437-593T>G,Not provided,,,,NM_001035.3,33/104,intron_variant,MODIFIER,Het,8,0.375,Catecholaminergic polymorphic ventricular tachycardia,No,,No,Not provided,No,Not provided,Not provided,Not provided,0,Not provided,0,0,N/A,Not provided,Not provided,0,Not provided,0,Not provided,No database evidence,0.0,Unknown,0.000,Not provided,Not provided,Not provided,[],[],unknown,No,"{""PM2_Moderate"": 2}",2,VUS,"No ClinVar submissions | No HGMD entry | raw_total=0.000, applied=None",No ClinVar submissions,No HGMD entry,0.000,,,,,PM2_Moderate: gnomAD max AF=0 < threshold 0.0001 for MOI AD,,,,,,,,,,,,No,No,,,"Failed strict QC: heterozygous variant on chr1 with DP=8 (min=10), AF=0.375 (min=0.2);Filtered: VUS with <5 points excluded from all reporting paths (auto/manual/delins);Failed strict QC",,Yes
7029740,19910_2023,chr10,86751652,C,CATACGCATAT,BMPR1A,AD,c.-5535_-5534insATACGCATAT,Not provided,,,,NM_004329.2,,upstream_gene_variant,MODIFIER,Het,6,0.500,Juvenile polyposis syndrome,No,,No,Not provided,No,Not provided,Not provided,Not provided,0,Not provided,0,0,N/A,Not provided,Not provided,0,Not provided,0,Not provided,No database evidence,0.0,Unknown,0.000,Not provided,0.000,Not provided,[],[],unknown,No,"{""PM2_Moderate"": 2}",2,VUS,"No ClinVar submissions | No HGMD entry | raw_total=0.000, applied=None",No ClinVar submissions,No HGMD entry,0.000,,,,,PM2_Moderate: gnomAD max AF=0 < threshold 0.0001 for MOI AD,,,,,,,,,,,,No,No,,,"Cluster id=5 detected (members=chr10:86751644:CGTGCGCACATGCACAT:C:7029740;chr10:86751652:C:CATACGCATAT:7029740) - no Pathogenic/LP present; delins NOT flagged; requires P/LP to consider delins.;Delins/overlap cluster (id=5) detected but not all members meet P/LP or >5pts -> not auto-escalated (possible carrier).;Failed strict QC: heterozygous variant on chr10 with DP=6 (min=10), AF=0.500 (min=0.2);Filtered: VUS with <5 points excluded from all reporting paths (auto/manual/delins);Failed strict QC",,Yes
7029740,19910_2023,chr10,110816481,A,G,RBM20,AD,c.2550+3534A>G,Not provided,,,,NM_001134363.3,9/13,intron_variant,MODIFIER,Het,6,0.444,Dliated cardiomyopathy,No,,No,Not provided,No,Not provided,Not provided,Not provided,0,Not provided,0,0,N/A,Not provided,Not provided,0,Not provided,0,Not provided,No database evidence,0.0,Unknown,0.000,Not provided,Not provided,Not provided,[],[],unknown,No,"{""PM2_Moderate"": 2}",2,VUS,"No ClinVar submissions | No HGMD entry | raw_total=0.000, applied=None",No ClinVar submissions,No HGMD entry,0.000,,,,,PM2_Moderate: gnomAD max AF=0 < threshold 0.0001 for MOI AD,,,,,,,,,,,,No,No,,,"Failed strict QC: heterozygous variant on chr10 with DP=6 (min=10), AF=0.444 (min=0.2);Filtered: VUS with <5 points excluded from all reporting paths (auto/manual/delins);Failed strict QC",,Yes
7029740,19910_2023,chr11,2544302,G,A,KCNQ1,AD,c.477+16284G>A,Not provided,,,,NM_000218.3,2/15,intron_variant,MODIFIER,Het,8,0.231,Long-QT syndrome type 1,No,,No,Not provided,No,Not provided,Not provided,Not provided,0,Not provided,0,0,N/A,Not provided,Not provided,0,Not provided,0,Not provided,No database evidence,0.000028,v3,0.000,Not provided,Not provided,Not provided,[],[],unknown,No,"{""PM2_Moderate"": 2}",2,VUS,"No ClinVar submissions | No HGMD entry | raw_total=0.000, applied=None",No ClinVar submissions,No HGMD entry,0.000,,,,,PM2_Moderate: gnomAD max AF=2.79068e-05 < threshold 0.0001 for MOI AD,,,,,,,,,,,,No,No,,,"Cluster id=6 detected (members=chr11:2544302:G:A:7029740;chr11:2544310:A:ATG:7029740;chr11:2544303:T:TAC:7029740) - no Pathogenic/LP present; delins NOT flagged; requires P/LP to consider delins.;Delins/overlap cluster (id=6) detected but not all members meet P/LP or >5pts -> not auto-escalated (possible carrier).;Failed strict QC: heterozygous variant on chr11 with DP=8 (min=10), AF=0.231 (min=0.2);Filtered: VUS with <5 points excluded from all reporting paths (auto/manual/delins);Failed strict QC",,Yes
7029740,19910_2023,chr11,2733856,T,G,KCNQ1,AD,c.1515-34988T>G,Not provided,,,,NM_000218.3,11/15,intron_variant,MODIFIER,Het,8,0.231,Long-QT syndrome type 1,No,,No,Not provided,No,Not provided,Not provided,Not provided,0,Not provided,0,0,N/A,Not provided,Not provided,0,Not provided,0,Not provided,No database evidence,0.0,Unknown,0.000,Not provided,Not provided,Not provided,[],[],unknown,No,"{""PM2_Moderate"": 2}",2,VUS,"No ClinVar submissions | No HGMD entry | raw_total=0.000, applied=None",No ClinVar submissions,No HGMD entry,0.000,,,,,PM2_Moderate: gnomAD max AF=0 < threshold 0.0001 for MOI AD,,,,,,,,,,,,No,No,,,"Failed strict QC: heterozygous variant on chr11 with DP=8 (min=10), AF=0.231 (min=0.2);Filtered: VUS with <5 points excluded from all reporting paths (auto/manual/delins);Failed strict QC",,Yes
7029740,19910_2023,chr13,32365625,G,C,BRCA2,AD,c.8331+2092G>C,Not provided,,,,NM_000059.3,18/26,intron_variant,MODIFIER,Het,6,0.444,Hereditary breast and ovarian cancer,No,,No,Not provided,No,Not provided,Not provided,Not provided,0,Not provided,0,0,N/A,Not provided,Not provided,0,Not provided,0,Not provided,No database evidence,0.0,Unknown,0.000,Not provided,Not provided,Not provided,[],[],unknown,No,"{""PM2_Moderate"": 2}",2,VUS,"No ClinVar submissions | No HGMD entry | raw_total=0.000, applied=None",No ClinVar submissions,No HGMD entry,0.000,,,,,PM2_Moderate: gnomAD max AF=0 < threshold 0.0001 for MOI AD,,,,,,,,,,,,No,No,,,"Failed strict QC: heterozygous variant on chr13 with DP=6 (min=10), AF=0.444 (min=0.2);Filtered: VUS with <5 points excluded from all reporting paths (auto/manual/delins);Failed strict QC",,Yes
7029740,19910_2023,chr15,48476589,CTTCT,C,FBN1,AD,c.3965-1943_3965-1940delAGAA,Not provided,,,,NM_000138.4,32/65,intron_variant,MODIFIER,Het,8,0.556,Marfan syndrome,No,,No,Not provided,No,Not provided,Not provided,Not provided,0,Not provided,0,0,N/A,Not provided,Not provided,0,Not provided,0,Not provided,No database evidence,0.0,Unknown,0.000,Not provided,0.000,Not provided,[],[],unknown,No,"{""PM2_Moderate"": 2}",2,VUS,"No ClinVar submissions | No HGMD entry | raw_total=0.000, applied=None",No ClinVar submissions,No HGMD entry,0.000,,,,,PM2_Moderate: gnomAD max AF=0 < threshold 0.0001 for MOI AD,,,,,,,,,,,,No,No,,,"Failed strict QC: heterozygous variant on chr15 with DP=8 (min=10), AF=0.556 (min=0.2);Filtered: VUS with <5 points excluded from all reporting paths (auto/manual/delins);Failed strict QC",,Yes
7029740,19910_2023,chr7,5993431,G,GT,PMS2,AD,c.904-1375dupA,Not provided,,,,NM_000535.7,8/14,intron_variant,MODIFIER,Het,8,0.250,Lynch syndrome,No,,No,Not provided,No,Not provided,Not provided,Not provided,0,Not provided,0,0,N/A,Not provided,Not provided,0,Not provided,0,Not provided,No database evidence,0.000014,v3,0.000,Not provided,Not provided,Not provided,[],[],unknown,No,"{""PM2_Moderate"": 2}",2,VUS,"No ClinVar submissions | No HGMD entry | raw_total=0.000, applied=None",No ClinVar submissions,No HGMD entry,0.000,,,,,PM2_Moderate: gnomAD max AF=1.36375e-05 < threshold 0.0001 for MOI AD,,,,,,,,,,,,No,No,,,"Cluster id=14 detected (members=chr7:5993431:G:GT:7029740;chr7:5993434:T:TGG:7029740) - no Pathogenic/LP present; delins NOT flagged; requires P/LP to consider delins.;Delins/overlap cluster (id=14) detected but not all members meet P/LP or >5pts -> not auto-escalated (possible carrier).;Failed strict QC: heterozygous variant on chr7 with DP=8 (min=10), AF=0.250 (min=0.2);Filtered: VUS with <5 points excluded from all reporting paths (auto/manual/delins);Failed strict QC",,Yes
7029740,19910_2023,chr7,5993434,T,TGG,PMS2,AD,c.904-1378_904-1377insCC,Not provided,,,,NM_000535.7,8/14,intron_variant,MODIFIER,Het,8,0.250,Lynch syndrome,No,,No,Not provided,No,Not provided,Not provided,Not provided,0,Not provided,0,0,N/A,Not provided,Not provided,0,Not provided,0,Not provided,No database evidence,0.0,Unknown,0.000,Not provided,0.000,Not provided,[],[],unknown,No,"{""PM2_Moderate"": 2}",2,VUS,"No ClinVar submissions | No HGMD entry | raw_total=0.000, applied=None",No ClinVar submissions,No HGMD entry,0.000,,,,,PM2_Moderate: gnomAD max AF=0 < threshold 0.0001 for MOI AD,,,,,,,,,,,,No,No,,,"Cluster id=14 detected (members=chr7:5993431:G:GT:7029740;chr7:5993434:T:TGG:7029740) - no Pathogenic/LP present; delins NOT flagged; requires P/LP to consider delins.;Delins/overlap cluster (id=14) detected but not all members meet P/LP or >5pts -> not auto-escalated (possible carrier).;Failed strict QC: heterozygous variant on chr7 with DP=8 (min=10), AF=0.250 (min=0.2);Filtered: VUS with <5 points excluded from all reporting paths (auto/manual/delins);Failed strict QC",,Yes
7029740,19910_2023,chr7,151782368,G,A,PRKAG2,AD,c.55-937C>T,Not provided,,,,NM_001040633.1,2/15,intron_variant,MODIFIER,Het,8,1.000,Hypertrophic cardiomyopathy,No,,No,Not provided,No,Not provided,Not provided,Not provided,0,Not provided,0,0,N/A,Not provided,Not provided,0,Not provided,0,Not provided,No database evidence,0.0,Unknown,0.000,Not provided,Not provided,Not provided,[],[],unknown,No,"{""PM2_Moderate"": 2}",2,VUS,"No ClinVar submissions | No HGMD entry | raw_total=0.000, applied=None",No ClinVar submissions,No HGMD entry,0.000,,,,,PM2_Moderate: gnomAD max AF=0 < threshold 0.0001 for MOI AD,,,,,,,,,,,,No,No,,,"Failed strict QC: heterozygous variant on chr7 with DP=8 (min=10), AF=1.000 (min=0.2);Filtered: VUS with <5 points excluded from all reporting paths (auto/manual/delins);Failed strict QC",,Yes
7029740,19910_2023,chr7,151874390,GATGTAT,G,PRKAG2,AD,c.114+2111_114+2116delATACAT,Not provided,,,,NM_016203.4,1/15,intron_variant,MODIFIER,Het,5,0.400,Hypertrophic cardiomyopathy,No,,No,Not provided,No,Not provided,Not provided,Not provided,0,Not provided,0,0,N/A,Not provided,Not provided,0,Not provided,0,Not provided,No database evidence,0.0,Unknown,0.000,Not provided,0.010,Not provided,[],[],unknown,No,"{""PM2_Moderate"": 2}",2,VUS,"No ClinVar submissions | No HGMD entry | raw_total=0.000, applied=None",No ClinVar submissions,No HGMD entry,0.000,,,,,PM2_Moderate: gnomAD max AF=0 < threshold 0.0001 for MOI AD,,,,,,,,,,,,No,No,,,"Failed strict QC: heterozygous variant on chr7 with DP=5 (min=10), AF=0.400 (min=0.2);Filtered: VUS with <5 points excluded from all reporting paths (auto/manual/delins);Failed strict QC",,Yes
7029740,19910_2023,chr9,127843760,TTTTTTTTTTTT,A,ENG,AD,c.68-526_68-515delAAAAAAAAAAAAinsT,Not provided,,,,NM_001114753.2,1/14,intron_variant,MODIFIER,Het,5,0.400,Hereditary hemorrhagic telangiectasia,No,,No,Not provided,No,Not provided,Not provided,Not provided,0,Not provided,0,0,N/A,Not provided,Not provided,0,Not provided,0,Not provided,No database evidence,0.0,Unknown,0.000,Not provided,0.000,Not provided,[],[],unknown,No,"{""PM2_Moderate"": 2}",2,VUS,"No ClinVar submissions | No HGMD entry | raw_total=0.000, applied=None",No ClinVar submissions,No HGMD entry,0.000,,,,,PM2_Moderate: gnomAD max AF=0 < threshold 0.0001 for MOI AD,,,,,,,,,,,,No,No,,,"Failed strict QC: heterozygous variant on chr9 with DP=5 (min=10), AF=0.400 (min=0.2);Filtered: VUS with <5 points excluded from all reporting paths (auto/manual/delins);Failed strict QC",,Yes
7029740,19910_2023,chr9,132949268,TACACACAC,T,TSC1,AD,c.-4877_-4870delGTGTGTGT,Not provided,,,,NM_001162426.2,,upstream_gene_variant,MODIFIER,Het,8,0.667,Tuberous sclerosis complex,No,,No,Not provided,No,Not provided,Not provided,Not provided,0,Not provided,0,0,N/A,Not provided,Not provided,0,Not provided,0,Not provided,No database evidence,0.0,Unknown,0.000,Not provided,Not provided,Not provided,[],[],unknown,No,"{""PM2_Moderate"": 2}",2,VUS,"No ClinVar submissions | No HGMD entry | raw_total=0.000, applied=None",No ClinVar submissions,No HGMD entry,0.000,,,,,PM2_Moderate: gnomAD max AF=0 < threshold 0.0001 for MOI AD,,,,,,,,,,,,No,No,,,"Failed strict QC: heterozygous variant on chr9 with DP=8 (min=10), AF=0.667 (min=0.2);Filtered: VUS with <5 points excluded from all reporting paths (auto/manual/delins);Failed strict QC",,Yes
