sample,Family_ID,chrom,pos,ref,alt,gene,Inheritance,HGVSc,HGVSp,AA_ref,AA_alt,AA_pos,tid,Exon,Consequence,Impact,Zygosity,DP,Sample_AF,acmg_disease_association,Special_Guidance,Rules_applied,clinvar_phenotype_match,clinvar_phenotype_info,hgmd_phenotype_match,hgmd_phenotype_info,clinvar_trait,clinvar_sig,clinvar_stars,clinvar_consensus_class,clinvar_consensus_stars,clinvar_aggregate_stars,clinvar_phenotype_match_method,hgmd_class,hgmd_phenotype,hgmd_publication_count,hgmd_rankscore,hgmd_dmsupported,internal_db_sig,database_summary,gnomAD_AF,gnomAD_version,REVEL,CADD,SpliceAI,AlphaMissense,ps1_matches,pm5_matches,phase,is_delins_part,criteria_points_ext,total_ext_points,extended_class,PP5ext_BP5ext_expl,PP5_clin_block,PP5_hgmd_block,PP5_raw_total,PP5_applied,PVS1_expl,PS1_expl,PM1_expl,PM2_expl,PM3_expl,PM4_expl,PM5_expl,PP1_expl,PP3_expl,BA1_expl,BS1_expl,BS2_expl,BP4_expl,BP6_expl,BP7_expl,in_auto_report,in_manual_review,auto_report_reasons,manual_reasons,comments,filtered_reasons,filtered_out
7115000,11830_2024,chr1,17017296,CAGG,C,SDHB,AD,c.*1582_*1584delCCT,Not provided,,,,NM_003000.3,,downstream_gene_variant,MODIFIER,Het,20,0.650,Hereditary paraganglioma-pheochromocytoma syndrome,No,,No,Not provided,No,Not provided,Not provided,Not provided,0,Not provided,0,0,N/A,Not provided,Not provided,0,Not provided,0,Not provided,No database evidence,0.000007,v3,-1.000,Not provided,Not provided,Not provided,[],[],unknown,No,"{""PM2_Moderate"": 2}",2,VUS,"No ClinVar submissions | No HGMD entry | raw_total=0.000, applied=None",No ClinVar submissions,No HGMD entry,0.000,,,,,PM2_Moderate: gnomAD max AF=6.97029e-06 < threshold 0.0001 for MOI AD,,,,,,,,,,,,No,No,,,Filtered: VUS with <5 points excluded from all reporting paths (auto/manual/delins),,Yes
7115000,11830_2024,chr1,17052044,A,C,SDHB,AD,c.72+1904T>G,Not provided,,,,NM_003000.3,1/7,intron_variant,MODIFIER,Het,27,0.444,Hereditary paraganglioma-pheochromocytoma syndrome,No,,No,Not provided,No,Not provided,Not provided,Not provided,0,Not provided,0,0,N/A,Not provided,Not provided,0,Not provided,0,Not provided,No database evidence,0.0,Unknown,-1.000,Not provided,Not provided,Not provided,[],[],unknown,No,"{""PM2_Moderate"": 2}",2,VUS,"No ClinVar submissions | No HGMD entry | raw_total=0.000, applied=None",No ClinVar submissions,No HGMD entry,0.000,,,,,PM2_Moderate: gnomAD max AF=0 < threshold 0.0001 for MOI AD,,,,,,,,,,,,No,No,,,Filtered: VUS with <5 points excluded from all reporting paths (auto/manual/delins),,Yes
7115000,11830_2024,chr1,45339498,G,A,MUTYH,AR,c.36+721C>T,Not provided,,,,NM_001048171.1,1/15,intron_variant,MODIFIER,Het,41,0.537,MUTYH-associated polyposis,No,,No,Not provided,No,Not provided,Not provided,Not provided,0,Not provided,0,0,N/A,Not provided,Not provided,0,Not provided,0,Not provided,No database evidence,0.0,Unknown,-1.000,Not provided,Not provided,Not provided,[],[],unknown,No,"{""PM2_Moderate"": 2}",2,VUS,"No ClinVar submissions | No HGMD entry | raw_total=0.000, applied=None",No ClinVar submissions,No HGMD entry,0.000,,,,,PM2_Moderate: gnomAD max AF=0 < threshold 0.005 for MOI AR,,,,,,,,,,,,No,No,,,Filtered: VUS with <5 points excluded from all reporting paths (auto/manual/delins),,Yes
7115000,11830_2024,chr1,55064428,C,T,PCSK9,AD,c.*844C>T,Not provided,,,,NM_174936.4,12/12,3_prime_UTR_variant,MODIFIER,Het,57,0.544,Familial hypercholesterolemia,Yes,"No include rule matched; rules require explicit inclusion (whitelist);Include if Impact is ""MODERATE"" or ""LOW"";No include rule matched; rules require explicit inclusion (whitelist);Include if Impact is ""MODERATE"" or ""LOW"";No include rule matched; rules require explicit inclusion (whitelist);Include if Impact is ""MODERATE"" or ""LOW""",No,Not provided,No,Not provided,Not provided,Not provided,0,Not provided,0,0,N/A,Not provided,Not provided,0,Not provided,0,Not provided,No database evidence,0.000053,v3,-1.000,Not provided,Not provided,Not provided,[],[],unknown,No,"{""PM2_Moderate"": 2}",2,VUS,"No ClinVar submissions | No HGMD entry | raw_total=0.000, applied=None",No ClinVar submissions,No HGMD entry,0.000,,,,,PM2_Moderate: gnomAD max AF=5.25452e-05 < threshold 0.0001 for MOI AD,,,,,,,,,,,,No,No,,,"Filtered: VUS with <5 points excluded from all reporting paths (auto/manual/delins);Filtered by gene 'Rules' (exclude): No include rule matched; rules require explicit inclusion (whitelist); Include if Impact is ""MODERATE"" or ""LOW""","Filtered: VUS with <5 points excluded from all reporting paths (auto/manual/delins);Filtered by gene 'Rules' (exclude): No include rule matched; rules require explicit inclusion (whitelist); Include if Impact is ""MODERATE"" or ""LOW""",Yes
7115000,11830_2024,chr1,115709531,T,C,CASQ2,AR,c.839-4239A>G,Not provided,,,,NM_001232.3,8/10,intron_variant,MODIFIER,Het,45,0.587,Catecholaminergic polymorphic ventricular tachycardia,No,,No,Not provided,No,Not provided,Not provided,Not provided,0,Not provided,0,0,N/A,Not provided,Not provided,0,Not provided,0,Not provided,No database evidence,0.0,Unknown,-1.000,Not provided,Not provided,Not provided,[],[],unknown,No,"{""PM2_Moderate"": 2}",2,VUS,"No ClinVar submissions | No HGMD entry | raw_total=0.000, applied=None",No ClinVar submissions,No HGMD entry,0.000,,,,,PM2_Moderate: gnomAD max AF=0 < threshold 0.005 for MOI AR,,,,,,,,,,,,No,No,,,Filtered: VUS with <5 points excluded from all reporting paths (auto/manual/delins),,Yes
7115000,11830_2024,chr1,156082507,GGGGGGCGCGCC,G,LMNA,AD,c.-711_-701delGGGGGCGCGCC,Not provided,,,,NM_001282625.1,,upstream_gene_variant,MODIFIER,Het,31,0.387,Dilated cardiomyopathy,No,,No,Not provided,No,Not provided,Not provided,Not provided,0,Not provided,0,0,N/A,Not provided,Not provided,0,Not provided,0,Not provided,No database evidence,0.0,Unknown,-1.000,Not provided,Not provided,Not provided,[],[],unknown,No,"{""PM2_Moderate"": 2}",2,VUS,"No ClinVar submissions | No HGMD entry | raw_total=0.000, applied=None",No ClinVar submissions,No HGMD entry,0.000,,,,,PM2_Moderate: gnomAD max AF=0 < threshold 0.0001 for MOI AD,,,,,,,,,,,,No,No,,,Filtered: VUS with <5 points excluded from all reporting paths (auto/manual/delins),,Yes
7115000,11830_2024,chr1,156109798,A,ATG,LMNA,AD,c.-5121_-5120insTG,Not provided,,,,NM_005572.3,,upstream_gene_variant,MODIFIER,Het,28,0.429,Dilated cardiomyopathy,No,,No,Not provided,No,Not provided,Not provided,Not provided,0,Not provided,0,0,N/A,Not provided,Not provided,0,Not provided,0,Not provided,No database evidence,0.0,Unknown,-1.000,Not provided,Not provided,Not provided,[],[],unknown,No,"{""PM2_Moderate"": 2}",2,VUS,"No ClinVar submissions | No HGMD entry | raw_total=0.000, applied=None",No ClinVar submissions,No HGMD entry,0.000,,,,,PM2_Moderate: gnomAD max AF=0 < threshold 0.0001 for MOI AD,,,,,,,,,,,,No,No,,,Filtered: VUS with <5 points excluded from all reporting paths (auto/manual/delins),,Yes
7115000,11830_2024,chr1,156109818,G,GTGTGTGTATA,LMNA,AD,c.-5101_-5100insTGTGTGTATA,Not provided,,,,NM_005572.3,,upstream_gene_variant,MODIFIER,Het,31,0.452,Dilated cardiomyopathy,No,,No,Not provided,No,Not provided,Not provided,Not provided,0,Not provided,0,0,N/A,Not provided,Not provided,0,Not provided,0,Not provided,No database evidence,0.0,Unknown,-1.000,Not provided,Not provided,Not provided,[],[],unknown,No,"{""PM2_Moderate"": 2}",2,VUS,"No ClinVar submissions | No HGMD entry | raw_total=0.000, applied=None",No ClinVar submissions,No HGMD entry,0.000,,,,,PM2_Moderate: gnomAD max AF=0 < threshold 0.0001 for MOI AD,,,,,,,,,,,,No,No,,,Filtered: VUS with <5 points excluded from all reporting paths (auto/manual/delins),,Yes
7115000,11830_2024,chr1,156138550,G,A,LMNA,AD,c.1425G>A,p.Leu475Leu,Leu,Leu,475,NM_001257374.3,11/13,synonymous_variant,LOW,Het,43,0.395,Dilated cardiomyopathy,No,,Yes,CN230736:Cardiovascular phenotype;Charcot-Marie-Tooth disease type 2;Primary dilated cardiomyopathy;Cardiomyopathy;Charcot-Marie-Tooth disease,No,Not provided,CN230736:Cardiovascular phenotype;Charcot-Marie-Tooth disease type 2;Primary dilated cardiomyopathy;Cardiomyopathy;Charcot-Marie-Tooth disease,likely benign;benign;benign;benign;likely benign,1;1;1;1;1,Likely benign,1,1,conditions_csv_phenotype_match,Not provided,Not provided,0,Not provided,0,Not provided,ClinVar: Sig=likely benign;benign;benign;benign;likely benign; ClinVar: Trait=CN230736:Cardiovascular phenotype;Charcot-Marie-Tooth disease type 2;Primary dilated cardiomyopathy;Cardiomyopathy;Charcot-Marie-Tooth disease,0.0,Unknown,-1.000,Not provided,Not provided,Not provided,[],[],unknown,No,"{""PM2_Moderate"": 2, ""BP5ext_Moderate"": -2}",0,VUS,"sig=benign (-3 points), stars=1 (0.75 coef), clinvar_phenotype_match=Yes, clin=-2.250 | No HGMD entry | raw_total=-2.250, applied=BP5ext_Moderate","sig=benign (-3 points), stars=1 (0.75 coef), clinvar_phenotype_match=Yes, clin=-2.250",No HGMD entry,-2.250,BP5ext_Moderate,,,,PM2_Moderate: gnomAD max AF=0 < threshold 0.0001 for MOI AD,,,,,,,,,,,,No,No,,,Filtered: VUS with <5 points excluded from all reporting paths (auto/manual/delins),,Yes
7115000,11830_2024,chr1,201362268,C,T,TNNT2,AD,c.571-153G>A,Not provided,,,,NM_001001430.3,11/15,intron_variant,MODIFIER,Het,51,0.588,Dilated cardiomyopathy; Hypertrophic cardiomyopathy,No,,No,Not provided,No,Not provided,Not provided,Not provided,0,Not provided,0,0,N/A,Not provided,Not provided,0,Not provided,0,Not provided,No database evidence,0.0,Unknown,-1.000,Not provided,Not provided,Not provided,[],[],unknown,No,"{""PM2_Moderate"": 2}",2,VUS,"No ClinVar submissions | No HGMD entry | raw_total=0.000, applied=None",No ClinVar submissions,No HGMD entry,0.000,,,,,PM2_Moderate: gnomAD max AF=0 < threshold 0.0001 for MOI AD,,,,,,,,,,,,No,No,,,Filtered: VUS with <5 points excluded from all reporting paths (auto/manual/delins),,Yes
7115000,11830_2024,chr1,201368625,T,C,TNNT2,AD,c.68-398A>G,Not provided,,,,NM_001001430.3,4/15,intron_variant,MODIFIER,Het,47,0.404,Dilated cardiomyopathy; Hypertrophic cardiomyopathy,No,,No,Not provided,No,Not provided,Not provided,Not provided,0,Not provided,0,0,N/A,Not provided,Not provided,0,Not provided,0,Not provided,No database evidence,0.0,Unknown,-1.000,Not provided,Not provided,Not provided,[],[],unknown,No,"{""PM2_Moderate"": 2}",2,VUS,"No ClinVar submissions | No HGMD entry | raw_total=0.000, applied=None",No ClinVar submissions,No HGMD entry,0.000,,,,,PM2_Moderate: gnomAD max AF=0 < threshold 0.0001 for MOI AD,,,,,,,,,,,,No,No,,,Filtered: VUS with <5 points excluded from all reporting paths (auto/manual/delins),,Yes
7115000,11830_2024,chr1,237056671,A,AG,RYR2,AD,c.48+14102_48+14103insG,Not provided,,,,NM_001035.3,1/104,intron_variant,MODIFIER,Het,58,0.305,Catecholaminergic polymorphic ventricular tachycardia,No,,No,Not provided,No,Not provided,Not provided,Not provided,0,Not provided,0,0,N/A,Not provided,Not provided,0,Not provided,0,Not provided,No database evidence,0.0,Unknown,-1.000,Not provided,Not provided,Not provided,[],[],unknown,No,"{""PM2_Moderate"": 2}",2,VUS,"No ClinVar submissions | No HGMD entry | raw_total=0.000, applied=None",No ClinVar submissions,No HGMD entry,0.000,,,,,PM2_Moderate: gnomAD max AF=0 < threshold 0.0001 for MOI AD,,,,,,,,,,,,No,No,,,Cluster id=1 detected (members=chr1:237056671:A:AG:7115000;chr1:237056674:G:A:7115000;chr1:237056672:T:C:7115000) - no Pathogenic/LP present; delins NOT flagged; requires P/LP to consider delins.;Delins/overlap cluster (id=1) detected but not all members meet P/LP or >5pts -> not auto-escalated (possible carrier).;Filtered: VUS with <5 points excluded from all reporting paths (auto/manual/delins),,Yes
7115000,11830_2024,chr1,237056672,T,C,RYR2,AD,c.48+14103T>C,Not provided,,,,NM_001035.3,1/104,intron_variant,MODIFIER,Het,61,0.328,Catecholaminergic polymorphic ventricular tachycardia,No,,No,Not provided,No,Not provided,Not provided,Not provided,0,Not provided,0,0,N/A,Not provided,Not provided,0,Not provided,0,Not provided,No database evidence,0.0,Unknown,-1.000,Not provided,Not provided,Not provided,[],[],unknown,No,"{""PM2_Moderate"": 2}",2,VUS,"No ClinVar submissions | No HGMD entry | raw_total=0.000, applied=None",No ClinVar submissions,No HGMD entry,0.000,,,,,PM2_Moderate: gnomAD max AF=0 < threshold 0.0001 for MOI AD,,,,,,,,,,,,No,No,,,Cluster id=1 detected (members=chr1:237056671:A:AG:7115000;chr1:237056674:G:A:7115000;chr1:237056672:T:C:7115000) - no Pathogenic/LP present; delins NOT flagged; requires P/LP to consider delins.;Delins/overlap cluster (id=1) detected but not all members meet P/LP or >5pts -> not auto-escalated (possible carrier).;Filtered: VUS with <5 points excluded from all reporting paths (auto/manual/delins),,Yes
7115000,11830_2024,chr1,237056674,G,A,RYR2,AD,c.48+14105G>A,Not provided,,,,NM_001035.3,1/104,intron_variant,MODIFIER,Het,62,0.323,Catecholaminergic polymorphic ventricular tachycardia,No,,No,Not provided,No,Not provided,Not provided,Not provided,0,Not provided,0,0,N/A,Not provided,Not provided,0,Not provided,0,Not provided,No database evidence,0.0,Unknown,-1.000,Not provided,Not provided,Not provided,[],[],unknown,No,"{""PM2_Moderate"": 2}",2,VUS,"No ClinVar submissions | No HGMD entry | raw_total=0.000, applied=None",No ClinVar submissions,No HGMD entry,0.000,,,,,PM2_Moderate: gnomAD max AF=0 < threshold 0.0001 for MOI AD,,,,,,,,,,,,No,No,,,Cluster id=1 detected (members=chr1:237056671:A:AG:7115000;chr1:237056674:G:A:7115000;chr1:237056672:T:C:7115000) - no Pathogenic/LP present; delins NOT flagged; requires P/LP to consider delins.;Delins/overlap cluster (id=1) detected but not all members meet P/LP or >5pts -> not auto-escalated (possible carrier).;Filtered: VUS with <5 points excluded from all reporting paths (auto/manual/delins),,Yes
7115000,11830_2024,chr1,237061276,CAT,C,RYR2,AD,c.48+18708_48+18709delAT,Not provided,,,,NM_001035.3,1/104,intron_variant,MODIFIER,Het,36,0.361,Catecholaminergic polymorphic ventricular tachycardia,No,,No,Not provided,No,Not provided,Not provided,Not provided,0,Not provided,0,0,N/A,Not provided,Not provided,0,Not provided,0,Not provided,No database evidence,0.0,Unknown,-1.000,Not provided,Not provided,Not provided,[],[],unknown,No,"{""PM2_Moderate"": 2}",2,VUS,"No ClinVar submissions | No HGMD entry | raw_total=0.000, applied=None",No ClinVar submissions,No HGMD entry,0.000,,,,,PM2_Moderate: gnomAD max AF=0 < threshold 0.0001 for MOI AD,,,,,,,,,,,,No,No,,,Cluster id=2 detected (members=chr1:237061276:CAT:C:7115000;chr1:237061279:CT:C:7115000) - no Pathogenic/LP present; delins NOT flagged; requires P/LP to consider delins.;Delins/overlap cluster (id=2) detected but not all members meet P/LP or >5pts -> not auto-escalated (possible carrier).;Filtered: VUS with <5 points excluded from all reporting paths (auto/manual/delins),,Yes
7115000,11830_2024,chr1,237061279,CT,C,RYR2,AD,c.48+18711delT,Not provided,,,,NM_001035.3,1/104,intron_variant,MODIFIER,Het,35,0.343,Catecholaminergic polymorphic ventricular tachycardia,No,,No,Not provided,No,Not provided,Not provided,Not provided,0,Not provided,0,0,N/A,Not provided,Not provided,0,Not provided,0,Not provided,No database evidence,0.0,Unknown,-1.000,Not provided,Not provided,Not provided,[],[],unknown,No,"{""PM2_Moderate"": 2}",2,VUS,"No ClinVar submissions | No HGMD entry | raw_total=0.000, applied=None",No ClinVar submissions,No HGMD entry,0.000,,,,,PM2_Moderate: gnomAD max AF=0 < threshold 0.0001 for MOI AD,,,,,,,,,,,,No,No,,,Cluster id=2 detected (members=chr1:237061276:CAT:C:7115000;chr1:237061279:CT:C:7115000) - no Pathogenic/LP present; delins NOT flagged; requires P/LP to consider delins.;Delins/overlap cluster (id=2) detected but not all members meet P/LP or >5pts -> not auto-escalated (possible carrier).;Filtered: VUS with <5 points excluded from all reporting paths (auto/manual/delins),,Yes
7115000,11830_2024,chr1,237067566,C,CATTTAATTTA,RYR2,AD,c.48+25005_48+25006insTAATTTAATT,Not provided,,,,NM_001035.3,1/104,intron_variant,MODIFIER,Het,30,0.433,Catecholaminergic polymorphic ventricular tachycardia,No,,No,Not provided,No,Not provided,Not provided,Not provided,0,Not provided,0,0,N/A,Not provided,Not provided,0,Not provided,0,Not provided,No database evidence,0.0,Unknown,-1.000,Not provided,0.000,Not provided,[],[],unknown,No,"{""PM2_Moderate"": 2}",2,VUS,"No ClinVar submissions | No HGMD entry | raw_total=0.000, applied=None",No ClinVar submissions,No HGMD entry,0.000,,,,,PM2_Moderate: gnomAD max AF=0 < threshold 0.0001 for MOI AD,,,,,,,,,,,,No,No,,,Filtered: VUS with <5 points excluded from all reporting paths (auto/manual/delins),,Yes
7115000,11830_2024,chr1,237076372,C,T,RYR2,AD,c.48+33803C>T,Not provided,,,,NM_001035.3,1/104,intron_variant,MODIFIER,Het,13,0.231,Catecholaminergic polymorphic ventricular tachycardia,No,,No,Not provided,No,Not provided,Not provided,Not provided,0,Not provided,0,0,N/A,Not provided,Not provided,0,Not provided,0,Not provided,No database evidence,0.000072,v3,-1.000,Not provided,Not provided,Not provided,[],[],unknown,No,"{""PM2_Moderate"": 2}",2,VUS,"No ClinVar submissions | No HGMD entry | raw_total=0.000, applied=None",No ClinVar submissions,No HGMD entry,0.000,,,,,PM2_Moderate: gnomAD max AF=7.23275e-05 < threshold 0.0001 for MOI AD,,,,,,,,,,,,No,No,,,Filtered: VUS with <5 points excluded from all reporting paths (auto/manual/delins),,Yes
7115000,11830_2024,chr1,237098422,T,TGC,RYR2,AD,c.48+55854_48+55855insCG,Not provided,,,,NM_001035.3,1/104,intron_variant,MODIFIER,Het,46,0.304,Catecholaminergic polymorphic ventricular tachycardia,No,,No,Not provided,No,Not provided,Not provided,Not provided,0,Not provided,0,0,N/A,Not provided,Not provided,0,Not provided,0,Not provided,No database evidence,0.0,Unknown,-1.000,Not provided,0.060,Not provided,[],[],unknown,No,"{""PM2_Moderate"": 2}",2,VUS,"No ClinVar submissions | No HGMD entry | raw_total=0.000, applied=None",No ClinVar submissions,No HGMD entry,0.000,,,,,PM2_Moderate: gnomAD max AF=0 < threshold 0.0001 for MOI AD,,,,,,,,,,,,No,No,,,Filtered: VUS with <5 points excluded from all reporting paths (auto/manual/delins),,Yes
7115000,11830_2024,chr1,237167364,A,G,RYR2,AD,c.49-103133A>G,Not provided,,,,NM_001035.3,1/104,intron_variant,MODIFIER,Het,32,0.375,Catecholaminergic polymorphic ventricular tachycardia,No,,No,Not provided,No,Not provided,Not provided,Not provided,0,Not provided,0,0,N/A,Not provided,Not provided,0,Not provided,0,Not provided,No database evidence,0.0,Unknown,-1.000,Not provided,Not provided,Not provided,[],[],unknown,No,"{""PM2_Moderate"": 2}",2,VUS,"No ClinVar submissions | No HGMD entry | raw_total=0.000, applied=None",No ClinVar submissions,No HGMD entry,0.000,,,,,PM2_Moderate: gnomAD max AF=0 < threshold 0.0001 for MOI AD,,,,,,,,,,,,No,No,,,Filtered: VUS with <5 points excluded from all reporting paths (auto/manual/delins),,Yes
7115000,11830_2024,chr1,237218429,C,G,RYR2,AD,c.49-52068C>G,Not provided,,,,NM_001035.3,1/104,intron_variant,MODIFIER,Het,37,0.432,Catecholaminergic polymorphic ventricular tachycardia,No,,No,Not provided,No,Not provided,Not provided,Not provided,0,Not provided,0,0,N/A,Not provided,Not provided,0,Not provided,0,Not provided,No database evidence,0.000085,v3,-1.000,Not provided,Not provided,Not provided,[],[],unknown,No,"{""PM2_Moderate"": 2}",2,VUS,"No ClinVar submissions | No HGMD entry | raw_total=0.000, applied=None",No ClinVar submissions,No HGMD entry,0.000,,,,,PM2_Moderate: gnomAD max AF=8.54487e-05 < threshold 0.0001 for MOI AD,,,,,,,,,,,,No,No,,,Filtered: VUS with <5 points excluded from all reporting paths (auto/manual/delins),,Yes
7115000,11830_2024,chr1,237264524,G,A,RYR2,AD,c.49-5973G>A,Not provided,,,,NM_001035.3,1/104,intron_variant,MODIFIER,Het,35,0.543,Catecholaminergic polymorphic ventricular tachycardia,No,,No,Not provided,No,Not provided,Not provided,Not provided,0,Not provided,0,0,N/A,Not provided,Not provided,0,Not provided,0,Not provided,No database evidence,0.0,Unknown,-1.000,Not provided,Not provided,Not provided,[],[],unknown,No,"{""PM2_Moderate"": 2}",2,VUS,"No ClinVar submissions | No HGMD entry | raw_total=0.000, applied=None",No ClinVar submissions,No HGMD entry,0.000,,,,,PM2_Moderate: gnomAD max AF=0 < threshold 0.0001 for MOI AD,,,,,,,,,,,,No,No,,,Filtered: VUS with <5 points excluded from all reporting paths (auto/manual/delins),,Yes
7115000,11830_2024,chr1,237268950,A,C,RYR2,AD,c.49-1547A>C,Not provided,,,,NM_001035.3,1/104,intron_variant,MODIFIER,Het,15,0.267,Catecholaminergic polymorphic ventricular tachycardia,No,,No,Not provided,No,Not provided,Not provided,Not provided,0,Not provided,0,0,N/A,Not provided,Not provided,0,Not provided,0,Not provided,No database evidence,0.0,Unknown,-1.000,Not provided,Not provided,Not provided,[],[],unknown,No,"{""PM2_Moderate"": 2}",2,VUS,"No ClinVar submissions | No HGMD entry | raw_total=0.000, applied=None",No ClinVar submissions,No HGMD entry,0.000,,,,,PM2_Moderate: gnomAD max AF=0 < threshold 0.0001 for MOI AD,,,,,,,,,,,,No,No,,,Filtered: VUS with <5 points excluded from all reporting paths (auto/manual/delins),,Yes
7115000,11830_2024,chr1,237311352,T,C,RYR2,AD,c.169-19526T>C,Not provided,,,,NM_001035.3,2/104,intron_variant,MODIFIER,Het,39,0.641,Catecholaminergic polymorphic ventricular tachycardia,No,,No,Not provided,No,Not provided,Not provided,Not provided,0,Not provided,0,0,N/A,Not provided,Not provided,0,Not provided,0,Not provided,No database evidence,0.0,Unknown,-1.000,Not provided,Not provided,Not provided,[],[],unknown,No,"{""PM2_Moderate"": 2}",2,VUS,"No ClinVar submissions | No HGMD entry | raw_total=0.000, applied=None",No ClinVar submissions,No HGMD entry,0.000,,,,,PM2_Moderate: gnomAD max AF=0 < threshold 0.0001 for MOI AD,,,,,,,,,,,,No,No,,,Filtered: VUS with <5 points excluded from all reporting paths (auto/manual/delins),,Yes
7115000,11830_2024,chr1,237326336,T,C,RYR2,AD,c.169-4542T>C,Not provided,,,,NM_001035.3,2/104,intron_variant,MODIFIER,Het,49,0.560,Catecholaminergic polymorphic ventricular tachycardia,No,,No,Not provided,No,Not provided,Not provided,Not provided,0,Not provided,0,0,N/A,Not provided,Not provided,0,Not provided,0,Not provided,No database evidence,0.0,Unknown,-1.000,Not provided,Not provided,Not provided,[],[],unknown,No,"{""PM2_Moderate"": 2}",2,VUS,"No ClinVar submissions | No HGMD entry | raw_total=0.000, applied=None",No ClinVar submissions,No HGMD entry,0.000,,,,,PM2_Moderate: gnomAD max AF=0 < threshold 0.0001 for MOI AD,,,,,,,,,,,,No,No,,,Filtered: VUS with <5 points excluded from all reporting paths (auto/manual/delins),,Yes
7115000,11830_2024,chr1,237380359,AATAT,A,RYR2,AD,c.576+2984_576+2987delTATA,Not provided,,,,NM_001035.3,8/104,intron_variant,MODIFIER,Het,18,0.889,Catecholaminergic polymorphic ventricular tachycardia,No,,No,Not provided,No,Not provided,Not provided,Not provided,0,Not provided,0,0,N/A,Not provided,Not provided,0,Not provided,0,Not provided,No database evidence,0.0,Unknown,-1.000,Not provided,0.000,Not provided,[],[],unknown,No,"{""PM2_Moderate"": 2}",2,VUS,"No ClinVar submissions | No HGMD entry | raw_total=0.000, applied=None",No ClinVar submissions,No HGMD entry,0.000,,,,,PM2_Moderate: gnomAD max AF=0 < threshold 0.0001 for MOI AD,,,,,,,,,,,,No,No,,,Filtered: VUS with <5 points excluded from all reporting paths (auto/manual/delins),,Yes
7115000,11830_2024,chr1,237396344,C,T,RYR2,AD,c.773+8161C>T,Not provided,,,,NM_001035.3,10/104,intron_variant,MODIFIER,Het,34,0.559,Catecholaminergic polymorphic ventricular tachycardia,No,,No,Not provided,No,Not provided,Not provided,Not provided,0,Not provided,0,0,N/A,Not provided,Not provided,0,Not provided,0,Not provided,No database evidence,0.0,Unknown,-1.000,Not provided,Not provided,Not provided,[],[],unknown,No,"{""PM2_Moderate"": 2}",2,VUS,"No ClinVar submissions | No HGMD entry | raw_total=0.000, applied=None",No ClinVar submissions,No HGMD entry,0.000,,,,,PM2_Moderate: gnomAD max AF=0 < threshold 0.0001 for MOI AD,,,,,,,,,,,,No,No,,,Filtered: VUS with <5 points excluded from all reporting paths (auto/manual/delins),,Yes
7115000,11830_2024,chr1,237445363,A,G,RYR2,AD,c.1171-38A>G,Not provided,,,,NM_001035.3,13/104,intron_variant,MODIFIER,Het,42,0.524,Catecholaminergic polymorphic ventricular tachycardia,No,,No,Not provided,No,Not provided,Not provided,Not provided,0,Not provided,0,0,N/A,Not provided,Not provided,0,Not provided,0,Not provided,No database evidence,0.0,Unknown,-1.000,Not provided,Not provided,Not provided,[],[],unknown,No,"{""PM2_Moderate"": 2}",2,VUS,"No ClinVar submissions | No HGMD entry | raw_total=0.000, applied=None",No ClinVar submissions,No HGMD entry,0.000,,,,,PM2_Moderate: gnomAD max AF=0 < threshold 0.0001 for MOI AD,,,,,,,,,,,,No,No,,,Filtered: VUS with <5 points excluded from all reporting paths (auto/manual/delins),,Yes
7115000,11830_2024,chr1,237469763,G,A,RYR2,AD,c.1708+576G>A,Not provided,,,,NM_001035.3,17/104,intron_variant,MODIFIER,Het,48,0.396,Catecholaminergic polymorphic ventricular tachycardia,No,,No,Not provided,No,Not provided,Not provided,Not provided,0,Not provided,0,0,N/A,Not provided,Not provided,0,Not provided,0,Not provided,No database evidence,0.0,Unknown,-1.000,Not provided,Not provided,Not provided,[],[],unknown,No,"{""PM2_Moderate"": 2}",2,VUS,"No ClinVar submissions | No HGMD entry | raw_total=0.000, applied=None",No ClinVar submissions,No HGMD entry,0.000,,,,,PM2_Moderate: gnomAD max AF=0 < threshold 0.0001 for MOI AD,,,,,,,,,,,,No,No,,,Filtered: VUS with <5 points excluded from all reporting paths (auto/manual/delins),,Yes
7115000,11830_2024,chr1,237488726,C,T,RYR2,AD,c.1709-3080C>T,Not provided,,,,NM_001035.3,17/104,intron_variant,MODIFIER,Het,31,0.516,Catecholaminergic polymorphic ventricular tachycardia,No,,No,Not provided,No,Not provided,Not provided,Not provided,0,Not provided,0,0,N/A,Not provided,Not provided,0,Not provided,0,Not provided,No database evidence,0.000026,v3,-1.000,Not provided,Not provided,Not provided,[],[],unknown,No,"{""PM2_Moderate"": 2}",2,VUS,"No ClinVar submissions | No HGMD entry | raw_total=0.000, applied=None",No ClinVar submissions,No HGMD entry,0.000,,,,,PM2_Moderate: gnomAD max AF=2.62961e-05 < threshold 0.0001 for MOI AD,,,,,,,,,,,,No,No,,,Filtered: VUS with <5 points excluded from all reporting paths (auto/manual/delins),,Yes
7115000,11830_2024,chr1,237492864,G,A,RYR2,AD,c.1828-90G>A,Not provided,,,,NM_001035.3,18/104,intron_variant,MODIFIER,Het,14,0.714,Catecholaminergic polymorphic ventricular tachycardia,No,,No,Not provided,No,Not provided,Not provided,Not provided,0,Not provided,0,0,N/A,Not provided,Not provided,0,Not provided,0,Not provided,No database evidence,0.0,Unknown,-1.000,Not provided,Not provided,Not provided,[],[],unknown,No,"{""PM2_Moderate"": 2}",2,VUS,"No ClinVar submissions | No HGMD entry | raw_total=0.000, applied=None",No ClinVar submissions,No HGMD entry,0.000,,,,,PM2_Moderate: gnomAD max AF=0 < threshold 0.0001 for MOI AD,,,,,,,,,,,,No,No,,,Cluster id=3 detected (members=chr1:237492864:G:A:7115000;chr1:237492874:G:A:7115000;chr1:237492866:A:G:7115000;chr1:237492872:A:G:7115000) - no Pathogenic/LP present; delins NOT flagged; requires P/LP to consider delins.;Delins/overlap cluster (id=3) detected but not all members meet P/LP or >5pts -> not auto-escalated (possible carrier).;Filtered: VUS with <5 points excluded from all reporting paths (auto/manual/delins),,Yes
7115000,11830_2024,chr1,237492866,A,G,RYR2,AD,c.1828-88A>G,Not provided,,,,NM_001035.3,18/104,intron_variant,MODIFIER,Het,14,0.714,Catecholaminergic polymorphic ventricular tachycardia,No,,No,Not provided,No,Not provided,Not provided,Not provided,0,Not provided,0,0,N/A,Not provided,Not provided,0,Not provided,0,Not provided,No database evidence,0.000012,v3,-1.000,Not provided,Not provided,Not provided,[],[],unknown,No,"{""PM2_Moderate"": 2}",2,VUS,"No ClinVar submissions | No HGMD entry | raw_total=0.000, applied=None",No ClinVar submissions,No HGMD entry,0.000,,,,,PM2_Moderate: gnomAD max AF=1.15562e-05 < threshold 0.0001 for MOI AD,,,,,,,,,,,,No,No,,,Cluster id=3 detected (members=chr1:237492864:G:A:7115000;chr1:237492874:G:A:7115000;chr1:237492866:A:G:7115000;chr1:237492872:A:G:7115000) - no Pathogenic/LP present; delins NOT flagged; requires P/LP to consider delins.;Delins/overlap cluster (id=3) detected but not all members meet P/LP or >5pts -> not auto-escalated (possible carrier).;Filtered: VUS with <5 points excluded from all reporting paths (auto/manual/delins),,Yes
7115000,11830_2024,chr1,237492872,A,G,RYR2,AD,c.1828-82A>G,Not provided,,,,NM_001035.3,18/104,intron_variant,MODIFIER,Hom,15,1.000,Catecholaminergic polymorphic ventricular tachycardia,No,,No,Not provided,No,Not provided,Not provided,Not provided,0,Not provided,0,0,N/A,Not provided,Not provided,0,Not provided,0,Not provided,No database evidence,0.0,Unknown,-1.000,Not provided,Not provided,Not provided,[],[],unknown,No,"{""PM2_Moderate"": 2}",2,VUS,"No ClinVar submissions | No HGMD entry | raw_total=0.000, applied=None",No ClinVar submissions,No HGMD entry,0.000,,,,,PM2_Moderate: gnomAD max AF=0 < threshold 0.0001 for MOI AD,,,,,,,,,,,,No,No,,,Cluster id=3 detected (members=chr1:237492864:G:A:7115000;chr1:237492874:G:A:7115000;chr1:237492866:A:G:7115000;chr1:237492872:A:G:7115000) - no Pathogenic/LP present; delins NOT flagged; requires P/LP to consider delins.;Delins/overlap cluster (id=3) detected but not all members meet P/LP or >5pts -> not auto-escalated (possible carrier).;Filtered: VUS with <5 points excluded from all reporting paths (auto/manual/delins),,Yes
7115000,11830_2024,chr1,237492874,G,A,RYR2,AD,c.1828-80G>A,Not provided,,,,NM_001035.3,18/104,intron_variant,MODIFIER,Hom,14,1.000,Catecholaminergic polymorphic ventricular tachycardia,No,,No,Not provided,No,Not provided,Not provided,Not provided,0,Not provided,0,0,N/A,Not provided,Not provided,0,Not provided,0,Not provided,No database evidence,0.0,Unknown,-1.000,Not provided,Not provided,Not provided,[],[],unknown,No,"{""PM2_Moderate"": 2}",2,VUS,"No ClinVar submissions | No HGMD entry | raw_total=0.000, applied=None",No ClinVar submissions,No HGMD entry,0.000,,,,,PM2_Moderate: gnomAD max AF=0 < threshold 0.0001 for MOI AD,,,,,,,,,,,,No,No,,,Cluster id=3 detected (members=chr1:237492864:G:A:7115000;chr1:237492874:G:A:7115000;chr1:237492866:A:G:7115000;chr1:237492872:A:G:7115000) - no Pathogenic/LP present; delins NOT flagged; requires P/LP to consider delins.;Delins/overlap cluster (id=3) detected but not all members meet P/LP or >5pts -> not auto-escalated (possible carrier).;Filtered: VUS with <5 points excluded from all reporting paths (auto/manual/delins),,Yes
7115000,11830_2024,chr1,237542058,CTTTATT,C,RYR2,AD,c.2907-6371_2907-6366delTTATTT,Not provided,,,,NM_001035.3,25/104,intron_variant,MODIFIER,Het,20,0.350,Catecholaminergic polymorphic ventricular tachycardia,No,,No,Not provided,No,Not provided,Not provided,Not provided,0,Not provided,0,0,N/A,Not provided,Not provided,0,Not provided,0,Not provided,No database evidence,0.0,Unknown,-1.000,Not provided,0.010,Not provided,[],[],unknown,No,"{""PM2_Moderate"": 2}",2,VUS,"No ClinVar submissions | No HGMD entry | raw_total=0.000, applied=None",No ClinVar submissions,No HGMD entry,0.000,,,,,PM2_Moderate: gnomAD max AF=0 < threshold 0.0001 for MOI AD,,,,,,,,,,,,No,No,,,Cluster id=4 detected (members=chr1:237542058:CTTTATT:C:7115000;chr1:237542066:ATTTATTTATTTATT:A:7115000) - no Pathogenic/LP present; delins NOT flagged; requires P/LP to consider delins.;Delins/overlap cluster (id=4) detected but not all members meet P/LP or >5pts -> not auto-escalated (possible carrier).;Filtered: VUS with <5 points excluded from all reporting paths (auto/manual/delins),,Yes
7115000,11830_2024,chr1,237542066,ATTTATTTATTTATT,A,RYR2,AD,c.2907-6363_2907-6350delTTATTTATTTATTT,Not provided,,,,NM_001035.3,25/104,intron_variant,MODIFIER,Het,20,0.350,Catecholaminergic polymorphic ventricular tachycardia,No,,No,Not provided,No,Not provided,Not provided,Not provided,0,Not provided,0,0,N/A,Not provided,Not provided,0,Not provided,0,Not provided,No database evidence,0.0,Unknown,-1.000,Not provided,0.000,Not provided,[],[],unknown,No,"{""PM2_Moderate"": 2}",2,VUS,"No ClinVar submissions | No HGMD entry | raw_total=0.000, applied=None",No ClinVar submissions,No HGMD entry,0.000,,,,,PM2_Moderate: gnomAD max AF=0 < threshold 0.0001 for MOI AD,,,,,,,,,,,,No,No,,,Cluster id=4 detected (members=chr1:237542058:CTTTATT:C:7115000;chr1:237542066:ATTTATTTATTTATT:A:7115000) - no Pathogenic/LP present; delins NOT flagged; requires P/LP to consider delins.;Delins/overlap cluster (id=4) detected but not all members meet P/LP or >5pts -> not auto-escalated (possible carrier).;Filtered: VUS with <5 points excluded from all reporting paths (auto/manual/delins),,Yes
7115000,11830_2024,chr1,237560126,T,A,RYR2,AD,c.3215-6441T>A,Not provided,,,,NM_001035.3,27/104,intron_variant,MODIFIER,Het,42,0.405,Catecholaminergic polymorphic ventricular tachycardia,No,,No,Not provided,No,Not provided,Not provided,Not provided,0,Not provided,0,0,N/A,Not provided,Not provided,0,Not provided,0,Not provided,No database evidence,0.0,Unknown,-1.000,Not provided,Not provided,Not provided,[],[],unknown,No,"{""PM2_Moderate"": 2}",2,VUS,"No ClinVar submissions | No HGMD entry | raw_total=0.000, applied=None",No ClinVar submissions,No HGMD entry,0.000,,,,,PM2_Moderate: gnomAD max AF=0 < threshold 0.0001 for MOI AD,,,,,,,,,,,,No,No,,,Filtered: VUS with <5 points excluded from all reporting paths (auto/manual/delins),,Yes
7115000,11830_2024,chr1,237578676,ATTTGTTAAGGT,A,RYR2,AD,c.3598+9358_3598+9368delTTTGTTAAGGT,Not provided,,,,NM_001035.3,29/104,intron_variant,MODIFIER,Het,40,0.561,Catecholaminergic polymorphic ventricular tachycardia,No,,No,Not provided,No,Not provided,Not provided,Not provided,0,Not provided,0,0,N/A,Not provided,Not provided,0,Not provided,0,Not provided,No database evidence,0.0,Unknown,-1.000,Not provided,0.000,Not provided,[],[],unknown,No,"{""PM2_Moderate"": 2}",2,VUS,"No ClinVar submissions | No HGMD entry | raw_total=0.000, applied=None",No ClinVar submissions,No HGMD entry,0.000,,,,,PM2_Moderate: gnomAD max AF=0 < threshold 0.0001 for MOI AD,,,,,,,,,,,,No,No,,,Cluster id=5 detected (members=chr1:237578676:ATTTGTTAAGGT:A:7115000;chr1:237578688:CTCTCACCCA:C:7115000;chr1:237578701:TGCAGTTTTGA:T:7115000;chr1:237578714:AGGTGGTGGG:A:7115000;chr1:237578732:CATGTACGCTCCCTCAGTGT:C:7115000;chr1:237578724:AGTGGGG:A:7115000) - no Pathogenic/LP present; delins NOT flagged; requires P/LP to consider delins.;Delins/overlap cluster (id=5) detected but not all members meet P/LP or >5pts -> not auto-escalated (possible carrier).;Filtered: VUS with <5 points excluded from all reporting paths (auto/manual/delins),,Yes
7115000,11830_2024,chr1,237578688,CTCTCACCCA,C,RYR2,AD,c.3598+9371_3598+9379delCTCACCCAT,Not provided,,,,NM_001035.3,29/104,intron_variant,MODIFIER,Het,41,0.548,Catecholaminergic polymorphic ventricular tachycardia,No,,No,Not provided,No,Not provided,Not provided,Not provided,0,Not provided,0,0,N/A,Not provided,Not provided,0,Not provided,0,Not provided,No database evidence,0.0,Unknown,-1.000,Not provided,0.000,Not provided,[],[],unknown,No,"{""PM2_Moderate"": 2}",2,VUS,"No ClinVar submissions | No HGMD entry | raw_total=0.000, applied=None",No ClinVar submissions,No HGMD entry,0.000,,,,,PM2_Moderate: gnomAD max AF=0 < threshold 0.0001 for MOI AD,,,,,,,,,,,,No,No,,,Cluster id=5 detected (members=chr1:237578676:ATTTGTTAAGGT:A:7115000;chr1:237578688:CTCTCACCCA:C:7115000;chr1:237578701:TGCAGTTTTGA:T:7115000;chr1:237578714:AGGTGGTGGG:A:7115000;chr1:237578732:CATGTACGCTCCCTCAGTGT:C:7115000;chr1:237578724:AGTGGGG:A:7115000) - no Pathogenic/LP present; delins NOT flagged; requires P/LP to consider delins.;Delins/overlap cluster (id=5) detected but not all members meet P/LP or >5pts -> not auto-escalated (possible carrier).;Filtered: VUS with <5 points excluded from all reporting paths (auto/manual/delins),,Yes
7115000,11830_2024,chr1,237578701,TGCAGTTTTGA,T,RYR2,AD,c.3598+9383_3598+9392delGCAGTTTTGA,Not provided,,,,NM_001035.3,29/104,intron_variant,MODIFIER,Het,44,0.500,Catecholaminergic polymorphic ventricular tachycardia,No,,No,Not provided,No,Not provided,Not provided,Not provided,0,Not provided,0,0,N/A,Not provided,Not provided,0,Not provided,0,Not provided,No database evidence,0.000013,v3,-1.000,Not provided,0.000,Not provided,[],[],unknown,No,"{""PM2_Moderate"": 2}",2,VUS,"No ClinVar submissions | No HGMD entry | raw_total=0.000, applied=None",No ClinVar submissions,No HGMD entry,0.000,,,,,PM2_Moderate: gnomAD max AF=1.29695e-05 < threshold 0.0001 for MOI AD,,,,,,,,,,,,No,No,,,Cluster id=5 detected (members=chr1:237578676:ATTTGTTAAGGT:A:7115000;chr1:237578688:CTCTCACCCA:C:7115000;chr1:237578701:TGCAGTTTTGA:T:7115000;chr1:237578714:AGGTGGTGGG:A:7115000;chr1:237578732:CATGTACGCTCCCTCAGTGT:C:7115000;chr1:237578724:AGTGGGG:A:7115000) - no Pathogenic/LP present; delins NOT flagged; requires P/LP to consider delins.;Delins/overlap cluster (id=5) detected but not all members meet P/LP or >5pts -> not auto-escalated (possible carrier).;Filtered: VUS with <5 points excluded from all reporting paths (auto/manual/delins),,Yes
7115000,11830_2024,chr1,237578714,AGGTGGTGGG,A,RYR2,AD,c.3598+9396_3598+9404delGGTGGTGGG,Not provided,,,,NM_001035.3,29/104,intron_variant,MODIFIER,Het,44,0.523,Catecholaminergic polymorphic ventricular tachycardia,No,,No,Not provided,No,Not provided,Not provided,Not provided,0,Not provided,0,0,N/A,Not provided,Not provided,0,Not provided,0,Not provided,No database evidence,0.000013,v3,-1.000,Not provided,0.000,Not provided,[],[],unknown,No,"{""PM2_Moderate"": 2}",2,VUS,"No ClinVar submissions | No HGMD entry | raw_total=0.000, applied=None",No ClinVar submissions,No HGMD entry,0.000,,,,,PM2_Moderate: gnomAD max AF=1.30883e-05 < threshold 0.0001 for MOI AD,,,,,,,,,,,,No,No,,,Cluster id=5 detected (members=chr1:237578676:ATTTGTTAAGGT:A:7115000;chr1:237578688:CTCTCACCCA:C:7115000;chr1:237578701:TGCAGTTTTGA:T:7115000;chr1:237578714:AGGTGGTGGG:A:7115000;chr1:237578732:CATGTACGCTCCCTCAGTGT:C:7115000;chr1:237578724:AGTGGGG:A:7115000) - no Pathogenic/LP present; delins NOT flagged; requires P/LP to consider delins.;Delins/overlap cluster (id=5) detected but not all members meet P/LP or >5pts -> not auto-escalated (possible carrier).;Filtered: VUS with <5 points excluded from all reporting paths (auto/manual/delins),,Yes
7115000,11830_2024,chr1,237578724,AGTGGGG,A,RYR2,AD,c.3598+9407_3598+9412delTGGGGG,Not provided,,,,NM_001035.3,29/104,intron_variant,MODIFIER,Het,45,0.511,Catecholaminergic polymorphic ventricular tachycardia,No,,No,Not provided,No,Not provided,Not provided,Not provided,0,Not provided,0,0,N/A,Not provided,Not provided,0,Not provided,0,Not provided,No database evidence,0.000013,v3,-1.000,Not provided,0.000,Not provided,[],[],unknown,No,"{""PM2_Moderate"": 2}",2,VUS,"No ClinVar submissions | No HGMD entry | raw_total=0.000, applied=None",No ClinVar submissions,No HGMD entry,0.000,,,,,PM2_Moderate: gnomAD max AF=1.31617e-05 < threshold 0.0001 for MOI AD,,,,,,,,,,,,No,No,,,Cluster id=5 detected (members=chr1:237578676:ATTTGTTAAGGT:A:7115000;chr1:237578688:CTCTCACCCA:C:7115000;chr1:237578701:TGCAGTTTTGA:T:7115000;chr1:237578714:AGGTGGTGGG:A:7115000;chr1:237578732:CATGTACGCTCCCTCAGTGT:C:7115000;chr1:237578724:AGTGGGG:A:7115000) - no Pathogenic/LP present; delins NOT flagged; requires P/LP to consider delins.;Delins/overlap cluster (id=5) detected but not all members meet P/LP or >5pts -> not auto-escalated (possible carrier).;Filtered: VUS with <5 points excluded from all reporting paths (auto/manual/delins),,Yes
7115000,11830_2024,chr1,237578732,CATGTACGCTCCCTCAGTGT,C,RYR2,AD,c.3598+9414_3598+9432delATGTACGCTCCCTCAGTGT,Not provided,,,,NM_001035.3,29/104,intron_variant,MODIFIER,Het,45,0.511,Catecholaminergic polymorphic ventricular tachycardia,No,,No,Not provided,No,Not provided,Not provided,Not provided,0,Not provided,0,0,N/A,Not provided,Not provided,0,Not provided,0,Not provided,No database evidence,0.000013,v3,-1.000,Not provided,0.000,Not provided,[],[],unknown,No,"{""PM2_Moderate"": 2}",2,VUS,"No ClinVar submissions | No HGMD entry | raw_total=0.000, applied=None",No ClinVar submissions,No HGMD entry,0.000,,,,,PM2_Moderate: gnomAD max AF=1.31648e-05 < threshold 0.0001 for MOI AD,,,,,,,,,,,,No,No,,,Cluster id=5 detected (members=chr1:237578676:ATTTGTTAAGGT:A:7115000;chr1:237578688:CTCTCACCCA:C:7115000;chr1:237578701:TGCAGTTTTGA:T:7115000;chr1:237578714:AGGTGGTGGG:A:7115000;chr1:237578732:CATGTACGCTCCCTCAGTGT:C:7115000;chr1:237578724:AGTGGGG:A:7115000) - no Pathogenic/LP present; delins NOT flagged; requires P/LP to consider delins.;Delins/overlap cluster (id=5) detected but not all members meet P/LP or >5pts -> not auto-escalated (possible carrier).;Filtered: VUS with <5 points excluded from all reporting paths (auto/manual/delins),,Yes
7115000,11830_2024,chr1,237607628,A,G,RYR2,AD,c.4684-3134A>G,Not provided,,,,NM_001035.3,35/104,intron_variant,MODIFIER,Het,25,0.400,Catecholaminergic polymorphic ventricular tachycardia,No,,No,Not provided,No,Not provided,Not provided,Not provided,0,Not provided,0,0,N/A,Not provided,Not provided,0,Not provided,0,Not provided,No database evidence,0.0,Unknown,-1.000,Not provided,Not provided,Not provided,[],[],unknown,No,"{""PM2_Moderate"": 2}",2,VUS,"No ClinVar submissions | No HGMD entry | raw_total=0.000, applied=None",No ClinVar submissions,No HGMD entry,0.000,,,,,PM2_Moderate: gnomAD max AF=0 < threshold 0.0001 for MOI AD,,,,,,,,,,,,No,No,,,Filtered: VUS with <5 points excluded from all reporting paths (auto/manual/delins),,Yes
7115000,11830_2024,chr1,237639288,A,G,RYR2,AD,c.7115+87A>G,Not provided,,,,NM_001035.3,46/104,intron_variant,MODIFIER,Het,40,0.600,Catecholaminergic polymorphic ventricular tachycardia,No,,No,Not provided,No,Not provided,Not provided,Not provided,0,Not provided,0,0,N/A,Not provided,Not provided,0,Not provided,0,Not provided,No database evidence,0.0,Unknown,-1.000,Not provided,Not provided,Not provided,[],[],unknown,No,"{""PM2_Moderate"": 2}",2,VUS,"No ClinVar submissions | No HGMD entry | raw_total=0.000, applied=None",No ClinVar submissions,No HGMD entry,0.000,,,,,PM2_Moderate: gnomAD max AF=0 < threshold 0.0001 for MOI AD,,,,,,,,,,,,No,No,,,Filtered: VUS with <5 points excluded from all reporting paths (auto/manual/delins),,Yes
7115000,11830_2024,chr1,237684104,T,TA,RYR2,AD,c.9018-3351_9018-3350insA,Not provided,,,,NM_001035.3,62/104,intron_variant,MODIFIER,Het,41,0.585,Catecholaminergic polymorphic ventricular tachycardia,No,,No,Not provided,No,Not provided,Not provided,Not provided,0,Not provided,0,0,N/A,Not provided,Not provided,0,Not provided,0,Not provided,No database evidence,0.0,Unknown,-1.000,Not provided,Not provided,Not provided,[],[],unknown,No,"{""PM2_Moderate"": 2}",2,VUS,"No ClinVar submissions | No HGMD entry | raw_total=0.000, applied=None",No ClinVar submissions,No HGMD entry,0.000,,,,,PM2_Moderate: gnomAD max AF=0 < threshold 0.0001 for MOI AD,,,,,,,,,,,,No,No,,,Filtered: VUS with <5 points excluded from all reporting paths (auto/manual/delins),,Yes
7115000,11830_2024,chr1,237756425,T,G,RYR2,AD,c.11245+38T>G,Not provided,,,,NM_001035.3,81/104,intron_variant,MODIFIER,Het,36,0.500,Catecholaminergic polymorphic ventricular tachycardia,No,,No,Not provided,No,Not provided,Not provided,Not provided,0,Not provided,0,0,N/A,Not provided,Not provided,0,Not provided,0,Not provided,No database evidence,0.0,Unknown,-1.000,Not provided,Not provided,Not provided,[],[],unknown,No,"{""PM2_Moderate"": 2}",2,VUS,"No ClinVar submissions | No HGMD entry | raw_total=0.000, applied=None",No ClinVar submissions,No HGMD entry,0.000,,,,,PM2_Moderate: gnomAD max AF=0 < threshold 0.0001 for MOI AD,,,,,,,,,,,,No,No,,,Filtered: VUS with <5 points excluded from all reporting paths (auto/manual/delins),,Yes
7115000,11830_2024,chr1,237789505,C,CCATGGCTGCAGGTATAGTTCTATTAATTATAGGT,RYR2,AD,c.13476+1395_13476+1396insATTATAGGTCATGGCTGCAGGTATAGTTCTATTA,Not provided,,,,NM_001035.3,92/104,intron_variant,MODIFIER,Het,65,0.292,Catecholaminergic polymorphic ventricular tachycardia,No,,No,Not provided,No,Not provided,Not provided,Not provided,0,Not provided,0,0,N/A,Not provided,Not provided,0,Not provided,0,Not provided,No database evidence,0.0,Unknown,-1.000,Not provided,0.000,Not provided,[],[],unknown,No,"{""PM2_Moderate"": 2}",2,VUS,"No ClinVar submissions | No HGMD entry | raw_total=0.000, applied=None",No ClinVar submissions,No HGMD entry,0.000,,,,,PM2_Moderate: gnomAD max AF=0 < threshold 0.0001 for MOI AD,,,,,,,,,,,,No,No,,,Filtered: VUS with <5 points excluded from all reporting paths (auto/manual/delins),,Yes
7115000,11830_2024,chr1,237789517,G,A,RYR2,AD,c.13476+1382G>A,Not provided,,,,NM_001035.3,92/104,intron_variant,MODIFIER,Het,48,0.312,Catecholaminergic polymorphic ventricular tachycardia,No,,No,Not provided,No,Not provided,Not provided,Not provided,0,Not provided,0,0,N/A,Not provided,Not provided,0,Not provided,0,Not provided,No database evidence,0.0,Unknown,-1.000,Not provided,Not provided,Not provided,[],[],unknown,No,"{""PM2_Moderate"": 2}",2,VUS,"No ClinVar submissions | No HGMD entry | raw_total=0.000, applied=None",No ClinVar submissions,No HGMD entry,0.000,,,,,PM2_Moderate: gnomAD max AF=0 < threshold 0.0001 for MOI AD,,,,,,,,,,,,No,No,,,Filtered: VUS with <5 points excluded from all reporting paths (auto/manual/delins),,Yes
7115000,11830_2024,chr10,43086266,G,C,RET,AD,c.73+8935G>C,Not provided,,,,NM_020630.5,1/18,intron_variant,MODIFIER,Het,46,0.391,Familial medullary thyroid cancer; Multiple endocrine neoplasia type 2A; Multiple endocrine neoplasia type 2B,No,,No,Not provided,No,Not provided,Not provided,Not provided,0,Not provided,0,0,N/A,Not provided,Not provided,0,Not provided,0,Not provided,No database evidence,0.0,Unknown,-1.000,Not provided,Not provided,Not provided,[],[],unknown,No,"{""PM2_Moderate"": 2}",2,VUS,"No ClinVar submissions | No HGMD entry | raw_total=0.000, applied=None",No ClinVar submissions,No HGMD entry,0.000,,,,,PM2_Moderate: gnomAD max AF=0 < threshold 0.0001 for MOI AD,,,,,,,,,,,,No,No,,,Filtered: VUS with <5 points excluded from all reporting paths (auto/manual/delins),,Yes
7115000,11830_2024,chr10,43103793,A,G,RET,AD,c.626-1159A>G,Not provided,,,,NM_020630.5,3/18,intron_variant,MODIFIER,Het,38,0.579,Familial medullary thyroid cancer; Multiple endocrine neoplasia type 2A; Multiple endocrine neoplasia type 2B,No,,No,Not provided,No,Not provided,Not provided,Not provided,0,Not provided,0,0,N/A,Not provided,Not provided,0,Not provided,0,Not provided,No database evidence,0.000026,v3,-1.000,Not provided,Not provided,Not provided,[],[],unknown,No,"{""PM2_Moderate"": 2}",2,VUS,"No ClinVar submissions | No HGMD entry | raw_total=0.000, applied=None",No ClinVar submissions,No HGMD entry,0.000,,,,,PM2_Moderate: gnomAD max AF=2.62774e-05 < threshold 0.0001 for MOI AD,,,,,,,,,,,,No,No,,,Filtered: VUS with <5 points excluded from all reporting paths (auto/manual/delins),,Yes
7115000,11830_2024,chr10,43116200,C,T,RET,AD,c.2137-384C>T,Not provided,,,,NM_020630.5,11/18,intron_variant,MODIFIER,Het,46,0.522,Familial medullary thyroid cancer; Multiple endocrine neoplasia type 2A; Multiple endocrine neoplasia type 2B,No,,No,Not provided,No,Not provided,Not provided,Not provided,0,Not provided,0,0,N/A,Not provided,Not provided,0,Not provided,0,Not provided,No database evidence,0.0,Unknown,-1.000,Not provided,Not provided,Not provided,[],[],unknown,No,"{""PM2_Moderate"": 2}",2,VUS,"No ClinVar submissions | No HGMD entry | raw_total=0.000, applied=None",No ClinVar submissions,No HGMD entry,0.000,,,,,PM2_Moderate: gnomAD max AF=0 < threshold 0.0001 for MOI AD,,,,,,,,,,,,No,No,,,Filtered: VUS with <5 points excluded from all reporting paths (auto/manual/delins),,Yes
7115000,11830_2024,chr10,43117660,G,A,RET,AD,c.2285-713G>A,Not provided,,,,NM_020630.5,12/18,intron_variant,MODIFIER,Het,56,0.482,Familial medullary thyroid cancer; Multiple endocrine neoplasia type 2A; Multiple endocrine neoplasia type 2B,No,,No,Not provided,No,Not provided,Not provided,Not provided,0,Not provided,0,0,N/A,Not provided,Not provided,0,Not provided,0,Not provided,No database evidence,0.0,Unknown,-1.000,Not provided,Not provided,Not provided,[],[],unknown,No,"{""PM2_Moderate"": 2}",2,VUS,"No ClinVar submissions | No HGMD entry | raw_total=0.000, applied=None",No ClinVar submissions,No HGMD entry,0.000,,,,,PM2_Moderate: gnomAD max AF=0 < threshold 0.0001 for MOI AD,,,,,,,,,,,,No,No,,,Filtered: VUS with <5 points excluded from all reporting paths (auto/manual/delins),,Yes
7115000,11830_2024,chr10,43119881,A,G,RET,AD,c.2607+136A>G,Not provided,,,,NM_020630.5,14/18,intron_variant,MODIFIER,Het,24,0.542,Familial medullary thyroid cancer; Multiple endocrine neoplasia type 2A; Multiple endocrine neoplasia type 2B,No,,No,Not provided,No,Not provided,Not provided,Not provided,0,Not provided,0,0,N/A,Not provided,Not provided,0,Not provided,0,Not provided,No database evidence,0.0,Unknown,-1.000,Not provided,Not provided,Not provided,[],[],unknown,No,"{""PM2_Moderate"": 2}",2,VUS,"No ClinVar submissions | No HGMD entry | raw_total=0.000, applied=None",No ClinVar submissions,No HGMD entry,0.000,,,,,PM2_Moderate: gnomAD max AF=0 < threshold 0.0001 for MOI AD,,,,,,,,,,,,No,No,,,Filtered: VUS with <5 points excluded from all reporting paths (auto/manual/delins),,Yes
7115000,11830_2024,chr10,86765468,AGTAAGACTCT,A,BMPR1A,AD,c.-268+8552_-268+8561delAAGACTCTGT,Not provided,,,,NM_004329.2,1/12,intron_variant,MODIFIER,Het,20,0.700,Juvenile polyposis syndrome,No,,No,Not provided,No,Not provided,Not provided,Not provided,0,Not provided,0,0,N/A,Not provided,Not provided,0,Not provided,0,Not provided,No database evidence,0.000046,v3,-1.000,Not provided,0.000,Not provided,[],[],unknown,No,"{""PM2_Moderate"": 2}",2,VUS,"No ClinVar submissions | No HGMD entry | raw_total=0.000, applied=None",No ClinVar submissions,No HGMD entry,0.000,,,,,PM2_Moderate: gnomAD max AF=4.5939e-05 < threshold 0.0001 for MOI AD,,,,,,,,,,,,No,No,,,Filtered: VUS with <5 points excluded from all reporting paths (auto/manual/delins),,Yes
7115000,11830_2024,chr10,86767288,C,T,BMPR1A,AD,c.-268+10369C>T,Not provided,,,,NM_004329.2,1/12,intron_variant,MODIFIER,Het,47,0.553,Juvenile polyposis syndrome,No,,No,Not provided,No,Not provided,Not provided,Not provided,0,Not provided,0,0,N/A,Not provided,Not provided,0,Not provided,0,Not provided,No database evidence,0.0,Unknown,-1.000,Not provided,Not provided,Not provided,[],[],unknown,No,"{""PM2_Moderate"": 2}",2,VUS,"No ClinVar submissions | No HGMD entry | raw_total=0.000, applied=None",No ClinVar submissions,No HGMD entry,0.000,,,,,PM2_Moderate: gnomAD max AF=0 < threshold 0.0001 for MOI AD,,,,,,,,,,,,No,No,,,Filtered: VUS with <5 points excluded from all reporting paths (auto/manual/delins),,Yes
7115000,11830_2024,chr10,87893615,C,G,PTEN,AD,c.599-410C>G,Not provided,,,,NM_001304717.5.2,2/9,intron_variant,MODIFIER,Het,39,0.513,PTEN hamartoma tumor syndrome,No,,No,Not provided,No,Not provided,Not provided,Not provided,0,Not provided,0,0,N/A,Not provided,Not provided,0,Not provided,0,Not provided,No database evidence,0.0,Unknown,-1.000,Not provided,Not provided,Not provided,[],[],unknown,No,"{""PM2_Moderate"": 2}",2,VUS,"No ClinVar submissions | No HGMD entry | raw_total=0.000, applied=None",No ClinVar submissions,No HGMD entry,0.000,,,,,PM2_Moderate: gnomAD max AF=0 < threshold 0.0001 for MOI AD,,,,,,,,,,,,No,No,,,Filtered: VUS with <5 points excluded from all reporting paths (auto/manual/delins),,Yes
7115000,11830_2024,chr10,87895329,A,T,PTEN,AD,c.683+1220A>T,Not provided,,,,NM_001304717.5.2,3/9,intron_variant,MODIFIER,Het,27,0.519,PTEN hamartoma tumor syndrome,No,,No,Not provided,No,Not provided,Not provided,Not provided,0,Not provided,0,0,N/A,Not provided,Not provided,0,Not provided,0,Not provided,No database evidence,0.0,Unknown,-1.000,Not provided,Not provided,Not provided,[],[],unknown,No,"{""PM2_Moderate"": 2}",2,VUS,"No ClinVar submissions | No HGMD entry | raw_total=0.000, applied=None",No ClinVar submissions,No HGMD entry,0.000,,,,,PM2_Moderate: gnomAD max AF=0 < threshold 0.0001 for MOI AD,,,,,,,,,,,,No,No,,,Filtered: VUS with <5 points excluded from all reporting paths (auto/manual/delins),,Yes
7115000,11830_2024,chr10,87939448,C,T,PTEN,AD,c.1011+6197C>T,Not provided,,,,NM_001304717.5.2,6/9,intron_variant,MODIFIER,Het,15,0.467,PTEN hamartoma tumor syndrome,No,,No,Not provided,No,Not provided,Not provided,Not provided,0,Not provided,0,0,N/A,Not provided,Not provided,0,Not provided,0,Not provided,No database evidence,0.0,Unknown,-1.000,Not provided,Not provided,Not provided,[],[],unknown,No,"{""PM2_Moderate"": 2}",2,VUS,"No ClinVar submissions | No HGMD entry | raw_total=0.000, applied=None",No ClinVar submissions,No HGMD entry,0.000,,,,,PM2_Moderate: gnomAD max AF=0 < threshold 0.0001 for MOI AD,,,,,,,,,,,,No,No,,,Filtered: VUS with <5 points excluded from all reporting paths (auto/manual/delins),,Yes
7115000,11830_2024,chr10,87943067,T,C,PTEN,AD,c.1012-9051T>C,Not provided,,,,NM_001304717.5.2,6/9,intron_variant,MODIFIER,Het,47,0.426,PTEN hamartoma tumor syndrome,No,,No,Not provided,No,Not provided,Not provided,Not provided,0,Not provided,0,0,N/A,Not provided,Not provided,0,Not provided,0,Not provided,No database evidence,0.0,Unknown,-1.000,Not provided,Not provided,Not provided,[],[],unknown,No,"{""PM2_Moderate"": 2}",2,VUS,"No ClinVar submissions | No HGMD entry | raw_total=0.000, applied=None",No ClinVar submissions,No HGMD entry,0.000,,,,,PM2_Moderate: gnomAD max AF=0 < threshold 0.0001 for MOI AD,,,,,,,,,,,,No,No,,,Filtered: VUS with <5 points excluded from all reporting paths (auto/manual/delins),,Yes
7115000,11830_2024,chr10,87973260,G,A,PTEN,AD,c.*7788G>A,Not provided,,,,NM_001304717.5.2,,downstream_gene_variant,MODIFIER,Het,32,0.594,PTEN hamartoma tumor syndrome,No,,No,Not provided,No,Not provided,Not provided,Not provided,0,Not provided,0,0,N/A,Not provided,Not provided,0,Not provided,0,Not provided,No database evidence,0.000007,v3,-1.000,Not provided,Not provided,Not provided,[],[],unknown,No,"{""PM2_Moderate"": 2}",2,VUS,"No ClinVar submissions | No HGMD entry | raw_total=0.000, applied=None",No ClinVar submissions,No HGMD entry,0.000,,,,,PM2_Moderate: gnomAD max AF=6.57756e-06 < threshold 0.0001 for MOI AD,,,,,,,,,,,,No,No,,,Filtered: VUS with <5 points excluded from all reporting paths (auto/manual/delins),,Yes
7115000,11830_2024,chr10,88955016,C,CAAA,ACTA2,AD,c.-2312_-2310dupTTT,Not provided,,,,NM_001613.4,,upstream_gene_variant,MODIFIER,Het,14,0.286,Familial thoracic aortic aneurysm,Yes,"No include rule matched; rules require explicit inclusion (whitelist);Include if Impact is ""MODERATE"" or ""LOW"";No include rule matched; rules require explicit inclusion (whitelist);Include if Impact is ""MODERATE"" or ""LOW"";No include rule matched; rules require explicit inclusion (whitelist);Include if Impact is ""MODERATE"" or ""LOW""",No,Not provided,No,Not provided,Not provided,Not provided,0,Not provided,0,0,N/A,Not provided,Not provided,0,Not provided,0,Not provided,No database evidence,0.0,Unknown,-1.000,Not provided,Not provided,Not provided,[],[],unknown,No,"{""PM2_Moderate"": 2}",2,VUS,"No ClinVar submissions | No HGMD entry | raw_total=0.000, applied=None",No ClinVar submissions,No HGMD entry,0.000,,,,,PM2_Moderate: gnomAD max AF=0 < threshold 0.0001 for MOI AD,,,,,,,,,,,,No,No,,,"Filtered: VUS with <5 points excluded from all reporting paths (auto/manual/delins);Filtered by gene 'Rules' (exclude): No include rule matched; rules require explicit inclusion (whitelist); Include if Impact is ""MODERATE"" or ""LOW""","Filtered: VUS with <5 points excluded from all reporting paths (auto/manual/delins);Filtered by gene 'Rules' (exclude): No include rule matched; rules require explicit inclusion (whitelist); Include if Impact is ""MODERATE"" or ""LOW""",Yes
7115000,11830_2024,chr10,88972794,T,C,ACTA2,AD,c.-24+18145A>G,Not provided,,,,NM_001141945.2,1/8,intron_variant,MODIFIER,Het,36,0.444,Familial thoracic aortic aneurysm,Yes,"No include rule matched; rules require explicit inclusion (whitelist);Include if Impact is ""MODERATE"" or ""LOW"";No include rule matched; rules require explicit inclusion (whitelist);Include if Impact is ""MODERATE"" or ""LOW"";No include rule matched; rules require explicit inclusion (whitelist);Include if Impact is ""MODERATE"" or ""LOW""",No,Not provided,No,Not provided,Not provided,Not provided,0,Not provided,0,0,N/A,Not provided,Not provided,0,Not provided,0,Not provided,No database evidence,0.0,Unknown,-1.000,Not provided,Not provided,Not provided,[],[],unknown,No,"{""PM2_Moderate"": 2}",2,VUS,"No ClinVar submissions | No HGMD entry | raw_total=0.000, applied=None",No ClinVar submissions,No HGMD entry,0.000,,,,,PM2_Moderate: gnomAD max AF=0 < threshold 0.0001 for MOI AD,,,,,,,,,,,,No,No,,,"Filtered: VUS with <5 points excluded from all reporting paths (auto/manual/delins);Filtered by gene 'Rules' (exclude): No include rule matched; rules require explicit inclusion (whitelist); Include if Impact is ""MODERATE"" or ""LOW""","Filtered: VUS with <5 points excluded from all reporting paths (auto/manual/delins);Filtered by gene 'Rules' (exclude): No include rule matched; rules require explicit inclusion (whitelist); Include if Impact is ""MODERATE"" or ""LOW""",Yes
7115000,11830_2024,chr10,110747894,A,G,RBM20,AD,c.192-32907A>G,Not provided,,,,NM_001134363.3,1/13,intron_variant,MODIFIER,Het,16,0.500,Dliated cardiomyopathy,No,,No,Not provided,No,Not provided,Not provided,Not provided,0,Not provided,0,0,N/A,Not provided,Not provided,0,Not provided,0,Not provided,No database evidence,0.0,Unknown,-1.000,Not provided,Not provided,Not provided,[],[],unknown,No,"{""PM2_Moderate"": 2}",2,VUS,"No ClinVar submissions | No HGMD entry | raw_total=0.000, applied=None",No ClinVar submissions,No HGMD entry,0.000,,,,,PM2_Moderate: gnomAD max AF=0 < threshold 0.0001 for MOI AD,,,,,,,,,,,,No,No,,,Cluster id=7 detected (members=chr10:110747894:A:G:7115000;chr10:110747896:T:C:7115000) - no Pathogenic/LP present; delins NOT flagged; requires P/LP to consider delins.;Delins/overlap cluster (id=7) detected but not all members meet P/LP or >5pts -> not auto-escalated (possible carrier).;Filtered: VUS with <5 points excluded from all reporting paths (auto/manual/delins),,Yes
7115000,11830_2024,chr10,110747896,T,C,RBM20,AD,c.192-32905T>C,Not provided,,,,NM_001134363.3,1/13,intron_variant,MODIFIER,Het,16,0.500,Dliated cardiomyopathy,No,,No,Not provided,No,Not provided,Not provided,Not provided,0,Not provided,0,0,N/A,Not provided,Not provided,0,Not provided,0,Not provided,No database evidence,0.0,Unknown,-1.000,Not provided,Not provided,Not provided,[],[],unknown,No,"{""PM2_Moderate"": 2}",2,VUS,"No ClinVar submissions | No HGMD entry | raw_total=0.000, applied=None",No ClinVar submissions,No HGMD entry,0.000,,,,,PM2_Moderate: gnomAD max AF=0 < threshold 0.0001 for MOI AD,,,,,,,,,,,,No,No,,,Cluster id=7 detected (members=chr10:110747894:A:G:7115000;chr10:110747896:T:C:7115000) - no Pathogenic/LP present; delins NOT flagged; requires P/LP to consider delins.;Delins/overlap cluster (id=7) detected but not all members meet P/LP or >5pts -> not auto-escalated (possible carrier).;Filtered: VUS with <5 points excluded from all reporting paths (auto/manual/delins),,Yes
7115000,11830_2024,chr10,110748695,C,A,RBM20,AD,c.192-32106C>A,Not provided,,,,NM_001134363.3,1/13,intron_variant,MODIFIER,Het,40,0.475,Dliated cardiomyopathy,No,,No,Not provided,No,Not provided,Not provided,Not provided,0,Not provided,0,0,N/A,Not provided,Not provided,0,Not provided,0,Not provided,No database evidence,0.000046,v3,-1.000,Not provided,Not provided,Not provided,[],[],unknown,No,"{""PM2_Moderate"": 2}",2,VUS,"No ClinVar submissions | No HGMD entry | raw_total=0.000, applied=None",No ClinVar submissions,No HGMD entry,0.000,,,,,PM2_Moderate: gnomAD max AF=4.60012e-05 < threshold 0.0001 for MOI AD,,,,,,,,,,,,No,No,,,Filtered: VUS with <5 points excluded from all reporting paths (auto/manual/delins),,Yes
7115000,11830_2024,chr10,110768226,GGGGAGAGGGAGAGGGAGGGAAA,G,RBM20,AD,c.192-12557_192-12536delGGAAAGGGAGAGGGAGAGGGAG,Not provided,,,,NM_001134363.3,1/13,intron_variant,MODIFIER,Het,35,0.686,Dliated cardiomyopathy,No,,No,Not provided,No,Not provided,Not provided,Not provided,0,Not provided,0,0,N/A,Not provided,Not provided,0,Not provided,0,Not provided,No database evidence,0.0,Unknown,-1.000,Not provided,0.060,Not provided,[],[],unknown,No,"{""PM2_Moderate"": 2}",2,VUS,"No ClinVar submissions | No HGMD entry | raw_total=0.000, applied=None",No ClinVar submissions,No HGMD entry,0.000,,,,,PM2_Moderate: gnomAD max AF=0 < threshold 0.0001 for MOI AD,,,,,,,,,,,,No,No,,,Filtered: VUS with <5 points excluded from all reporting paths (auto/manual/delins),,Yes
7115000,11830_2024,chr10,119665092,TTGTGTG,T,BAG3,AD,c.181-4729_181-4724delGTGTGT,Not provided,,,,NM_004281.3,1/3,intron_variant,MODIFIER,Het,19,0.789,Dilated cardiomyopathy; Myofibrillar myopathy,No,,No,Not provided,No,Not provided,Not provided,Not provided,0,Not provided,0,0,N/A,Not provided,Not provided,0,Not provided,0,Not provided,No database evidence,0.0,Unknown,-1.000,Not provided,0.000,Not provided,[],[],unknown,No,"{""PM2_Moderate"": 2}",2,VUS,"No ClinVar submissions | No HGMD entry | raw_total=0.000, applied=None",No ClinVar submissions,No HGMD entry,0.000,,,,,PM2_Moderate: gnomAD max AF=0 < threshold 0.0001 for MOI AD,,,,,,,,,,,,No,No,,,Filtered: VUS with <5 points excluded from all reporting paths (auto/manual/delins),,Yes
7115000,11830_2024,chr10,119674200,C,T,BAG3,AD,c.909+1544C>T,Not provided,,,,NM_004281.3,3/3,intron_variant,MODIFIER,Het,54,0.519,Dilated cardiomyopathy; Myofibrillar myopathy,No,,No,Not provided,No,Not provided,Not provided,Not provided,0,Not provided,0,0,N/A,Not provided,Not provided,0,Not provided,0,Not provided,No database evidence,0.0,Unknown,-1.000,Not provided,Not provided,Not provided,[],[],unknown,No,"{""PM2_Moderate"": 2}",2,VUS,"No ClinVar submissions | No HGMD entry | raw_total=0.000, applied=None",No ClinVar submissions,No HGMD entry,0.000,,,,,PM2_Moderate: gnomAD max AF=0 < threshold 0.0001 for MOI AD,,,,,,,,,,,,No,No,,,Filtered: VUS with <5 points excluded from all reporting paths (auto/manual/delins),,Yes
7115000,11830_2024,chr11,2513354,A,G,KCNQ1,AD,c.6-14574A>G,Not provided,,,,NM_181798.1,1/15,intron_variant,MODIFIER,Het,45,0.511,Long-QT syndrome type 1,No,,No,Not provided,No,Not provided,Not provided,Not provided,0,Not provided,0,0,N/A,Not provided,Not provided,0,Not provided,0,Not provided,No database evidence,0.0,Unknown,-1.000,Not provided,Not provided,Not provided,[],[],unknown,No,"{""PM2_Moderate"": 2}",2,VUS,"No ClinVar submissions | No HGMD entry | raw_total=0.000, applied=None",No ClinVar submissions,No HGMD entry,0.000,,,,,PM2_Moderate: gnomAD max AF=0 < threshold 0.0001 for MOI AD,,,,,,,,,,,,No,No,,,Filtered: VUS with <5 points excluded from all reporting paths (auto/manual/delins),,Yes
7115000,11830_2024,chr11,2539781,C,T,KCNQ1,AD,c.96+11763C>T,Not provided,,,,NM_181798.1,2/15,intron_variant,MODIFIER,Het,64,0.531,Long-QT syndrome type 1,No,,No,Not provided,No,Not provided,Not provided,Not provided,0,Not provided,0,0,N/A,Not provided,Not provided,0,Not provided,0,Not provided,No database evidence,0.0,Unknown,-1.000,Not provided,Not provided,Not provided,[],[],unknown,No,"{""PM2_Moderate"": 2}",2,VUS,"No ClinVar submissions | No HGMD entry | raw_total=0.000, applied=None",No ClinVar submissions,No HGMD entry,0.000,,,,,PM2_Moderate: gnomAD max AF=0 < threshold 0.0001 for MOI AD,,,,,,,,,,,,No,No,,,Filtered: VUS with <5 points excluded from all reporting paths (auto/manual/delins),,Yes
7115000,11830_2024,chr11,2569996,A,T,KCNQ1,AD,c.97-632A>T,Not provided,,,,NM_181798.1,2/15,intron_variant,MODIFIER,Het,46,0.478,Long-QT syndrome type 1,No,,No,Not provided,No,Not provided,Not provided,Not provided,0,Not provided,0,0,N/A,Not provided,Not provided,0,Not provided,0,Not provided,No database evidence,0.0,Unknown,-1.000,Not provided,Not provided,Not provided,[],[],unknown,No,"{""PM2_Moderate"": 2}",2,VUS,"No ClinVar submissions | No HGMD entry | raw_total=0.000, applied=None",No ClinVar submissions,No HGMD entry,0.000,,,,,PM2_Moderate: gnomAD max AF=0 < threshold 0.0001 for MOI AD,,,,,,,,,,,,No,No,,,Filtered: VUS with <5 points excluded from all reporting paths (auto/manual/delins),,Yes
7115000,11830_2024,chr11,2578456,C,T,KCNQ1,AD,c.541-4979C>T,Not provided,,,,NM_181798.1,6/15,intron_variant,MODIFIER,Het,50,0.480,Long-QT syndrome type 1,No,,No,Not provided,No,Not provided,Not provided,Not provided,0,Not provided,0,0,N/A,Not provided,Not provided,0,Not provided,0,Not provided,No database evidence,0.0,Unknown,-1.000,Not provided,Not provided,Not provided,[],[],unknown,No,"{""PM2_Moderate"": 2}",2,VUS,"No ClinVar submissions | No HGMD entry | raw_total=0.000, applied=None",No ClinVar submissions,No HGMD entry,0.000,,,,,PM2_Moderate: gnomAD max AF=0 < threshold 0.0001 for MOI AD,,,,,,,,,,,,No,No,,,Filtered: VUS with <5 points excluded from all reporting paths (auto/manual/delins),,Yes
7115000,11830_2024,chr11,2694710,G,A,KCNQ1,AD,c.1133+32629G>A,Not provided,,,,NM_181798.1,11/15,intron_variant,MODIFIER,Het,49,0.592,Long-QT syndrome type 1,No,,No,Not provided,No,Not provided,Not provided,Not provided,0,Not provided,0,0,N/A,Not provided,Not provided,0,Not provided,0,Not provided,No database evidence,0.000059,v3,-1.000,Not provided,Not provided,Not provided,[],[],unknown,No,"{""PM2_Moderate"": 2}",2,VUS,"No ClinVar submissions | No HGMD entry | raw_total=0.000, applied=None",No ClinVar submissions,No HGMD entry,0.000,,,,,PM2_Moderate: gnomAD max AF=5.91529e-05 < threshold 0.0001 for MOI AD,,,,,,,,,,,,No,No,,,Filtered: VUS with <5 points excluded from all reporting paths (auto/manual/delins),,Yes
7115000,11830_2024,chr11,2704726,G,A,KCNQ1,AD,c.1133+42645G>A,Not provided,,,,NM_181798.1,11/15,intron_variant,MODIFIER,Het,56,0.661,Long-QT syndrome type 1,No,,No,Not provided,No,Not provided,Not provided,Not provided,0,Not provided,0,0,N/A,Not provided,Not provided,0,Not provided,0,Not provided,No database evidence,0.0,Unknown,-1.000,Not provided,Not provided,Not provided,[],[],unknown,No,"{""PM2_Moderate"": 2}",2,VUS,"No ClinVar submissions | No HGMD entry | raw_total=0.000, applied=None",No ClinVar submissions,No HGMD entry,0.000,,,,,PM2_Moderate: gnomAD max AF=0 < threshold 0.0001 for MOI AD,,,,,,,,,,,,No,No,,,Filtered: VUS with <5 points excluded from all reporting paths (auto/manual/delins),,Yes
7115000,11830_2024,chr11,2715436,G,C,KCNQ1,AD,c.1133+53355G>C,Not provided,,,,NM_181798.1,11/15,intron_variant,MODIFIER,Het,48,0.562,Long-QT syndrome type 1,No,,No,Not provided,No,Not provided,Not provided,Not provided,0,Not provided,0,0,N/A,Not provided,Not provided,0,Not provided,0,Not provided,No database evidence,0.0,Unknown,-1.000,Not provided,Not provided,Not provided,[],[],unknown,No,"{""PM2_Moderate"": 2}",2,VUS,"No ClinVar submissions | No HGMD entry | raw_total=0.000, applied=None",No ClinVar submissions,No HGMD entry,0.000,,,,,PM2_Moderate: gnomAD max AF=0 < threshold 0.0001 for MOI AD,,,,,,,,,,,,No,No,,,Filtered: VUS with <5 points excluded from all reporting paths (auto/manual/delins),,Yes
7115000,11830_2024,chr11,2725485,A,G,KCNQ1,AD,c.1134-43359A>G,Not provided,,,,NM_181798.1,11/15,intron_variant,MODIFIER,Het,52,0.462,Long-QT syndrome type 1,No,,No,Not provided,No,Not provided,Not provided,Not provided,0,Not provided,0,0,N/A,Not provided,Not provided,0,Not provided,0,Not provided,No database evidence,0.0,Unknown,-1.000,Not provided,Not provided,Not provided,[],[],unknown,No,"{""PM2_Moderate"": 2}",2,VUS,"No ClinVar submissions | No HGMD entry | raw_total=0.000, applied=None",No ClinVar submissions,No HGMD entry,0.000,,,,,PM2_Moderate: gnomAD max AF=0 < threshold 0.0001 for MOI AD,,,,,,,,,,,,No,No,,,Filtered: VUS with <5 points excluded from all reporting paths (auto/manual/delins),,Yes
7115000,11830_2024,chr11,2790326,G,A,KCNQ1,AD,c.1413+12289G>A,Not provided,,,,NM_181798.1,15/15,intron_variant,MODIFIER,Het,62,0.435,Long-QT syndrome type 1,No,,No,Not provided,No,Not provided,Not provided,Not provided,0,Not provided,0,0,N/A,Not provided,Not provided,0,Not provided,0,Not provided,No database evidence,0.0,Unknown,-1.000,Not provided,Not provided,Not provided,[],[],unknown,No,"{""PM2_Moderate"": 2}",2,VUS,"No ClinVar submissions | No HGMD entry | raw_total=0.000, applied=None",No ClinVar submissions,No HGMD entry,0.000,,,,,PM2_Moderate: gnomAD max AF=0 < threshold 0.0001 for MOI AD,,,,,,,,,,,,No,No,,,Filtered: VUS with <5 points excluded from all reporting paths (auto/manual/delins),,Yes
7115000,11830_2024,chr11,2806376,C,T,KCNQ1,AD,c.1413+28339C>T,Not provided,,,,NM_181798.1,15/15,intron_variant,MODIFIER,Het,35,0.543,Long-QT syndrome type 1,No,,No,Not provided,No,Not provided,Not provided,Not provided,0,Not provided,0,0,N/A,Not provided,Not provided,0,Not provided,0,Not provided,No database evidence,0.0,Unknown,-1.000,Not provided,Not provided,Not provided,[],[],unknown,No,"{""PM2_Moderate"": 2}",2,VUS,"No ClinVar submissions | No HGMD entry | raw_total=0.000, applied=None",No ClinVar submissions,No HGMD entry,0.000,,,,,PM2_Moderate: gnomAD max AF=0 < threshold 0.0001 for MOI AD,,,,,,,,,,,,No,No,,,Filtered: VUS with <5 points excluded from all reporting paths (auto/manual/delins),,Yes
7115000,11830_2024,chr11,2809189,T,A,KCNQ1,AD,c.1413+31152T>A,Not provided,,,,NM_181798.1,15/15,intron_variant,MODIFIER,Het,21,0.381,Long-QT syndrome type 1,No,,No,Not provided,No,Not provided,Not provided,Not provided,0,Not provided,0,0,N/A,Not provided,Not provided,0,Not provided,0,Not provided,No database evidence,0.0,Unknown,-1.000,Not provided,Not provided,Not provided,[],[],unknown,No,"{""PM2_Moderate"": 2}",2,VUS,"No ClinVar submissions | No HGMD entry | raw_total=0.000, applied=None",No ClinVar submissions,No HGMD entry,0.000,,,,,PM2_Moderate: gnomAD max AF=0 < threshold 0.0001 for MOI AD,,,,,,,,,,,,No,No,,,Filtered: VUS with <5 points excluded from all reporting paths (auto/manual/delins),,Yes
7115000,11830_2024,chr11,2843323,C,G,KCNQ1,AD,c.1414-4444C>G,Not provided,,,,NM_181798.1,15/15,intron_variant,MODIFIER,Het,47,0.511,Long-QT syndrome type 1,No,,No,Not provided,No,Not provided,Not provided,Not provided,0,Not provided,0,0,N/A,Not provided,Not provided,0,Not provided,0,Not provided,No database evidence,0.0,Unknown,-1.000,Not provided,Not provided,Not provided,[],[],unknown,No,"{""PM2_Moderate"": 2}",2,VUS,"No ClinVar submissions | No HGMD entry | raw_total=0.000, applied=None",No ClinVar submissions,No HGMD entry,0.000,,,,,PM2_Moderate: gnomAD max AF=0 < threshold 0.0001 for MOI AD,,,,,,,,,,,,No,No,,,Filtered: VUS with <5 points excluded from all reporting paths (auto/manual/delins),,Yes
7115000,11830_2024,chr11,32383077,CA,C,WT1,AD,c.*5980delT,Not provided,,,,NM_001198552.2,,downstream_gene_variant,MODIFIER,Het,63,0.444,WT1-related Wilms tumor,No,,No,Not provided,No,Not provided,Not provided,Not provided,0,Not provided,0,0,N/A,Not provided,Not provided,0,Not provided,0,Not provided,No database evidence,0.0,Unknown,-1.000,Not provided,Not provided,Not provided,[],[],unknown,No,"{""PM2_Moderate"": 2}",2,VUS,"No ClinVar submissions | No HGMD entry | raw_total=0.000, applied=None",No ClinVar submissions,No HGMD entry,0.000,,,,,PM2_Moderate: gnomAD max AF=0 < threshold 0.0001 for MOI AD,,,,,,,,,,,,No,No,,,Filtered: VUS with <5 points excluded from all reporting paths (auto/manual/delins),,Yes
7115000,11830_2024,chr11,32410540,T,C,WT1,AD,c.314+7037A>G,Not provided,,,,NM_001198552.2,4/8,intron_variant,MODIFIER,Het,40,0.450,WT1-related Wilms tumor,No,,No,Not provided,No,Not provided,Not provided,Not provided,0,Not provided,0,0,N/A,Not provided,Not provided,0,Not provided,0,Not provided,No database evidence,0.0,Unknown,-1.000,Not provided,Not provided,Not provided,[],[],unknown,No,"{""PM2_Moderate"": 2}",2,VUS,"No ClinVar submissions | No HGMD entry | raw_total=0.000, applied=None",No ClinVar submissions,No HGMD entry,0.000,,,,,PM2_Moderate: gnomAD max AF=0 < threshold 0.0001 for MOI AD,,,,,,,,,,,,No,No,,,Filtered: VUS with <5 points excluded from all reporting paths (auto/manual/delins),,Yes
7115000,11830_2024,chr11,61433164,G,T,SDHAF2,AD,c.36+2982G>T,Not provided,,,,NM_017841.2,1/3,intron_variant,MODIFIER,Het,23,0.609,Hereditary paraganglioma-pheochromocytoma syndrome,No,,No,Not provided,No,Not provided,Not provided,Not provided,0,Not provided,0,0,N/A,Not provided,Not provided,0,Not provided,0,Not provided,No database evidence,0.0,Unknown,-1.000,Not provided,Not provided,Not provided,[],[],unknown,No,"{""PM2_Moderate"": 2}",2,VUS,"No ClinVar submissions | No HGMD entry | raw_total=0.000, applied=None",No ClinVar submissions,No HGMD entry,0.000,,,,,PM2_Moderate: gnomAD max AF=0 < threshold 0.0001 for MOI AD,,,,,,,,,,,,No,No,,,Filtered: VUS with <5 points excluded from all reporting paths (auto/manual/delins),,Yes
7115000,11830_2024,chr12,32856076,T,A,PKP2,AD,c.1171-5103A>T,Not provided,,,,NM_004572.3,4/13,intron_variant,MODIFIER,Het,29,0.483,Arrhythmogenic right ventricular cardiomyopathy,No,,No,Not provided,No,Not provided,Not provided,Not provided,0,Not provided,0,0,N/A,Not provided,Not provided,0,Not provided,0,Not provided,No database evidence,0.000013,v3,-1.000,Not provided,Not provided,Not provided,[],[],unknown,No,"{""PM2_Moderate"": 2}",2,VUS,"No ClinVar submissions | No HGMD entry | raw_total=0.000, applied=None",No ClinVar submissions,No HGMD entry,0.000,,,,,PM2_Moderate: gnomAD max AF=1.31441e-05 < threshold 0.0001 for MOI AD,,,,,,,,,,,,No,No,,,Filtered: VUS with <5 points excluded from all reporting paths (auto/manual/delins),,Yes
7115000,11830_2024,chr12,32883471,T,A,PKP2,AD,c.224-4439A>T,Not provided,,,,NM_004572.3,1/13,intron_variant,MODIFIER,Het,28,0.517,Arrhythmogenic right ventricular cardiomyopathy,No,,No,Not provided,No,Not provided,Not provided,Not provided,0,Not provided,0,0,N/A,Not provided,Not provided,0,Not provided,0,Not provided,No database evidence,0.000013,v3,-1.000,Not provided,Not provided,Not provided,[],[],unknown,No,"{""PM2_Moderate"": 2}",2,VUS,"No ClinVar submissions | No HGMD entry | raw_total=0.000, applied=None",No ClinVar submissions,No HGMD entry,0.000,,,,,PM2_Moderate: gnomAD max AF=1.31385e-05 < threshold 0.0001 for MOI AD,,,,,,,,,,,,No,No,,,Filtered: VUS with <5 points excluded from all reporting paths (auto/manual/delins),,Yes
7115000,11830_2024,chr12,32893241,C,A,PKP2,AD,c.223+3268G>T,Not provided,,,,NM_004572.3,1/13,intron_variant,MODIFIER,Het,44,0.523,Arrhythmogenic right ventricular cardiomyopathy,No,,No,Not provided,No,Not provided,Not provided,Not provided,0,Not provided,0,0,N/A,Not provided,Not provided,0,Not provided,0,Not provided,No database evidence,0.0,Unknown,-1.000,Not provided,Not provided,Not provided,[],[],unknown,No,"{""PM2_Moderate"": 2}",2,VUS,"No ClinVar submissions | No HGMD entry | raw_total=0.000, applied=None",No ClinVar submissions,No HGMD entry,0.000,,,,,PM2_Moderate: gnomAD max AF=0 < threshold 0.0001 for MOI AD,,,,,,,,,,,,No,No,,,Filtered: VUS with <5 points excluded from all reporting paths (auto/manual/delins),,Yes
7115000,11830_2024,chr12,51914716,TTTTAATTTAA,T,ACVRL1,AD,c.772+170_772+179delAATTTAATTT,Not provided,,,,NM_001077401.2,5/8,intron_variant,MODIFIER,Het,66,0.379,Hereditary hemorrhagic telangiectasia,No,,No,Not provided,No,Not provided,Not provided,Not provided,0,Not provided,0,0,N/A,Not provided,Not provided,0,Not provided,0,Not provided,No database evidence,0.0,Unknown,-1.000,Not provided,0.020,Not provided,[],[],unknown,No,"{""PM2_Moderate"": 2}",2,VUS,"No ClinVar submissions | No HGMD entry | raw_total=0.000, applied=None",No ClinVar submissions,No HGMD entry,0.000,,,,,PM2_Moderate: gnomAD max AF=0 < threshold 0.0001 for MOI AD,,,,,,,,,,,,No,No,,,Filtered: VUS with <5 points excluded from all reporting paths (auto/manual/delins),,Yes
7115000,11830_2024,chr12,110905876,G,T,MYL2,AD,c.*5201C>A,Not provided,,,,NM_000432.3,,downstream_gene_variant,MODIFIER,Het,13,0.231,Hypertrophic cardiomyopathy,No,,No,Not provided,No,Not provided,Not provided,Not provided,0,Not provided,0,0,N/A,Not provided,Not provided,0,Not provided,0,Not provided,No database evidence,0.000035,v3,-1.000,Not provided,Not provided,Not provided,[],[],unknown,No,"{""PM2_Moderate"": 2}",2,VUS,"No ClinVar submissions | No HGMD entry | raw_total=0.000, applied=None",No ClinVar submissions,No HGMD entry,0.000,,,,,PM2_Moderate: gnomAD max AF=3.54308e-05 < threshold 0.0001 for MOI AD,,,,,,,,,,,,No,No,,,Cluster id=8 detected (members=chr12:110905876:G:T:7115000;chr12:110905878:G:T:7115000;chr12:110905877:T:A:7115000) - no Pathogenic/LP present; delins NOT flagged; requires P/LP to consider delins.;Delins/overlap cluster (id=8) detected but not all members meet P/LP or >5pts -> not auto-escalated (possible carrier).;Filtered: VUS with <5 points excluded from all reporting paths (auto/manual/delins),,Yes
7115000,11830_2024,chr12,110905877,T,A,MYL2,AD,c.*5200A>T,Not provided,,,,NM_000432.3,,downstream_gene_variant,MODIFIER,Het,13,0.231,Hypertrophic cardiomyopathy,No,,No,Not provided,No,Not provided,Not provided,Not provided,0,Not provided,0,0,N/A,Not provided,Not provided,0,Not provided,0,Not provided,No database evidence,0.0,Unknown,-1.000,Not provided,Not provided,Not provided,[],[],unknown,No,"{""PM2_Moderate"": 2}",2,VUS,"No ClinVar submissions | No HGMD entry | raw_total=0.000, applied=None",No ClinVar submissions,No HGMD entry,0.000,,,,,PM2_Moderate: gnomAD max AF=0 < threshold 0.0001 for MOI AD,,,,,,,,,,,,No,No,,,Cluster id=8 detected (members=chr12:110905876:G:T:7115000;chr12:110905878:G:T:7115000;chr12:110905877:T:A:7115000) - no Pathogenic/LP present; delins NOT flagged; requires P/LP to consider delins.;Delins/overlap cluster (id=8) detected but not all members meet P/LP or >5pts -> not auto-escalated (possible carrier).;Filtered: VUS with <5 points excluded from all reporting paths (auto/manual/delins),,Yes
7115000,11830_2024,chr12,110905878,G,T,MYL2,AD,c.*5199C>A,Not provided,,,,NM_000432.3,,downstream_gene_variant,MODIFIER,Het,13,0.231,Hypertrophic cardiomyopathy,No,,No,Not provided,No,Not provided,Not provided,Not provided,0,Not provided,0,0,N/A,Not provided,Not provided,0,Not provided,0,Not provided,No database evidence,0.0,Unknown,-1.000,Not provided,Not provided,Not provided,[],[],unknown,No,"{""PM2_Moderate"": 2}",2,VUS,"No ClinVar submissions | No HGMD entry | raw_total=0.000, applied=None",No ClinVar submissions,No HGMD entry,0.000,,,,,PM2_Moderate: gnomAD max AF=0 < threshold 0.0001 for MOI AD,,,,,,,,,,,,No,No,,,Cluster id=8 detected (members=chr12:110905876:G:T:7115000;chr12:110905878:G:T:7115000;chr12:110905877:T:A:7115000) - no Pathogenic/LP present; delins NOT flagged; requires P/LP to consider delins.;Delins/overlap cluster (id=8) detected but not all members meet P/LP or >5pts -> not auto-escalated (possible carrier).;Filtered: VUS with <5 points excluded from all reporting paths (auto/manual/delins),,Yes
7115000,11830_2024,chr12,110905915,TTA,T,MYL2,AD,c.*5160_*5161delTA,Not provided,,,,NM_000432.3,,downstream_gene_variant,MODIFIER,Het,10,0.400,Hypertrophic cardiomyopathy,No,,No,Not provided,No,Not provided,Not provided,Not provided,0,Not provided,0,0,N/A,Not provided,Not provided,0,Not provided,0,Not provided,No database evidence,0.0,Unknown,-1.000,Not provided,Not provided,Not provided,[],[],unknown,No,"{""PM2_Moderate"": 2}",2,VUS,"No ClinVar submissions | No HGMD entry | raw_total=0.000, applied=None",No ClinVar submissions,No HGMD entry,0.000,,,,,PM2_Moderate: gnomAD max AF=0 < threshold 0.0001 for MOI AD,,,,,,,,,,,,No,No,,,Filtered: VUS with <5 points excluded from all reporting paths (auto/manual/delins),,Yes
7115000,11830_2024,chr13,32315300,G,A,BRCA2,AD,c.-407G>A,Not provided,,,,NM_000059.3,,upstream_gene_variant,MODIFIER,Het,31,0.710,Hereditary breast and ovarian cancer,No,,Yes,Hereditary breast ovarian cancer syndrome,No,Increased transcriptional activity,Hereditary breast ovarian cancer syndrome,benign,1,Benign,1,1,conditions_csv_phenotype_match,FP,Increased transcriptional activity,1,Not provided,0,Not provided,ClinVar: Sig=benign; ClinVar: Trait=Hereditary breast ovarian cancer syndrome; HGMD: Phen=Increased transcriptional activity,0.0,Unknown,-1.000,Not provided,Not provided,Not provided,[],[],unknown,No,"{""PM2_Moderate"": 2, ""BP5ext_Moderate"": -2}",0,VUS,"sig=benign (-3 points), stars=1 (0.75 coef), clinvar_phenotype_match=Yes, clin=-2.250 | class=FP (-2 points), pubs=1, dm_supported=0 (0/1), coef=0.5, hgmd_phenotype_match=No, hgmd=-1.000 | raw_total=-3.250, applied=BP5ext_Moderate","sig=benign (-3 points), stars=1 (0.75 coef), clinvar_phenotype_match=Yes, clin=-2.250","class=FP (-2 points), pubs=1, dm_supported=0 (0/1), coef=0.5, hgmd_phenotype_match=No, hgmd=-1.000",-3.250,BP5ext_Moderate,,,,PM2_Moderate: gnomAD max AF=0 < threshold 0.0001 for MOI AD,,,,,,,,,,,,No,No,,,Filtered: VUS with <5 points excluded from all reporting paths (auto/manual/delins),,Yes
7115000,11830_2024,chr13,32316589,T,G,BRCA2,AD,c.67+62T>G,Not provided,,,,NM_000059.3,2/26,intron_variant,MODIFIER,Het,53,0.679,Hereditary breast and ovarian cancer,No,,Yes,"Hereditary breast ovarian cancer syndrome;Breast-ovarian cancer, familial, susceptibility to, 2;Hereditary cancer-predisposing syndrome;Hereditary cancer-predisposing syndrome",Yes,Breast and ovarian cancer syndrome,"Hereditary breast ovarian cancer syndrome;Breast-ovarian cancer, familial, susceptibility to, 2;Hereditary cancer-predisposing syndrome;Hereditary cancer-predisposing syndrome",benign;uncertain significance;likely benign;benign,1;1;1;1,Benign,1,1,conditions_csv_phenotype_match,DM?,Breast and ovarian cancer syndrome,2,Not provided,1,Not provided,"ClinVar: Sig=benign;uncertain significance;likely benign;benign; ClinVar: Trait=Hereditary breast ovarian cancer syndrome;Breast-ovarian cancer, familial, susceptibility to, 2;Hereditary cancer-predisposing syndrome;Hereditary cancer-predisposing syndrome; HGMD: Phen=Breast and ovarian cancer syndrome",0.0,Unknown,-1.000,Not provided,Not provided,Not provided,[],[],unknown,No,"{""PM2_Moderate"": 2, ""BP5ext_Supporting"": -1}",1,VUS,"sig=benign (-3 points), stars=1 (0.75 coef), clinvar_phenotype_match=Yes, clin=-2.250 | class=DM? (1 points), pubs=2, dm_supported=1 (1/2), coef=1.0, hgmd_phenotype_match=Yes, hgmd=1.000 | raw_total=-1.250, applied=BP5ext_Supporting","sig=benign (-3 points), stars=1 (0.75 coef), clinvar_phenotype_match=Yes, clin=-2.250","class=DM? (1 points), pubs=2, dm_supported=1 (1/2), coef=1.0, hgmd_phenotype_match=Yes, hgmd=1.000",-1.250,BP5ext_Supporting,,,,PM2_Moderate: gnomAD max AF=0 < threshold 0.0001 for MOI AD,,,,,,,,,,,,No,No,,,Database conflict (ClinVar): Benign vs VUS detected -> conservative -1 point applied (info in comments).;Filtered: VUS with <5 points excluded from all reporting paths (auto/manual/delins),,Yes
7115000,11830_2024,chr13,32318439,A,AT,BRCA2,AD,c.68-625dupT,Not provided,,,,NM_000059.3,2/26,intron_variant,MODIFIER,Het,22,0.682,Hereditary breast and ovarian cancer,No,,No,Not provided,No,Not provided,Not provided,Not provided,0,Not provided,0,0,N/A,Not provided,Not provided,0,Not provided,0,Not provided,No database evidence,0.0,Unknown,-1.000,Not provided,Not provided,Not provided,[],[],unknown,No,"{""PM2_Moderate"": 2}",2,VUS,"No ClinVar submissions | No HGMD entry | raw_total=0.000, applied=None",No ClinVar submissions,No HGMD entry,0.000,,,,,PM2_Moderate: gnomAD max AF=0 < threshold 0.0001 for MOI AD,,,,,,,,,,,,No,No,,,Filtered: VUS with <5 points excluded from all reporting paths (auto/manual/delins),,Yes
7115000,11830_2024,chr13,32324055,A,G,BRCA2,AD,c.317-1021A>G,Not provided,,,,NM_000059.3,3/26,intron_variant,MODIFIER,Het,34,0.676,Hereditary breast and ovarian cancer,No,,No,Not provided,No,Not provided,Not provided,Not provided,0,Not provided,0,0,N/A,Not provided,Not provided,0,Not provided,0,Not provided,No database evidence,0.0,Unknown,-1.000,Not provided,Not provided,Not provided,[],[],unknown,No,"{""PM2_Moderate"": 2}",2,VUS,"No ClinVar submissions | No HGMD entry | raw_total=0.000, applied=None",No ClinVar submissions,No HGMD entry,0.000,,,,,PM2_Moderate: gnomAD max AF=0 < threshold 0.0001 for MOI AD,,,,,,,,,,,,No,No,,,Filtered: VUS with <5 points excluded from all reporting paths (auto/manual/delins),,Yes
7115000,11830_2024,chr13,32402508,T,A,BRCA2,AD,c.*3738T>A,Not provided,,,,NM_000059.3,,downstream_gene_variant,MODIFIER,Het,43,0.651,Hereditary breast and ovarian cancer,No,,No,Not provided,No,Not provided,Not provided,Not provided,0,Not provided,0,0,N/A,Not provided,Not provided,0,Not provided,0,Not provided,No database evidence,0.0,Unknown,-1.000,Not provided,Not provided,Not provided,[],[],unknown,No,"{""PM2_Moderate"": 2}",2,VUS,"No ClinVar submissions | No HGMD entry | raw_total=0.000, applied=None",No ClinVar submissions,No HGMD entry,0.000,,,,,PM2_Moderate: gnomAD max AF=0 < threshold 0.0001 for MOI AD,,,,,,,,,,,,No,No,,,Cluster id=9 detected (members=chr13:32402508:T:A:7115000;chr13:32402511:G:T:7115000;chr13:32402513:A:T:7115000;chr13:32402514:G:C:7115000;chr13:32402515:CAA:C:7115000;chr13:32402510:A:ACT:7115000) - no Pathogenic/LP present; delins NOT flagged; requires P/LP to consider delins.;Delins/overlap cluster (id=9) detected but not all members meet P/LP or >5pts -> not auto-escalated (possible carrier).;Filtered: VUS with <5 points excluded from all reporting paths (auto/manual/delins),,Yes
7115000,11830_2024,chr13,32402510,A,ACT,BRCA2,AD,c.*3740_*3741insCT,Not provided,,,,NM_000059.3,,downstream_gene_variant,MODIFIER,Het,43,0.605,Hereditary breast and ovarian cancer,No,,No,Not provided,No,Not provided,Not provided,Not provided,0,Not provided,0,0,N/A,Not provided,Not provided,0,Not provided,0,Not provided,No database evidence,0.0,Unknown,-1.000,Not provided,0.000,Not provided,[],[],unknown,No,"{""PM2_Moderate"": 2}",2,VUS,"No ClinVar submissions | No HGMD entry | raw_total=0.000, applied=None",No ClinVar submissions,No HGMD entry,0.000,,,,,PM2_Moderate: gnomAD max AF=0 < threshold 0.0001 for MOI AD,,,,,,,,,,,,No,No,,,Cluster id=9 detected (members=chr13:32402508:T:A:7115000;chr13:32402511:G:T:7115000;chr13:32402513:A:T:7115000;chr13:32402514:G:C:7115000;chr13:32402515:CAA:C:7115000;chr13:32402510:A:ACT:7115000) - no Pathogenic/LP present; delins NOT flagged; requires P/LP to consider delins.;Delins/overlap cluster (id=9) detected but not all members meet P/LP or >5pts -> not auto-escalated (possible carrier).;Filtered: VUS with <5 points excluded from all reporting paths (auto/manual/delins),,Yes
7115000,11830_2024,chr13,32402511,G,T,BRCA2,AD,c.*3741G>T,Not provided,,,,NM_000059.3,,downstream_gene_variant,MODIFIER,Het,44,0.636,Hereditary breast and ovarian cancer,No,,No,Not provided,No,Not provided,Not provided,Not provided,0,Not provided,0,0,N/A,Not provided,Not provided,0,Not provided,0,Not provided,No database evidence,0.0,Unknown,-1.000,Not provided,Not provided,Not provided,[],[],unknown,No,"{""PM2_Moderate"": 2}",2,VUS,"No ClinVar submissions | No HGMD entry | raw_total=0.000, applied=None",No ClinVar submissions,No HGMD entry,0.000,,,,,PM2_Moderate: gnomAD max AF=0 < threshold 0.0001 for MOI AD,,,,,,,,,,,,No,No,,,Cluster id=9 detected (members=chr13:32402508:T:A:7115000;chr13:32402511:G:T:7115000;chr13:32402513:A:T:7115000;chr13:32402514:G:C:7115000;chr13:32402515:CAA:C:7115000;chr13:32402510:A:ACT:7115000) - no Pathogenic/LP present; delins NOT flagged; requires P/LP to consider delins.;Delins/overlap cluster (id=9) detected but not all members meet P/LP or >5pts -> not auto-escalated (possible carrier).;Filtered: VUS with <5 points excluded from all reporting paths (auto/manual/delins),,Yes
7115000,11830_2024,chr13,32402513,A,T,BRCA2,AD,c.*3743A>T,Not provided,,,,NM_000059.3,,downstream_gene_variant,MODIFIER,Het,44,0.636,Hereditary breast and ovarian cancer,No,,No,Not provided,No,Not provided,Not provided,Not provided,0,Not provided,0,0,N/A,Not provided,Not provided,0,Not provided,0,Not provided,No database evidence,0.0,Unknown,-1.000,Not provided,Not provided,Not provided,[],[],unknown,No,"{""PM2_Moderate"": 2}",2,VUS,"No ClinVar submissions | No HGMD entry | raw_total=0.000, applied=None",No ClinVar submissions,No HGMD entry,0.000,,,,,PM2_Moderate: gnomAD max AF=0 < threshold 0.0001 for MOI AD,,,,,,,,,,,,No,No,,,Cluster id=9 detected (members=chr13:32402508:T:A:7115000;chr13:32402511:G:T:7115000;chr13:32402513:A:T:7115000;chr13:32402514:G:C:7115000;chr13:32402515:CAA:C:7115000;chr13:32402510:A:ACT:7115000) - no Pathogenic/LP present; delins NOT flagged; requires P/LP to consider delins.;Delins/overlap cluster (id=9) detected but not all members meet P/LP or >5pts -> not auto-escalated (possible carrier).;Filtered: VUS with <5 points excluded from all reporting paths (auto/manual/delins),,Yes
7115000,11830_2024,chr13,32402514,G,C,BRCA2,AD,c.*3744G>C,Not provided,,,,NM_000059.3,,downstream_gene_variant,MODIFIER,Het,45,0.644,Hereditary breast and ovarian cancer,No,,No,Not provided,No,Not provided,Not provided,Not provided,0,Not provided,0,0,N/A,Not provided,Not provided,0,Not provided,0,Not provided,No database evidence,0.0,Unknown,-1.000,Not provided,Not provided,Not provided,[],[],unknown,No,"{""PM2_Moderate"": 2}",2,VUS,"No ClinVar submissions | No HGMD entry | raw_total=0.000, applied=None",No ClinVar submissions,No HGMD entry,0.000,,,,,PM2_Moderate: gnomAD max AF=0 < threshold 0.0001 for MOI AD,,,,,,,,,,,,No,No,,,Cluster id=9 detected (members=chr13:32402508:T:A:7115000;chr13:32402511:G:T:7115000;chr13:32402513:A:T:7115000;chr13:32402514:G:C:7115000;chr13:32402515:CAA:C:7115000;chr13:32402510:A:ACT:7115000) - no Pathogenic/LP present; delins NOT flagged; requires P/LP to consider delins.;Delins/overlap cluster (id=9) detected but not all members meet P/LP or >5pts -> not auto-escalated (possible carrier).;Filtered: VUS with <5 points excluded from all reporting paths (auto/manual/delins),,Yes
7115000,11830_2024,chr13,32402515,CAA,C,BRCA2,AD,c.*3746_*3747delAA,Not provided,,,,NM_000059.3,,downstream_gene_variant,MODIFIER,Het,45,0.622,Hereditary breast and ovarian cancer,No,,No,Not provided,No,Not provided,Not provided,Not provided,0,Not provided,0,0,N/A,Not provided,Not provided,0,Not provided,0,Not provided,No database evidence,0.0,Unknown,-1.000,Not provided,Not provided,Not provided,[],[],unknown,No,"{""PM2_Moderate"": 2}",2,VUS,"No ClinVar submissions | No HGMD entry | raw_total=0.000, applied=None",No ClinVar submissions,No HGMD entry,0.000,,,,,PM2_Moderate: gnomAD max AF=0 < threshold 0.0001 for MOI AD,,,,,,,,,,,,No,No,,,Cluster id=9 detected (members=chr13:32402508:T:A:7115000;chr13:32402511:G:T:7115000;chr13:32402513:A:T:7115000;chr13:32402514:G:C:7115000;chr13:32402515:CAA:C:7115000;chr13:32402510:A:ACT:7115000) - no Pathogenic/LP present; delins NOT flagged; requires P/LP to consider delins.;Delins/overlap cluster (id=9) detected but not all members meet P/LP or >5pts -> not auto-escalated (possible carrier).;Filtered: VUS with <5 points excluded from all reporting paths (auto/manual/delins),,Yes
7115000,11830_2024,chr13,48330905,AAT,A,RB1,AD,c.265-11691_265-11690delAT,Not provided,,,,NM_000321.2,2/26,intron_variant,MODIFIER,Het,35,0.343,Retinoblastoma,No,,No,Not provided,No,Not provided,Not provided,Not provided,0,Not provided,0,0,N/A,Not provided,Not provided,0,Not provided,0,Not provided,No database evidence,0.0,Unknown,-1.000,Not provided,Not provided,Not provided,[],[],unknown,No,"{""PM2_Moderate"": 2}",2,VUS,"No ClinVar submissions | No HGMD entry | raw_total=0.000, applied=None",No ClinVar submissions,No HGMD entry,0.000,,,,,PM2_Moderate: gnomAD max AF=0 < threshold 0.0001 for MOI AD,,,,,,,,,,,,No,No,,,Filtered: VUS with <5 points excluded from all reporting paths (auto/manual/delins),,Yes
7115000,11830_2024,chr13,48362246,A,G,RB1,AD,c.719-569A>G,Not provided,,,,NM_000321.2,7/26,intron_variant,MODIFIER,Het,21,0.476,Retinoblastoma,No,,No,Not provided,No,Not provided,Not provided,Not provided,0,Not provided,0,0,N/A,Not provided,Not provided,0,Not provided,0,Not provided,No database evidence,0.0,Unknown,-1.000,Not provided,Not provided,Not provided,[],[],unknown,No,"{""PM2_Moderate"": 2}",2,VUS,"No ClinVar submissions | No HGMD entry | raw_total=0.000, applied=None",No ClinVar submissions,No HGMD entry,0.000,,,,,PM2_Moderate: gnomAD max AF=0 < threshold 0.0001 for MOI AD,,,,,,,,,,,,No,No,,,Filtered: VUS with <5 points excluded from all reporting paths (auto/manual/delins),,Yes
7115000,11830_2024,chr13,48404892,T,C,RB1,AD,c.1695+23449T>C,Not provided,,,,NM_000321.2,17/26,intron_variant,MODIFIER,Het,30,0.500,Retinoblastoma,No,,No,Not provided,No,Not provided,Not provided,Not provided,0,Not provided,0,0,N/A,Not provided,Not provided,0,Not provided,0,Not provided,No database evidence,0.0,Unknown,-1.000,Not provided,Not provided,Not provided,[],[],unknown,No,"{""PM2_Moderate"": 2}",2,VUS,"No ClinVar submissions | No HGMD entry | raw_total=0.000, applied=None",No ClinVar submissions,No HGMD entry,0.000,,,,,PM2_Moderate: gnomAD max AF=0 < threshold 0.0001 for MOI AD,,,,,,,,,,,,No,No,,,Filtered: VUS with <5 points excluded from all reporting paths (auto/manual/delins),,Yes
7115000,11830_2024,chr13,48438939,T,C,RB1,AD,c.1696-14054T>C,Not provided,,,,NM_000321.2,17/26,intron_variant,MODIFIER,Het,41,0.463,Retinoblastoma,No,,No,Not provided,No,Not provided,Not provided,Not provided,0,Not provided,0,0,N/A,Not provided,Not provided,0,Not provided,0,Not provided,No database evidence,0.0,Unknown,-1.000,Not provided,Not provided,Not provided,[],[],unknown,No,"{""PM2_Moderate"": 2}",2,VUS,"No ClinVar submissions | No HGMD entry | raw_total=0.000, applied=None",No ClinVar submissions,No HGMD entry,0.000,,,,,PM2_Moderate: gnomAD max AF=0 < threshold 0.0001 for MOI AD,,,,,,,,,,,,No,No,,,Filtered: VUS with <5 points excluded from all reporting paths (auto/manual/delins),,Yes
7115000,11830_2024,chr13,48446949,A,C,RB1,AD,c.1696-6044A>C,Not provided,,,,NM_000321.2,17/26,intron_variant,MODIFIER,Het,47,0.596,Retinoblastoma,No,,No,Not provided,No,Not provided,Not provided,Not provided,0,Not provided,0,0,N/A,Not provided,Not provided,0,Not provided,0,Not provided,No database evidence,0.0,Unknown,-1.000,Not provided,Not provided,Not provided,[],[],unknown,No,"{""PM2_Moderate"": 2}",2,VUS,"No ClinVar submissions | No HGMD entry | raw_total=0.000, applied=None",No ClinVar submissions,No HGMD entry,0.000,,,,,PM2_Moderate: gnomAD max AF=0 < threshold 0.0001 for MOI AD,,,,,,,,,,,,No,No,,,Filtered: VUS with <5 points excluded from all reporting paths (auto/manual/delins),,Yes
7115000,11830_2024,chr13,51954287,G,C,ATP7B,AR,c.2447+3229C>G,Not provided,,,,NM_000053.4,9/20,intron_variant,MODIFIER,Het,56,0.571,Wilson disease,No,,No,Not provided,No,Not provided,Not provided,Not provided,0,Not provided,0,0,N/A,Not provided,Not provided,0,Not provided,0,Not provided,No database evidence,0.0,Unknown,-1.000,Not provided,Not provided,Not provided,[],[],unknown,No,"{""PM2_Moderate"": 2}",2,VUS,"No ClinVar submissions | No HGMD entry | raw_total=0.000, applied=None",No ClinVar submissions,No HGMD entry,0.000,,,,,PM2_Moderate: gnomAD max AF=0 < threshold 0.005 for MOI AR,,,,,,,,,,,,No,No,,,Filtered: VUS with <5 points excluded from all reporting paths (auto/manual/delins),,Yes
7115000,11830_2024,chr13,51974960,A,C,ATP7B,AR,c.260T>G,p.Ile87Ser,Ile,Ser,87,NM_000053.4,2/21,missense_variant,MODERATE,Het,48,0.396,Wilson disease,No,,No,Not provided,No,Not provided,Not provided,Not provided,0,Not provided,0,0,N/A,Not provided,Not provided,0,Not provided,0,Not provided,No database evidence,0.0,Unknown,0.274,Not provided,Not provided,Not provided,[],[],unknown,No,"{""PM2_Moderate"": 2}",2,VUS,"No ClinVar submissions | No HGMD entry | raw_total=0.000, applied=None",No ClinVar submissions,No HGMD entry,0.000,,,,,PM2_Moderate: gnomAD max AF=0 < threshold 0.005 for MOI AR,,,,,,,,,,,,No,No,,,Filtered: VUS with <5 points excluded from all reporting paths (auto/manual/delins),,Yes
7115000,11830_2024,chr13,51986285,A,G,ATP7B,AR,c.52-11117T>C,Not provided,,,,NM_000053.4,1/20,intron_variant,MODIFIER,Het,16,0.625,Wilson disease,No,,No,Not provided,No,Not provided,Not provided,Not provided,0,Not provided,0,0,N/A,Not provided,Not provided,0,Not provided,0,Not provided,No database evidence,0.0,Unknown,-1.000,Not provided,Not provided,Not provided,[],[],unknown,No,"{""PM2_Moderate"": 2}",2,VUS,"No ClinVar submissions | No HGMD entry | raw_total=0.000, applied=None",No ClinVar submissions,No HGMD entry,0.000,,,,,PM2_Moderate: gnomAD max AF=0 < threshold 0.005 for MOI AR,,,,,,,,,,,,No,No,,,Filtered: VUS with <5 points excluded from all reporting paths (auto/manual/delins),,Yes
7115000,11830_2024,chr14,23413506,G,T,MYH7,AD,c.5790+253C>A,Not provided,,,,NM_000257.4,39/39,intron_variant,MODIFIER,Het,27,0.481,Hypertrophic cardiomyopathy; Dilated cardiomyopathy,Yes,"No include rule matched; rules require explicit inclusion (whitelist);Include if Impact is ""MODERATE"" or ""LOW"";No include rule matched; rules require explicit inclusion (whitelist);Include if Impact is ""MODERATE"" or ""LOW"";No include rule matched; rules require explicit inclusion (whitelist);Include if Impact is ""MODERATE"" or ""LOW""",No,Not provided,No,Not provided,Not provided,Not provided,0,Not provided,0,0,N/A,Not provided,Not provided,0,Not provided,0,Not provided,No database evidence,0.000053,v3,-1.000,Not provided,Not provided,Not provided,[],[],unknown,No,"{""PM2_Moderate"": 2}",2,VUS,"No ClinVar submissions | No HGMD entry | raw_total=0.000, applied=None",No ClinVar submissions,No HGMD entry,0.000,,,,,PM2_Moderate: gnomAD max AF=5.27837e-05 < threshold 0.0001 for MOI AD,,,,,,,,,,,,No,No,,,"Filtered: VUS with <5 points excluded from all reporting paths (auto/manual/delins);Filtered by gene 'Rules' (exclude): No include rule matched; rules require explicit inclusion (whitelist); Include if Impact is ""MODERATE"" or ""LOW""","Filtered: VUS with <5 points excluded from all reporting paths (auto/manual/delins);Filtered by gene 'Rules' (exclude): No include rule matched; rules require explicit inclusion (whitelist); Include if Impact is ""MODERATE"" or ""LOW""",Yes
7115000,11830_2024,chr15,48424410,C,A,FBN1,AD,c.7453+959G>T,Not provided,,,,NM_000138.4,60/65,intron_variant,MODIFIER,Het,52,0.500,Marfan syndrome,No,,No,Not provided,No,Not provided,Not provided,Not provided,0,Not provided,0,0,N/A,Not provided,Not provided,0,Not provided,0,Not provided,No database evidence,0.0,Unknown,-1.000,Not provided,Not provided,Not provided,[],[],unknown,No,"{""PM2_Moderate"": 2}",2,VUS,"No ClinVar submissions | No HGMD entry | raw_total=0.000, applied=None",No ClinVar submissions,No HGMD entry,0.000,,,,,PM2_Moderate: gnomAD max AF=0 < threshold 0.0001 for MOI AD,,,,,,,,,,,,No,No,,,Filtered: VUS with <5 points excluded from all reporting paths (auto/manual/delins),,Yes
7115000,11830_2024,chr15,48442101,T,C,FBN1,AD,c.6038-255A>G,Not provided,,,,NM_000138.4,49/65,intron_variant,MODIFIER,Het,40,0.561,Marfan syndrome,No,,No,Not provided,No,Not provided,Not provided,Not provided,0,Not provided,0,0,N/A,Not provided,Not provided,0,Not provided,0,Not provided,No database evidence,0.0,Unknown,-1.000,Not provided,Not provided,Not provided,[],[],unknown,No,"{""PM2_Moderate"": 2}",2,VUS,"No ClinVar submissions | No HGMD entry | raw_total=0.000, applied=None",No ClinVar submissions,No HGMD entry,0.000,,,,,PM2_Moderate: gnomAD max AF=0 < threshold 0.0001 for MOI AD,,,,,,,,,,,,No,No,,,Filtered: VUS with <5 points excluded from all reporting paths (auto/manual/delins),,Yes
7115000,11830_2024,chr15,48506795,G,A,FBN1,AD,c.1838-1648C>T,Not provided,,,,NM_000138.4,15/65,intron_variant,MODIFIER,Het,30,0.300,Marfan syndrome,No,,No,Not provided,No,Not provided,Not provided,Not provided,0,Not provided,0,0,N/A,Not provided,Not provided,0,Not provided,0,Not provided,No database evidence,0.0,Unknown,-1.000,Not provided,Not provided,Not provided,[],[],unknown,No,"{""PM2_Moderate"": 2}",2,VUS,"No ClinVar submissions | No HGMD entry | raw_total=0.000, applied=None",No ClinVar submissions,No HGMD entry,0.000,,,,,PM2_Moderate: gnomAD max AF=0 < threshold 0.0001 for MOI AD,,,,,,,,,,,,No,No,,,Filtered: VUS with <5 points excluded from all reporting paths (auto/manual/delins),,Yes
7115000,11830_2024,chr15,48530130,C,CCCG,FBN1,AD,c.863-3876_863-3875insCGG,Not provided,,,,NM_000138.4,8/65,intron_variant,MODIFIER,Hom,12,0.833,Marfan syndrome,No,,No,Not provided,No,Not provided,Not provided,Not provided,0,Not provided,0,0,N/A,Not provided,Not provided,0,Not provided,0,Not provided,No database evidence,0.0,Unknown,-1.000,Not provided,0.020,Not provided,[],[],unknown,No,"{""PM2_Moderate"": 2}",2,VUS,"No ClinVar submissions | No HGMD entry | raw_total=0.000, applied=None",No ClinVar submissions,No HGMD entry,0.000,,,,,PM2_Moderate: gnomAD max AF=0 < threshold 0.0001 for MOI AD,,,,,,,,,,,,No,No,,,Filtered: VUS with <5 points excluded from all reporting paths (auto/manual/delins),,Yes
7115000,11830_2024,chr15,48530180,GCCT,G,FBN1,AD,c.862+3897_862+3899delAGG,Not provided,,,,NM_000138.4,8/65,intron_variant,MODIFIER,Het,22,0.818,Marfan syndrome,No,,No,Not provided,No,Not provided,Not provided,Not provided,0,Not provided,0,0,N/A,Not provided,Not provided,0,Not provided,0,Not provided,No database evidence,0.0,Unknown,-1.000,Not provided,Not provided,Not provided,[],[],unknown,No,"{""PM2_Moderate"": 2}",2,VUS,"No ClinVar submissions | No HGMD entry | raw_total=0.000, applied=None",No ClinVar submissions,No HGMD entry,0.000,,,,,PM2_Moderate: gnomAD max AF=0 < threshold 0.0001 for MOI AD,,,,,,,,,,,,No,No,,,Filtered: VUS with <5 points excluded from all reporting paths (auto/manual/delins),,Yes
7115000,11830_2024,chr15,48562409,A,G,FBN1,AD,c.539-24601T>C,Not provided,,,,NM_000138.4,6/65,intron_variant,MODIFIER,Het,48,0.458,Marfan syndrome,No,,No,Not provided,No,Not provided,Not provided,Not provided,0,Not provided,0,0,N/A,Not provided,Not provided,0,Not provided,0,Not provided,No database evidence,0.0,Unknown,-1.000,Not provided,Not provided,Not provided,[],[],unknown,No,"{""PM2_Moderate"": 2}",2,VUS,"No ClinVar submissions | No HGMD entry | raw_total=0.000, applied=None",No ClinVar submissions,No HGMD entry,0.000,,,,,PM2_Moderate: gnomAD max AF=0 < threshold 0.0001 for MOI AD,,,,,,,,,,,,No,No,,,Filtered: VUS with <5 points excluded from all reporting paths (auto/manual/delins),,Yes
7115000,11830_2024,chr15,48589822,G,A,FBN1,AD,c.538+6461C>T,Not provided,,,,NM_000138.4,6/65,intron_variant,MODIFIER,Het,28,0.571,Marfan syndrome,No,,No,Not provided,No,Not provided,Not provided,Not provided,0,Not provided,0,0,N/A,Not provided,Not provided,0,Not provided,0,Not provided,No database evidence,0.000053,v3,-1.000,Not provided,Not provided,Not provided,[],[],unknown,No,"{""PM2_Moderate"": 2}",2,VUS,"No ClinVar submissions | No HGMD entry | raw_total=0.000, applied=None",No ClinVar submissions,No HGMD entry,0.000,,,,,PM2_Moderate: gnomAD max AF=5.27607e-05 < threshold 0.0001 for MOI AD,,,,,,,,,,,,No,No,,,Filtered: VUS with <5 points excluded from all reporting paths (auto/manual/delins),,Yes
7115000,11830_2024,chr15,48617561,A,AT,FBN1,AD,c.165-4470dupA,Not provided,,,,NM_000138.4,2/65,intron_variant,MODIFIER,Het,34,0.353,Marfan syndrome,No,,No,Not provided,No,Not provided,Not provided,Not provided,0,Not provided,0,0,N/A,Not provided,Not provided,0,Not provided,0,Not provided,No database evidence,0.0,Unknown,-1.000,Not provided,Not provided,Not provided,[],[],unknown,No,"{""PM2_Moderate"": 2}",2,VUS,"No ClinVar submissions | No HGMD entry | raw_total=0.000, applied=None",No ClinVar submissions,No HGMD entry,0.000,,,,,PM2_Moderate: gnomAD max AF=0 < threshold 0.0001 for MOI AD,,,,,,,,,,,,No,No,,,Filtered: VUS with <5 points excluded from all reporting paths (auto/manual/delins),,Yes
7115000,11830_2024,chr15,67078578,A,G,SMAD3,AD,c.206+12218A>G,Not provided,,,,NM_005902.4,1/8,intron_variant,MODIFIER,Het,38,0.316,Loeys-Dietz syndrome,No,,No,Not provided,No,Not provided,Not provided,Not provided,0,Not provided,0,0,N/A,Not provided,Not provided,0,Not provided,0,Not provided,No database evidence,0.0,Unknown,-1.000,Not provided,Not provided,Not provided,[],[],unknown,No,"{""PM2_Moderate"": 2}",2,VUS,"No ClinVar submissions | No HGMD entry | raw_total=0.000, applied=None",No ClinVar submissions,No HGMD entry,0.000,,,,,PM2_Moderate: gnomAD max AF=0 < threshold 0.0001 for MOI AD,,,,,,,,,,,,No,No,,,Filtered: VUS with <5 points excluded from all reporting paths (auto/manual/delins),,Yes
7115000,11830_2024,chr16,2067255,A,C,TSC2,AD,c.1749+1620A>C,Not provided,,,,NM_001318832.1,16/39,intron_variant,MODIFIER,Het,41,0.488,Tuberous sclerosis complex,No,,No,Not provided,No,Not provided,Not provided,Not provided,0,Not provided,0,0,N/A,Not provided,Not provided,0,Not provided,0,Not provided,No database evidence,0.0,Unknown,-1.000,Not provided,Not provided,Not provided,[],[],unknown,No,"{""PM2_Moderate"": 2}",2,VUS,"No ClinVar submissions | No HGMD entry | raw_total=0.000, applied=None",No ClinVar submissions,No HGMD entry,0.000,,,,,PM2_Moderate: gnomAD max AF=0 < threshold 0.0001 for MOI AD,,,,,,,,,,,,No,No,,,Filtered: VUS with <5 points excluded from all reporting paths (auto/manual/delins),,Yes
7115000,11830_2024,chr16,15814138,C,CAA,MYH11,AD,c.502+9116_502+9117insTT,Not provided,,,,NM_022844.2,3/41,intron_variant,MODIFIER,Het,24,0.280,Familial thoracic aortic aneurysm,No,,No,Not provided,No,Not provided,Not provided,Not provided,0,Not provided,0,0,N/A,Not provided,Not provided,0,Not provided,0,Not provided,No database evidence,0.0,Unknown,-1.000,Not provided,0.000,Not provided,[],[],unknown,No,"{""PM2_Moderate"": 2}",2,VUS,"No ClinVar submissions | No HGMD entry | raw_total=0.000, applied=None",No ClinVar submissions,No HGMD entry,0.000,,,,,PM2_Moderate: gnomAD max AF=0 < threshold 0.0001 for MOI AD,,,,,,,,,,,,No,No,,,Cluster id=10 detected (members=chr16:15814138:C:CAA:7115000;chr16:15814139:C:A:7115000) - no Pathogenic/LP present; delins NOT flagged; requires P/LP to consider delins.;Delins/overlap cluster (id=10) detected but not all members meet P/LP or >5pts -> not auto-escalated (possible carrier).;Filtered: VUS with <5 points excluded from all reporting paths (auto/manual/delins),,Yes
7115000,11830_2024,chr16,15814139,C,A,MYH11,AD,c.502+9116G>T,Not provided,,,,NM_022844.2,3/41,intron_variant,MODIFIER,Het,24,0.375,Familial thoracic aortic aneurysm,No,,No,Not provided,No,Not provided,Not provided,Not provided,0,Not provided,0,0,N/A,Not provided,Not provided,0,Not provided,0,Not provided,No database evidence,0.000032,v3,-1.000,Not provided,Not provided,Not provided,[],[],unknown,No,"{""PM2_Moderate"": 2}",2,VUS,"No ClinVar submissions | No HGMD entry | raw_total=0.000, applied=None",No ClinVar submissions,No HGMD entry,0.000,,,,,PM2_Moderate: gnomAD max AF=3.16256e-05 < threshold 0.0001 for MOI AD,,,,,,,,,,,,No,No,,,Cluster id=10 detected (members=chr16:15814138:C:CAA:7115000;chr16:15814139:C:A:7115000) - no Pathogenic/LP present; delins NOT flagged; requires P/LP to consider delins.;Delins/overlap cluster (id=10) detected but not all members meet P/LP or >5pts -> not auto-escalated (possible carrier).;Filtered: VUS with <5 points excluded from all reporting paths (auto/manual/delins),,Yes
7115000,11830_2024,chr16,15844237,C,T,MYH11,AD,c.-17-5968G>A,Not provided,,,,NM_022844.2,1/41,intron_variant,MODIFIER,Het,57,0.632,Familial thoracic aortic aneurysm,No,,No,Not provided,No,Not provided,Not provided,Not provided,0,Not provided,0,0,N/A,Not provided,Not provided,0,Not provided,0,Not provided,No database evidence,0.0,Unknown,-1.000,Not provided,Not provided,Not provided,[],[],unknown,No,"{""PM2_Moderate"": 2}",2,VUS,"No ClinVar submissions | No HGMD entry | raw_total=0.000, applied=None",No ClinVar submissions,No HGMD entry,0.000,,,,,PM2_Moderate: gnomAD max AF=0 < threshold 0.0001 for MOI AD,,,,,,,,,,,,No,No,,,Filtered: VUS with <5 points excluded from all reporting paths (auto/manual/delins),,Yes
7115000,11830_2024,chr17,43116372,A,G,BRCA1,AD,c.81-593T>C,Not provided,,,,NM_007300.4,2/23,intron_variant,MODIFIER,Het,33,0.455,Hereditary breast and ovarian cancer,No,,No,Not provided,No,Not provided,Not provided,Not provided,0,Not provided,0,0,N/A,Not provided,Not provided,0,Not provided,0,Not provided,No database evidence,0.000125,v3,-1.000,Not provided,Not provided,Not provided,[],[],unknown,No,{},0,VUS,"No ClinVar submissions | No HGMD entry | raw_total=0.000, applied=None",No ClinVar submissions,No HGMD entry,0.000,,,,,,,,,,,,,,,,,No,No,,,Filtered: VUS with <5 points excluded from all reporting paths (auto/manual/delins),,Yes
7115000,11830_2024,chr17,80113823,A,AG,GAA,AR,c.2189+458dupG,Not provided,,,,NM_001079803.3,16/20,intron_variant,MODIFIER,Het,26,0.808,Pompe disease,No,,No,Not provided,No,Not provided,Not provided,Not provided,0,Not provided,0,0,N/A,Not provided,Not provided,0,Not provided,0,Not provided,No database evidence,0.0,Unknown,-1.000,Not provided,Not provided,Not provided,[],[],unknown,No,"{""PM2_Moderate"": 2}",2,VUS,"No ClinVar submissions | No HGMD entry | raw_total=0.000, applied=None",No ClinVar submissions,No HGMD entry,0.000,,,,,PM2_Moderate: gnomAD max AF=0 < threshold 0.005 for MOI AR,,,,,,,,,,,,No,No,,,Filtered: VUS with <5 points excluded from all reporting paths (auto/manual/delins),,Yes
7115000,11830_2024,chr18,31058803,C,CACACAT,DSC2,AD,c.*9211_*9212insATGTGT,Not provided,,,,NM_024422.6,,downstream_gene_variant,MODIFIER,Het,32,0.312,Arrhythmogenic right ventricular cardiomyopathy,No,,No,Not provided,No,Not provided,Not provided,Not provided,0,Not provided,0,0,N/A,Not provided,Not provided,0,Not provided,0,Not provided,No database evidence,0.0,Unknown,-1.000,Not provided,Not provided,Not provided,[],[],unknown,No,"{""PM2_Moderate"": 2}",2,VUS,"No ClinVar submissions | No HGMD entry | raw_total=0.000, applied=None",No ClinVar submissions,No HGMD entry,0.000,,,,,PM2_Moderate: gnomAD max AF=0 < threshold 0.0001 for MOI AD,,,,,,,,,,,,No,No,,,Filtered: VUS with <5 points excluded from all reporting paths (auto/manual/delins),,Yes
7115000,11830_2024,chr18,31086760,T,C,DSC2,AD,c.776-18A>G,Not provided,,,,NM_024422.6,6/15,intron_variant,MODIFIER,Het,47,0.511,Arrhythmogenic right ventricular cardiomyopathy,No,,No,Not provided,No,Not provided,Not provided,Not provided,0,Not provided,0,0,N/A,Not provided,Not provided,0,Not provided,0,Not provided,No database evidence,0.000007,v3,-1.000,Not provided,Not provided,Not provided,[],[],unknown,No,"{""PM2_Moderate"": 2}",2,VUS,"No ClinVar submissions | No HGMD entry | raw_total=0.000, applied=None",No ClinVar submissions,No HGMD entry,0.000,,,,,PM2_Moderate: gnomAD max AF=6.57056e-06 < threshold 0.0001 for MOI AD,,,,,,,,,,,,No,No,,,Filtered: VUS with <5 points excluded from all reporting paths (auto/manual/delins),,Yes
7115000,11830_2024,chr18,31504142,G,A,DSG2,AD,c.45+5846G>A,Not provided,,,,NM_001943.5,1/14,intron_variant,MODIFIER,Het,49,0.408,Arrhythmogenic right ventricular cardiomyopathy,No,,No,Not provided,No,Not provided,Not provided,Not provided,0,Not provided,0,0,N/A,Not provided,Not provided,0,Not provided,0,Not provided,No database evidence,0.0,Unknown,-1.000,Not provided,Not provided,Not provided,[],[],unknown,No,"{""PM2_Moderate"": 2}",2,VUS,"No ClinVar submissions | No HGMD entry | raw_total=0.000, applied=None",No ClinVar submissions,No HGMD entry,0.000,,,,,PM2_Moderate: gnomAD max AF=0 < threshold 0.0001 for MOI AD,,,,,,,,,,,,No,No,,,Filtered: VUS with <5 points excluded from all reporting paths (auto/manual/delins),,Yes
7115000,11830_2024,chr18,51059465,T,G,SMAD4,AD,c.905-401T>G,Not provided,,,,NM_005359.6,7/11,intron_variant,MODIFIER,Het,33,0.515,Juvenile polyposis syndrome; Hereditary hemorrhagic telangiectasia,Yes,"RULES_PRESENT_NO_MATCH: Exclude if HGVSp contains any of: [""p.Arg496Cys"", ""p.Ile500Val"", ""p.Ile500Thr"", ""p.Ile500Met""];RULES_PRESENT_NO_MATCH: Exclude if HGVSp contains any of: [""p.Arg496Cys"", ""p.Ile500Val"", ""p.Ile500Thr"", ""p.Ile500Met""]",No,Not provided,No,Not provided,Not provided,Not provided,0,Not provided,0,0,N/A,Not provided,Not provided,0,Not provided,0,Not provided,No database evidence,0.000092,v3,-1.000,Not provided,Not provided,Not provided,[],[],unknown,No,"{""PM2_Moderate"": 2}",2,VUS,"No ClinVar submissions | No HGMD entry | raw_total=0.000, applied=None",No ClinVar submissions,No HGMD entry,0.000,,,,,PM2_Moderate: gnomAD max AF=9.19564e-05 < threshold 0.0001 for MOI AD,,,,,,,,,,,,No,No,,,Filtered: VUS with <5 points excluded from all reporting paths (auto/manual/delins),,Yes
7115000,11830_2024,chr19,1204771,T,G,STK11,AD,c.-2143T>G,Not provided,,,,NM_000455.5,,upstream_gene_variant,MODIFIER,Het,35,0.429,Peutz-Jeghers syndrome,No,,No,Not provided,No,Not provided,Not provided,Not provided,0,Not provided,0,0,N/A,Not provided,Not provided,0,Not provided,0,Not provided,No database evidence,0.0,Unknown,-1.000,Not provided,Not provided,Not provided,[],[],unknown,No,"{""PM2_Moderate"": 2}",2,VUS,"No ClinVar submissions | No HGMD entry | raw_total=0.000, applied=None",No ClinVar submissions,No HGMD entry,0.000,,,,,PM2_Moderate: gnomAD max AF=0 < threshold 0.0001 for MOI AD,,,,,,,,,,,,No,No,,,Filtered: VUS with <5 points excluded from all reporting paths (auto/manual/delins),,Yes
7115000,11830_2024,chr19,1226776,G,A,STK11,AD,c.*16+113G>A,Not provided,,,,NM_000455.5,9/9,intron_variant,MODIFIER,Het,52,0.577,Peutz-Jeghers syndrome,No,,No,Not provided,No,Not provided,Not provided,Not provided,0,Not provided,0,0,N/A,Not provided,Not provided,0,Not provided,0,Not provided,No database evidence,0.0,Unknown,-1.000,Not provided,Not provided,Not provided,[],[],unknown,No,"{""PM2_Moderate"": 2}",2,VUS,"No ClinVar submissions | No HGMD entry | raw_total=0.000, applied=None",No ClinVar submissions,No HGMD entry,0.000,,,,,PM2_Moderate: gnomAD max AF=0 < threshold 0.0001 for MOI AD,,,,,,,,,,,,No,No,,,Filtered: VUS with <5 points excluded from all reporting paths (auto/manual/delins),,Yes
7115000,11830_2024,chr19,11092672,C,T,LDLR,AD,c.67+3057C>T,Not provided,,,,NM_000527.5,1/17,intron_variant,MODIFIER,Het,42,0.571,Familial hypercholesterolemia,No,,No,Not provided,No,Not provided,Not provided,Not provided,0,Not provided,0,0,N/A,Not provided,Not provided,0,Not provided,0,Not provided,No database evidence,0.0,Unknown,-1.000,Not provided,Not provided,Not provided,[],[],unknown,No,"{""PM2_Moderate"": 2}",2,VUS,"No ClinVar submissions | No HGMD entry | raw_total=0.000, applied=None",No ClinVar submissions,No HGMD entry,0.000,,,,,PM2_Moderate: gnomAD max AF=0 < threshold 0.0001 for MOI AD,,,,,,,,,,,,No,No,,,Filtered: VUS with <5 points excluded from all reporting paths (auto/manual/delins),,Yes
7115000,11830_2024,chr19,11105413,C,T,LDLR,AD,c.507C>T,p.Asn169Asn,Asn,Asn,169,NM_000527.5,4/18,synonymous_variant,LOW,Het,53,0.509,Familial hypercholesterolemia,No,,Yes,"Familial hypercholesterolemia;Hypercholesterolemia, familial, 1;CN230736:Cardiovascular phenotype;Hypercholesterolemia, familial, 1;Hypercholesterolemia, familial, 1;na:LDLR-related disorder;Familial hypercholesterolemia",Yes,Hypercholesterolaemia,"Familial hypercholesterolemia;Hypercholesterolemia, familial, 1;CN230736:Cardiovascular phenotype;Hypercholesterolemia, familial, 1;Hypercholesterolemia, familial, 1;na:LDLR-related disorder;Familial hypercholesterolemia",likely benign;likely benign;likely benign;uncertain significance;benign;likely benign;benign,2;2;2;2;2;2;2,Benign,2,2,conditions_csv_phenotype_match,DM,Hypercholesterolaemia,4,Not provided,0,Not provided,"ClinVar: Sig=likely benign;likely benign;likely benign;uncertain significance;benign;likely benign;benign; ClinVar: Trait=Familial hypercholesterolemia;Hypercholesterolemia, familial, 1;CN230736:Cardiovascular phenotype;Hypercholesterolemia, familial, 1;Hypercholesterolemia, familial, 1;na:LDLR-related disorder;Familial hypercholesterolemia; HGMD: Phen=Hypercholesterolaemia",0.0,Unknown,-1.000,Not provided,Not provided,Not provided,[],[],unknown,No,"{""PM2_Moderate"": 2, ""BP5ext_Supporting"": -1}",1,VUS,"sig=benign (-3 points), stars=2 (1.0 coef), clinvar_phenotype_match=Yes, clin=-3.000 | class=DM (3 points), pubs=4, dm_supported=0 (0/4), coef=0.5, hgmd_phenotype_match=Yes, hgmd=1.500 | raw_total=-1.500, applied=BP5ext_Supporting","sig=benign (-3 points), stars=2 (1.0 coef), clinvar_phenotype_match=Yes, clin=-3.000","class=DM (3 points), pubs=4, dm_supported=0 (0/4), coef=0.5, hgmd_phenotype_match=Yes, hgmd=1.500",-1.500,BP5ext_Supporting,,,,PM2_Moderate: gnomAD max AF=0 < threshold 0.0001 for MOI AD,,,,,,,,,,,,No,No,,,Database conflict (ClinVar): Benign vs VUS detected -> conservative -1 point applied (info in comments).;Filtered: VUS with <5 points excluded from all reporting paths (auto/manual/delins),,Yes
7115000,11830_2024,chr19,11124597,C,T,LDLR,AD,c.2311+1253C>T,Not provided,,,,NM_000527.5,15/17,intron_variant,MODIFIER,Het,49,0.367,Familial hypercholesterolemia,No,,No,Not provided,No,Not provided,Not provided,Not provided,0,Not provided,0,0,N/A,Not provided,Not provided,0,Not provided,0,Not provided,No database evidence,0.0,Unknown,-1.000,Not provided,Not provided,Not provided,[],[],unknown,No,"{""PM2_Moderate"": 2}",2,VUS,"No ClinVar submissions | No HGMD entry | raw_total=0.000, applied=None",No ClinVar submissions,No HGMD entry,0.000,,,,,PM2_Moderate: gnomAD max AF=0 < threshold 0.0001 for MOI AD,,,,,,,,,,,,No,No,,,Filtered: VUS with <5 points excluded from all reporting paths (auto/manual/delins),,Yes
7115000,11830_2024,chr19,38431418,C,G,RYR1,AD,c.-2412C>G,Not provided,,,,NM_000540.3,,upstream_gene_variant,MODIFIER,Het,32,0.562,Malignant hyperthermia,No,,No,Not provided,No,Not provided,Not provided,Not provided,0,Not provided,0,0,N/A,Not provided,Not provided,0,Not provided,0,Not provided,No database evidence,0.0,Unknown,-1.000,Not provided,Not provided,Not provided,[],[],unknown,No,"{""PM2_Moderate"": 2}",2,VUS,"No ClinVar submissions | No HGMD entry | raw_total=0.000, applied=None",No ClinVar submissions,No HGMD entry,0.000,,,,,PM2_Moderate: gnomAD max AF=0 < threshold 0.0001 for MOI AD,,,,,,,,,,,,No,No,,,Filtered: VUS with <5 points excluded from all reporting paths (auto/manual/delins),,Yes
7115000,11830_2024,chr19,38433223,T,G,RYR1,AD,c.-607T>G,Not provided,,,,NM_000540.3,,upstream_gene_variant,MODIFIER,Het,39,0.462,Malignant hyperthermia,No,,No,Not provided,No,Not provided,Not provided,Not provided,0,Not provided,0,0,N/A,Not provided,Not provided,0,Not provided,0,Not provided,No database evidence,0.0,Unknown,-1.000,Not provided,Not provided,Not provided,[],[],unknown,No,"{""PM2_Moderate"": 2}",2,VUS,"No ClinVar submissions | No HGMD entry | raw_total=0.000, applied=None",No ClinVar submissions,No HGMD entry,0.000,,,,,PM2_Moderate: gnomAD max AF=0 < threshold 0.0001 for MOI AD,,,,,,,,,,,,No,No,,,Filtered: VUS with <5 points excluded from all reporting paths (auto/manual/delins),,Yes
7115000,11830_2024,chr19,38471774,C,T,RYR1,AD,c.3766-1603C>T,Not provided,,,,NM_000540.3,27/105,intron_variant,MODIFIER,Het,31,0.645,Malignant hyperthermia,No,,No,Not provided,No,Not provided,Not provided,Not provided,0,Not provided,0,0,N/A,Not provided,Not provided,0,Not provided,0,Not provided,No database evidence,0.000079,v3,-1.000,Not provided,Not provided,Not provided,[],[],unknown,No,"{""PM2_Moderate"": 2}",2,VUS,"No ClinVar submissions | No HGMD entry | raw_total=0.000, applied=None",No ClinVar submissions,No HGMD entry,0.000,,,,,PM2_Moderate: gnomAD max AF=7.93021e-05 < threshold 0.0001 for MOI AD,,,,,,,,,,,,No,No,,,Filtered: VUS with <5 points excluded from all reporting paths (auto/manual/delins),,Yes
7115000,11830_2024,chr19,38473379,A,G,RYR1,AD,c.3768A>G,p.Val1256Val,Val,Val,1256,NM_000540.3,28/106,splice_region_variant&synonymous_variant,LOW,Het,56,0.446,Malignant hyperthermia,No,,Yes,"Malignant hyperthermia, susceptibility to, 1;CN239331:RYR1-related disorder",No,Not provided,"Malignant hyperthermia, susceptibility to, 1;CN239331:RYR1-related disorder",likely benign;likely benign,2;2,Likely benign,2,2,conditions_csv_phenotype_match,Not provided,Not provided,0,Not provided,0,Not provided,"ClinVar: Sig=likely benign;likely benign; ClinVar: Trait=Malignant hyperthermia, susceptibility to, 1;CN239331:RYR1-related disorder",0.0,Unknown,-1.000,Not provided,Not provided,Not provided,[],[],unknown,No,"{""PM2_Moderate"": 2, ""BP5ext_Moderate"": -2}",0,VUS,"sig=likely benign (-2 points), stars=2 (1.0 coef), clinvar_phenotype_match=Yes, clin=-2.000 | No HGMD entry | raw_total=-2.000, applied=BP5ext_Moderate","sig=likely benign (-2 points), stars=2 (1.0 coef), clinvar_phenotype_match=Yes, clin=-2.000",No HGMD entry,-2.000,BP5ext_Moderate,,,,PM2_Moderate: gnomAD max AF=0 < threshold 0.0001 for MOI AD,,,,,,,,,,,,No,No,,,Filtered: VUS with <5 points excluded from all reporting paths (auto/manual/delins),,Yes
7115000,11830_2024,chr19,38477688,G,A,RYR1,AD,c.4294-22G>A,Not provided,,,,NM_000540.3,29/105,intron_variant,MODIFIER,Het,39,0.513,Malignant hyperthermia,No,,No,Not provided,No,Not provided,Not provided,Not provided,0,Not provided,0,0,N/A,Not provided,Not provided,0,Not provided,0,Not provided,No database evidence,0.0,Unknown,-1.000,Not provided,Not provided,Not provided,[],[],unknown,No,"{""PM2_Moderate"": 2}",2,VUS,"No ClinVar submissions | No HGMD entry | raw_total=0.000, applied=None",No ClinVar submissions,No HGMD entry,0.000,,,,,PM2_Moderate: gnomAD max AF=0 < threshold 0.0001 for MOI AD,,,,,,,,,,,,No,No,,,Filtered: VUS with <5 points excluded from all reporting paths (auto/manual/delins),,Yes
7115000,11830_2024,chr19,38498304,G,C,RYR1,AD,c.6892-804G>C,Not provided,,,,NM_000540.3,42/105,intron_variant,MODIFIER,Het,33,0.515,Malignant hyperthermia,No,,No,Not provided,No,Not provided,Not provided,Not provided,0,Not provided,0,0,N/A,Not provided,Not provided,0,Not provided,0,Not provided,No database evidence,0.000013,v3,-1.000,Not provided,Not provided,Not provided,[],[],unknown,No,"{""PM2_Moderate"": 2}",2,VUS,"No ClinVar submissions | No HGMD entry | raw_total=0.000, applied=None",No ClinVar submissions,No HGMD entry,0.000,,,,,PM2_Moderate: gnomAD max AF=1.31453e-05 < threshold 0.0001 for MOI AD,,,,,,,,,,,,No,No,,,Filtered: VUS with <5 points excluded from all reporting paths (auto/manual/delins),,Yes
7115000,11830_2024,chr19,38535707,G,A,RYR1,AD,c.11517-290G>A,Not provided,,,,NM_000540.3,81/105,intron_variant,MODIFIER,Het,46,0.522,Malignant hyperthermia,No,,No,Not provided,No,Not provided,Not provided,Not provided,0,Not provided,0,0,N/A,Not provided,Not provided,0,Not provided,0,Not provided,No database evidence,0.000026,v3,-1.000,Not provided,Not provided,Not provided,[],[],unknown,No,"{""PM2_Moderate"": 2}",2,VUS,"No ClinVar submissions | No HGMD entry | raw_total=0.000, applied=None",No ClinVar submissions,No HGMD entry,0.000,,,,,PM2_Moderate: gnomAD max AF=2.62864e-05 < threshold 0.0001 for MOI AD,,,,,,,,,,,,No,No,,,Filtered: VUS with <5 points excluded from all reporting paths (auto/manual/delins),,Yes
7115000,11830_2024,chr19,38569287,G,A,RYR1,AD,c.13660-1320G>A,Not provided,,,,NM_000540.3,93/105,intron_variant,MODIFIER,Het,39,0.487,Malignant hyperthermia,No,,No,Not provided,No,Not provided,Not provided,Not provided,0,Not provided,0,0,N/A,Not provided,Not provided,0,Not provided,0,Not provided,No database evidence,0.0,Unknown,-1.000,Not provided,Not provided,Not provided,[],[],unknown,No,"{""PM2_Moderate"": 2}",2,VUS,"No ClinVar submissions | No HGMD entry | raw_total=0.000, applied=None",No ClinVar submissions,No HGMD entry,0.000,,,,,PM2_Moderate: gnomAD max AF=0 < threshold 0.0001 for MOI AD,,,,,,,,,,,,No,No,,,Filtered: VUS with <5 points excluded from all reporting paths (auto/manual/delins),,Yes
7115000,11830_2024,chr19,38590396,T,A,RYR1,AD,c.*2976T>A,Not provided,,,,NM_000540.3,,downstream_gene_variant,MODIFIER,Het,14,0.214,Malignant hyperthermia,No,,No,Not provided,No,Not provided,Not provided,Not provided,0,Not provided,0,0,N/A,Not provided,Not provided,0,Not provided,0,Not provided,No database evidence,0.0,Unknown,-1.000,Not provided,Not provided,Not provided,[],[],unknown,No,"{""PM2_Moderate"": 2}",2,VUS,"No ClinVar submissions | No HGMD entry | raw_total=0.000, applied=None",No ClinVar submissions,No HGMD entry,0.000,,,,,PM2_Moderate: gnomAD max AF=0 < threshold 0.0001 for MOI AD,,,,,,,,,,,,No,No,,,Filtered: VUS with <5 points excluded from all reporting paths (auto/manual/delins),,Yes
7115000,11830_2024,chr19,55155545,T,C,TNNI3,AD,c.279+656A>G,Not provided,,,,NM_000363.5,4/6,intron_variant,MODIFIER,Het,12,0.333,Hypertrophic cardiomyopathy,No,,No,Not provided,No,Not provided,Not provided,Not provided,0,Not provided,0,0,N/A,Not provided,Not provided,0,Not provided,0,Not provided,No database evidence,0.0,Unknown,-1.000,Not provided,Not provided,Not provided,[],[],unknown,No,"{""PM2_Moderate"": 2}",2,VUS,"No ClinVar submissions | No HGMD entry | raw_total=0.000, applied=None",No ClinVar submissions,No HGMD entry,0.000,,,,,PM2_Moderate: gnomAD max AF=0 < threshold 0.0001 for MOI AD,,,,,,,,,,,,No,No,,,Filtered: VUS with <5 points excluded from all reporting paths (auto/manual/delins),,Yes
7115000,11830_2024,chr2,47158511,T,A,CALM2,AD,c.*2265A>T,Not provided,,,,NM_001305624.1,,downstream_gene_variant,MODIFIER,Het,43,0.698,Long-QT syndrome type 15; Catecholaminergic polymorphic ventricular tachycardia,No,,No,Not provided,No,Not provided,Not provided,Not provided,0,Not provided,0,0,N/A,Not provided,Not provided,0,Not provided,0,Not provided,No database evidence,0.0,Unknown,-1.000,Not provided,Not provided,Not provided,[],[],unknown,No,"{""PM2_Moderate"": 2}",2,VUS,"No ClinVar submissions | No HGMD entry | raw_total=0.000, applied=None",No ClinVar submissions,No HGMD entry,0.000,,,,,PM2_Moderate: gnomAD max AF=0 < threshold 0.0001 for MOI AD,,,,,,,,,,,,No,No,,,Filtered: VUS with <5 points excluded from all reporting paths (auto/manual/delins),,Yes
7115000,11830_2024,chr2,47164194,C,A,CALM2,AD,c.179-1532G>T,Not provided,,,,NM_001305624.1,3/6,intron_variant,MODIFIER,Het,12,0.583,Long-QT syndrome type 15; Catecholaminergic polymorphic ventricular tachycardia,No,,No,Not provided,No,Not provided,Not provided,Not provided,0,Not provided,0,0,N/A,Not provided,Not provided,0,Not provided,0,Not provided,No database evidence,0.0,Unknown,-1.000,Not provided,Not provided,Not provided,[],[],unknown,No,"{""PM2_Moderate"": 2}",2,VUS,"No ClinVar submissions | No HGMD entry | raw_total=0.000, applied=None",No ClinVar submissions,No HGMD entry,0.000,,,,,PM2_Moderate: gnomAD max AF=0 < threshold 0.0001 for MOI AD,,,,,,,,,,,,No,No,,,Filtered: VUS with <5 points excluded from all reporting paths (auto/manual/delins),,Yes
7115000,11830_2024,chr2,47168195,A,G,CALM2,AD,c.178+2539T>C,Not provided,,,,NM_001305624.1,3/6,intron_variant,MODIFIER,Het,39,0.513,Long-QT syndrome type 15; Catecholaminergic polymorphic ventricular tachycardia,No,,No,Not provided,No,Not provided,Not provided,Not provided,0,Not provided,0,0,N/A,Not provided,Not provided,0,Not provided,0,Not provided,No database evidence,0.0,Unknown,-1.000,Not provided,Not provided,Not provided,[],[],unknown,No,"{""PM2_Moderate"": 2}",2,VUS,"No ClinVar submissions | No HGMD entry | raw_total=0.000, applied=None",No ClinVar submissions,No HGMD entry,0.000,,,,,PM2_Moderate: gnomAD max AF=0 < threshold 0.0001 for MOI AD,,,,,,,,,,,,No,No,,,Filtered: VUS with <5 points excluded from all reporting paths (auto/manual/delins),,Yes
7115000,11830_2024,chr2,47172834,G,A,CALM2,AD,c.102-375C>T,Not provided,,,,NM_001305624.1,1/6,intron_variant,MODIFIER,Het,23,0.522,Long-QT syndrome type 15; Catecholaminergic polymorphic ventricular tachycardia,No,,No,Not provided,No,Not provided,Not provided,Not provided,0,Not provided,0,0,N/A,Not provided,Not provided,0,Not provided,0,Not provided,No database evidence,0.0,Unknown,-1.000,Not provided,Not provided,Not provided,[],[],unknown,No,"{""PM2_Moderate"": 2}",2,VUS,"No ClinVar submissions | No HGMD entry | raw_total=0.000, applied=None",No ClinVar submissions,No HGMD entry,0.000,,,,,PM2_Moderate: gnomAD max AF=0 < threshold 0.0001 for MOI AD,,,,,,,,,,,,No,No,,,Filtered: VUS with <5 points excluded from all reporting paths (auto/manual/delins),,Yes
7115000,11830_2024,chr2,47175097,T,C,CALM2,AD,c.101+1344A>G,Not provided,,,,NM_001305624.1,1/6,intron_variant,MODIFIER,Het,11,0.455,Long-QT syndrome type 15; Catecholaminergic polymorphic ventricular tachycardia,No,,No,Not provided,No,Not provided,Not provided,Not provided,0,Not provided,0,0,N/A,Not provided,Not provided,0,Not provided,0,Not provided,No database evidence,0.0,Unknown,-1.000,Not provided,Not provided,Not provided,[],[],unknown,No,"{""PM2_Moderate"": 2}",2,VUS,"No ClinVar submissions | No HGMD entry | raw_total=0.000, applied=None",No ClinVar submissions,No HGMD entry,0.000,,,,,PM2_Moderate: gnomAD max AF=0 < threshold 0.0001 for MOI AD,,,,,,,,,,,,No,No,,,Filtered: VUS with <5 points excluded from all reporting paths (auto/manual/delins),,Yes
7115000,11830_2024,chr2,47412367,TC,T,MSH2,AD,c.646-46delC,Not provided,,,,NM_000251.3,3/15,intron_variant,MODIFIER,Het,46,0.652,Lynch syndrome,No,,No,Not provided,No,Not provided,Not provided,Not provided,0,Not provided,0,0,N/A,Not provided,Not provided,0,Not provided,0,Not provided,No database evidence,0.0,Unknown,-1.000,Not provided,Not provided,Not provided,[],[],unknown,No,"{""PM2_Moderate"": 2}",2,VUS,"No ClinVar submissions | No HGMD entry | raw_total=0.000, applied=None",No ClinVar submissions,No HGMD entry,0.000,,,,,PM2_Moderate: gnomAD max AF=0 < threshold 0.0001 for MOI AD,,,,,,,,,,,,No,No,,,Filtered: VUS with <5 points excluded from all reporting paths (auto/manual/delins),,Yes
7115000,11830_2024,chr2,47443115,T,A,MSH2,AD,c.1277-2433T>A,Not provided,,,,NM_000251.3,7/15,intron_variant,MODIFIER,Het,26,0.538,Lynch syndrome,No,,No,Hereditary cancer-predisposing syndrome,No,Not provided,Hereditary cancer-predisposing syndrome,likely benign,0,Likely benign,0,0,conditions_csv_phenotype_match,Not provided,Not provided,0,Not provided,0,Not provided,ClinVar: Sig=likely benign; ClinVar: Trait=Hereditary cancer-predisposing syndrome,0.0,Unknown,-1.000,Not provided,Not provided,Not provided,[],[],unknown,No,"{""PM2_Moderate"": 2, ""BP5ext_Supporting"": -1}",1,VUS,"sig=likely benign (-2 points), stars=1 (0.75 coef), clinvar_phenotype_match=No [PENALTY APPLIED], clin=-1.000 | No HGMD entry | raw_total=-1.000, applied=BP5ext_Supporting","sig=likely benign (-2 points), stars=1 (0.75 coef), clinvar_phenotype_match=No [PENALTY APPLIED], clin=-1.000",No HGMD entry,-1.000,BP5ext_Supporting,,,,PM2_Moderate: gnomAD max AF=0 < threshold 0.0001 for MOI AD,,,,,,,,,,,,No,No,,,Filtered: VUS with <5 points excluded from all reporting paths (auto/manual/delins),,Yes
7115000,11830_2024,chr2,47466090,C,T,MSH2,AD,c.1511-568C>T,Not provided,,,,NM_000251.3,9/15,intron_variant,MODIFIER,Het,46,0.413,Lynch syndrome,No,,No,Not provided,No,Not provided,Not provided,Not provided,0,Not provided,0,0,N/A,Not provided,Not provided,0,Not provided,0,Not provided,No database evidence,0.0,Unknown,-1.000,Not provided,Not provided,Not provided,[],[],unknown,No,"{""PM2_Moderate"": 2}",2,VUS,"No ClinVar submissions | No HGMD entry | raw_total=0.000, applied=None",No ClinVar submissions,No HGMD entry,0.000,,,,,PM2_Moderate: gnomAD max AF=0 < threshold 0.0001 for MOI AD,,,,,,,,,,,,No,No,,,Filtered: VUS with <5 points excluded from all reporting paths (auto/manual/delins),,Yes
7115000,11830_2024,chr2,47806945,T,A,MSH6,AD,c.*85T>A,Not provided,,,,NM_000179.2,10/10,3_prime_UTR_variant,MODIFIER,Het,30,0.633,Lynch syndrome,No,,Yes,Hereditary nonpolyposis colorectal neoplasms;Lynch syndrome 5;Hereditary cancer;Hereditary cancer-predisposing syndrome;Endometrial carcinoma;C1833477:Lynch syndrome 5;Hereditary nonpolyposis colorectal neoplasms;Lynch syndrome 5;Hereditary cancer;Hereditary cancer-predisposing syndrome;Endometrial carcinoma;C1833477:Lynch syndrome 5,No,"Colorectal cancer, non-polyposis",Hereditary nonpolyposis colorectal neoplasms;Lynch syndrome 5;Hereditary cancer;Hereditary cancer-predisposing syndrome;Endometrial carcinoma;C1833477:Lynch syndrome 5;Hereditary nonpolyposis colorectal neoplasms;Lynch syndrome 5;Hereditary cancer;Hereditary cancer-predisposing syndrome;Endometrial carcinoma;C1833477:Lynch syndrome 5,benign;uncertain significance;likely benign;benign;likely benign;benign;uncertain significance;likely benign;benign;likely benign,1;1;1;1;1;1;1;1;1;1,Benign,1,1,conditions_csv_phenotype_match,DM?,"Colorectal cancer, non-polyposis",1,Not provided,0,Not provided,"ClinVar: Sig=benign;uncertain significance;likely benign;benign;likely benign;benign;uncertain significance;likely benign;benign;likely benign; ClinVar: Trait=Hereditary nonpolyposis colorectal neoplasms;Lynch syndrome 5;Hereditary cancer;Hereditary cancer-predisposing syndrome;Endometrial carcinoma;C1833477:Lynch syndrome 5;Hereditary nonpolyposis colorectal neoplasms;Lynch syndrome 5;Hereditary cancer;Hereditary cancer-predisposing syndrome;Endometrial carcinoma;C1833477:Lynch syndrome 5; HGMD: Phen=Colorectal cancer, non-polyposis",0.0,Unknown,-1.000,Not provided,Not provided,Not provided,[],[],unknown,No,"{""PM2_Moderate"": 2, ""BP5ext_Supporting"": -1}",1,VUS,"sig=likely benign (-2 points), stars=1 (0.75 coef), clinvar_phenotype_match=Yes, clin=-1.500 | class=DM? (1 points), pubs=1, dm_supported=0 (0/1), coef=0.5, hgmd_phenotype_match=No, hgmd=0.500 | raw_total=-1.000, applied=BP5ext_Supporting","sig=likely benign (-2 points), stars=1 (0.75 coef), clinvar_phenotype_match=Yes, clin=-1.500","class=DM? (1 points), pubs=1, dm_supported=0 (0/1), coef=0.5, hgmd_phenotype_match=No, hgmd=0.500",-1.000,BP5ext_Supporting,,,,PM2_Moderate: gnomAD max AF=0 < threshold 0.0001 for MOI AD,,,,,,,,,,,,No,No,,,Database conflict (ClinVar): Benign vs VUS detected -> conservative -1 point applied (info in comments).;Filtered: VUS with <5 points excluded from all reporting paths (auto/manual/delins),,Yes
7115000,11830_2024,chr2,96244189,C,CT,TMEM127,AD,c.*9618_*9619insA,Not provided,,,,NM_001193304.3,,downstream_gene_variant,MODIFIER,Het,18,0.556,Hereditary paraganglioma-pheochromocytoma syndrome,No,,No,Not provided,No,Not provided,Not provided,Not provided,0,Not provided,0,0,N/A,Not provided,Not provided,0,Not provided,0,Not provided,No database evidence,0.0,Unknown,-1.000,Not provided,Not provided,Not provided,[],[],unknown,No,"{""PM2_Moderate"": 2}",2,VUS,"No ClinVar submissions | No HGMD entry | raw_total=0.000, applied=None",No ClinVar submissions,No HGMD entry,0.000,,,,,PM2_Moderate: gnomAD max AF=0 < threshold 0.0001 for MOI AD,,,,,,,,,,,,No,No,,,Filtered: VUS with <5 points excluded from all reporting paths (auto/manual/delins),,Yes
7115000,11830_2024,chr2,96246587,G,A,TMEM127,AD,c.*7221C>T,Not provided,,,,NM_017849.3,,downstream_gene_variant,MODIFIER,Het,48,0.521,Hereditary paraganglioma-pheochromocytoma syndrome,No,,No,Not provided,No,Not provided,Not provided,Not provided,0,Not provided,0,0,N/A,Not provided,Not provided,0,Not provided,0,Not provided,No database evidence,0.000059,v3,-1.000,Not provided,Not provided,Not provided,[],[],unknown,No,"{""PM2_Moderate"": 2}",2,VUS,"No ClinVar submissions | No HGMD entry | raw_total=0.000, applied=None",No ClinVar submissions,No HGMD entry,0.000,,,,,PM2_Moderate: gnomAD max AF=5.91506e-05 < threshold 0.0001 for MOI AD,,,,,,,,,,,,No,No,,,Filtered: VUS with <5 points excluded from all reporting paths (auto/manual/delins),,Yes
7115000,11830_2024,chr2,96247348,A,T,TMEM127,AD,c.*6460T>A,Not provided,,,,NM_017849.3,,downstream_gene_variant,MODIFIER,Het,50,0.580,Hereditary paraganglioma-pheochromocytoma syndrome,No,,No,Not provided,No,Not provided,Not provided,Not provided,0,Not provided,0,0,N/A,Not provided,Not provided,0,Not provided,0,Not provided,No database evidence,0.0,Unknown,-1.000,Not provided,Not provided,Not provided,[],[],unknown,No,"{""PM2_Moderate"": 2}",2,VUS,"No ClinVar submissions | No HGMD entry | raw_total=0.000, applied=None",No ClinVar submissions,No HGMD entry,0.000,,,,,PM2_Moderate: gnomAD max AF=0 < threshold 0.0001 for MOI AD,,,,,,,,,,,,No,No,,,Filtered: VUS with <5 points excluded from all reporting paths (auto/manual/delins),,Yes
7115000,11830_2024,chr2,178531098,CAGA,C,TTN,AD,c.97810_97812delTCT,p.Ser32604del,Ser,,32604,NM_133378.4,307/312,conservative_inframe_deletion,MODERATE,Het,60,0.533,Dilated cardiomyopathy (truncating variants only),Yes,Exclude if Impact is MODERATE;Exclude if Impact is MODERATE;Exclude if Impact is MODERATE,Yes,"na:See cases;Left ventricular noncompaction cardiomyopathy;Hypertrophic cardiomyopathy 1;na:TTN-related disorder;Cardiomyopathy;Autosomal recessive limb-girdle muscular dystrophy type 2J;C1858763:Dilated cardiomyopathy 1G;Myopathy, myofibrillar, 9, with early respiratory failure;CN230736:Cardiovascular phenotype;CN230736:Cardiovascular phenotype",No,Not provided,"na:See cases;Left ventricular noncompaction cardiomyopathy;Hypertrophic cardiomyopathy 1;na:TTN-related disorder;Cardiomyopathy;Autosomal recessive limb-girdle muscular dystrophy type 2J;C1858763:Dilated cardiomyopathy 1G;Myopathy, myofibrillar, 9, with early respiratory failure;CN230736:Cardiovascular phenotype;CN230736:Cardiovascular phenotype",uncertain significance;uncertain significance;likely benign;uncertain significance;uncertain significance;uncertain significance;uncertain significance;likely benign;uncertain significance,1;1;1;1;1;1;1;1;1,Uncertain significance,1,1,conditions_csv_phenotype_match,Not provided,Not provided,0,Not provided,0,Not provided,"ClinVar: Sig=uncertain significance;uncertain significance;likely benign;uncertain significance;uncertain significance;uncertain significance;uncertain significance;likely benign;uncertain significance; ClinVar: Trait=na:See cases;Left ventricular noncompaction cardiomyopathy;Hypertrophic cardiomyopathy 1;na:TTN-related disorder;Cardiomyopathy;Autosomal recessive limb-girdle muscular dystrophy type 2J;C1858763:Dilated cardiomyopathy 1G;Myopathy, myofibrillar, 9, with early respiratory failure;CN230736:Cardiovascular phenotype;CN230736:Cardiovascular phenotype",0.0,Unknown,-1.000,Not provided,Not provided,Not provided,[],[],unknown,No,"{""PM4_Supporting"": 1, ""PM2_Moderate"": 2, ""BP5ext_Supporting"": -1}",2,VUS,"sig=likely benign (-2 points), stars=1 (0.75 coef), clinvar_phenotype_match=Yes, clin=-1.500 | No HGMD entry | raw_total=-1.500, applied=BP5ext_Supporting","sig=likely benign (-2 points), stars=1 (0.75 coef), clinvar_phenotype_match=Yes, clin=-1.500",No HGMD entry,-1.500,BP5ext_Supporting,,,,PM2_Moderate: gnomAD max AF=0 < threshold 0.0001 for MOI AD,,PM4_Supporting: small in-frame indel (<10 AA) outside annotated critical domains,,,,,,,,,,No,No,,,Filtered: VUS with <5 points excluded from all reporting paths (auto/manual/delins);Filtered by gene 'Rules' (exclude): Exclude if Impact is MODERATE,Filtered: VUS with <5 points excluded from all reporting paths (auto/manual/delins);Filtered by gene 'Rules' (exclude): Exclude if Impact is MODERATE,Yes
7115000,11830_2024,chr2,178576311,C,T,TTN,AD,c.62117G>A,p.Gly20706Asp,Gly,Asp,20706,NM_133378.4,275/312,missense_variant,MODERATE,Het,52,0.596,Dilated cardiomyopathy (truncating variants only),Yes,Exclude if Impact is MODERATE;Exclude if Impact is MODERATE;Exclude if Impact is MODERATE,Yes,"Cardiomyopathy;Early-onset myopathy with fatal cardiomyopathy;Brugada syndrome;Dilated cardiomyopathy 1G;Tibial muscular dystrophy;Autosomal recessive limb-girdle muscular dystrophy type 2J;Myopathy, myofibrillar, 9, with early respiratory failure;na:TTN-related disorder;CN230736:Cardiovascular phenotype;Autosomal recessive limb-girdle muscular dystrophy type 2J;C1858763:Dilated cardiomyopathy 1G;Myopathy, myofibrillar, 9, with early respiratory failure",No,Not provided,"Cardiomyopathy;Early-onset myopathy with fatal cardiomyopathy;Brugada syndrome;Dilated cardiomyopathy 1G;Tibial muscular dystrophy;Autosomal recessive limb-girdle muscular dystrophy type 2J;Myopathy, myofibrillar, 9, with early respiratory failure;na:TTN-related disorder;CN230736:Cardiovascular phenotype;Autosomal recessive limb-girdle muscular dystrophy type 2J;C1858763:Dilated cardiomyopathy 1G;Myopathy, myofibrillar, 9, with early respiratory failure",benign;uncertain significance;uncertain significance;uncertain significance;benign;uncertain significance;benign;likely benign;benign;likely benign;uncertain significance,1;1;1;1;1;1;1;1;1;1;1,Benign,1,1,conditions_csv_phenotype_match,Not provided,Not provided,0,Not provided,0,Not provided,"ClinVar: Sig=benign;uncertain significance;uncertain significance;uncertain significance;benign;uncertain significance;benign;likely benign;benign;likely benign;uncertain significance; ClinVar: Trait=Cardiomyopathy;Early-onset myopathy with fatal cardiomyopathy;Brugada syndrome;Dilated cardiomyopathy 1G;Tibial muscular dystrophy;Autosomal recessive limb-girdle muscular dystrophy type 2J;Myopathy, myofibrillar, 9, with early respiratory failure;na:TTN-related disorder;CN230736:Cardiovascular phenotype;Autosomal recessive limb-girdle muscular dystrophy type 2J;C1858763:Dilated cardiomyopathy 1G;Myopathy, myofibrillar, 9, with early respiratory failure",0.0,Unknown,0.601,Not provided,Not provided,Not provided,[],[],unknown,No,"{""PM2_Moderate"": 2, ""BP5ext_Moderate"": -2}",0,VUS,"sig=benign (-3 points), stars=1 (0.75 coef), clinvar_phenotype_match=Yes, clin=-2.250 | No HGMD entry | raw_total=-2.250, applied=BP5ext_Moderate","sig=benign (-3 points), stars=1 (0.75 coef), clinvar_phenotype_match=Yes, clin=-2.250",No HGMD entry,-2.250,BP5ext_Moderate,,,,PM2_Moderate: gnomAD max AF=0 < threshold 0.0001 for MOI AD,,,,,,,,,,,,No,No,,,Filtered: VUS with <5 points excluded from all reporting paths (auto/manual/delins);Filtered by gene 'Rules' (exclude): Exclude if Impact is MODERATE,Filtered: VUS with <5 points excluded from all reporting paths (auto/manual/delins);Filtered by gene 'Rules' (exclude): Exclude if Impact is MODERATE,Yes
7115000,11830_2024,chr2,178620542,G,A,TTN,AD,c.38275C>T,p.Arg12759Cys,Arg,Cys,12759,NM_133378.4,197/312,missense_variant,MODERATE,Het,41,0.488,Dilated cardiomyopathy (truncating variants only),Yes,Exclude if Impact is MODERATE;Exclude if Impact is MODERATE;Exclude if Impact is MODERATE,No,"Inborn genetic diseases;Autosomal recessive limb-girdle muscular dystrophy type 2J;Myopathy, myofibrillar, 9, with early respiratory failure;Cardiomyopathy;Tibial muscular dystrophy;Autosomal recessive limb-girdle muscular dystrophy type 2J;C1858763:Dilated cardiomyopathy 1G;Dilated cardiomyopathy 1G;Early-onset myopathy with fatal cardiomyopathy;na:TTN-related disorder",No,Not provided,"Inborn genetic diseases;Autosomal recessive limb-girdle muscular dystrophy type 2J;Myopathy, myofibrillar, 9, with early respiratory failure;Cardiomyopathy;Tibial muscular dystrophy;Autosomal recessive limb-girdle muscular dystrophy type 2J;C1858763:Dilated cardiomyopathy 1G;Dilated cardiomyopathy 1G;Early-onset myopathy with fatal cardiomyopathy;na:TTN-related disorder",uncertain significance;uncertain significance;benign;uncertain significance;benign;uncertain significance;uncertain significance;uncertain significance;uncertain significance,1;1;1;1;1;1;1;1;1,Uncertain significance,1,1,conditions_csv_phenotype_match,Not provided,Not provided,0,Not provided,0,Not provided,"ClinVar: Sig=uncertain significance;uncertain significance;benign;uncertain significance;benign;uncertain significance;uncertain significance;uncertain significance;uncertain significance; ClinVar: Trait=Inborn genetic diseases;Autosomal recessive limb-girdle muscular dystrophy type 2J;Myopathy, myofibrillar, 9, with early respiratory failure;Cardiomyopathy;Tibial muscular dystrophy;Autosomal recessive limb-girdle muscular dystrophy type 2J;C1858763:Dilated cardiomyopathy 1G;Dilated cardiomyopathy 1G;Early-onset myopathy with fatal cardiomyopathy;na:TTN-related disorder",0.0,Unknown,0.468,Not provided,Not provided,Not provided,[],[],unknown,No,"{""PM2_Moderate"": 2, ""BP5ext_Supporting"": -1}",1,VUS,"sig=benign (-3 points), stars=1 (0.75 coef), clinvar_phenotype_match=No [PENALTY APPLIED], clin=-1.000 | No HGMD entry | raw_total=-1.000, applied=BP5ext_Supporting","sig=benign (-3 points), stars=1 (0.75 coef), clinvar_phenotype_match=No [PENALTY APPLIED], clin=-1.000",No HGMD entry,-1.000,BP5ext_Supporting,,,,PM2_Moderate: gnomAD max AF=0 < threshold 0.0001 for MOI AD,,,,,,,,,,,,No,No,,,Filtered: VUS with <5 points excluded from all reporting paths (auto/manual/delins);Filtered by gene 'Rules' (exclude): Exclude if Impact is MODERATE,Filtered: VUS with <5 points excluded from all reporting paths (auto/manual/delins);Filtered by gene 'Rules' (exclude): Exclude if Impact is MODERATE,Yes
7115000,11830_2024,chr2,178646104,T,TTATATATATATATATA,TTN,AD,c.32594-90_32594-75dupTATATATATATATATA,Not provided,,,,NM_133378.4,165/311,intron_variant,MODIFIER,Het,25,0.240,Dilated cardiomyopathy (truncating variants only),Yes,RULES_PRESENT_NO_MATCH: Exclude if Impact is MODERATE;RULES_PRESENT_NO_MATCH: Exclude if Impact is MODERATE,No,Not provided,No,Not provided,Not provided,Not provided,0,Not provided,0,0,N/A,Not provided,Not provided,0,Not provided,0,Not provided,No database evidence,0.0,Unknown,-1.000,Not provided,0.000,Not provided,[],[],unknown,No,"{""PM2_Moderate"": 2}",2,VUS,"No ClinVar submissions | No HGMD entry | raw_total=0.000, applied=None",No ClinVar submissions,No HGMD entry,0.000,,,,,PM2_Moderate: gnomAD max AF=0 < threshold 0.0001 for MOI AD,,,,,,,,,,,,No,No,,,Filtered: VUS with <5 points excluded from all reporting paths (auto/manual/delins),,Yes
7115000,11830_2024,chr2,178683977,T,C,TTN,AD,c.29074+22A>G,Not provided,,,,NM_133378.4,130/311,intron_variant,MODIFIER,Het,24,0.625,Dilated cardiomyopathy (truncating variants only),Yes,RULES_PRESENT_NO_MATCH: Exclude if Impact is MODERATE;RULES_PRESENT_NO_MATCH: Exclude if Impact is MODERATE,No,Not provided,No,Not provided,Not provided,Not provided,0,Not provided,0,0,N/A,Not provided,Not provided,0,Not provided,0,Not provided,No database evidence,0.0,Unknown,-1.000,Not provided,Not provided,Not provided,[],[],unknown,No,"{""PM2_Moderate"": 2}",2,VUS,"No ClinVar submissions | No HGMD entry | raw_total=0.000, applied=None",No ClinVar submissions,No HGMD entry,0.000,,,,,PM2_Moderate: gnomAD max AF=0 < threshold 0.0001 for MOI AD,,,,,,,,,,,,No,No,,,Filtered: VUS with <5 points excluded from all reporting paths (auto/manual/delins),,Yes
7115000,11830_2024,chr2,178708284,GTGAT,G,TTN,AD,c.25022-475_25022-472delATCA,Not provided,,,,NM_133378.4,96/311,intron_variant,MODIFIER,Het,46,0.370,Dilated cardiomyopathy (truncating variants only),Yes,RULES_PRESENT_NO_MATCH: Exclude if Impact is MODERATE;RULES_PRESENT_NO_MATCH: Exclude if Impact is MODERATE,No,Not provided,No,Not provided,Not provided,Not provided,0,Not provided,0,0,N/A,Not provided,Not provided,0,Not provided,0,Not provided,No database evidence,0.0,Unknown,-1.000,Not provided,0.000,Not provided,[],[],unknown,No,"{""PM2_Moderate"": 2}",2,VUS,"No ClinVar submissions | No HGMD entry | raw_total=0.000, applied=None",No ClinVar submissions,No HGMD entry,0.000,,,,,PM2_Moderate: gnomAD max AF=0 < threshold 0.0001 for MOI AD,,,,,,,,,,,,No,No,,,Filtered: VUS with <5 points excluded from all reporting paths (auto/manual/delins),,Yes
7115000,11830_2024,chr2,178721377,A,G,TTN,AD,c.19085-175T>C,Not provided,,,,NM_133378.4,75/311,intron_variant,MODIFIER,Het,26,0.577,Dilated cardiomyopathy (truncating variants only),Yes,RULES_PRESENT_NO_MATCH: Exclude if Impact is MODERATE;RULES_PRESENT_NO_MATCH: Exclude if Impact is MODERATE,No,Not provided,No,Not provided,Not provided,Not provided,0,Not provided,0,0,N/A,Not provided,Not provided,0,Not provided,0,Not provided,No database evidence,0.0,Unknown,-1.000,Not provided,Not provided,Not provided,[],[],unknown,No,"{""PM2_Moderate"": 2}",2,VUS,"No ClinVar submissions | No HGMD entry | raw_total=0.000, applied=None",No ClinVar submissions,No HGMD entry,0.000,,,,,PM2_Moderate: gnomAD max AF=0 < threshold 0.0001 for MOI AD,,,,,,,,,,,,No,No,,,Filtered: VUS with <5 points excluded from all reporting paths (auto/manual/delins),,Yes
7115000,11830_2024,chr2,178778560,A,G,TTN,AD,c.4208+314T>C,Not provided,,,,NM_133378.4,24/311,intron_variant,MODIFIER,Het,37,0.351,Dilated cardiomyopathy (truncating variants only),Yes,RULES_PRESENT_NO_MATCH: Exclude if Impact is MODERATE;RULES_PRESENT_NO_MATCH: Exclude if Impact is MODERATE,No,Not provided,No,Not provided,Not provided,Not provided,0,Not provided,0,0,N/A,Not provided,Not provided,0,Not provided,0,Not provided,No database evidence,0.0,Unknown,-1.000,Not provided,Not provided,Not provided,[],[],unknown,No,"{""PM2_Moderate"": 2}",2,VUS,"No ClinVar submissions | No HGMD entry | raw_total=0.000, applied=None",No ClinVar submissions,No HGMD entry,0.000,,,,,PM2_Moderate: gnomAD max AF=0 < threshold 0.0001 for MOI AD,,,,,,,,,,,,No,No,,,Filtered: VUS with <5 points excluded from all reporting paths (auto/manual/delins),,Yes
7115000,11830_2024,chr2,188984618,G,A,COL3A1,AD,c.80-142G>A,Not provided,,,,NM_000090.3,1/50,intron_variant,MODIFIER,Het,34,0.647,"Ehlers-Danlos syndrome, vascular type",No,,No,Not provided,No,Not provided,Not provided,Not provided,0,Not provided,0,0,N/A,Not provided,Not provided,0,Not provided,0,Not provided,No database evidence,0.000026,v3,-1.000,Not provided,Not provided,Not provided,[],[],unknown,No,"{""PM2_Moderate"": 2}",2,VUS,"No ClinVar submissions | No HGMD entry | raw_total=0.000, applied=None",No ClinVar submissions,No HGMD entry,0.000,,,,,PM2_Moderate: gnomAD max AF=2.63116e-05 < threshold 0.0001 for MOI AD,,,,,,,,,,,,No,No,,,Filtered: VUS with <5 points excluded from all reporting paths (auto/manual/delins),,Yes
7115000,11830_2024,chr2,189007096,A,AATATATATAT,COL3A1,AD,c.3255+141_3255+150dupATATATATAT,Not provided,,,,NM_000090.3,44/50,intron_variant,MODIFIER,Het,28,0.571,"Ehlers-Danlos syndrome, vascular type",No,,No,Not provided,No,Not provided,Not provided,Not provided,0,Not provided,0,0,N/A,Not provided,Not provided,0,Not provided,0,Not provided,No database evidence,0.0,Unknown,-1.000,Not provided,0.000,Not provided,[],[],unknown,No,"{""PM2_Moderate"": 2}",2,VUS,"No ClinVar submissions | No HGMD entry | raw_total=0.000, applied=None",No ClinVar submissions,No HGMD entry,0.000,,,,,PM2_Moderate: gnomAD max AF=0 < threshold 0.0001 for MOI AD,,,,,,,,,,,,No,No,,,Filtered: VUS with <5 points excluded from all reporting paths (auto/manual/delins),,Yes
7115000,11830_2024,chr22,29703567,C,T,NF2,AD,c.*8765C>T,Not provided,,,,NM_000268.3,,downstream_gene_variant,MODIFIER,Het,39,0.564,NF2-related schwannomatosis,No,,No,Not provided,No,Not provided,Not provided,Not provided,0,Not provided,0,0,N/A,Not provided,Not provided,0,Not provided,0,Not provided,No database evidence,0.0,Unknown,-1.000,Not provided,Not provided,Not provided,[],[],unknown,No,"{""PM2_Moderate"": 2}",2,VUS,"No ClinVar submissions | No HGMD entry | raw_total=0.000, applied=None",No ClinVar submissions,No HGMD entry,0.000,,,,,PM2_Moderate: gnomAD max AF=0 < threshold 0.0001 for MOI AD,,,,,,,,,,,,No,No,,,Filtered: VUS with <5 points excluded from all reporting paths (auto/manual/delins),,Yes
7115000,11830_2024,chr3,14125982,T,G,TMEM43,AD,c.12+777T>G,Not provided,,,,NM_024334.2,1/11,intron_variant,MODIFIER,Het,47,0.468,Arrhythmogenic right ventricular cardiomyopathy,No,,No,Not provided,No,Not provided,Not provided,Not provided,0,Not provided,0,0,N/A,Not provided,Not provided,0,Not provided,0,Not provided,No database evidence,0.0,Unknown,-1.000,Not provided,Not provided,Not provided,[],[],unknown,No,"{""PM2_Moderate"": 2}",2,VUS,"No ClinVar submissions | No HGMD entry | raw_total=0.000, applied=None",No ClinVar submissions,No HGMD entry,0.000,,,,,PM2_Moderate: gnomAD max AF=0 < threshold 0.0001 for MOI AD,,,,,,,,,,,,No,No,,,Filtered: VUS with <5 points excluded from all reporting paths (auto/manual/delins),,Yes
7115000,11830_2024,chr3,14126347,T,G,TMEM43,AD,c.12+1142T>G,Not provided,,,,NM_024334.2,1/11,intron_variant,MODIFIER,Het,44,0.409,Arrhythmogenic right ventricular cardiomyopathy,No,,No,Not provided,No,Not provided,Not provided,Not provided,0,Not provided,0,0,N/A,Not provided,Not provided,0,Not provided,0,Not provided,No database evidence,0.0,Unknown,-1.000,Not provided,Not provided,Not provided,[],[],unknown,No,"{""PM2_Moderate"": 2}",2,VUS,"No ClinVar submissions | No HGMD entry | raw_total=0.000, applied=None",No ClinVar submissions,No HGMD entry,0.000,,,,,PM2_Moderate: gnomAD max AF=0 < threshold 0.0001 for MOI AD,,,,,,,,,,,,No,No,,,Filtered: VUS with <5 points excluded from all reporting paths (auto/manual/delins),,Yes
7115000,11830_2024,chr3,15602200,T,G,BTD,AR,c.-17+306T>G,Not provided,,,,NM_001370658.1,1/3,intron_variant,MODIFIER,Het,40,0.525,Biotinidase deficiency,No,,No,Not provided,No,Not provided,Not provided,Not provided,0,Not provided,0,0,N/A,Not provided,Not provided,0,Not provided,0,Not provided,No database evidence,0.0,Unknown,-1.000,Not provided,Not provided,Not provided,[],[],unknown,No,"{""PM2_Moderate"": 2}",2,VUS,"No ClinVar submissions | No HGMD entry | raw_total=0.000, applied=None",No ClinVar submissions,No HGMD entry,0.000,,,,,PM2_Moderate: gnomAD max AF=0 < threshold 0.005 for MOI AR,,,,,,,,,,,,No,No,,,Filtered: VUS with <5 points excluded from all reporting paths (auto/manual/delins),,Yes
7115000,11830_2024,chr3,15606355,G,A,BTD,AR,c.-17+4461G>A,Not provided,,,,NM_001370658.1,1/3,intron_variant,MODIFIER,Het,45,0.511,Biotinidase deficiency,No,,No,Not provided,No,Not provided,Not provided,Not provided,0,Not provided,0,0,N/A,Not provided,Not provided,0,Not provided,0,Not provided,No database evidence,0.0,Unknown,-1.000,Not provided,Not provided,Not provided,[],[],unknown,No,"{""PM2_Moderate"": 2}",2,VUS,"No ClinVar submissions | No HGMD entry | raw_total=0.000, applied=None",No ClinVar submissions,No HGMD entry,0.000,,,,,PM2_Moderate: gnomAD max AF=0 < threshold 0.005 for MOI AR,,,,,,,,,,,,No,No,,,Filtered: VUS with <5 points excluded from all reporting paths (auto/manual/delins),,Yes
7115000,11830_2024,chr3,15649294,G,A,BTD,AR,c.*3806G>A,Not provided,,,,NM_001370658.1,4/4,3_prime_UTR_variant,MODIFIER,Het,50,0.460,Biotinidase deficiency,No,,No,Not provided,No,Not provided,Not provided,Not provided,0,Not provided,0,0,N/A,Not provided,Not provided,0,Not provided,0,Not provided,No database evidence,0.000007,v3,-1.000,Not provided,Not provided,Not provided,[],[],unknown,No,"{""PM2_Moderate"": 2}",2,VUS,"No ClinVar submissions | No HGMD entry | raw_total=0.000, applied=None",No ClinVar submissions,No HGMD entry,0.000,,,,,PM2_Moderate: gnomAD max AF=6.56927e-06 < threshold 0.005 for MOI AR,,,,,,,,,,,,No,No,,,Filtered: VUS with <5 points excluded from all reporting paths (auto/manual/delins),,Yes
7115000,11830_2024,chr3,15650516,G,T,BTD,AR,c.*5028G>T,Not provided,,,,NM_001370658.1,4/4,3_prime_UTR_variant,MODIFIER,Het,40,0.550,Biotinidase deficiency,No,,No,Not provided,No,Not provided,Not provided,Not provided,0,Not provided,0,0,N/A,Not provided,Not provided,0,Not provided,0,Not provided,No database evidence,0.0,Unknown,-1.000,Not provided,Not provided,Not provided,[],[],unknown,No,"{""PM2_Moderate"": 2}",2,VUS,"No ClinVar submissions | No HGMD entry | raw_total=0.000, applied=None",No ClinVar submissions,No HGMD entry,0.000,,,,,PM2_Moderate: gnomAD max AF=0 < threshold 0.005 for MOI AR,,,,,,,,,,,,No,No,,,Filtered: VUS with <5 points excluded from all reporting paths (auto/manual/delins),,Yes
7115000,11830_2024,chr3,15682023,C,G,BTD,AR,c.1015+37092C>G,Not provided,,,,NM_001370752.1,4/4,intron_variant,MODIFIER,Het,51,0.510,Biotinidase deficiency,No,,No,Not provided,No,Not provided,Not provided,Not provided,0,Not provided,0,0,N/A,Not provided,Not provided,0,Not provided,0,Not provided,No database evidence,0.000007,v3,-1.000,Not provided,Not provided,Not provided,[],[],unknown,No,"{""PM2_Moderate"": 2}",2,VUS,"No ClinVar submissions | No HGMD entry | raw_total=0.000, applied=None",No ClinVar submissions,No HGMD entry,0.000,,,,,PM2_Moderate: gnomAD max AF=6.57817e-06 < threshold 0.005 for MOI AR,,,,,,,,,,,,No,No,,,Filtered: VUS with <5 points excluded from all reporting paths (auto/manual/delins),,Yes
7115000,11830_2024,chr3,15691476,T,C,BTD,AR,c.1016-30294T>C,Not provided,,,,NM_001370752.1,4/4,intron_variant,MODIFIER,Het,37,0.541,Biotinidase deficiency,No,,No,Not provided,No,Not provided,Not provided,Not provided,0,Not provided,0,0,N/A,Not provided,Not provided,0,Not provided,0,Not provided,No database evidence,0.0,Unknown,-1.000,Not provided,Not provided,Not provided,[],[],unknown,No,"{""PM2_Moderate"": 2}",2,VUS,"No ClinVar submissions | No HGMD entry | raw_total=0.000, applied=None",No ClinVar submissions,No HGMD entry,0.000,,,,,PM2_Moderate: gnomAD max AF=0 < threshold 0.005 for MOI AR,,,,,,,,,,,,No,No,,,Filtered: VUS with <5 points excluded from all reporting paths (auto/manual/delins),,Yes
7115000,11830_2024,chr3,30602501,A,AT,TGFBR2,AD,c.-4383_-4382insT,Not provided,,,,NM_001024847.2,,upstream_gene_variant,MODIFIER,Het,25,0.600,Loeys-Dietz syndrome,No,,No,Not provided,No,Not provided,Not provided,Not provided,0,Not provided,0,0,N/A,Not provided,Not provided,0,Not provided,0,Not provided,No database evidence,0.0,Unknown,-1.000,Not provided,Not provided,Not provided,[],[],unknown,No,"{""PM2_Moderate"": 2}",2,VUS,"No ClinVar submissions | No HGMD entry | raw_total=0.000, applied=None",No ClinVar submissions,No HGMD entry,0.000,,,,,PM2_Moderate: gnomAD max AF=0 < threshold 0.0001 for MOI AD,,,,,,,,,,,,No,No,,,Filtered: VUS with <5 points excluded from all reporting paths (auto/manual/delins),,Yes
7115000,11830_2024,chr3,30665055,T,C,TGFBR2,AD,c.530-6583T>C,Not provided,,,,NM_001024847.2,4/7,intron_variant,MODIFIER,Het,46,0.500,Loeys-Dietz syndrome,No,,No,Not provided,No,Not provided,Not provided,Not provided,0,Not provided,0,0,N/A,Not provided,Not provided,0,Not provided,0,Not provided,No database evidence,0.0,Unknown,-1.000,Not provided,Not provided,Not provided,[],[],unknown,No,"{""PM2_Moderate"": 2}",2,VUS,"No ClinVar submissions | No HGMD entry | raw_total=0.000, applied=None",No ClinVar submissions,No HGMD entry,0.000,,,,,PM2_Moderate: gnomAD max AF=0 < threshold 0.0001 for MOI AD,,,,,,,,,,,,No,No,,,Filtered: VUS with <5 points excluded from all reporting paths (auto/manual/delins),,Yes
7115000,11830_2024,chr3,36989263,T,C,MLH1,AD,c.-4285T>C,Not provided,,,,NM_000249.3,,upstream_gene_variant,MODIFIER,Het,27,0.741,Lynch syndrome,No,,No,Not provided,No,Not provided,Not provided,Not provided,0,Not provided,0,0,N/A,Not provided,Not provided,0,Not provided,0,Not provided,No database evidence,0.0,Unknown,-1.000,Not provided,Not provided,Not provided,[],[],unknown,No,"{""PM2_Moderate"": 2}",2,VUS,"No ClinVar submissions | No HGMD entry | raw_total=0.000, applied=None",No ClinVar submissions,No HGMD entry,0.000,,,,,PM2_Moderate: gnomAD max AF=0 < threshold 0.0001 for MOI AD,,,,,,,,,,,,No,No,,,Filtered: VUS with <5 points excluded from all reporting paths (auto/manual/delins),,Yes
7115000,11830_2024,chr3,37010347,C,T,MLH1,AD,c.545+1442C>T,Not provided,,,,NM_000249.3,6/18,intron_variant,MODIFIER,Het,23,0.565,Lynch syndrome,No,,No,Not provided,No,Not provided,Not provided,Not provided,0,Not provided,0,0,N/A,Not provided,Not provided,0,Not provided,0,Not provided,No database evidence,0.0,Unknown,-1.000,Not provided,Not provided,Not provided,[],[],unknown,No,"{""PM2_Moderate"": 2}",2,VUS,"No ClinVar submissions | No HGMD entry | raw_total=0.000, applied=None",No ClinVar submissions,No HGMD entry,0.000,,,,,PM2_Moderate: gnomAD max AF=0 < threshold 0.0001 for MOI AD,,,,,,,,,,,,No,No,,,Filtered: VUS with <5 points excluded from all reporting paths (auto/manual/delins),,Yes
7115000,11830_2024,chr3,37042974,CT,C,MLH1,AD,c.1731+653delT,Not provided,,,,NM_000249.3,15/18,intron_variant,MODIFIER,Het,30,0.500,Lynch syndrome,No,,No,Not provided,No,Not provided,Not provided,Not provided,0,Not provided,0,0,N/A,Not provided,Not provided,0,Not provided,0,Not provided,No database evidence,0.0,Unknown,-1.000,Not provided,Not provided,Not provided,[],[],unknown,No,"{""PM2_Moderate"": 2}",2,VUS,"No ClinVar submissions | No HGMD entry | raw_total=0.000, applied=None",No ClinVar submissions,No HGMD entry,0.000,,,,,PM2_Moderate: gnomAD max AF=0 < threshold 0.0001 for MOI AD,,,,,,,,,,,,No,No,,,Filtered: VUS with <5 points excluded from all reporting paths (auto/manual/delins),,Yes
7115000,11830_2024,chr3,37046608,TA,T,MLH1,AD,c.1732-910delA,Not provided,,,,NM_000249.3,15/18,intron_variant,MODIFIER,Het,18,0.444,Lynch syndrome,No,,No,Not provided,No,Not provided,Not provided,Not provided,0,Not provided,0,0,N/A,Not provided,Not provided,0,Not provided,0,Not provided,No database evidence,0.0,Unknown,-1.000,Not provided,Not provided,Not provided,[],[],unknown,No,"{""PM2_Moderate"": 2}",2,VUS,"No ClinVar submissions | No HGMD entry | raw_total=0.000, applied=None",No ClinVar submissions,No HGMD entry,0.000,,,,,PM2_Moderate: gnomAD max AF=0 < threshold 0.0001 for MOI AD,,,,,,,,,,,,No,No,,,Filtered: VUS with <5 points excluded from all reporting paths (auto/manual/delins),,Yes
7115000,11830_2024,chr3,37051391,A,G,MLH1,AD,c.*738A>G,Not provided,,,,NM_000249.3,,downstream_gene_variant,MODIFIER,Het,24,0.458,Lynch syndrome,No,,No,Not provided,No,Not provided,Not provided,Not provided,0,Not provided,0,0,N/A,Not provided,Not provided,0,Not provided,0,Not provided,No database evidence,0.0,Unknown,-1.000,Not provided,Not provided,Not provided,[],[],unknown,No,"{""PM2_Moderate"": 2}",2,VUS,"No ClinVar submissions | No HGMD entry | raw_total=0.000, applied=None",No ClinVar submissions,No HGMD entry,0.000,,,,,PM2_Moderate: gnomAD max AF=0 < threshold 0.0001 for MOI AD,,,,,,,,,,,,No,No,,,Filtered: VUS with <5 points excluded from all reporting paths (auto/manual/delins),,Yes
7115000,11830_2024,chr3,37055552,G,A,MLH1,AD,c.*4899G>A,Not provided,,,,NM_000249.3,,downstream_gene_variant,MODIFIER,Het,57,0.526,Lynch syndrome,No,,No,Not provided,No,Not provided,Not provided,Not provided,0,Not provided,0,0,N/A,Not provided,Not provided,0,Not provided,0,Not provided,No database evidence,0.0,Unknown,-1.000,Not provided,Not provided,Not provided,[],[],unknown,No,"{""PM2_Moderate"": 2}",2,VUS,"No ClinVar submissions | No HGMD entry | raw_total=0.000, applied=None",No ClinVar submissions,No HGMD entry,0.000,,,,,PM2_Moderate: gnomAD max AF=0 < threshold 0.0001 for MOI AD,,,,,,,,,,,,No,No,,,Filtered: VUS with <5 points excluded from all reporting paths (auto/manual/delins),,Yes
7115000,11830_2024,chr3,38577783,T,TTG,SCN5A,AD,c.3391-1003_3391-1002insCA,Not provided,,,,NM_198056.2,18/27,intron_variant,MODIFIER,Het,49,0.571,Long QT syndrome type 3; Brugada syndrome; Dilated cardiomyopathy,No,,No,Not provided,No,Not provided,Not provided,Not provided,0,Not provided,0,0,N/A,Not provided,Not provided,0,Not provided,0,Not provided,No database evidence,0.0,Unknown,-1.000,Not provided,0.050,Not provided,[],[],unknown,No,"{""PM2_Moderate"": 2}",2,VUS,"No ClinVar submissions | No HGMD entry | raw_total=0.000, applied=None",No ClinVar submissions,No HGMD entry,0.000,,,,,PM2_Moderate: gnomAD max AF=0 < threshold 0.0001 for MOI AD,,,,,,,,,,,,No,No,,,Cluster id=14 detected (members=chr3:38577783:T:TTG:7115000;chr3:38577784:A:G:7115000;chr3:38577785:C:G:7115000) - no Pathogenic/LP present; delins NOT flagged; requires P/LP to consider delins.;Delins/overlap cluster (id=14) detected but not all members meet P/LP or >5pts -> not auto-escalated (possible carrier).;Filtered: VUS with <5 points excluded from all reporting paths (auto/manual/delins),,Yes
7115000,11830_2024,chr3,38577784,A,G,SCN5A,AD,c.3391-1003T>C,Not provided,,,,NM_198056.2,18/27,intron_variant,MODIFIER,Het,49,0.673,Long QT syndrome type 3; Brugada syndrome; Dilated cardiomyopathy,No,,No,Not provided,No,Not provided,Not provided,Not provided,0,Not provided,0,0,N/A,Not provided,Not provided,0,Not provided,0,Not provided,No database evidence,0.0,Unknown,-1.000,Not provided,Not provided,Not provided,[],[],unknown,No,"{""PM2_Moderate"": 2}",2,VUS,"No ClinVar submissions | No HGMD entry | raw_total=0.000, applied=None",No ClinVar submissions,No HGMD entry,0.000,,,,,PM2_Moderate: gnomAD max AF=0 < threshold 0.0001 for MOI AD,,,,,,,,,,,,No,No,,,Cluster id=14 detected (members=chr3:38577783:T:TTG:7115000;chr3:38577784:A:G:7115000;chr3:38577785:C:G:7115000) - no Pathogenic/LP present; delins NOT flagged; requires P/LP to consider delins.;Delins/overlap cluster (id=14) detected but not all members meet P/LP or >5pts -> not auto-escalated (possible carrier).;Filtered: VUS with <5 points excluded from all reporting paths (auto/manual/delins),,Yes
7115000,11830_2024,chr3,38577785,C,G,SCN5A,AD,c.3391-1004G>C,Not provided,,,,NM_198056.2,18/27,intron_variant,MODIFIER,Het,49,0.673,Long QT syndrome type 3; Brugada syndrome; Dilated cardiomyopathy,No,,No,Not provided,No,Not provided,Not provided,Not provided,0,Not provided,0,0,N/A,Not provided,Not provided,0,Not provided,0,Not provided,No database evidence,0.0,Unknown,-1.000,Not provided,Not provided,Not provided,[],[],unknown,No,"{""PM2_Moderate"": 2}",2,VUS,"No ClinVar submissions | No HGMD entry | raw_total=0.000, applied=None",No ClinVar submissions,No HGMD entry,0.000,,,,,PM2_Moderate: gnomAD max AF=0 < threshold 0.0001 for MOI AD,,,,,,,,,,,,No,No,,,Cluster id=14 detected (members=chr3:38577783:T:TTG:7115000;chr3:38577784:A:G:7115000;chr3:38577785:C:G:7115000) - no Pathogenic/LP present; delins NOT flagged; requires P/LP to consider delins.;Delins/overlap cluster (id=14) detected but not all members meet P/LP or >5pts -> not auto-escalated (possible carrier).;Filtered: VUS with <5 points excluded from all reporting paths (auto/manual/delins),,Yes
7115000,11830_2024,chr3,38579873,ACGCG,A,SCN5A,AD,c.3229-382_3229-379delCGCG,Not provided,,,,NM_198056.2,17/27,intron_variant,MODIFIER,Het,45,0.578,Long QT syndrome type 3; Brugada syndrome; Dilated cardiomyopathy,No,,No,Not provided,No,Not provided,Not provided,Not provided,0,Not provided,0,0,N/A,Not provided,Not provided,0,Not provided,0,Not provided,No database evidence,0.0,Unknown,-1.000,Not provided,0.000,Not provided,[],[],unknown,No,"{""PM2_Moderate"": 2}",2,VUS,"No ClinVar submissions | No HGMD entry | raw_total=0.000, applied=None",No ClinVar submissions,No HGMD entry,0.000,,,,,PM2_Moderate: gnomAD max AF=0 < threshold 0.0001 for MOI AD,,,,,,,,,,,,No,No,,,Cluster id=15 detected (members=chr3:38579873:ACGCG:A:7115000;chr3:38579879:G:A:7115000) - no Pathogenic/LP present; delins NOT flagged; requires P/LP to consider delins.;Delins/overlap cluster (id=15) detected but not all members meet P/LP or >5pts -> not auto-escalated (possible carrier).;Filtered: VUS with <5 points excluded from all reporting paths (auto/manual/delins),,Yes
7115000,11830_2024,chr3,38579879,G,A,SCN5A,AD,c.3229-384C>T,Not provided,,,,NM_198056.2,17/27,intron_variant,MODIFIER,Het,46,0.565,Long QT syndrome type 3; Brugada syndrome; Dilated cardiomyopathy,No,,No,Not provided,No,Not provided,Not provided,Not provided,0,Not provided,0,0,N/A,Not provided,Not provided,0,Not provided,0,Not provided,No database evidence,0.0,Unknown,-1.000,Not provided,Not provided,Not provided,[],[],unknown,No,"{""PM2_Moderate"": 2}",2,VUS,"No ClinVar submissions | No HGMD entry | raw_total=0.000, applied=None",No ClinVar submissions,No HGMD entry,0.000,,,,,PM2_Moderate: gnomAD max AF=0 < threshold 0.0001 for MOI AD,,,,,,,,,,,,No,No,,,Cluster id=15 detected (members=chr3:38579873:ACGCG:A:7115000;chr3:38579879:G:A:7115000) - no Pathogenic/LP present; delins NOT flagged; requires P/LP to consider delins.;Delins/overlap cluster (id=15) detected but not all members meet P/LP or >5pts -> not auto-escalated (possible carrier).;Filtered: VUS with <5 points excluded from all reporting paths (auto/manual/delins),,Yes
7115000,11830_2024,chr3,38579891,A,C,SCN5A,AD,c.3229-396T>G,Not provided,,,,NM_198056.2,17/27,intron_variant,MODIFIER,Het,46,0.522,Long QT syndrome type 3; Brugada syndrome; Dilated cardiomyopathy,No,,No,Not provided,No,Not provided,Not provided,Not provided,0,Not provided,0,0,N/A,Not provided,Not provided,0,Not provided,0,Not provided,No database evidence,0.000060,v3,-1.000,Not provided,Not provided,Not provided,[],[],unknown,No,"{""PM2_Moderate"": 2}",2,VUS,"No ClinVar submissions | No HGMD entry | raw_total=0.000, applied=None",No ClinVar submissions,No HGMD entry,0.000,,,,,PM2_Moderate: gnomAD max AF=6.01604e-05 < threshold 0.0001 for MOI AD,,,,,,,,,,,,No,No,,,Filtered: VUS with <5 points excluded from all reporting paths (auto/manual/delins),,Yes
7115000,11830_2024,chr3,38609823,C,T,SCN5A,AD,c.845G>A,p.Arg282His,Arg,His,282,NM_198056.2,7/28,missense_variant,MODERATE,Het,51,0.510,Long QT syndrome type 3; Brugada syndrome; Dilated cardiomyopathy,No,,Yes,Cardiac arrhythmia;Brugada syndrome;CN230736:Cardiovascular phenotype,Yes,Brugada syndrome,Cardiac arrhythmia;Brugada syndrome;CN230736:Cardiovascular phenotype,likely pathogenic;likely pathogenic;pathogenic,1;1;1,Likely pathogenic,1,1,conditions_csv_phenotype_match,DM,Brugada syndrome,12,0.65,9,Not provided,ClinVar: Sig=likely pathogenic;likely pathogenic;pathogenic; ClinVar: Trait=Cardiac arrhythmia;Brugada syndrome;CN230736:Cardiovascular phenotype; HGMD: Phen=Brugada syndrome,0.0,Unknown,0.794,Not provided,Not provided,Not provided,[],[],unknown,No,"{""PM2_Moderate"": 2, ""PP3_Supporting"": 1, ""PP5ext_Strong"": 4}",7,Likely pathogenic,"sig=likely pathogenic (3 points), stars=1 (0.75 coef), clinvar_phenotype_match=Yes, clin=2.250 | class=DM (3 points), pubs=12, dm_supported=9 (9/12), coef=1.5, hgmd_phenotype_match=Yes, hgmd=4.500 | raw_total=6.750, applied=PP5ext_Strong","sig=likely pathogenic (3 points), stars=1 (0.75 coef), clinvar_phenotype_match=Yes, clin=2.250","class=DM (3 points), pubs=12, dm_supported=9 (9/12), coef=1.5, hgmd_phenotype_match=Yes, hgmd=4.500",6.750,PP5ext_Strong,,,,PM2_Moderate: gnomAD max AF=0 < threshold 0.0001 for MOI AD,,,,,PP3_Supporting: REVEL=0.794 or AlphaMissense=-1.000 >= supporting thresholds,,,,,,,No,No,,,,,Yes
7115000,11830_2024,chr3,46864247,G,T,MYL3,AD,c.-857C>A,Not provided,,,,NM_000258.3,,upstream_gene_variant,MODIFIER,Het,54,0.556,Hypertrophic cardiomyopathy,No,,No,Not provided,No,Not provided,Not provided,Not provided,0,Not provided,0,0,N/A,Not provided,Not provided,0,Not provided,0,Not provided,No database evidence,0.0,Unknown,-1.000,Not provided,Not provided,Not provided,[],[],unknown,No,"{""PM2_Moderate"": 2}",2,VUS,"No ClinVar submissions | No HGMD entry | raw_total=0.000, applied=None",No ClinVar submissions,No HGMD entry,0.000,,,,,PM2_Moderate: gnomAD max AF=0 < threshold 0.0001 for MOI AD,,,,,,,,,,,,No,No,,,Filtered: VUS with <5 points excluded from all reporting paths (auto/manual/delins),,Yes
7115000,11830_2024,chr5,112847720,G,A,APC,AD,c.*3594G>A,Not provided,,,,NM_001127511.3,,downstream_gene_variant,MODIFIER,Het,38,0.632,Familial adenomatous polyposis,Yes,"RULES_PRESENT_NO_MATCH: Exclude if Consequence contains ""5_prime_UTR_variant"";RULES_PRESENT_NO_MATCH: Exclude if Consequence contains ""5_prime_UTR_variant""",No,Not provided,No,Not provided,Not provided,Not provided,0,Not provided,0,0,N/A,Not provided,Not provided,0,Not provided,0,Not provided,No database evidence,0.0,Unknown,-1.000,Not provided,Not provided,Not provided,[],[],unknown,No,"{""PM2_Moderate"": 2}",2,VUS,"No ClinVar submissions | No HGMD entry | raw_total=0.000, applied=None",No ClinVar submissions,No HGMD entry,0.000,,,,,PM2_Moderate: gnomAD max AF=0 < threshold 0.0001 for MOI AD,,,,,,,,,,,,No,No,,,Filtered: VUS with <5 points excluded from all reporting paths (auto/manual/delins),,Yes
7115000,11830_2024,chr6,7539955,G,A,DSP,AD,c.-1961G>A,Not provided,,,,NM_004415.4,,upstream_gene_variant,MODIFIER,Het,30,0.633,Arrhythmogenic right ventricular cardiomyopathy; Dilated cardiomyopathy,No,,No,Not provided,No,Not provided,Not provided,Not provided,0,Not provided,0,0,N/A,Not provided,Not provided,0,Not provided,0,Not provided,No database evidence,0.0,Unknown,-1.000,Not provided,Not provided,Not provided,[],[],unknown,No,"{""PM2_Moderate"": 2}",2,VUS,"No ClinVar submissions | No HGMD entry | raw_total=0.000, applied=None",No ClinVar submissions,No HGMD entry,0.000,,,,,PM2_Moderate: gnomAD max AF=0 < threshold 0.0001 for MOI AD,,,,,,,,,,,,No,No,,,Filtered: VUS with <5 points excluded from all reporting paths (auto/manual/delins),,Yes
7115000,11830_2024,chr6,26087344,G,A,HFE,AR,c.-97G>A,Not provided,,,,NM_000410.3,1/6,5_prime_UTR_variant,MODIFIER,Het,32,0.562,Hereditary hemochromatosis (c.845G>A; p.C282Y homozygotes only),Yes,"No include rule matched; rules require explicit inclusion (whitelist);Include if HGVSp contains ""p.Cys282Tyr"";No include rule matched; rules require explicit inclusion (whitelist);Include if HGVSp contains ""p.Cys282Tyr"";No include rule matched; rules require explicit inclusion (whitelist);Include if HGVSp contains ""p.Cys282Tyr""",No,Not provided,No,Not provided,Not provided,Not provided,0,Not provided,0,0,N/A,Not provided,Not provided,0,Not provided,0,Not provided,No database evidence,0.0,Unknown,-1.000,Not provided,Not provided,Not provided,[],[],unknown,No,"{""PM2_Moderate"": 2}",2,VUS,"No ClinVar submissions | No HGMD entry | raw_total=0.000, applied=None",No ClinVar submissions,No HGMD entry,0.000,,,,,PM2_Moderate: gnomAD max AF=0 < threshold 0.005 for MOI AR,,,,,,,,,,,,No,No,,,"Filtered: VUS with <5 points excluded from all reporting paths (auto/manual/delins);Filtered by gene 'Rules' (exclude): No include rule matched; rules require explicit inclusion (whitelist); Include if HGVSp contains ""p.Cys282Tyr""","Filtered: VUS with <5 points excluded from all reporting paths (auto/manual/delins);Filtered by gene 'Rules' (exclude): No include rule matched; rules require explicit inclusion (whitelist); Include if HGVSp contains ""p.Cys282Tyr""",Yes
7115000,11830_2024,chr6,26101716,A,C,HFE,AR,c.*7490A>C,Not provided,,,,NM_139003.3,,downstream_gene_variant,MODIFIER,Het,35,0.514,Hereditary hemochromatosis (c.845G>A; p.C282Y homozygotes only),Yes,"No include rule matched; rules require explicit inclusion (whitelist);Include if HGVSp contains ""p.Cys282Tyr"";No include rule matched; rules require explicit inclusion (whitelist);Include if HGVSp contains ""p.Cys282Tyr"";No include rule matched; rules require explicit inclusion (whitelist);Include if HGVSp contains ""p.Cys282Tyr""",No,Not provided,No,Not provided,Not provided,Not provided,0,Not provided,0,0,N/A,Not provided,Not provided,0,Not provided,0,Not provided,No database evidence,0.0,Unknown,-1.000,Not provided,Not provided,Not provided,[],[],unknown,No,"{""PM2_Moderate"": 2}",2,VUS,"No ClinVar submissions | No HGMD entry | raw_total=0.000, applied=None",No ClinVar submissions,No HGMD entry,0.000,,,,,PM2_Moderate: gnomAD max AF=0 < threshold 0.005 for MOI AR,,,,,,,,,,,,No,No,,,"Filtered: VUS with <5 points excluded from all reporting paths (auto/manual/delins);Filtered by gene 'Rules' (exclude): No include rule matched; rules require explicit inclusion (whitelist); Include if HGVSp contains ""p.Cys282Tyr""","Filtered: VUS with <5 points excluded from all reporting paths (auto/manual/delins);Filtered by gene 'Rules' (exclude): No include rule matched; rules require explicit inclusion (whitelist); Include if HGVSp contains ""p.Cys282Tyr""",Yes
7115000,11830_2024,chr6,123266619,A,AAT,TRDN,AR,c.1783+1086_1783+1087dupAT,Not provided,,,,NM_006073.4,32/40,intron_variant,MODIFIER,Hom,12,0.667,Catecholaminergic polymorphic ventricular tachycardia; Long QT syndrome,No,,No,Not provided,No,Not provided,Not provided,Not provided,0,Not provided,0,0,N/A,Not provided,Not provided,0,Not provided,0,Not provided,No database evidence,0.0,Unknown,-1.000,Not provided,0.000,Not provided,[],[],unknown,No,"{""PM2_Moderate"": 2, ""PM3_Supporting"": 1}",3,VUS,"No ClinVar submissions | No HGMD entry | raw_total=0.000, applied=None",No ClinVar submissions,No HGMD entry,0.000,,,,,PM2_Moderate: gnomAD max AF=0 < threshold 0.005 for MOI AR,,,,,,,,,,,,No,No,,,PM3 (PM3_Supporting): total=0.50 [homozygous: +0.5];Filtered: VUS with <5 points excluded from all reporting paths (auto/manual/delins),,Yes
7115000,11830_2024,chr6,123266642,TA,T,TRDN,AR,c.1783+1064delT,Not provided,,,,NM_006073.4,32/40,intron_variant,MODIFIER,Hom,16,1.000,Catecholaminergic polymorphic ventricular tachycardia; Long QT syndrome,No,,No,Not provided,No,Not provided,Not provided,Not provided,0,Not provided,0,0,N/A,Not provided,Not provided,0,Not provided,0,Not provided,No database evidence,0.0,Unknown,-1.000,Not provided,Not provided,Not provided,[],[],unknown,No,"{""PM2_Moderate"": 2, ""PM3_Supporting"": 1}",3,VUS,"No ClinVar submissions | No HGMD entry | raw_total=0.000, applied=None",No ClinVar submissions,No HGMD entry,0.000,,,,,PM2_Moderate: gnomAD max AF=0 < threshold 0.005 for MOI AR,,,,,,,,,,,,No,No,,,PM3 (PM3_Supporting): total=0.50 [homozygous: +0.5];Filtered: VUS with <5 points excluded from all reporting paths (auto/manual/delins),,Yes
7115000,11830_2024,chr6,123278074,A,G,TRDN,AR,c.1567+244T>C,Not provided,,,,NM_006073.4,26/40,intron_variant,MODIFIER,Het,27,0.519,Catecholaminergic polymorphic ventricular tachycardia; Long QT syndrome,No,,No,Not provided,No,Not provided,Not provided,Not provided,0,Not provided,0,0,N/A,Not provided,Not provided,0,Not provided,0,Not provided,No database evidence,0.0,Unknown,-1.000,Not provided,Not provided,Not provided,[],[],unknown,No,"{""PM2_Moderate"": 2}",2,VUS,"No ClinVar submissions | No HGMD entry | raw_total=0.000, applied=None",No ClinVar submissions,No HGMD entry,0.000,,,,,PM2_Moderate: gnomAD max AF=0 < threshold 0.005 for MOI AR,,,,,,,,,,,,No,No,,,Filtered: VUS with <5 points excluded from all reporting paths (auto/manual/delins),,Yes
7115000,11830_2024,chr6,123283985,C,CATATATATATATATATATATATATATATATATAT,TRDN,AR,c.1511-4904_1511-4903insATATATATATATATATATATATATATATATATAT,Not provided,,,,NM_006073.4,24/40,intron_variant,MODIFIER,Het,14,0.429,Catecholaminergic polymorphic ventricular tachycardia; Long QT syndrome,No,,No,Not provided,No,Not provided,Not provided,Not provided,0,Not provided,0,0,N/A,Not provided,Not provided,0,Not provided,0,Not provided,No database evidence,0.0,Unknown,-1.000,Not provided,0.000,Not provided,[],[],unknown,No,"{""PM2_Moderate"": 2}",2,VUS,"No ClinVar submissions | No HGMD entry | raw_total=0.000, applied=None",No ClinVar submissions,No HGMD entry,0.000,,,,,PM2_Moderate: gnomAD max AF=0 < threshold 0.005 for MOI AR,,,,,,,,,,,,No,No,,,Filtered: VUS with <5 points excluded from all reporting paths (auto/manual/delins),,Yes
7115000,11830_2024,chr6,123289255,A,T,TRDN,AR,c.1511-10173T>A,Not provided,,,,NM_006073.4,24/40,intron_variant,MODIFIER,Het,32,0.469,Catecholaminergic polymorphic ventricular tachycardia; Long QT syndrome,No,,No,Not provided,No,Not provided,Not provided,Not provided,0,Not provided,0,0,N/A,Not provided,Not provided,0,Not provided,0,Not provided,No database evidence,0.0,Unknown,-1.000,Not provided,Not provided,Not provided,[],[],unknown,No,"{""PM2_Moderate"": 2}",2,VUS,"No ClinVar submissions | No HGMD entry | raw_total=0.000, applied=None",No ClinVar submissions,No HGMD entry,0.000,,,,,PM2_Moderate: gnomAD max AF=0 < threshold 0.005 for MOI AR,,,,,,,,,,,,No,No,,,Filtered: VUS with <5 points excluded from all reporting paths (auto/manual/delins),,Yes
7115000,11830_2024,chr6,123301733,G,A,TRDN,AR,c.1510+14724C>T,Not provided,,,,NM_006073.4,24/40,intron_variant,MODIFIER,Het,28,0.357,Catecholaminergic polymorphic ventricular tachycardia; Long QT syndrome,No,,No,Not provided,No,Not provided,Not provided,Not provided,0,Not provided,0,0,N/A,Not provided,Not provided,0,Not provided,0,Not provided,No database evidence,0.000018,v3,-1.000,Not provided,Not provided,Not provided,[],[],unknown,No,"{""PM2_Moderate"": 2}",2,VUS,"No ClinVar submissions | No HGMD entry | raw_total=0.000, applied=None",No ClinVar submissions,No HGMD entry,0.000,,,,,PM2_Moderate: gnomAD max AF=1.79791e-05 < threshold 0.005 for MOI AR,,,,,,,,,,,,No,No,,,Filtered: VUS with <5 points excluded from all reporting paths (auto/manual/delins),,Yes
7115000,11830_2024,chr6,123336478,A,G,TRDN,AR,c.1420+1141T>C,Not provided,,,,NM_006073.4,22/40,intron_variant,MODIFIER,Het,45,0.422,Catecholaminergic polymorphic ventricular tachycardia; Long QT syndrome,No,,No,Not provided,No,Not provided,Not provided,Not provided,0,Not provided,0,0,N/A,Not provided,Not provided,0,Not provided,0,Not provided,No database evidence,0.0,Unknown,-1.000,Not provided,Not provided,Not provided,[],[],unknown,No,"{""PM2_Moderate"": 2}",2,VUS,"No ClinVar submissions | No HGMD entry | raw_total=0.000, applied=None",No ClinVar submissions,No HGMD entry,0.000,,,,,PM2_Moderate: gnomAD max AF=0 < threshold 0.005 for MOI AR,,,,,,,,,,,,No,No,,,Filtered: VUS with <5 points excluded from all reporting paths (auto/manual/delins),,Yes
7115000,11830_2024,chr6,123378886,AG,A,TRDN,AR,c.1187-989delC,Not provided,,,,NM_006073.4,16/40,intron_variant,MODIFIER,Het,32,0.719,Catecholaminergic polymorphic ventricular tachycardia; Long QT syndrome,No,,No,Not provided,No,Not provided,Not provided,Not provided,0,Not provided,0,0,N/A,Not provided,Not provided,0,Not provided,0,Not provided,No database evidence,0.0,Unknown,-1.000,Not provided,Not provided,Not provided,[],[],unknown,No,"{""PM2_Moderate"": 2}",2,VUS,"No ClinVar submissions | No HGMD entry | raw_total=0.000, applied=None",No ClinVar submissions,No HGMD entry,0.000,,,,,PM2_Moderate: gnomAD max AF=0 < threshold 0.005 for MOI AR,,,,,,,,,,,,No,No,,,Filtered: VUS with <5 points excluded from all reporting paths (auto/manual/delins),,Yes
7115000,11830_2024,chr6,123404138,C,T,TRDN,AR,c.1052-10461G>A,Not provided,,,,NM_006073.4,12/40,intron_variant,MODIFIER,Het,27,0.481,Catecholaminergic polymorphic ventricular tachycardia; Long QT syndrome,No,,No,Not provided,No,Not provided,Not provided,Not provided,0,Not provided,0,0,N/A,Not provided,Not provided,0,Not provided,0,Not provided,No database evidence,0.0,Unknown,-1.000,Not provided,Not provided,Not provided,[],[],unknown,No,"{""PM2_Moderate"": 2}",2,VUS,"No ClinVar submissions | No HGMD entry | raw_total=0.000, applied=None",No ClinVar submissions,No HGMD entry,0.000,,,,,PM2_Moderate: gnomAD max AF=0 < threshold 0.005 for MOI AR,,,,,,,,,,,,No,No,,,Filtered: VUS with <5 points excluded from all reporting paths (auto/manual/delins),,Yes
7115000,11830_2024,chr6,123414742,CT,C,TRDN,AR,c.1052-21066delA,Not provided,,,,NM_006073.4,12/40,intron_variant,MODIFIER,Het,27,0.481,Catecholaminergic polymorphic ventricular tachycardia; Long QT syndrome,No,,No,Not provided,No,Not provided,Not provided,Not provided,0,Not provided,0,0,N/A,Not provided,Not provided,0,Not provided,0,Not provided,No database evidence,0.0,Unknown,-1.000,Not provided,Not provided,Not provided,[],[],unknown,No,"{""PM2_Moderate"": 2}",2,VUS,"No ClinVar submissions | No HGMD entry | raw_total=0.000, applied=None",No ClinVar submissions,No HGMD entry,0.000,,,,,PM2_Moderate: gnomAD max AF=0 < threshold 0.005 for MOI AR,,,,,,,,,,,,No,No,,,Filtered: VUS with <5 points excluded from all reporting paths (auto/manual/delins),,Yes
7115000,11830_2024,chr6,123420389,T,TA,TRDN,AR,c.1051+17673_1051+17674insT,Not provided,,,,NM_006073.4,12/40,intron_variant,MODIFIER,Het,38,0.447,Catecholaminergic polymorphic ventricular tachycardia; Long QT syndrome,No,,No,Not provided,No,Not provided,Not provided,Not provided,0,Not provided,0,0,N/A,Not provided,Not provided,0,Not provided,0,Not provided,No database evidence,0.0,Unknown,-1.000,Not provided,Not provided,Not provided,[],[],unknown,No,"{""PM2_Moderate"": 2}",2,VUS,"No ClinVar submissions | No HGMD entry | raw_total=0.000, applied=None",No ClinVar submissions,No HGMD entry,0.000,,,,,PM2_Moderate: gnomAD max AF=0 < threshold 0.005 for MOI AR,,,,,,,,,,,,No,No,,,Cluster id=16 detected (members=chr6:123420389:T:TA:7115000;chr6:123420391:T:A:7115000;chr6:123420390:T:A:7115000) - no Pathogenic/LP present; delins NOT flagged; requires P/LP to consider delins.;Delins/overlap cluster (id=16) detected but not all members meet P/LP or >5pts -> not auto-escalated (possible carrier).;Filtered: VUS with <5 points excluded from all reporting paths (auto/manual/delins),,Yes
7115000,11830_2024,chr6,123420390,T,A,TRDN,AR,c.1051+17673A>T,Not provided,,,,NM_006073.4,12/40,intron_variant,MODIFIER,Het,36,0.528,Catecholaminergic polymorphic ventricular tachycardia; Long QT syndrome,No,,No,Not provided,No,Not provided,Not provided,Not provided,0,Not provided,0,0,N/A,Not provided,Not provided,0,Not provided,0,Not provided,No database evidence,0.0,Unknown,-1.000,Not provided,Not provided,Not provided,[],[],unknown,No,"{""PM2_Moderate"": 2}",2,VUS,"No ClinVar submissions | No HGMD entry | raw_total=0.000, applied=None",No ClinVar submissions,No HGMD entry,0.000,,,,,PM2_Moderate: gnomAD max AF=0 < threshold 0.005 for MOI AR,,,,,,,,,,,,No,No,,,Cluster id=16 detected (members=chr6:123420389:T:TA:7115000;chr6:123420391:T:A:7115000;chr6:123420390:T:A:7115000) - no Pathogenic/LP present; delins NOT flagged; requires P/LP to consider delins.;Delins/overlap cluster (id=16) detected but not all members meet P/LP or >5pts -> not auto-escalated (possible carrier).;Filtered: VUS with <5 points excluded from all reporting paths (auto/manual/delins),,Yes
7115000,11830_2024,chr6,123420391,T,A,TRDN,AR,c.1051+17672A>T,Not provided,,,,NM_006073.4,12/40,intron_variant,MODIFIER,Het,36,0.500,Catecholaminergic polymorphic ventricular tachycardia; Long QT syndrome,No,,No,Not provided,No,Not provided,Not provided,Not provided,0,Not provided,0,0,N/A,Not provided,Not provided,0,Not provided,0,Not provided,No database evidence,0.0,Unknown,-1.000,Not provided,Not provided,Not provided,[],[],unknown,No,"{""PM2_Moderate"": 2}",2,VUS,"No ClinVar submissions | No HGMD entry | raw_total=0.000, applied=None",No ClinVar submissions,No HGMD entry,0.000,,,,,PM2_Moderate: gnomAD max AF=0 < threshold 0.005 for MOI AR,,,,,,,,,,,,No,No,,,Cluster id=16 detected (members=chr6:123420389:T:TA:7115000;chr6:123420391:T:A:7115000;chr6:123420390:T:A:7115000) - no Pathogenic/LP present; delins NOT flagged; requires P/LP to consider delins.;Delins/overlap cluster (id=16) detected but not all members meet P/LP or >5pts -> not auto-escalated (possible carrier).;Filtered: VUS with <5 points excluded from all reporting paths (auto/manual/delins),,Yes
7115000,11830_2024,chr6,123455485,C,T,TRDN,AR,c.931+9421G>A,Not provided,,,,NM_006073.4,10/40,intron_variant,MODIFIER,Het,20,0.550,Catecholaminergic polymorphic ventricular tachycardia; Long QT syndrome,No,,No,Not provided,No,Not provided,Not provided,Not provided,0,Not provided,0,0,N/A,Not provided,Not provided,0,Not provided,0,Not provided,No database evidence,0.0,Unknown,-1.000,Not provided,Not provided,Not provided,[],[],unknown,No,"{""PM2_Moderate"": 2}",2,VUS,"No ClinVar submissions | No HGMD entry | raw_total=0.000, applied=None",No ClinVar submissions,No HGMD entry,0.000,,,,,PM2_Moderate: gnomAD max AF=0 < threshold 0.005 for MOI AR,,,,,,,,,,,,No,No,,,Filtered: VUS with <5 points excluded from all reporting paths (auto/manual/delins),,Yes
7115000,11830_2024,chr6,123505541,A,G,TRDN,AR,c.611-1640T>C,Not provided,,,,NM_001256020.2,7/8,intron_variant,MODIFIER,Het,21,0.333,Catecholaminergic polymorphic ventricular tachycardia; Long QT syndrome,No,,No,Not provided,No,Not provided,Not provided,Not provided,0,Not provided,0,0,N/A,Not provided,Not provided,0,Not provided,0,Not provided,No database evidence,0.0,Unknown,-1.000,Not provided,Not provided,Not provided,[],[],unknown,No,"{""PM2_Moderate"": 2}",2,VUS,"No ClinVar submissions | No HGMD entry | raw_total=0.000, applied=None",No ClinVar submissions,No HGMD entry,0.000,,,,,PM2_Moderate: gnomAD max AF=0 < threshold 0.005 for MOI AR,,,,,,,,,,,,No,No,,,Filtered: VUS with <5 points excluded from all reporting paths (auto/manual/delins),,Yes
7115000,11830_2024,chr6,123522922,A,AG,TRDN,AR,c.485-6717_485-6716insC,Not provided,,,,NM_001256020.2,5/8,intron_variant,MODIFIER,Het,54,0.389,Catecholaminergic polymorphic ventricular tachycardia; Long QT syndrome,No,,No,Not provided,No,Not provided,Not provided,Not provided,0,Not provided,0,0,N/A,Not provided,Not provided,0,Not provided,0,Not provided,No database evidence,0.0,Unknown,-1.000,Not provided,Not provided,Not provided,[],[],unknown,No,"{""PM2_Moderate"": 2}",2,VUS,"No ClinVar submissions | No HGMD entry | raw_total=0.000, applied=None",No ClinVar submissions,No HGMD entry,0.000,,,,,PM2_Moderate: gnomAD max AF=0 < threshold 0.005 for MOI AR,,,,,,,,,,,,No,No,,,Cluster id=18 detected (members=chr6:123522922:A:AG:7115000;chr6:123522923:TCCC:T:7115000) - no Pathogenic/LP present; delins NOT flagged; requires P/LP to consider delins.;Delins/overlap cluster (id=18) detected but not all members meet P/LP or >5pts -> not auto-escalated (possible carrier).;Filtered: VUS with <5 points excluded from all reporting paths (auto/manual/delins),,Yes
7115000,11830_2024,chr6,123522923,TCCC,T,TRDN,AR,c.485-6720_485-6718delGGG,Not provided,,,,NM_001256020.2,5/8,intron_variant,MODIFIER,Het,55,0.436,Catecholaminergic polymorphic ventricular tachycardia; Long QT syndrome,No,,No,Not provided,No,Not provided,Not provided,Not provided,0,Not provided,0,0,N/A,Not provided,Not provided,0,Not provided,0,Not provided,No database evidence,0.0,Unknown,-1.000,Not provided,Not provided,Not provided,[],[],unknown,No,"{""PM2_Moderate"": 2}",2,VUS,"No ClinVar submissions | No HGMD entry | raw_total=0.000, applied=None",No ClinVar submissions,No HGMD entry,0.000,,,,,PM2_Moderate: gnomAD max AF=0 < threshold 0.005 for MOI AR,,,,,,,,,,,,No,No,,,Cluster id=18 detected (members=chr6:123522922:A:AG:7115000;chr6:123522923:TCCC:T:7115000) - no Pathogenic/LP present; delins NOT flagged; requires P/LP to consider delins.;Delins/overlap cluster (id=18) detected but not all members meet P/LP or >5pts -> not auto-escalated (possible carrier).;Filtered: VUS with <5 points excluded from all reporting paths (auto/manual/delins),,Yes
7115000,11830_2024,chr6,123603796,G,C,TRDN,AR,c.23-32664C>G,Not provided,,,,NM_001256020.2,1/8,intron_variant,MODIFIER,Het,48,0.354,Catecholaminergic polymorphic ventricular tachycardia; Long QT syndrome,No,,No,Not provided,No,Not provided,Not provided,Not provided,0,Not provided,0,0,N/A,Not provided,Not provided,0,Not provided,0,Not provided,No database evidence,0.0,Unknown,-1.000,Not provided,Not provided,Not provided,[],[],unknown,No,"{""PM2_Moderate"": 2}",2,VUS,"No ClinVar submissions | No HGMD entry | raw_total=0.000, applied=None",No ClinVar submissions,No HGMD entry,0.000,,,,,PM2_Moderate: gnomAD max AF=0 < threshold 0.005 for MOI AR,,,,,,,,,,,,No,No,,,Filtered: VUS with <5 points excluded from all reporting paths (auto/manual/delins),,Yes
7115000,11830_2024,chr7,128830356,G,C,FLNC,AD,c.-282G>C,Not provided,,,,NM_001458.4,,upstream_gene_variant,MODIFIER,Het,21,0.571,Dilated cardiomyopathy; Hypertrophic cardiomyopathy; Myofibrillar myopathy,No,,No,Not provided,No,Not provided,Not provided,Not provided,0,Not provided,0,0,N/A,Not provided,Not provided,0,Not provided,0,Not provided,No database evidence,0.000020,v3,-1.000,Not provided,Not provided,Not provided,[],[],unknown,No,"{""PM2_Moderate"": 2}",2,VUS,"No ClinVar submissions | No HGMD entry | raw_total=0.000, applied=None",No ClinVar submissions,No HGMD entry,0.000,,,,,PM2_Moderate: gnomAD max AF=1.99378e-05 < threshold 0.0001 for MOI AD,,,,,,,,,,,,No,No,,,Filtered: VUS with <5 points excluded from all reporting paths (auto/manual/delins),,Yes
7115000,11830_2024,chr7,128838764,C,T,FLNC,AD,c.1372C>T,p.Pro458Ser,Pro,Ser,458,NM_001458.4,8/48,missense_variant,MODERATE,Het,48,0.521,Dilated cardiomyopathy; Hypertrophic cardiomyopathy; Myofibrillar myopathy,No,,Yes,"Myofibrillar myopathy 5;C3279722:Distal myopathy with posterior leg and anterior hand involvement;C4310749:Hypertrophic cardiomyopathy 26;na:Dilated Cardiomyopathy, Dominant;CN230736:Cardiovascular phenotype",No,Not provided,"Myofibrillar myopathy 5;C3279722:Distal myopathy with posterior leg and anterior hand involvement;C4310749:Hypertrophic cardiomyopathy 26;na:Dilated Cardiomyopathy, Dominant;CN230736:Cardiovascular phenotype",likely benign;uncertain significance,1;1,Likely benign,1,1,conditions_csv_phenotype_match,Not provided,Not provided,0,Not provided,0,Not provided,"ClinVar: Sig=likely benign;uncertain significance; ClinVar: Trait=Myofibrillar myopathy 5;C3279722:Distal myopathy with posterior leg and anterior hand involvement;C4310749:Hypertrophic cardiomyopathy 26;na:Dilated Cardiomyopathy, Dominant;CN230736:Cardiovascular phenotype",0.000013,v3,0.300,Not provided,Not provided,Not provided,[],[],unknown,No,"{""PM2_Moderate"": 2, ""BP5ext_Supporting"": -1}",1,VUS,"sig=likely benign (-2 points), stars=1 (0.75 coef), clinvar_phenotype_match=Yes, clin=-1.500 | No HGMD entry | raw_total=-1.500, applied=BP5ext_Supporting","sig=likely benign (-2 points), stars=1 (0.75 coef), clinvar_phenotype_match=Yes, clin=-1.500",No HGMD entry,-1.500,BP5ext_Supporting,,,,PM2_Moderate: gnomAD max AF=1.31491e-05 < threshold 0.0001 for MOI AD,,,,,,,,,,,,No,No,,,Database conflict (ClinVar): Benign vs VUS detected -> conservative -1 point applied (info in comments).;Filtered: VUS with <5 points excluded from all reporting paths (auto/manual/delins),,Yes
7115000,11830_2024,chr7,150958863,G,T,KCNH2,AD,c.473-361C>A,Not provided,,,,NM_172056.2,3/8,intron_variant,MODIFIER,Het,40,0.475,Long-QT syndrome type 2,No,,No,Not provided,No,Not provided,Not provided,Not provided,0,Not provided,0,0,N/A,Not provided,Not provided,0,Not provided,0,Not provided,No database evidence,0.0,Unknown,-1.000,Not provided,Not provided,Not provided,[],[],unknown,No,"{""PM2_Moderate"": 2}",2,VUS,"No ClinVar submissions | No HGMD entry | raw_total=0.000, applied=None",No ClinVar submissions,No HGMD entry,0.000,,,,,PM2_Moderate: gnomAD max AF=0 < threshold 0.0001 for MOI AD,,,,,,,,,,,,No,No,,,Filtered: VUS with <5 points excluded from all reporting paths (auto/manual/delins),,Yes
7115000,11830_2024,chr7,151625519,A,G,PRKAG2,AD,c.382+6550T>C,Not provided,,,,NM_001304527.1,3/13,intron_variant,MODIFIER,Het,31,0.516,Hypertrophic cardiomyopathy,No,,No,Not provided,No,Not provided,Not provided,Not provided,0,Not provided,0,0,N/A,Not provided,Not provided,0,Not provided,0,Not provided,No database evidence,0.0,Unknown,-1.000,Not provided,Not provided,Not provided,[],[],unknown,No,"{""PM2_Moderate"": 2}",2,VUS,"No ClinVar submissions | No HGMD entry | raw_total=0.000, applied=None",No ClinVar submissions,No HGMD entry,0.000,,,,,PM2_Moderate: gnomAD max AF=0 < threshold 0.0001 for MOI AD,,,,,,,,,,,,No,No,,,Filtered: VUS with <5 points excluded from all reporting paths (auto/manual/delins),,Yes
7115000,11830_2024,chr7,151637247,T,A,PRKAG2,AD,c.313-5109A>T,Not provided,,,,NM_001304527.1,2/13,intron_variant,MODIFIER,Het,51,0.529,Hypertrophic cardiomyopathy,No,,No,Not provided,No,Not provided,Not provided,Not provided,0,Not provided,0,0,N/A,Not provided,Not provided,0,Not provided,0,Not provided,No database evidence,0.0,Unknown,-1.000,Not provided,Not provided,Not provided,[],[],unknown,No,"{""PM2_Moderate"": 2}",2,VUS,"No ClinVar submissions | No HGMD entry | raw_total=0.000, applied=None",No ClinVar submissions,No HGMD entry,0.000,,,,,PM2_Moderate: gnomAD max AF=0 < threshold 0.0001 for MOI AD,,,,,,,,,,,,No,No,,,Filtered: VUS with <5 points excluded from all reporting paths (auto/manual/delins),,Yes
7115000,11830_2024,chr7,151645698,A,G,PRKAG2,AD,c.313-13560T>C,Not provided,,,,NM_001304527.1,2/13,intron_variant,MODIFIER,Het,50,0.420,Hypertrophic cardiomyopathy,No,,No,Not provided,No,Not provided,Not provided,Not provided,0,Not provided,0,0,N/A,Not provided,Not provided,0,Not provided,0,Not provided,No database evidence,0.0,Unknown,-1.000,Not provided,Not provided,Not provided,[],[],unknown,No,"{""PM2_Moderate"": 2}",2,VUS,"No ClinVar submissions | No HGMD entry | raw_total=0.000, applied=None",No ClinVar submissions,No HGMD entry,0.000,,,,,PM2_Moderate: gnomAD max AF=0 < threshold 0.0001 for MOI AD,,,,,,,,,,,,No,No,,,Filtered: VUS with <5 points excluded from all reporting paths (auto/manual/delins),,Yes
7115000,11830_2024,chr7,151761701,T,C,PRKAG2,AD,c.466+19451A>G,Not provided,,,,NM_016203.4,3/15,intron_variant,MODIFIER,Het,41,0.439,Hypertrophic cardiomyopathy,No,,No,Not provided,No,Not provided,Not provided,Not provided,0,Not provided,0,0,N/A,Not provided,Not provided,0,Not provided,0,Not provided,No database evidence,0.0,Unknown,-1.000,Not provided,Not provided,Not provided,[],[],unknown,No,"{""PM2_Moderate"": 2}",2,VUS,"No ClinVar submissions | No HGMD entry | raw_total=0.000, applied=None",No ClinVar submissions,No HGMD entry,0.000,,,,,PM2_Moderate: gnomAD max AF=0 < threshold 0.0001 for MOI AD,,,,,,,,,,,,No,No,,,Filtered: VUS with <5 points excluded from all reporting paths (auto/manual/delins),,Yes
7115000,11830_2024,chr7,151820620,C,G,PRKAG2,AD,c.115-34079G>C,Not provided,,,,NM_016203.4,1/15,intron_variant,MODIFIER,Het,27,0.407,Hypertrophic cardiomyopathy,No,,No,Not provided,No,Not provided,Not provided,Not provided,0,Not provided,0,0,N/A,Not provided,Not provided,0,Not provided,0,Not provided,No database evidence,0.0,Unknown,-1.000,Not provided,Not provided,Not provided,[],[],unknown,No,"{""PM2_Moderate"": 2}",2,VUS,"No ClinVar submissions | No HGMD entry | raw_total=0.000, applied=None",No ClinVar submissions,No HGMD entry,0.000,,,,,PM2_Moderate: gnomAD max AF=0 < threshold 0.0001 for MOI AD,,,,,,,,,,,,No,No,,,Cluster id=19 detected (members=chr7:151820620:C:G:7115000;chr7:151820626:A:T:7115000) - no Pathogenic/LP present; delins NOT flagged; requires P/LP to consider delins.;Delins/overlap cluster (id=19) detected but not all members meet P/LP or >5pts -> not auto-escalated (possible carrier).;Filtered: VUS with <5 points excluded from all reporting paths (auto/manual/delins),,Yes
7115000,11830_2024,chr7,151820626,A,T,PRKAG2,AD,c.115-34085T>A,Not provided,,,,NM_016203.4,1/15,intron_variant,MODIFIER,Het,28,0.393,Hypertrophic cardiomyopathy,No,,No,Not provided,No,Not provided,Not provided,Not provided,0,Not provided,0,0,N/A,Not provided,Not provided,0,Not provided,0,Not provided,No database evidence,0.0,Unknown,-1.000,Not provided,Not provided,Not provided,[],[],unknown,No,"{""PM2_Moderate"": 2}",2,VUS,"No ClinVar submissions | No HGMD entry | raw_total=0.000, applied=None",No ClinVar submissions,No HGMD entry,0.000,,,,,PM2_Moderate: gnomAD max AF=0 < threshold 0.0001 for MOI AD,,,,,,,,,,,,No,No,,,Cluster id=19 detected (members=chr7:151820620:C:G:7115000;chr7:151820626:A:T:7115000) - no Pathogenic/LP present; delins NOT flagged; requires P/LP to consider delins.;Delins/overlap cluster (id=19) detected but not all members meet P/LP or >5pts -> not auto-escalated (possible carrier).;Filtered: VUS with <5 points excluded from all reporting paths (auto/manual/delins),,Yes
7115000,11830_2024,chr7,151821039,C,T,PRKAG2,AD,c.115-34498G>A,Not provided,,,,NM_016203.4,1/15,intron_variant,MODIFIER,Het,65,0.262,Hypertrophic cardiomyopathy,No,,No,Not provided,No,Not provided,Not provided,Not provided,0,Not provided,0,0,N/A,Not provided,Not provided,0,Not provided,0,Not provided,No database evidence,0.0,Unknown,-1.000,Not provided,Not provided,Not provided,[],[],unknown,No,"{""PM2_Moderate"": 2}",2,VUS,"No ClinVar submissions | No HGMD entry | raw_total=0.000, applied=None",No ClinVar submissions,No HGMD entry,0.000,,,,,PM2_Moderate: gnomAD max AF=0 < threshold 0.0001 for MOI AD,,,,,,,,,,,,No,No,,,Filtered: VUS with <5 points excluded from all reporting paths (auto/manual/delins),,Yes
7115000,11830_2024,chr7,151832698,C,G,PRKAG2,AD,c.114+43809G>C,Not provided,,,,NM_016203.4,1/15,intron_variant,MODIFIER,Het,40,0.500,Hypertrophic cardiomyopathy,No,,No,Not provided,No,Not provided,Not provided,Not provided,0,Not provided,0,0,N/A,Not provided,Not provided,0,Not provided,0,Not provided,No database evidence,0.0,Unknown,-1.000,Not provided,Not provided,Not provided,[],[],unknown,No,"{""PM2_Moderate"": 2}",2,VUS,"No ClinVar submissions | No HGMD entry | raw_total=0.000, applied=None",No ClinVar submissions,No HGMD entry,0.000,,,,,PM2_Moderate: gnomAD max AF=0 < threshold 0.0001 for MOI AD,,,,,,,,,,,,No,No,,,Filtered: VUS with <5 points excluded from all reporting paths (auto/manual/delins),,Yes
7115000,11830_2024,chr7,151841704,T,TA,PRKAG2,AD,c.114+34802_114+34803insT,Not provided,,,,NM_016203.4,1/15,intron_variant,MODIFIER,Hom,6,0.833,Hypertrophic cardiomyopathy,No,,No,Not provided,No,Not provided,Not provided,Not provided,0,Not provided,0,0,N/A,Not provided,Not provided,0,Not provided,0,Not provided,No database evidence,0.000060,v3,-1.000,Not provided,Not provided,Not provided,[],[],unknown,No,"{""PM2_Moderate"": 2}",2,VUS,"No ClinVar submissions | No HGMD entry | raw_total=0.000, applied=None",No ClinVar submissions,No HGMD entry,0.000,,,,,PM2_Moderate: gnomAD max AF=6.0015e-05 < threshold 0.0001 for MOI AD,,,,,,,,,,,,No,No,,,Cluster id=20 detected (members=chr7:151841678:ATGGTAG:A:7115000;chr7:151841689:G:A:7115000;chr7:151841698:G:A:7115000;chr7:151841707:G:GAT:7115000;chr7:151841706:G:T:7115000;chr7:151841704:T:TA:7115000) - no Pathogenic/LP present; delins NOT flagged; requires P/LP to consider delins.;Delins/overlap cluster (id=20) detected but not all members meet P/LP or >5pts -> not auto-escalated (possible carrier).;Filtered: VUS with <5 points excluded from all reporting paths (auto/manual/delins),,Yes
7115000,11830_2024,chr7,151841706,G,T,PRKAG2,AD,c.114+34801C>A,Not provided,,,,NM_016203.4,1/15,intron_variant,MODIFIER,Hom,6,0.833,Hypertrophic cardiomyopathy,No,,No,Not provided,No,Not provided,Not provided,Not provided,0,Not provided,0,0,N/A,Not provided,Not provided,0,Not provided,0,Not provided,No database evidence,0.000076,v3,-1.000,Not provided,Not provided,Not provided,[],[],unknown,No,"{""PM2_Moderate"": 2}",2,VUS,"No ClinVar submissions | No HGMD entry | raw_total=0.000, applied=None",No ClinVar submissions,No HGMD entry,0.000,,,,,PM2_Moderate: gnomAD max AF=7.61673e-05 < threshold 0.0001 for MOI AD,,,,,,,,,,,,No,No,,,Cluster id=20 detected (members=chr7:151841678:ATGGTAG:A:7115000;chr7:151841689:G:A:7115000;chr7:151841698:G:A:7115000;chr7:151841707:G:GAT:7115000;chr7:151841706:G:T:7115000;chr7:151841704:T:TA:7115000) - no Pathogenic/LP present; delins NOT flagged; requires P/LP to consider delins.;Delins/overlap cluster (id=20) detected but not all members meet P/LP or >5pts -> not auto-escalated (possible carrier).;Filtered: VUS with <5 points excluded from all reporting paths (auto/manual/delins),,Yes
7115000,11830_2024,chr7,151841707,G,GAT,PRKAG2,AD,c.114+34799_114+34800insAT,Not provided,,,,NM_016203.4,1/15,intron_variant,MODIFIER,Hom,6,0.833,Hypertrophic cardiomyopathy,No,,No,Not provided,No,Not provided,Not provided,Not provided,0,Not provided,0,0,N/A,Not provided,Not provided,0,Not provided,0,Not provided,No database evidence,0.000086,v3,-1.000,Not provided,0.000,Not provided,[],[],unknown,No,"{""PM2_Moderate"": 2}",2,VUS,"No ClinVar submissions | No HGMD entry | raw_total=0.000, applied=None",No ClinVar submissions,No HGMD entry,0.000,,,,,PM2_Moderate: gnomAD max AF=8.56128e-05 < threshold 0.0001 for MOI AD,,,,,,,,,,,,No,No,,,Cluster id=20 detected (members=chr7:151841678:ATGGTAG:A:7115000;chr7:151841689:G:A:7115000;chr7:151841698:G:A:7115000;chr7:151841707:G:GAT:7115000;chr7:151841706:G:T:7115000;chr7:151841704:T:TA:7115000) - no Pathogenic/LP present; delins NOT flagged; requires P/LP to consider delins.;Delins/overlap cluster (id=20) detected but not all members meet P/LP or >5pts -> not auto-escalated (possible carrier).;Filtered: VUS with <5 points excluded from all reporting paths (auto/manual/delins),,Yes
7115000,11830_2024,chr7,151874005,TGTATAA,T,PRKAG2,AD,c.114+2496_114+2501delTTATAC,Not provided,,,,NM_016203.4,1/15,intron_variant,MODIFIER,Het,36,0.361,Hypertrophic cardiomyopathy,No,,No,Not provided,No,Not provided,Not provided,Not provided,0,Not provided,0,0,N/A,Not provided,Not provided,0,Not provided,0,Not provided,No database evidence,0.0,Unknown,-1.000,Not provided,0.000,Not provided,[],[],unknown,No,"{""PM2_Moderate"": 2}",2,VUS,"No ClinVar submissions | No HGMD entry | raw_total=0.000, applied=None",No ClinVar submissions,No HGMD entry,0.000,,,,,PM2_Moderate: gnomAD max AF=0 < threshold 0.0001 for MOI AD,,,,,,,,,,,,No,No,,,Filtered: VUS with <5 points excluded from all reporting paths (auto/manual/delins),,Yes
7115000,11830_2024,chr7,151874354,GATGTAT,G,PRKAG2,AD,c.114+2147_114+2152delATACAT,Not provided,,,,NM_016203.4,1/15,intron_variant,MODIFIER,Het,21,0.286,Hypertrophic cardiomyopathy,No,,No,Not provided,No,Not provided,Not provided,Not provided,0,Not provided,0,0,N/A,Not provided,Not provided,0,Not provided,0,Not provided,No database evidence,0.000050,v3,-1.000,Not provided,0.010,Not provided,[],[],unknown,No,"{""PM2_Moderate"": 2}",2,VUS,"No ClinVar submissions | No HGMD entry | raw_total=0.000, applied=None",No ClinVar submissions,No HGMD entry,0.000,,,,,PM2_Moderate: gnomAD max AF=5.04785e-05 < threshold 0.0001 for MOI AD,,,,,,,,,,,,No,No,,,Filtered: VUS with <5 points excluded from all reporting paths (auto/manual/delins),,Yes
7115000,11830_2024,chr7,151874390,GATGTAT,G,PRKAG2,AD,c.114+2111_114+2116delATACAT,Not provided,,,,NM_016203.4,1/15,intron_variant,MODIFIER,Het,17,0.412,Hypertrophic cardiomyopathy,No,,No,Not provided,No,Not provided,Not provided,Not provided,0,Not provided,0,0,N/A,Not provided,Not provided,0,Not provided,0,Not provided,No database evidence,0.0,Unknown,-1.000,Not provided,0.010,Not provided,[],[],unknown,No,"{""PM2_Moderate"": 2}",2,VUS,"No ClinVar submissions | No HGMD entry | raw_total=0.000, applied=None",No ClinVar submissions,No HGMD entry,0.000,,,,,PM2_Moderate: gnomAD max AF=0 < threshold 0.0001 for MOI AD,,,,,,,,,,,,No,No,,,Filtered: VUS with <5 points excluded from all reporting paths (auto/manual/delins),,Yes
7115000,11830_2024,chr7,151874474,G,GATGTAT,PRKAG2,AD,c.114+2027_114+2032dupATACAT,Not provided,,,,NM_016203.4,1/15,intron_variant,MODIFIER,Hom,26,0.346,Hypertrophic cardiomyopathy,No,,No,Not provided,No,Not provided,Not provided,Not provided,0,Not provided,0,0,N/A,Not provided,Not provided,0,Not provided,0,Not provided,No database evidence,0.0,Unknown,-1.000,Not provided,0.010,Not provided,[],[],unknown,No,"{""PM2_Moderate"": 2}",2,VUS,"No ClinVar submissions | No HGMD entry | raw_total=0.000, applied=None",No ClinVar submissions,No HGMD entry,0.000,,,,,PM2_Moderate: gnomAD max AF=0 < threshold 0.0001 for MOI AD,,,,,,,,,,,,No,No,,,Filtered: VUS with <5 points excluded from all reporting paths (auto/manual/delins),,Yes
7115000,11830_2024,chr9,99151938,ATCT,A,TGFBR1,AD,c.*2637_*2639delTCT,Not provided,,,,NM_004612.4,9/9,3_prime_UTR_variant,MODIFIER,Het,44,0.409,Loeys-Dietz syndrome,No,,No,Familial thoracic aortic aneurysm and aortic dissection;Loeys-Dietz syndrome 1;Loeys-Dietz syndrome,No,Not provided,Familial thoracic aortic aneurysm and aortic dissection;Loeys-Dietz syndrome 1;Loeys-Dietz syndrome,uncertain significance;uncertain significance;uncertain significance,1;1;1,Uncertain significance,1,1,conditions_csv_phenotype_match,Not provided,Not provided,0,Not provided,0,Not provided,ClinVar: Sig=uncertain significance;uncertain significance;uncertain significance; ClinVar: Trait=Familial thoracic aortic aneurysm and aortic dissection;Loeys-Dietz syndrome 1;Loeys-Dietz syndrome,0.000099,v3,-1.000,Not provided,Not provided,Not provided,[],[],unknown,No,"{""PM2_Moderate"": 2, ""BP5ext_Supporting"": -1}",1,VUS,"sig=uncertain significance (-1 points), stars=1 (0.75 coef), clinvar_phenotype_match=No, clin=-0.750 | No HGMD entry | raw_total=-0.750, applied=BP5ext_Supporting","sig=uncertain significance (-1 points), stars=1 (0.75 coef), clinvar_phenotype_match=No, clin=-0.750",No HGMD entry,-0.750,BP5ext_Supporting,,,,PM2_Moderate: gnomAD max AF=9.85377e-05 < threshold 0.0001 for MOI AD,,,,,,,,,,,,No,No,,,Filtered: VUS with <5 points excluded from all reporting paths (auto/manual/delins),,Yes
7115000,11830_2024,chr9,127830340,TAA,T,ENG,AD,c.220-515_220-514delTT,Not provided,,,,NM_000118.3,2/13,intron_variant,MODIFIER,Het,11,0.364,Hereditary hemorrhagic telangiectasia,No,,No,Not provided,No,Not provided,Not provided,Not provided,0,Not provided,0,0,N/A,Not provided,Not provided,0,Not provided,0,Not provided,No database evidence,0.0,Unknown,-1.000,Not provided,Not provided,Not provided,[],[],unknown,No,"{""PM2_Moderate"": 2}",2,VUS,"No ClinVar submissions | No HGMD entry | raw_total=0.000, applied=None",No ClinVar submissions,No HGMD entry,0.000,,,,,PM2_Moderate: gnomAD max AF=0 < threshold 0.0001 for MOI AD,,,,,,,,,,,,No,No,,,Filtered: VUS with <5 points excluded from all reporting paths (auto/manual/delins),,Yes
7115000,11830_2024,chr9,127838757,C,G,ENG,AD,c.219+4337G>C,Not provided,,,,NM_000118.3,2/13,intron_variant,MODIFIER,Het,43,0.558,Hereditary hemorrhagic telangiectasia,No,,No,Not provided,No,Not provided,Not provided,Not provided,0,Not provided,0,0,N/A,Not provided,Not provided,0,Not provided,0,Not provided,No database evidence,0.0,Unknown,-1.000,Not provided,Not provided,Not provided,[],[],unknown,No,"{""PM2_Moderate"": 2}",2,VUS,"No ClinVar submissions | No HGMD entry | raw_total=0.000, applied=None",No ClinVar submissions,No HGMD entry,0.000,,,,,PM2_Moderate: gnomAD max AF=0 < threshold 0.0001 for MOI AD,,,,,,,,,,,,No,No,,,Filtered: VUS with <5 points excluded from all reporting paths (auto/manual/delins),,Yes
7115000,11830_2024,chr9,127856792,C,T,ENG,AD,c.-2437G>A,Not provided,,,,NM_000118.3,,upstream_gene_variant,MODIFIER,Het,56,0.500,Hereditary hemorrhagic telangiectasia,No,,No,Not provided,No,Not provided,Not provided,Not provided,0,Not provided,0,0,N/A,Not provided,Not provided,0,Not provided,0,Not provided,No database evidence,0.000026,v3,-1.000,Not provided,Not provided,Not provided,[],[],unknown,No,"{""PM2_Moderate"": 2}",2,VUS,"No ClinVar submissions | No HGMD entry | raw_total=0.000, applied=None",No ClinVar submissions,No HGMD entry,0.000,,,,,PM2_Moderate: gnomAD max AF=2.63096e-05 < threshold 0.0001 for MOI AD,,,,,,,,,,,,No,No,,,Filtered: VUS with <5 points excluded from all reporting paths (auto/manual/delins),,Yes
7115000,11830_2024,chrX,38408028,G,T,OTC,XL,c.664-714G>T,Not provided,,,,NM_000531.6,6/9,intron_variant,MODIFIER,Het,51,0.471,Ornithine transcarbamylase deficiency,No,,No,Not provided,No,Not provided,Not provided,Not provided,0,Not provided,0,0,N/A,Not provided,Not provided,0,Not provided,0,Not provided,No database evidence,0.0,Unknown,-1.000,Not provided,Not provided,Not provided,[],[],unknown,No,"{""PM2_Moderate"": 2}",2,VUS,"No ClinVar submissions | No HGMD entry | raw_total=0.000, applied=None",No ClinVar submissions,No HGMD entry,0.000,,,,,PM2_Moderate: gnomAD max AF=0 < threshold 0.0001 for MOI XL,,,,,,,,,,,,No,No,,,Filtered: VUS with <5 points excluded from all reporting paths (auto/manual/delins);Filtered: Female with heterozygous XLR variant - carriers not reported,Filtered: VUS with <5 points excluded from all reporting paths (auto/manual/delins);Filtered: Female with heterozygous XLR variant - carriers not reported,Yes
7115000,11830_2024,chrX,101399951,G,A,GLA,XL,c.639+715C>T,Not provided,,,,NM_000169.2,4/6,intron_variant,MODIFIER,Het,46,0.500,Fabry disease,No,,Yes,Fabry disease,No,Not provided,Fabry disease,benign,1,Benign,1,1,conditions_csv_phenotype_match,Not provided,Not provided,0,Not provided,0,Not provided,ClinVar: Sig=benign; ClinVar: Trait=Fabry disease,0.0,Unknown,-1.000,Not provided,Not provided,Not provided,[],[],unknown,No,"{""PM2_Moderate"": 2, ""BP5ext_Moderate"": -2}",0,VUS,"sig=benign (-3 points), stars=1 (0.75 coef), clinvar_phenotype_match=Yes, clin=-2.250 | No HGMD entry | raw_total=-2.250, applied=BP5ext_Moderate","sig=benign (-3 points), stars=1 (0.75 coef), clinvar_phenotype_match=Yes, clin=-2.250",No HGMD entry,-2.250,BP5ext_Moderate,,,,PM2_Moderate: gnomAD max AF=0 < threshold 0.0001 for MOI XL,,,,,,,,,,,,No,No,,,Filtered: VUS with <5 points excluded from all reporting paths (auto/manual/delins);Filtered: Female with heterozygous XLR variant - carriers not reported,Filtered: VUS with <5 points excluded from all reporting paths (auto/manual/delins);Filtered: Female with heterozygous XLR variant - carriers not reported,Yes
7115000,11830_2024,chr1,115771015,T,C,CASQ2,AR,c.-2474A>G,Not provided,,,,NM_001232.3,,upstream_gene_variant,MODIFIER,Het,8,0.625,Catecholaminergic polymorphic ventricular tachycardia,No,,No,Not provided,No,Not provided,Not provided,Not provided,0,Not provided,0,0,N/A,Not provided,Not provided,0,Not provided,0,Not provided,No database evidence,0.0,Unknown,-1.000,Not provided,Not provided,Not provided,[],[],unknown,No,"{""PM2_Moderate"": 2}",2,VUS,"No ClinVar submissions | No HGMD entry | raw_total=0.000, applied=None",No ClinVar submissions,No HGMD entry,0.000,,,,,PM2_Moderate: gnomAD max AF=0 < threshold 0.005 for MOI AR,,,,,,,,,,,,No,No,,,"Failed strict QC: heterozygous variant on chr1 with DP=8 (min=10), AF=0.625 (min=0.2);Filtered: VUS with <5 points excluded from all reporting paths (auto/manual/delins);Failed strict QC",,Yes
7115000,11830_2024,chr1,237076013,C,T,RYR2,AD,c.48+33444C>T,Not provided,,,,NM_001035.3,1/104,intron_variant,MODIFIER,Het,6,0.333,Catecholaminergic polymorphic ventricular tachycardia,No,,No,Not provided,No,Not provided,Not provided,Not provided,0,Not provided,0,0,N/A,Not provided,Not provided,0,Not provided,0,Not provided,No database evidence,0.0,Unknown,-1.000,Not provided,Not provided,Not provided,[],[],unknown,No,"{""PM2_Moderate"": 2}",2,VUS,"No ClinVar submissions | No HGMD entry | raw_total=0.000, applied=None",No ClinVar submissions,No HGMD entry,0.000,,,,,PM2_Moderate: gnomAD max AF=0 < threshold 0.0001 for MOI AD,,,,,,,,,,,,No,No,,,"Failed strict QC: heterozygous variant on chr1 with DP=6 (min=10), AF=0.333 (min=0.2);Filtered: VUS with <5 points excluded from all reporting paths (auto/manual/delins);Failed strict QC",,Yes
7115000,11830_2024,chr1,237076209,C,A,RYR2,AD,c.48+33640C>A,Not provided,,,,NM_001035.3,1/104,intron_variant,MODIFIER,Het,7,0.286,Catecholaminergic polymorphic ventricular tachycardia,No,,No,Not provided,No,Not provided,Not provided,Not provided,0,Not provided,0,0,N/A,Not provided,Not provided,0,Not provided,0,Not provided,No database evidence,0.0,Unknown,-1.000,Not provided,Not provided,Not provided,[],[],unknown,No,"{""PM2_Moderate"": 2}",2,VUS,"No ClinVar submissions | No HGMD entry | raw_total=0.000, applied=None",No ClinVar submissions,No HGMD entry,0.000,,,,,PM2_Moderate: gnomAD max AF=0 < threshold 0.0001 for MOI AD,,,,,,,,,,,,No,No,,,"Failed strict QC: heterozygous variant on chr1 with DP=7 (min=10), AF=0.286 (min=0.2);Filtered: VUS with <5 points excluded from all reporting paths (auto/manual/delins);Failed strict QC",,Yes
7115000,11830_2024,chr1,237515609,C,T,RYR2,AD,c.2822+3818C>T,Not provided,,,,NM_001035.3,24/104,intron_variant,MODIFIER,Het,9,0.222,Catecholaminergic polymorphic ventricular tachycardia,No,,No,Not provided,No,Not provided,Not provided,Not provided,0,Not provided,0,0,N/A,Not provided,Not provided,0,Not provided,0,Not provided,No database evidence,0.0,Unknown,-1.000,Not provided,Not provided,Not provided,[],[],unknown,No,"{""PM2_Moderate"": 2}",2,VUS,"No ClinVar submissions | No HGMD entry | raw_total=0.000, applied=None",No ClinVar submissions,No HGMD entry,0.000,,,,,PM2_Moderate: gnomAD max AF=0 < threshold 0.0001 for MOI AD,,,,,,,,,,,,No,No,,,"Failed strict QC: heterozygous variant on chr1 with DP=9 (min=10), AF=0.222 (min=0.2);Filtered: VUS with <5 points excluded from all reporting paths (auto/manual/delins);Failed strict QC",,Yes
7115000,11830_2024,chr1,237623375,C,G,RYR2,AD,c.5917-390C>G,Not provided,,,,NM_001035.3,38/104,intron_variant,MODIFIER,Het,8,0.875,Catecholaminergic polymorphic ventricular tachycardia,No,,No,Not provided,No,Not provided,Not provided,Not provided,0,Not provided,0,0,N/A,Not provided,Not provided,0,Not provided,0,Not provided,No database evidence,0.0,Unknown,-1.000,Not provided,Not provided,Not provided,[],[],unknown,No,"{""PM2_Moderate"": 2}",2,VUS,"No ClinVar submissions | No HGMD entry | raw_total=0.000, applied=None",No ClinVar submissions,No HGMD entry,0.000,,,,,PM2_Moderate: gnomAD max AF=0 < threshold 0.0001 for MOI AD,,,,,,,,,,,,No,No,,,"Cluster id=6 detected (members=chr1:237623375:C:G:7115000;chr1:237623379:C:G:7115000) - no Pathogenic/LP present; delins NOT flagged; requires P/LP to consider delins.;Delins/overlap cluster (id=6) detected but not all members meet P/LP or >5pts -> not auto-escalated (possible carrier).;Failed strict QC: heterozygous variant on chr1 with DP=8 (min=10), AF=0.875 (min=0.2);Filtered: VUS with <5 points excluded from all reporting paths (auto/manual/delins);Failed strict QC",,Yes
7115000,11830_2024,chr1,237623379,C,G,RYR2,AD,c.5917-386C>G,Not provided,,,,NM_001035.3,38/104,intron_variant,MODIFIER,Het,6,0.833,Catecholaminergic polymorphic ventricular tachycardia,No,,No,Not provided,No,Not provided,Not provided,Not provided,0,Not provided,0,0,N/A,Not provided,Not provided,0,Not provided,0,Not provided,No database evidence,0.0,Unknown,-1.000,Not provided,Not provided,Not provided,[],[],unknown,No,"{""PM2_Moderate"": 2}",2,VUS,"No ClinVar submissions | No HGMD entry | raw_total=0.000, applied=None",No ClinVar submissions,No HGMD entry,0.000,,,,,PM2_Moderate: gnomAD max AF=0 < threshold 0.0001 for MOI AD,,,,,,,,,,,,No,No,,,"Cluster id=6 detected (members=chr1:237623375:C:G:7115000;chr1:237623379:C:G:7115000) - no Pathogenic/LP present; delins NOT flagged; requires P/LP to consider delins.;Delins/overlap cluster (id=6) detected but not all members meet P/LP or >5pts -> not auto-escalated (possible carrier).;Failed strict QC: heterozygous variant on chr1 with DP=6 (min=10), AF=0.833 (min=0.2);Filtered: VUS with <5 points excluded from all reporting paths (auto/manual/delins);Failed strict QC",,Yes
7115000,11830_2024,chr10,43091623,T,A,RET,AD,c.74-8836T>A,Not provided,,,,NM_020630.5,1/18,intron_variant,MODIFIER,Het,7,0.286,Familial medullary thyroid cancer; Multiple endocrine neoplasia type 2A; Multiple endocrine neoplasia type 2B,No,,No,Not provided,No,Not provided,Not provided,Not provided,0,Not provided,0,0,N/A,Not provided,Not provided,0,Not provided,0,Not provided,No database evidence,0.000023,v3,-1.000,Not provided,Not provided,Not provided,[],[],unknown,No,"{""PM2_Moderate"": 2}",2,VUS,"No ClinVar submissions | No HGMD entry | raw_total=0.000, applied=None",No ClinVar submissions,No HGMD entry,0.000,,,,,PM2_Moderate: gnomAD max AF=2.29597e-05 < threshold 0.0001 for MOI AD,,,,,,,,,,,,No,No,,,"Failed strict QC: heterozygous variant on chr10 with DP=7 (min=10), AF=0.286 (min=0.2);Filtered: VUS with <5 points excluded from all reporting paths (auto/manual/delins);Failed strict QC",,Yes
7115000,11830_2024,chr10,87939214,C,G,PTEN,AD,c.1011+5963C>G,Not provided,,,,NM_001304717.5.2,6/9,intron_variant,MODIFIER,Het,9,0.556,PTEN hamartoma tumor syndrome,No,,No,Not provided,No,Not provided,Not provided,Not provided,0,Not provided,0,0,N/A,Not provided,Not provided,0,Not provided,0,Not provided,No database evidence,0.0,Unknown,-1.000,Not provided,Not provided,Not provided,[],[],unknown,No,"{""PM2_Moderate"": 2}",2,VUS,"No ClinVar submissions | No HGMD entry | raw_total=0.000, applied=None",No ClinVar submissions,No HGMD entry,0.000,,,,,PM2_Moderate: gnomAD max AF=0 < threshold 0.0001 for MOI AD,,,,,,,,,,,,No,No,,,"Failed strict QC: heterozygous variant on chr10 with DP=9 (min=10), AF=0.556 (min=0.2);Filtered: VUS with <5 points excluded from all reporting paths (auto/manual/delins);Failed strict QC",,Yes
7115000,11830_2024,chr10,119675784,TC,T,BAG3,AD,c.910-677delC,Not provided,,,,NM_004281.3,3/3,intron_variant,MODIFIER,Het,7,0.571,Dilated cardiomyopathy; Myofibrillar myopathy,No,,No,Not provided,No,Not provided,Not provided,Not provided,0,Not provided,0,0,N/A,Not provided,Not provided,0,Not provided,0,Not provided,No database evidence,0.0,Unknown,-1.000,Not provided,Not provided,Not provided,[],[],unknown,No,"{""PM2_Moderate"": 2}",2,VUS,"No ClinVar submissions | No HGMD entry | raw_total=0.000, applied=None",No ClinVar submissions,No HGMD entry,0.000,,,,,PM2_Moderate: gnomAD max AF=0 < threshold 0.0001 for MOI AD,,,,,,,,,,,,No,No,,,"Failed strict QC: heterozygous variant on chr10 with DP=7 (min=10), AF=0.571 (min=0.2);Filtered: VUS with <5 points excluded from all reporting paths (auto/manual/delins);Failed strict QC",,Yes
7115000,11830_2024,chr13,48469380,C,G,RB1,AD,c.2490-3980C>G,Not provided,,,,NM_000321.2,23/26,intron_variant,MODIFIER,Het,7,0.286,Retinoblastoma,No,,No,Not provided,No,Not provided,Not provided,Not provided,0,Not provided,0,0,N/A,Not provided,Not provided,0,Not provided,0,Not provided,No database evidence,0.0,Unknown,-1.000,Not provided,Not provided,Not provided,[],[],unknown,No,"{""PM2_Moderate"": 2}",2,VUS,"No ClinVar submissions | No HGMD entry | raw_total=0.000, applied=None",No ClinVar submissions,No HGMD entry,0.000,,,,,PM2_Moderate: gnomAD max AF=0 < threshold 0.0001 for MOI AD,,,,,,,,,,,,No,No,,,"Failed strict QC: heterozygous variant on chr13 with DP=7 (min=10), AF=0.286 (min=0.2);Filtered: VUS with <5 points excluded from all reporting paths (auto/manual/delins);Failed strict QC",,Yes
7115000,11830_2024,chr15,48578861,TG,T,FBN1,AD,c.538+17421delC,Not provided,,,,NM_000138.4,6/65,intron_variant,MODIFIER,Het,9,0.222,Marfan syndrome,No,,No,Not provided,No,Not provided,Not provided,Not provided,0,Not provided,0,0,N/A,Not provided,Not provided,0,Not provided,0,Not provided,No database evidence,0.0,Unknown,-1.000,Not provided,Not provided,Not provided,[],[],unknown,No,"{""PM2_Moderate"": 2}",2,VUS,"No ClinVar submissions | No HGMD entry | raw_total=0.000, applied=None",No ClinVar submissions,No HGMD entry,0.000,,,,,PM2_Moderate: gnomAD max AF=0 < threshold 0.0001 for MOI AD,,,,,,,,,,,,No,No,,,"Failed strict QC: heterozygous variant on chr15 with DP=9 (min=10), AF=0.222 (min=0.2);Filtered: VUS with <5 points excluded from all reporting paths (auto/manual/delins);Failed strict QC",,Yes
7115000,11830_2024,chr19,1206050,A,G,STK11,AD,c.-864A>G,Not provided,,,,NM_000455.5,1/10,5_prime_UTR_variant,MODIFIER,Het,7,0.286,Peutz-Jeghers syndrome,No,,No,Not provided,No,Not provided,Not provided,Not provided,0,Not provided,0,0,N/A,Not provided,Not provided,0,Not provided,0,Not provided,No database evidence,0.0,Unknown,-1.000,Not provided,Not provided,Not provided,[],[],unknown,No,"{""PM2_Moderate"": 2}",2,VUS,"No ClinVar submissions | No HGMD entry | raw_total=0.000, applied=None",No ClinVar submissions,No HGMD entry,0.000,,,,,PM2_Moderate: gnomAD max AF=0 < threshold 0.0001 for MOI AD,,,,,,,,,,,,No,No,,,"Failed strict QC: heterozygous variant on chr19 with DP=7 (min=10), AF=0.286 (min=0.2);Filtered: VUS with <5 points excluded from all reporting paths (auto/manual/delins);Failed strict QC",,Yes
7115000,11830_2024,chr19,55155501,A,C,TNNI3,AD,c.280-671T>G,Not provided,,,,NM_000363.5,4/6,intron_variant,MODIFIER,Het,7,0.286,Hypertrophic cardiomyopathy,No,,No,Not provided,No,Not provided,Not provided,Not provided,0,Not provided,0,0,N/A,Not provided,Not provided,0,Not provided,0,Not provided,No database evidence,0.0,Unknown,-1.000,Not provided,Not provided,Not provided,[],[],unknown,No,"{""PM2_Moderate"": 2}",2,VUS,"No ClinVar submissions | No HGMD entry | raw_total=0.000, applied=None",No ClinVar submissions,No HGMD entry,0.000,,,,,PM2_Moderate: gnomAD max AF=0 < threshold 0.0001 for MOI AD,,,,,,,,,,,,No,No,,,"Cluster id=11 detected (members=chr19:55155501:A:C:7115000;chr19:55155511:T:A:7115000) - no Pathogenic/LP present; delins NOT flagged; requires P/LP to consider delins.;Delins/overlap cluster (id=11) detected but not all members meet P/LP or >5pts -> not auto-escalated (possible carrier).;Failed strict QC: heterozygous variant on chr19 with DP=7 (min=10), AF=0.286 (min=0.2);Filtered: VUS with <5 points excluded from all reporting paths (auto/manual/delins);Failed strict QC",,Yes
7115000,11830_2024,chr19,55155511,T,A,TNNI3,AD,c.280-681A>T,Not provided,,,,NM_000363.5,4/6,intron_variant,MODIFIER,Het,7,0.286,Hypertrophic cardiomyopathy,No,,No,Not provided,No,Not provided,Not provided,Not provided,0,Not provided,0,0,N/A,Not provided,Not provided,0,Not provided,0,Not provided,No database evidence,0.0,Unknown,-1.000,Not provided,Not provided,Not provided,[],[],unknown,No,"{""PM2_Moderate"": 2}",2,VUS,"No ClinVar submissions | No HGMD entry | raw_total=0.000, applied=None",No ClinVar submissions,No HGMD entry,0.000,,,,,PM2_Moderate: gnomAD max AF=0 < threshold 0.0001 for MOI AD,,,,,,,,,,,,No,No,,,"Cluster id=11 detected (members=chr19:55155501:A:C:7115000;chr19:55155511:T:A:7115000) - no Pathogenic/LP present; delins NOT flagged; requires P/LP to consider delins.;Delins/overlap cluster (id=11) detected but not all members meet P/LP or >5pts -> not auto-escalated (possible carrier).;Failed strict QC: heterozygous variant on chr19 with DP=7 (min=10), AF=0.286 (min=0.2);Filtered: VUS with <5 points excluded from all reporting paths (auto/manual/delins);Failed strict QC",,Yes
7115000,11830_2024,chr2,21001217,T,A,APOB,AD,c.*513A>T,Not provided,,,,NM_000384.3,,downstream_gene_variant,MODIFIER,Het,6,0.500,Familial hypercholesterolemia,Yes,"No include rule matched; rules require explicit inclusion (whitelist);Include if Impact is ""MODERATE"" or ""LOW"";No include rule matched; rules require explicit inclusion (whitelist);Include if Impact is ""MODERATE"" or ""LOW""",No,Not provided,No,Not provided,Not provided,Not provided,0,Not provided,0,0,N/A,Not provided,Not provided,0,Not provided,0,Not provided,No database evidence,0.0,Unknown,-1.000,Not provided,Not provided,Not provided,[],[],unknown,No,"{""PM2_Moderate"": 2}",2,VUS,"No ClinVar submissions | No HGMD entry | raw_total=0.000, applied=None",No ClinVar submissions,No HGMD entry,0.000,,,,,PM2_Moderate: gnomAD max AF=0 < threshold 0.0001 for MOI AD,,,,,,,,,,,,No,No,,,"Failed strict QC: heterozygous variant on chr2 with DP=6 (min=10), AF=0.500 (min=0.2);Filtered: VUS with <5 points excluded from all reporting paths (auto/manual/delins);Failed strict QC;Filtered by gene 'Rules' (exclude): No include rule matched; rules require explicit inclusion (whitelist); Include if Impact is ""MODERATE"" or ""LOW""","Failed strict QC: heterozygous variant on chr2 with DP=6 (min=10), AF=0.500 (min=0.2);Filtered: VUS with <5 points excluded from all reporting paths (auto/manual/delins);Failed strict QC;Filtered by gene 'Rules' (exclude): No include rule matched; rules require explicit inclusion (whitelist); Include if Impact is ""MODERATE"" or ""LOW""",Yes
7115000,11830_2024,chr2,21001218,A,T,APOB,AD,c.*512T>A,Not provided,,,,NM_000384.3,,downstream_gene_variant,MODIFIER,Het,6,0.500,Familial hypercholesterolemia,Yes,"No include rule matched; rules require explicit inclusion (whitelist);Include if Impact is ""MODERATE"" or ""LOW"";No include rule matched; rules require explicit inclusion (whitelist);Include if Impact is ""MODERATE"" or ""LOW""",No,Not provided,No,Not provided,Not provided,Not provided,0,Not provided,0,0,N/A,Not provided,Not provided,0,Not provided,0,Not provided,No database evidence,0.0,Unknown,-1.000,Not provided,Not provided,Not provided,[],[],unknown,No,"{""PM2_Moderate"": 2}",2,VUS,"No ClinVar submissions | No HGMD entry | raw_total=0.000, applied=None",No ClinVar submissions,No HGMD entry,0.000,,,,,PM2_Moderate: gnomAD max AF=0 < threshold 0.0001 for MOI AD,,,,,,,,,,,,No,No,,,"Failed strict QC: heterozygous variant on chr2 with DP=6 (min=10), AF=0.500 (min=0.2);Filtered: VUS with <5 points excluded from all reporting paths (auto/manual/delins);Failed strict QC;Filtered by gene 'Rules' (exclude): No include rule matched; rules require explicit inclusion (whitelist); Include if Impact is ""MODERATE"" or ""LOW""","Failed strict QC: heterozygous variant on chr2 with DP=6 (min=10), AF=0.500 (min=0.2);Filtered: VUS with <5 points excluded from all reporting paths (auto/manual/delins);Failed strict QC;Filtered by gene 'Rules' (exclude): No include rule matched; rules require explicit inclusion (whitelist); Include if Impact is ""MODERATE"" or ""LOW""",Yes
7115000,11830_2024,chr2,21001219,T,A,APOB,AD,c.*511A>T,Not provided,,,,NM_000384.3,,downstream_gene_variant,MODIFIER,Het,6,0.500,Familial hypercholesterolemia,Yes,"No include rule matched; rules require explicit inclusion (whitelist);Include if Impact is ""MODERATE"" or ""LOW"";No include rule matched; rules require explicit inclusion (whitelist);Include if Impact is ""MODERATE"" or ""LOW""",No,Not provided,No,Not provided,Not provided,Not provided,0,Not provided,0,0,N/A,Not provided,Not provided,0,Not provided,0,Not provided,No database evidence,0.0,Unknown,-1.000,Not provided,Not provided,Not provided,[],[],unknown,No,"{""PM2_Moderate"": 2}",2,VUS,"No ClinVar submissions | No HGMD entry | raw_total=0.000, applied=None",No ClinVar submissions,No HGMD entry,0.000,,,,,PM2_Moderate: gnomAD max AF=0 < threshold 0.0001 for MOI AD,,,,,,,,,,,,No,No,,,"Failed strict QC: heterozygous variant on chr2 with DP=6 (min=10), AF=0.500 (min=0.2);Filtered: VUS with <5 points excluded from all reporting paths (auto/manual/delins);Failed strict QC;Filtered by gene 'Rules' (exclude): No include rule matched; rules require explicit inclusion (whitelist); Include if Impact is ""MODERATE"" or ""LOW""","Failed strict QC: heterozygous variant on chr2 with DP=6 (min=10), AF=0.500 (min=0.2);Filtered: VUS with <5 points excluded from all reporting paths (auto/manual/delins);Failed strict QC;Filtered by gene 'Rules' (exclude): No include rule matched; rules require explicit inclusion (whitelist); Include if Impact is ""MODERATE"" or ""LOW""",Yes
7115000,11830_2024,chr2,178699383,CTTTTTTTTTTTTTTTTT,C,TTN,AD,c.26951-486_26951-470delAAAAAAAAAAAAAAAAA,Not provided,,,,NM_133378.4,108/311,intron_variant,MODIFIER,Het,6,0.333,Dilated cardiomyopathy (truncating variants only),Yes,RULES_PRESENT_NO_MATCH: Exclude if Impact is MODERATE,No,Not provided,No,Not provided,Not provided,Not provided,0,Not provided,0,0,N/A,Not provided,Not provided,0,Not provided,0,Not provided,No database evidence,0.0,Unknown,-1.000,Not provided,0.000,Not provided,[],[],unknown,No,"{""PM2_Moderate"": 2}",2,VUS,"No ClinVar submissions | No HGMD entry | raw_total=0.000, applied=None",No ClinVar submissions,No HGMD entry,0.000,,,,,PM2_Moderate: gnomAD max AF=0 < threshold 0.0001 for MOI AD,,,,,,,,,,,,No,No,,,"Failed strict QC: heterozygous variant on chr2 with DP=6 (min=10), AF=0.333 (min=0.2);Filtered: VUS with <5 points excluded from all reporting paths (auto/manual/delins);Failed strict QC",,Yes
7115000,11830_2024,chr22,29696066,CTT,C,NF2,AD,c.*1286_*1287delTT,Not provided,,,,NM_000268.3,16/16,3_prime_UTR_variant,MODIFIER,Het,8,0.375,NF2-related schwannomatosis,No,,No,Not provided,No,Not provided,Not provided,Not provided,0,Not provided,0,0,N/A,Not provided,Not provided,0,Not provided,0,Not provided,No database evidence,0.0,Unknown,-1.000,Not provided,Not provided,Not provided,[],[],unknown,No,"{""PM2_Moderate"": 2}",2,VUS,"No ClinVar submissions | No HGMD entry | raw_total=0.000, applied=None",No ClinVar submissions,No HGMD entry,0.000,,,,,PM2_Moderate: gnomAD max AF=0 < threshold 0.0001 for MOI AD,,,,,,,,,,,,No,No,,,"Failed strict QC: heterozygous variant on chr22 with DP=8 (min=10), AF=0.375 (min=0.2);Filtered: VUS with <5 points excluded from all reporting paths (auto/manual/delins);Failed strict QC",,Yes
7115000,11830_2024,chr3,15606029,C,CT,BTD,AR,c.-17+4135_-17+4136insT,Not provided,,,,NM_001370658.1,1/3,intron_variant,MODIFIER,Het,9,0.444,Biotinidase deficiency,No,,No,Not provided,No,Not provided,Not provided,Not provided,0,Not provided,0,0,N/A,Not provided,Not provided,0,Not provided,0,Not provided,No database evidence,0.000048,v3,-1.000,Not provided,Not provided,Not provided,[],[],unknown,No,"{""PM2_Moderate"": 2}",2,VUS,"No ClinVar submissions | No HGMD entry | raw_total=0.000, applied=None",No ClinVar submissions,No HGMD entry,0.000,,,,,PM2_Moderate: gnomAD max AF=4.79785e-05 < threshold 0.005 for MOI AR,,,,,,,,,,,,No,No,,,"Cluster id=13 detected (members=chr3:15606029:C:CT:7115000;chr3:15606031:AGAC:A:7115000;chr3:15606030:G:C:7115000) - no Pathogenic/LP present; delins NOT flagged; requires P/LP to consider delins.;Delins/overlap cluster (id=13) detected but not all members meet P/LP or >5pts -> not auto-escalated (possible carrier).;Failed strict QC: heterozygous variant on chr3 with DP=9 (min=10), AF=0.444 (min=0.2);Filtered: VUS with <5 points excluded from all reporting paths (auto/manual/delins);Failed strict QC",,Yes
7115000,11830_2024,chr3,15606030,G,C,BTD,AR,c.-17+4136G>C,Not provided,,,,NM_001370658.1,1/3,intron_variant,MODIFIER,Het,9,0.667,Biotinidase deficiency,No,,No,Not provided,No,Not provided,Not provided,Not provided,0,Not provided,0,0,N/A,Not provided,Not provided,0,Not provided,0,Not provided,No database evidence,0.0,Unknown,-1.000,Not provided,Not provided,Not provided,[],[],unknown,No,"{""PM2_Moderate"": 2}",2,VUS,"No ClinVar submissions | No HGMD entry | raw_total=0.000, applied=None",No ClinVar submissions,No HGMD entry,0.000,,,,,PM2_Moderate: gnomAD max AF=0 < threshold 0.005 for MOI AR,,,,,,,,,,,,No,No,,,"Cluster id=13 detected (members=chr3:15606029:C:CT:7115000;chr3:15606031:AGAC:A:7115000;chr3:15606030:G:C:7115000) - no Pathogenic/LP present; delins NOT flagged; requires P/LP to consider delins.;Delins/overlap cluster (id=13) detected but not all members meet P/LP or >5pts -> not auto-escalated (possible carrier).;Failed strict QC: heterozygous variant on chr3 with DP=9 (min=10), AF=0.667 (min=0.2);Filtered: VUS with <5 points excluded from all reporting paths (auto/manual/delins);Failed strict QC",,Yes
7115000,11830_2024,chr3,15606031,AGAC,A,BTD,AR,c.-17+4138_-17+4140delGAC,Not provided,,,,NM_001370658.1,1/3,intron_variant,MODIFIER,Het,9,0.667,Biotinidase deficiency,No,,No,Not provided,No,Not provided,Not provided,Not provided,0,Not provided,0,0,N/A,Not provided,Not provided,0,Not provided,0,Not provided,No database evidence,0.000082,v3,-1.000,Not provided,Not provided,Not provided,[],[],unknown,No,"{""PM2_Moderate"": 2}",2,VUS,"No ClinVar submissions | No HGMD entry | raw_total=0.000, applied=None",No ClinVar submissions,No HGMD entry,0.000,,,,,PM2_Moderate: gnomAD max AF=8.23339e-05 < threshold 0.005 for MOI AR,,,,,,,,,,,,No,No,,,"Cluster id=13 detected (members=chr3:15606029:C:CT:7115000;chr3:15606031:AGAC:A:7115000;chr3:15606030:G:C:7115000) - no Pathogenic/LP present; delins NOT flagged; requires P/LP to consider delins.;Delins/overlap cluster (id=13) detected but not all members meet P/LP or >5pts -> not auto-escalated (possible carrier).;Failed strict QC: heterozygous variant on chr3 with DP=9 (min=10), AF=0.667 (min=0.2);Filtered: VUS with <5 points excluded from all reporting paths (auto/manual/delins);Failed strict QC",,Yes
7115000,11830_2024,chr3,15626791,AAAAAG,A,BTD,AR,c.-16-8618_-16-8614delGAAAA,Not provided,,,,NM_001370658.1,1/3,intron_variant,MODIFIER,Het,8,0.625,Biotinidase deficiency,No,,No,Not provided,No,Not provided,Not provided,Not provided,0,Not provided,0,0,N/A,Not provided,Not provided,0,Not provided,0,Not provided,No database evidence,0.0,Unknown,-1.000,Not provided,0.000,Not provided,[],[],unknown,No,"{""PM2_Moderate"": 2}",2,VUS,"No ClinVar submissions | No HGMD entry | raw_total=0.000, applied=None",No ClinVar submissions,No HGMD entry,0.000,,,,,PM2_Moderate: gnomAD max AF=0 < threshold 0.005 for MOI AR,,,,,,,,,,,,No,No,,,"Failed strict QC: heterozygous variant on chr3 with DP=8 (min=10), AF=0.625 (min=0.2);Filtered: VUS with <5 points excluded from all reporting paths (auto/manual/delins);Failed strict QC",,Yes
7115000,11830_2024,chr6,123266483,A,AAT,TRDN,AR,c.1784-1147_1784-1146dupAT,Not provided,,,,NM_006073.4,32/40,intron_variant,MODIFIER,Het,9,0.222,Catecholaminergic polymorphic ventricular tachycardia; Long QT syndrome,No,,No,Not provided,No,Not provided,Not provided,Not provided,0,Not provided,0,0,N/A,Not provided,Not provided,0,Not provided,0,Not provided,No database evidence,0.0,Unknown,-1.000,Not provided,0.000,Not provided,[],[],unknown,No,"{""PM2_Moderate"": 2}",2,VUS,"No ClinVar submissions | No HGMD entry | raw_total=0.000, applied=None",No ClinVar submissions,No HGMD entry,0.000,,,,,PM2_Moderate: gnomAD max AF=0 < threshold 0.005 for MOI AR,,,,,,,,,,,,No,No,,,"Failed strict QC: heterozygous variant on chr6 with DP=9 (min=10), AF=0.222 (min=0.2);Filtered: VUS with <5 points excluded from all reporting paths (auto/manual/delins);Failed strict QC",,Yes
7115000,11830_2024,chr6,123442515,C,G,TRDN,AR,c.932-3512G>C,Not provided,,,,NM_006073.4,10/40,intron_variant,MODIFIER,Het,7,0.286,Catecholaminergic polymorphic ventricular tachycardia; Long QT syndrome,No,,No,Not provided,No,Not provided,Not provided,Not provided,0,Not provided,0,0,N/A,Not provided,Not provided,0,Not provided,0,Not provided,No database evidence,0.0,Unknown,-1.000,Not provided,Not provided,Not provided,[],[],unknown,No,"{""PM2_Moderate"": 2}",2,VUS,"No ClinVar submissions | No HGMD entry | raw_total=0.000, applied=None",No ClinVar submissions,No HGMD entry,0.000,,,,,PM2_Moderate: gnomAD max AF=0 < threshold 0.005 for MOI AR,,,,,,,,,,,,No,No,,,"Failed strict QC: heterozygous variant on chr6 with DP=7 (min=10), AF=0.286 (min=0.2);Filtered: VUS with <5 points excluded from all reporting paths (auto/manual/delins);Failed strict QC",,Yes
7115000,11830_2024,chr6,123499713,A,T,TRDN,AR,c.793+4006T>A,Not provided,,,,NM_001256020.2,8/8,intron_variant,MODIFIER,Het,9,0.222,Catecholaminergic polymorphic ventricular tachycardia; Long QT syndrome,No,,No,Not provided,No,Not provided,Not provided,Not provided,0,Not provided,0,0,N/A,Not provided,Not provided,0,Not provided,0,Not provided,No database evidence,0.0,Unknown,-1.000,Not provided,Not provided,Not provided,[],[],unknown,No,"{""PM2_Moderate"": 2}",2,VUS,"No ClinVar submissions | No HGMD entry | raw_total=0.000, applied=None",No ClinVar submissions,No HGMD entry,0.000,,,,,PM2_Moderate: gnomAD max AF=0 < threshold 0.005 for MOI AR,,,,,,,,,,,,No,No,,,"Cluster id=17 detected (members=chr6:123499713:A:T:7115000;chr6:123499715:A:T:7115000;chr6:123499717:A:T:7115000;chr6:123499719:A:AAAAAAAAAAAAAATATATATATATATATATATAT:7115000) - no Pathogenic/LP present; delins NOT flagged; requires P/LP to consider delins.;Delins/overlap cluster (id=17) detected but not all members meet P/LP or >5pts -> not auto-escalated (possible carrier).;Failed strict QC: heterozygous variant on chr6 with DP=9 (min=10), AF=0.222 (min=0.2);Filtered: VUS with <5 points excluded from all reporting paths (auto/manual/delins);Failed strict QC",,Yes
7115000,11830_2024,chr6,123499715,A,T,TRDN,AR,c.793+4004T>A,Not provided,,,,NM_001256020.2,8/8,intron_variant,MODIFIER,Het,9,0.222,Catecholaminergic polymorphic ventricular tachycardia; Long QT syndrome,No,,No,Not provided,No,Not provided,Not provided,Not provided,0,Not provided,0,0,N/A,Not provided,Not provided,0,Not provided,0,Not provided,No database evidence,0.0,Unknown,-1.000,Not provided,Not provided,Not provided,[],[],unknown,No,"{""PM2_Moderate"": 2}",2,VUS,"No ClinVar submissions | No HGMD entry | raw_total=0.000, applied=None",No ClinVar submissions,No HGMD entry,0.000,,,,,PM2_Moderate: gnomAD max AF=0 < threshold 0.005 for MOI AR,,,,,,,,,,,,No,No,,,"Cluster id=17 detected (members=chr6:123499713:A:T:7115000;chr6:123499715:A:T:7115000;chr6:123499717:A:T:7115000;chr6:123499719:A:AAAAAAAAAAAAAATATATATATATATATATATAT:7115000) - no Pathogenic/LP present; delins NOT flagged; requires P/LP to consider delins.;Delins/overlap cluster (id=17) detected but not all members meet P/LP or >5pts -> not auto-escalated (possible carrier).;Failed strict QC: heterozygous variant on chr6 with DP=9 (min=10), AF=0.222 (min=0.2);Filtered: VUS with <5 points excluded from all reporting paths (auto/manual/delins);Failed strict QC",,Yes
7115000,11830_2024,chr6,123499717,A,T,TRDN,AR,c.793+4002T>A,Not provided,,,,NM_001256020.2,8/8,intron_variant,MODIFIER,Het,9,0.333,Catecholaminergic polymorphic ventricular tachycardia; Long QT syndrome,No,,No,Not provided,No,Not provided,Not provided,Not provided,0,Not provided,0,0,N/A,Not provided,Not provided,0,Not provided,0,Not provided,No database evidence,0.0,Unknown,-1.000,Not provided,Not provided,Not provided,[],[],unknown,No,"{""PM2_Moderate"": 2}",2,VUS,"No ClinVar submissions | No HGMD entry | raw_total=0.000, applied=None",No ClinVar submissions,No HGMD entry,0.000,,,,,PM2_Moderate: gnomAD max AF=0 < threshold 0.005 for MOI AR,,,,,,,,,,,,No,No,,,"Cluster id=17 detected (members=chr6:123499713:A:T:7115000;chr6:123499715:A:T:7115000;chr6:123499717:A:T:7115000;chr6:123499719:A:AAAAAAAAAAAAAATATATATATATATATATATAT:7115000) - no Pathogenic/LP present; delins NOT flagged; requires P/LP to consider delins.;Delins/overlap cluster (id=17) detected but not all members meet P/LP or >5pts -> not auto-escalated (possible carrier).;Failed strict QC: heterozygous variant on chr6 with DP=9 (min=10), AF=0.333 (min=0.2);Filtered: VUS with <5 points excluded from all reporting paths (auto/manual/delins);Failed strict QC",,Yes
7115000,11830_2024,chr6,123499719,A,AAAAAAAAAAAAAATATATATATATATATATATAT,TRDN,AR,c.793+3999_793+4000insATATATATATATATATATATATTTTTTTTTTTTT,Not provided,,,,NM_001256020.2,8/8,intron_variant,MODIFIER,Het,9,0.556,Catecholaminergic polymorphic ventricular tachycardia; Long QT syndrome,No,,No,Not provided,No,Not provided,Not provided,Not provided,0,Not provided,0,0,N/A,Not provided,Not provided,0,Not provided,0,Not provided,No database evidence,0.0,Unknown,-1.000,Not provided,0.000,Not provided,[],[],unknown,No,"{""PM2_Moderate"": 2}",2,VUS,"No ClinVar submissions | No HGMD entry | raw_total=0.000, applied=None",No ClinVar submissions,No HGMD entry,0.000,,,,,PM2_Moderate: gnomAD max AF=0 < threshold 0.005 for MOI AR,,,,,,,,,,,,No,No,,,"Cluster id=17 detected (members=chr6:123499713:A:T:7115000;chr6:123499715:A:T:7115000;chr6:123499717:A:T:7115000;chr6:123499719:A:AAAAAAAAAAAAAATATATATATATATATATATAT:7115000) - no Pathogenic/LP present; delins NOT flagged; requires P/LP to consider delins.;Delins/overlap cluster (id=17) detected but not all members meet P/LP or >5pts -> not auto-escalated (possible carrier).;Failed strict QC: heterozygous variant on chr6 with DP=9 (min=10), AF=0.556 (min=0.2);Filtered: VUS with <5 points excluded from all reporting paths (auto/manual/delins);Failed strict QC",,Yes
7115000,11830_2024,chr7,151641244,CTT,C,PRKAG2,AD,c.313-9108_313-9107delAA,Not provided,,,,NM_001304527.1,2/13,intron_variant,MODIFIER,Het,9,0.444,Hypertrophic cardiomyopathy,No,,No,Not provided,No,Not provided,Not provided,Not provided,0,Not provided,0,0,N/A,Not provided,Not provided,0,Not provided,0,Not provided,No database evidence,0.0,Unknown,-1.000,Not provided,Not provided,Not provided,[],[],unknown,No,"{""PM2_Moderate"": 2}",2,VUS,"No ClinVar submissions | No HGMD entry | raw_total=0.000, applied=None",No ClinVar submissions,No HGMD entry,0.000,,,,,PM2_Moderate: gnomAD max AF=0 < threshold 0.0001 for MOI AD,,,,,,,,,,,,No,No,,,"Failed strict QC: heterozygous variant on chr7 with DP=9 (min=10), AF=0.444 (min=0.2);Filtered: VUS with <5 points excluded from all reporting paths (auto/manual/delins);Failed strict QC",,Yes
7115000,11830_2024,chr7,151841678,ATGGTAG,A,PRKAG2,AD,c.114+34823_114+34828delCTACCA,Not provided,,,,NM_016203.4,1/15,intron_variant,MODIFIER,Het,6,0.333,Hypertrophic cardiomyopathy,No,,No,Not provided,No,Not provided,Not provided,Not provided,0,Not provided,0,0,N/A,Not provided,Not provided,0,Not provided,0,Not provided,No database evidence,0.0,Unknown,-1.000,Not provided,0.000,Not provided,[],[],unknown,No,"{""PM2_Moderate"": 2}",2,VUS,"No ClinVar submissions | No HGMD entry | raw_total=0.000, applied=None",No ClinVar submissions,No HGMD entry,0.000,,,,,PM2_Moderate: gnomAD max AF=0 < threshold 0.0001 for MOI AD,,,,,,,,,,,,No,No,,,"Cluster id=20 detected (members=chr7:151841678:ATGGTAG:A:7115000;chr7:151841689:G:A:7115000;chr7:151841698:G:A:7115000;chr7:151841707:G:GAT:7115000;chr7:151841706:G:T:7115000;chr7:151841704:T:TA:7115000) - no Pathogenic/LP present; delins NOT flagged; requires P/LP to consider delins.;Delins/overlap cluster (id=20) detected but not all members meet P/LP or >5pts -> not auto-escalated (possible carrier).;Failed strict QC: heterozygous variant on chr7 with DP=6 (min=10), AF=0.333 (min=0.2);Filtered: VUS with <5 points excluded from all reporting paths (auto/manual/delins);Failed strict QC",,Yes
7115000,11830_2024,chr7,151841689,G,A,PRKAG2,AD,c.114+34818C>T,Not provided,,,,NM_016203.4,1/15,intron_variant,MODIFIER,Het,6,0.667,Hypertrophic cardiomyopathy,No,,No,Not provided,No,Not provided,Not provided,Not provided,0,Not provided,0,0,N/A,Not provided,Not provided,0,Not provided,0,Not provided,No database evidence,0.000073,v3,-1.000,Not provided,Not provided,Not provided,[],[],unknown,No,"{""PM2_Moderate"": 2}",2,VUS,"No ClinVar submissions | No HGMD entry | raw_total=0.000, applied=None",No ClinVar submissions,No HGMD entry,0.000,,,,,PM2_Moderate: gnomAD max AF=7.3046e-05 < threshold 0.0001 for MOI AD,,,,,,,,,,,,No,No,,,"Cluster id=20 detected (members=chr7:151841678:ATGGTAG:A:7115000;chr7:151841689:G:A:7115000;chr7:151841698:G:A:7115000;chr7:151841707:G:GAT:7115000;chr7:151841706:G:T:7115000;chr7:151841704:T:TA:7115000) - no Pathogenic/LP present; delins NOT flagged; requires P/LP to consider delins.;Delins/overlap cluster (id=20) detected but not all members meet P/LP or >5pts -> not auto-escalated (possible carrier).;Failed strict QC: heterozygous variant on chr7 with DP=6 (min=10), AF=0.667 (min=0.2);Filtered: VUS with <5 points excluded from all reporting paths (auto/manual/delins);Failed strict QC",,Yes
7115000,11830_2024,chr7,151841698,G,A,PRKAG2,AD,c.114+34809C>T,Not provided,,,,NM_016203.4,1/15,intron_variant,MODIFIER,Het,7,0.286,Hypertrophic cardiomyopathy,No,,No,Not provided,No,Not provided,Not provided,Not provided,0,Not provided,0,0,N/A,Not provided,Not provided,0,Not provided,0,Not provided,No database evidence,0.0,Unknown,-1.000,Not provided,Not provided,Not provided,[],[],unknown,No,"{""PM2_Moderate"": 2}",2,VUS,"No ClinVar submissions | No HGMD entry | raw_total=0.000, applied=None",No ClinVar submissions,No HGMD entry,0.000,,,,,PM2_Moderate: gnomAD max AF=0 < threshold 0.0001 for MOI AD,,,,,,,,,,,,No,No,,,"Cluster id=20 detected (members=chr7:151841678:ATGGTAG:A:7115000;chr7:151841689:G:A:7115000;chr7:151841698:G:A:7115000;chr7:151841707:G:GAT:7115000;chr7:151841706:G:T:7115000;chr7:151841704:T:TA:7115000) - no Pathogenic/LP present; delins NOT flagged; requires P/LP to consider delins.;Delins/overlap cluster (id=20) detected but not all members meet P/LP or >5pts -> not auto-escalated (possible carrier).;Failed strict QC: heterozygous variant on chr7 with DP=7 (min=10), AF=0.286 (min=0.2);Filtered: VUS with <5 points excluded from all reporting paths (auto/manual/delins);Failed strict QC",,Yes
7115000,11830_2024,chr7,151855510,A,G,PRKAG2,AD,c.114+20997T>C,Not provided,,,,NM_016203.4,1/15,intron_variant,MODIFIER,Het,8,0.375,Hypertrophic cardiomyopathy,No,,No,Not provided,No,Not provided,Not provided,Not provided,0,Not provided,0,0,N/A,Not provided,Not provided,0,Not provided,0,Not provided,No database evidence,0.000030,v3,-1.000,Not provided,Not provided,Not provided,[],[],unknown,No,"{""PM2_Moderate"": 2}",2,VUS,"No ClinVar submissions | No HGMD entry | raw_total=0.000, applied=None",No ClinVar submissions,No HGMD entry,0.000,,,,,PM2_Moderate: gnomAD max AF=3.01987e-05 < threshold 0.0001 for MOI AD,,,,,,,,,,,,No,No,,,"Cluster id=21 detected (members=chr7:151855510:A:G:7115000;chr7:151855513:G:A:7115000) - no Pathogenic/LP present; delins NOT flagged; requires P/LP to consider delins.;Delins/overlap cluster (id=21) detected but not all members meet P/LP or >5pts -> not auto-escalated (possible carrier).;Failed strict QC: heterozygous variant on chr7 with DP=8 (min=10), AF=0.375 (min=0.2);Filtered: VUS with <5 points excluded from all reporting paths (auto/manual/delins);Failed strict QC",,Yes
7115000,11830_2024,chr7,151855513,G,A,PRKAG2,AD,c.114+20994C>T,Not provided,,,,NM_016203.4,1/15,intron_variant,MODIFIER,Het,8,0.375,Hypertrophic cardiomyopathy,No,,No,Not provided,No,Not provided,Not provided,Not provided,0,Not provided,0,0,N/A,Not provided,Not provided,0,Not provided,0,Not provided,No database evidence,0.0,Unknown,-1.000,Not provided,Not provided,Not provided,[],[],unknown,No,"{""PM2_Moderate"": 2}",2,VUS,"No ClinVar submissions | No HGMD entry | raw_total=0.000, applied=None",No ClinVar submissions,No HGMD entry,0.000,,,,,PM2_Moderate: gnomAD max AF=0 < threshold 0.0001 for MOI AD,,,,,,,,,,,,No,No,,,"Cluster id=21 detected (members=chr7:151855510:A:G:7115000;chr7:151855513:G:A:7115000) - no Pathogenic/LP present; delins NOT flagged; requires P/LP to consider delins.;Delins/overlap cluster (id=21) detected but not all members meet P/LP or >5pts -> not auto-escalated (possible carrier).;Failed strict QC: heterozygous variant on chr7 with DP=8 (min=10), AF=0.375 (min=0.2);Filtered: VUS with <5 points excluded from all reporting paths (auto/manual/delins);Failed strict QC",,Yes
7115000,11830_2024,chr9,127831669,A,C,ENG,AD,c.220-1842T>G,Not provided,,,,NM_000118.3,2/13,intron_variant,MODIFIER,Het,7,0.286,Hereditary hemorrhagic telangiectasia,No,,No,Not provided,No,Not provided,Not provided,Not provided,0,Not provided,0,0,N/A,Not provided,Not provided,0,Not provided,0,Not provided,No database evidence,0.0,Unknown,-1.000,Not provided,Not provided,Not provided,[],[],unknown,No,"{""PM2_Moderate"": 2}",2,VUS,"No ClinVar submissions | No HGMD entry | raw_total=0.000, applied=None",No ClinVar submissions,No HGMD entry,0.000,,,,,PM2_Moderate: gnomAD max AF=0 < threshold 0.0001 for MOI AD,,,,,,,,,,,,No,No,,,"Failed strict QC: heterozygous variant on chr9 with DP=7 (min=10), AF=0.286 (min=0.2);Filtered: VUS with <5 points excluded from all reporting paths (auto/manual/delins);Failed strict QC",,Yes
7115000,11830_2024,chr9,127843755,A,ATATATATT,ENG,AD,c.68-511_68-510insAATATATA,Not provided,,,,NM_000118.3,1/13,intron_variant,MODIFIER,Het,9,0.333,Hereditary hemorrhagic telangiectasia,No,,No,Not provided,No,Not provided,Not provided,Not provided,0,Not provided,0,0,N/A,Not provided,Not provided,0,Not provided,0,Not provided,No database evidence,0.0,Unknown,-1.000,Not provided,0.000,Not provided,[],[],unknown,No,"{""PM2_Moderate"": 2}",2,VUS,"No ClinVar submissions | No HGMD entry | raw_total=0.000, applied=None",No ClinVar submissions,No HGMD entry,0.000,,,,,PM2_Moderate: gnomAD max AF=0 < threshold 0.0001 for MOI AD,,,,,,,,,,,,No,No,,,"Failed strict QC: heterozygous variant on chr9 with DP=9 (min=10), AF=0.333 (min=0.2);Filtered: VUS with <5 points excluded from all reporting paths (auto/manual/delins);Failed strict QC",,Yes
