sample,Family_ID,chrom,pos,ref,alt,gene,Inheritance,HGVSc,HGVSp,AA_ref,AA_alt,AA_pos,tid,Exon,Consequence,Impact,Zygosity,DP,Sample_AF,acmg_disease_association,Special_Guidance,Rules_applied,clinvar_phenotype_match,clinvar_phenotype_info,hgmd_phenotype_match,hgmd_phenotype_info,clinvar_trait,clinvar_sig,clinvar_stars,clinvar_consensus_class,clinvar_consensus_stars,clinvar_aggregate_stars,clinvar_phenotype_match_method,hgmd_class,hgmd_phenotype,hgmd_publication_count,hgmd_rankscore,hgmd_dmsupported,internal_db_sig,database_summary,gnomAD_AF,gnomAD_version,REVEL,CADD,SpliceAI,AlphaMissense,ps1_matches,pm5_matches,phase,is_delins_part,criteria_points_ext,total_ext_points,extended_class,PP5ext_BP5ext_expl,PP5_clin_block,PP5_hgmd_block,PP5_raw_total,PP5_applied,PVS1_expl,PS1_expl,PM1_expl,PM2_expl,PM3_expl,PM4_expl,PM5_expl,PP1_expl,PP3_expl,BA1_expl,BS1_expl,BS2_expl,BP4_expl,BP6_expl,BP7_expl,in_auto_report,in_manual_review,auto_report_reasons,manual_reasons,comments,filtered_reasons,filtered_out
7043970,3900_2024,chr1,17036673,CATATATAAATATAAATATTTATATAAATATGA,C,SDHB,AD,c.201-3560_201-3529delTCATATTTATATAAATATTTATATTTATATAT,Not provided,,,,NM_003000.3,2/7,intron_variant,MODIFIER,Het,28,0.724,Hereditary paraganglioma-pheochromocytoma syndrome,No,,No,Not provided,No,Not provided,Not provided,Not provided,0,Not provided,0,0,N/A,Not provided,Not provided,0,Not provided,0,Not provided,No database evidence,0.0,Unknown,0.000,Not provided,0.000,Not provided,[],[],unknown,No,"{""PM2_Moderate"": 2}",2,VUS,"No ClinVar submissions | No HGMD entry | raw_total=0.000, applied=None",No ClinVar submissions,No HGMD entry,0.000,,,,,PM2_Moderate: gnomAD max AF=0 < threshold 0.0001 for MOI AD,,,,,,,,,,,,No,No,,,Filtered: VUS with <5 points excluded from all reporting paths (auto/manual/delins),,Yes
7043970,3900_2024,chr1,55048975,A,G,PCSK9,AD,n.183-3303A>G,Not provided,,,,NR_110451.1,1/9,intron_variant,MODIFIER,Hom,28,1.000,Familial hypercholesterolemia,Yes,"No include rule matched; rules require explicit inclusion (whitelist);Include if Impact is ""MODERATE"" or ""LOW"";No include rule matched; rules require explicit inclusion (whitelist);Include if Impact is ""MODERATE"" or ""LOW"";No include rule matched; rules require explicit inclusion (whitelist);Include if Impact is ""MODERATE"" or ""LOW""",No,Not provided,No,Not provided,Not provided,Not provided,0,Not provided,0,0,N/A,Not provided,Not provided,0,Not provided,0,Not provided,No database evidence,0.0,Unknown,0.000,Not provided,Not provided,Not provided,[],[],unknown,No,"{""PM2_Moderate"": 2}",2,VUS,"No ClinVar submissions | No HGMD entry | raw_total=0.000, applied=None",No ClinVar submissions,No HGMD entry,0.000,,,,,PM2_Moderate: gnomAD max AF=0 < threshold 0.0001 for MOI AD,,,,,,,,,,,,No,No,,,"Filtered: VUS with <5 points excluded from all reporting paths (auto/manual/delins);Filtered by gene 'Rules' (exclude): No include rule matched; rules require explicit inclusion (whitelist); Include if Impact is ""MODERATE"" or ""LOW""","Filtered: VUS with <5 points excluded from all reporting paths (auto/manual/delins);Filtered by gene 'Rules' (exclude): No include rule matched; rules require explicit inclusion (whitelist); Include if Impact is ""MODERATE"" or ""LOW""",Yes
7043970,3900_2024,chr1,115717958,G,A,CASQ2,AR,c.784-64C>T,Not provided,,,,NM_001232.3,7/10,intron_variant,MODIFIER,Het,46,0.429,Catecholaminergic polymorphic ventricular tachycardia,No,,No,Not provided,No,Not provided,Not provided,Not provided,0,Not provided,0,0,N/A,Not provided,Not provided,0,Not provided,0,Not provided,No database evidence,0.0,Unknown,0.000,Not provided,Not provided,Not provided,[],[],unknown,No,"{""PM2_Moderate"": 2}",2,VUS,"No ClinVar submissions | No HGMD entry | raw_total=0.000, applied=None",No ClinVar submissions,No HGMD entry,0.000,,,,,PM2_Moderate: gnomAD max AF=0 < threshold 0.005 for MOI AR,,,,,,,,,,,,No,No,,,Filtered: VUS with <5 points excluded from all reporting paths (auto/manual/delins),,Yes
7043970,3900_2024,chr1,115748194,T,A,CASQ2,AR,c.235-3282A>T,Not provided,,,,NM_001232.3,1/10,intron_variant,MODIFIER,Het,28,0.633,Catecholaminergic polymorphic ventricular tachycardia,No,,No,Not provided,No,Not provided,Not provided,Not provided,0,Not provided,0,0,N/A,Not provided,Not provided,0,Not provided,0,Not provided,No database evidence,0.000007,v3,0.000,Not provided,Not provided,Not provided,[],[],unknown,No,"{""PM2_Moderate"": 2}",2,VUS,"No ClinVar submissions | No HGMD entry | raw_total=0.000, applied=None",No ClinVar submissions,No HGMD entry,0.000,,,,,PM2_Moderate: gnomAD max AF=6.56892e-06 < threshold 0.005 for MOI AR,,,,,,,,,,,,No,No,,,Filtered: VUS with <5 points excluded from all reporting paths (auto/manual/delins),,Yes
7043970,3900_2024,chr1,156109818,G,GTGTGTGTGTGTA,LMNA,AD,c.-206-4895_-206-4894insTGTGTGTGTGTA,Not provided,,,,NM_001282625.1,3/12,intron_variant,MODIFIER,Het,30,0.323,Dilated cardiomyopathy,No,,No,Not provided,No,Not provided,Not provided,Not provided,0,Not provided,0,0,N/A,Not provided,Not provided,0,Not provided,0,Not provided,No database evidence,0.0,Unknown,0.000,Not provided,Not provided,Not provided,[],[],unknown,No,"{""PM2_Moderate"": 2}",2,VUS,"No ClinVar submissions | No HGMD entry | raw_total=0.000, applied=None",No ClinVar submissions,No HGMD entry,0.000,,,,,PM2_Moderate: gnomAD max AF=0 < threshold 0.0001 for MOI AD,,,,,,,,,,,,No,No,,,Filtered: VUS with <5 points excluded from all reporting paths (auto/manual/delins),,Yes
7043970,3900_2024,chr1,156110932,T,C,LMNA,AD,c.-206-3781T>C,Not provided,,,,NM_001282625.1,3/12,intron_variant,MODIFIER,Het,32,0.406,Dilated cardiomyopathy,No,,No,Not provided,No,Not provided,Not provided,Not provided,0,Not provided,0,0,N/A,Not provided,Not provided,0,Not provided,0,Not provided,No database evidence,0.0,Unknown,0.000,Not provided,Not provided,Not provided,[],[],unknown,No,"{""PM2_Moderate"": 2}",2,VUS,"No ClinVar submissions | No HGMD entry | raw_total=0.000, applied=None",No ClinVar submissions,No HGMD entry,0.000,,,,,PM2_Moderate: gnomAD max AF=0 < threshold 0.0001 for MOI AD,,,,,,,,,,,,No,No,,,Filtered: VUS with <5 points excluded from all reporting paths (auto/manual/delins),,Yes
7043970,3900_2024,chr1,156127686,A,ATT,LMNA,AD,c.20+1480_20+1481dupTT,Not provided,,,,NM_001257374.3,1/12,intron_variant,MODIFIER,Het,14,0.471,Dilated cardiomyopathy,No,,No,Not provided,No,Not provided,Not provided,Not provided,0,Not provided,0,0,N/A,Not provided,Not provided,0,Not provided,0,Not provided,No database evidence,0.0,Unknown,0.000,Not provided,0.000,Not provided,[],[],unknown,No,"{""PM2_Moderate"": 2}",2,VUS,"No ClinVar submissions | No HGMD entry | raw_total=0.000, applied=None",No ClinVar submissions,No HGMD entry,0.000,,,,,PM2_Moderate: gnomAD max AF=0 < threshold 0.0001 for MOI AD,,,,,,,,,,,,No,No,,,Filtered: VUS with <5 points excluded from all reporting paths (auto/manual/delins),,Yes
7043970,3900_2024,chr1,156144933,C,T,LMNA,AD,c.*5094C>T,Not provided,,,,NM_001257374.3,,downstream_gene_variant,MODIFIER,Het,29,0.581,Dilated cardiomyopathy,No,,No,Not provided,No,Not provided,Not provided,Not provided,0,Not provided,0,0,N/A,Not provided,Not provided,0,Not provided,0,Not provided,No database evidence,0.000013,v3,0.000,Not provided,Not provided,Not provided,[],[],unknown,No,"{""PM2_Moderate"": 2}",2,VUS,"No ClinVar submissions | No HGMD entry | raw_total=0.000, applied=None",No ClinVar submissions,No HGMD entry,0.000,,,,,PM2_Moderate: gnomAD max AF=1.31416e-05 < threshold 0.0001 for MOI AD,,,,,,,,,,,,No,No,,,Filtered: VUS with <5 points excluded from all reporting paths (auto/manual/delins),,Yes
7043970,3900_2024,chr1,161330175,A,G,SDHC,AD,c.179+1678A>G,Not provided,,,,NM_001035511.2,3/4,intron_variant,MODIFIER,Het,30,0.455,Hereditary paraganglioma-pheochromocytoma syndrome,No,,No,Not provided,No,Not provided,Not provided,Not provided,0,Not provided,0,0,N/A,Not provided,Not provided,0,Not provided,0,Not provided,No database evidence,0.0,Unknown,0.000,Not provided,Not provided,Not provided,[],[],unknown,No,"{""PM2_Moderate"": 2}",2,VUS,"No ClinVar submissions | No HGMD entry | raw_total=0.000, applied=None",No ClinVar submissions,No HGMD entry,0.000,,,,,PM2_Moderate: gnomAD max AF=0 < threshold 0.0001 for MOI AD,,,,,,,,,,,,No,No,,,Filtered: VUS with <5 points excluded from all reporting paths (auto/manual/delins),,Yes
7043970,3900_2024,chr1,201062445,C,T,CACNA1S,AD,c.2906+17G>A,Not provided,,,,NM_000069.3,23/43,intron_variant,MODIFIER,Hom,20,1.000,Malignant hyperthermia,No,,Yes,"Malignant hyperthermia, susceptibility to, 5;C3714580:Hypokalemic periodic paralysis, type 1;Malignant hyperthermia, susceptibility to, 5;Thyrotoxic periodic paralysis, susceptibility to, 1;Congenital myopathy 18;Hypokalemic periodic paralysis, type 1",No,Not provided,"Malignant hyperthermia, susceptibility to, 5;C3714580:Hypokalemic periodic paralysis, type 1;Malignant hyperthermia, susceptibility to, 5;Thyrotoxic periodic paralysis, susceptibility to, 1;Congenital myopathy 18;Hypokalemic periodic paralysis, type 1",benign;benign;benign;benign;benign,1;1;1;1;1,Benign,1,1,conditions_csv_phenotype_match,Not provided,Not provided,0,Not provided,0,Not provided,"ClinVar: Sig=benign;benign;benign;benign;benign; ClinVar: Trait=Malignant hyperthermia, susceptibility to, 5;C3714580:Hypokalemic periodic paralysis, type 1;Malignant hyperthermia, susceptibility to, 5;Thyrotoxic periodic paralysis, susceptibility to, 1;Congenital myopathy 18;Hypokalemic periodic paralysis, type 1",0.0,Unknown,0.000,Not provided,Not provided,Not provided,[],[],unknown,No,"{""PM2_Moderate"": 2, ""BP5ext_Moderate"": -2}",0,VUS,"sig=benign (-3 points), stars=1 (0.75 coef), clinvar_phenotype_match=Yes, clin=-2.250 | No HGMD entry | raw_total=-2.250, applied=BP5ext_Moderate","sig=benign (-3 points), stars=1 (0.75 coef), clinvar_phenotype_match=Yes, clin=-2.250",No HGMD entry,-2.250,BP5ext_Moderate,,,,PM2_Moderate: gnomAD max AF=0 < threshold 0.0001 for MOI AD,,,,,,,,,,,,No,No,,,Filtered: VUS with <5 points excluded from all reporting paths (auto/manual/delins),,Yes
7043970,3900_2024,chr1,237039178,GA,G,RYR2,AD,c.-3343delA,Not provided,,,,NM_001035.3,,upstream_gene_variant,MODIFIER,Het,54,0.545,Catecholaminergic polymorphic ventricular tachycardia,No,,No,Not provided,No,Not provided,Not provided,Not provided,0,Not provided,0,0,N/A,Not provided,Not provided,0,Not provided,0,Not provided,No database evidence,0.0,Unknown,0.000,Not provided,Not provided,Not provided,[],[],unknown,No,"{""PM2_Moderate"": 2}",2,VUS,"No ClinVar submissions | No HGMD entry | raw_total=0.000, applied=None",No ClinVar submissions,No HGMD entry,0.000,,,,,PM2_Moderate: gnomAD max AF=0 < threshold 0.0001 for MOI AD,,,,,,,,,,,,No,No,,,Filtered: VUS with <5 points excluded from all reporting paths (auto/manual/delins),,Yes
7043970,3900_2024,chr1,237056671,A,AG,RYR2,AD,c.48+14102_48+14103insG,Not provided,,,,NM_001035.3,1/104,intron_variant,MODIFIER,Het,27,0.607,Catecholaminergic polymorphic ventricular tachycardia,No,,No,Not provided,No,Not provided,Not provided,Not provided,0,Not provided,0,0,N/A,Not provided,Not provided,0,Not provided,0,Not provided,No database evidence,0.0,Unknown,0.000,Not provided,Not provided,Not provided,[],[],unknown,No,"{""PM2_Moderate"": 2}",2,VUS,"No ClinVar submissions | No HGMD entry | raw_total=0.000, applied=None",No ClinVar submissions,No HGMD entry,0.000,,,,,PM2_Moderate: gnomAD max AF=0 < threshold 0.0001 for MOI AD,,,,,,,,,,,,No,No,,,Cluster id=1 detected (members=chr1:237056671:A:AG:7043970;chr1:237056672:T:C:7043970;chr1:237056674:G:A:7043970) - no Pathogenic/LP present; delins NOT flagged; requires P/LP to consider delins.;Delins/overlap cluster (id=1) detected but not all members meet P/LP or >5pts -> not auto-escalated (possible carrier).;Filtered: VUS with <5 points excluded from all reporting paths (auto/manual/delins),,Yes
7043970,3900_2024,chr1,237056672,T,C,RYR2,AD,c.48+14103T>C,Not provided,,,,NM_001035.3,1/104,intron_variant,MODIFIER,Het,27,0.690,Catecholaminergic polymorphic ventricular tachycardia,No,,No,Not provided,No,Not provided,Not provided,Not provided,0,Not provided,0,0,N/A,Not provided,Not provided,0,Not provided,0,Not provided,No database evidence,0.0,Unknown,0.000,Not provided,Not provided,Not provided,[],[],unknown,No,"{""PM2_Moderate"": 2}",2,VUS,"No ClinVar submissions | No HGMD entry | raw_total=0.000, applied=None",No ClinVar submissions,No HGMD entry,0.000,,,,,PM2_Moderate: gnomAD max AF=0 < threshold 0.0001 for MOI AD,,,,,,,,,,,,No,No,,,Cluster id=1 detected (members=chr1:237056671:A:AG:7043970;chr1:237056672:T:C:7043970;chr1:237056674:G:A:7043970) - no Pathogenic/LP present; delins NOT flagged; requires P/LP to consider delins.;Delins/overlap cluster (id=1) detected but not all members meet P/LP or >5pts -> not auto-escalated (possible carrier).;Filtered: VUS with <5 points excluded from all reporting paths (auto/manual/delins),,Yes
7043970,3900_2024,chr1,237056674,G,A,RYR2,AD,c.48+14105G>A,Not provided,,,,NM_001035.3,1/104,intron_variant,MODIFIER,Het,27,0.655,Catecholaminergic polymorphic ventricular tachycardia,No,,No,Not provided,No,Not provided,Not provided,Not provided,0,Not provided,0,0,N/A,Not provided,Not provided,0,Not provided,0,Not provided,No database evidence,0.0,Unknown,0.000,Not provided,Not provided,Not provided,[],[],unknown,No,"{""PM2_Moderate"": 2}",2,VUS,"No ClinVar submissions | No HGMD entry | raw_total=0.000, applied=None",No ClinVar submissions,No HGMD entry,0.000,,,,,PM2_Moderate: gnomAD max AF=0 < threshold 0.0001 for MOI AD,,,,,,,,,,,,No,No,,,Cluster id=1 detected (members=chr1:237056671:A:AG:7043970;chr1:237056672:T:C:7043970;chr1:237056674:G:A:7043970) - no Pathogenic/LP present; delins NOT flagged; requires P/LP to consider delins.;Delins/overlap cluster (id=1) detected but not all members meet P/LP or >5pts -> not auto-escalated (possible carrier).;Filtered: VUS with <5 points excluded from all reporting paths (auto/manual/delins),,Yes
7043970,3900_2024,chr1,237057894,G,A,RYR2,AD,c.48+15325G>A,Not provided,,,,NM_001035.3,1/104,intron_variant,MODIFIER,Het,58,0.410,Catecholaminergic polymorphic ventricular tachycardia,No,,No,Not provided,No,Not provided,Not provided,Not provided,0,Not provided,0,0,N/A,Not provided,Not provided,0,Not provided,0,Not provided,No database evidence,0.0,Unknown,0.000,Not provided,Not provided,Not provided,[],[],unknown,No,"{""PM2_Moderate"": 2}",2,VUS,"No ClinVar submissions | No HGMD entry | raw_total=0.000, applied=None",No ClinVar submissions,No HGMD entry,0.000,,,,,PM2_Moderate: gnomAD max AF=0 < threshold 0.0001 for MOI AD,,,,,,,,,,,,No,No,,,Filtered: VUS with <5 points excluded from all reporting paths (auto/manual/delins),,Yes
7043970,3900_2024,chr1,237066815,G,C,RYR2,AD,c.48+24246G>C,Not provided,,,,NM_001035.3,1/104,intron_variant,MODIFIER,Het,21,0.565,Catecholaminergic polymorphic ventricular tachycardia,No,,No,Not provided,No,Not provided,Not provided,Not provided,0,Not provided,0,0,N/A,Not provided,Not provided,0,Not provided,0,Not provided,No database evidence,0.0,Unknown,0.000,Not provided,Not provided,Not provided,[],[],unknown,No,"{""PM2_Moderate"": 2}",2,VUS,"No ClinVar submissions | No HGMD entry | raw_total=0.000, applied=None",No ClinVar submissions,No HGMD entry,0.000,,,,,PM2_Moderate: gnomAD max AF=0 < threshold 0.0001 for MOI AD,,,,,,,,,,,,No,No,,,Filtered: VUS with <5 points excluded from all reporting paths (auto/manual/delins),,Yes
7043970,3900_2024,chr1,237076030,C,G,RYR2,AD,c.48+33461C>G,Not provided,,,,NM_001035.3,1/104,intron_variant,MODIFIER,Hom,5,0.600,Catecholaminergic polymorphic ventricular tachycardia,No,,No,Not provided,No,Not provided,Not provided,Not provided,0,Not provided,0,0,N/A,Not provided,Not provided,0,Not provided,0,Not provided,No database evidence,0.0,Unknown,0.000,Not provided,Not provided,Not provided,[],[],unknown,No,"{""PM2_Moderate"": 2}",2,VUS,"No ClinVar submissions | No HGMD entry | raw_total=0.000, applied=None",No ClinVar submissions,No HGMD entry,0.000,,,,,PM2_Moderate: gnomAD max AF=0 < threshold 0.0001 for MOI AD,,,,,,,,,,,,No,No,,,Filtered: VUS with <5 points excluded from all reporting paths (auto/manual/delins),,Yes
7043970,3900_2024,chr1,237076162,C,T,RYR2,AD,c.48+33593C>T,Not provided,,,,NM_001035.3,1/104,intron_variant,MODIFIER,Het,10,0.300,Catecholaminergic polymorphic ventricular tachycardia,No,,No,Not provided,No,Not provided,Not provided,Not provided,0,Not provided,0,0,N/A,Not provided,Not provided,0,Not provided,0,Not provided,No database evidence,0.0,Unknown,0.000,Not provided,Not provided,Not provided,[],[],unknown,No,"{""PM2_Moderate"": 2}",2,VUS,"No ClinVar submissions | No HGMD entry | raw_total=0.000, applied=None",No ClinVar submissions,No HGMD entry,0.000,,,,,PM2_Moderate: gnomAD max AF=0 < threshold 0.0001 for MOI AD,,,,,,,,,,,,No,No,,,Filtered: VUS with <5 points excluded from all reporting paths (auto/manual/delins),,Yes
7043970,3900_2024,chr1,237097771,G,A,RYR2,AD,c.48+55202G>A,Not provided,,,,NM_001035.3,1/104,intron_variant,MODIFIER,Het,30,0.485,Catecholaminergic polymorphic ventricular tachycardia,No,,No,Not provided,No,Not provided,Not provided,Not provided,0,Not provided,0,0,N/A,Not provided,Not provided,0,Not provided,0,Not provided,No database evidence,0.0,Unknown,0.000,Not provided,Not provided,Not provided,[],[],unknown,No,"{""PM2_Moderate"": 2}",2,VUS,"No ClinVar submissions | No HGMD entry | raw_total=0.000, applied=None",No ClinVar submissions,No HGMD entry,0.000,,,,,PM2_Moderate: gnomAD max AF=0 < threshold 0.0001 for MOI AD,,,,,,,,,,,,No,No,,,Filtered: VUS with <5 points excluded from all reporting paths (auto/manual/delins),,Yes
7043970,3900_2024,chr1,237109107,T,G,RYR2,AD,c.48+66538T>G,Not provided,,,,NM_001035.3,1/104,intron_variant,MODIFIER,Het,29,0.581,Catecholaminergic polymorphic ventricular tachycardia,No,,No,Not provided,No,Not provided,Not provided,Not provided,0,Not provided,0,0,N/A,Not provided,Not provided,0,Not provided,0,Not provided,No database evidence,0.0,Unknown,0.000,Not provided,Not provided,Not provided,[],[],unknown,No,"{""PM2_Moderate"": 2}",2,VUS,"No ClinVar submissions | No HGMD entry | raw_total=0.000, applied=None",No ClinVar submissions,No HGMD entry,0.000,,,,,PM2_Moderate: gnomAD max AF=0 < threshold 0.0001 for MOI AD,,,,,,,,,,,,No,No,,,Filtered: VUS with <5 points excluded from all reporting paths (auto/manual/delins),,Yes
7043970,3900_2024,chr1,237119838,A,G,RYR2,AD,c.48+77269A>G,Not provided,,,,NM_001035.3,1/104,intron_variant,MODIFIER,Het,41,0.405,Catecholaminergic polymorphic ventricular tachycardia,No,,No,Not provided,No,Not provided,Not provided,Not provided,0,Not provided,0,0,N/A,Not provided,Not provided,0,Not provided,0,Not provided,No database evidence,0.0,Unknown,0.000,Not provided,Not provided,Not provided,[],[],unknown,No,"{""PM2_Moderate"": 2}",2,VUS,"No ClinVar submissions | No HGMD entry | raw_total=0.000, applied=None",No ClinVar submissions,No HGMD entry,0.000,,,,,PM2_Moderate: gnomAD max AF=0 < threshold 0.0001 for MOI AD,,,,,,,,,,,,No,No,,,Filtered: VUS with <5 points excluded from all reporting paths (auto/manual/delins),,Yes
7043970,3900_2024,chr1,237150894,A,G,RYR2,AD,c.48+108325A>G,Not provided,,,,NM_001035.3,1/104,intron_variant,MODIFIER,Het,38,0.439,Catecholaminergic polymorphic ventricular tachycardia,No,,No,Not provided,No,Not provided,Not provided,Not provided,0,Not provided,0,0,N/A,Not provided,Not provided,0,Not provided,0,Not provided,No database evidence,0.0,Unknown,0.000,Not provided,Not provided,Not provided,[],[],unknown,No,"{""PM2_Moderate"": 2}",2,VUS,"No ClinVar submissions | No HGMD entry | raw_total=0.000, applied=None",No ClinVar submissions,No HGMD entry,0.000,,,,,PM2_Moderate: gnomAD max AF=0 < threshold 0.0001 for MOI AD,,,,,,,,,,,,No,No,,,Filtered: VUS with <5 points excluded from all reporting paths (auto/manual/delins),,Yes
7043970,3900_2024,chr1,237155628,A,G,RYR2,AD,c.48+113059A>G,Not provided,,,,NM_001035.3,1/104,intron_variant,MODIFIER,Het,38,0.538,Catecholaminergic polymorphic ventricular tachycardia,No,,No,Not provided,No,Not provided,Not provided,Not provided,0,Not provided,0,0,N/A,Not provided,Not provided,0,Not provided,0,Not provided,No database evidence,0.0,Unknown,0.000,Not provided,Not provided,Not provided,[],[],unknown,No,"{""PM2_Moderate"": 2}",2,VUS,"No ClinVar submissions | No HGMD entry | raw_total=0.000, applied=None",No ClinVar submissions,No HGMD entry,0.000,,,,,PM2_Moderate: gnomAD max AF=0 < threshold 0.0001 for MOI AD,,,,,,,,,,,,No,No,,,Filtered: VUS with <5 points excluded from all reporting paths (auto/manual/delins),,Yes
7043970,3900_2024,chr1,237176242,G,GA,RYR2,AD,c.49-94248dupA,Not provided,,,,NM_001035.3,1/104,intron_variant,MODIFIER,Het,29,0.367,Catecholaminergic polymorphic ventricular tachycardia,No,,No,Not provided,No,Not provided,Not provided,Not provided,0,Not provided,0,0,N/A,Not provided,Not provided,0,Not provided,0,Not provided,No database evidence,0.0,Unknown,0.000,Not provided,Not provided,Not provided,[],[],unknown,No,"{""PM2_Moderate"": 2}",2,VUS,"No ClinVar submissions | No HGMD entry | raw_total=0.000, applied=None",No ClinVar submissions,No HGMD entry,0.000,,,,,PM2_Moderate: gnomAD max AF=0 < threshold 0.0001 for MOI AD,,,,,,,,,,,,No,No,,,Filtered: VUS with <5 points excluded from all reporting paths (auto/manual/delins),,Yes
7043970,3900_2024,chr1,237225299,G,A,RYR2,AD,c.49-45198G>A,Not provided,,,,NM_001035.3,1/104,intron_variant,MODIFIER,Het,39,0.610,Catecholaminergic polymorphic ventricular tachycardia,No,,No,Not provided,No,Not provided,Not provided,Not provided,0,Not provided,0,0,N/A,Not provided,Not provided,0,Not provided,0,Not provided,No database evidence,0.0,Unknown,0.000,Not provided,Not provided,Not provided,[],[],unknown,No,"{""PM2_Moderate"": 2}",2,VUS,"No ClinVar submissions | No HGMD entry | raw_total=0.000, applied=None",No ClinVar submissions,No HGMD entry,0.000,,,,,PM2_Moderate: gnomAD max AF=0 < threshold 0.0001 for MOI AD,,,,,,,,,,,,No,No,,,Filtered: VUS with <5 points excluded from all reporting paths (auto/manual/delins),,Yes
7043970,3900_2024,chr1,237241462,G,A,RYR2,AD,c.49-29035G>A,Not provided,,,,NM_001035.3,1/104,intron_variant,MODIFIER,Het,46,0.447,Catecholaminergic polymorphic ventricular tachycardia,No,,No,Not provided,No,Not provided,Not provided,Not provided,0,Not provided,0,0,N/A,Not provided,Not provided,0,Not provided,0,Not provided,No database evidence,0.0,Unknown,0.000,Not provided,Not provided,Not provided,[],[],unknown,No,"{""PM2_Moderate"": 2}",2,VUS,"No ClinVar submissions | No HGMD entry | raw_total=0.000, applied=None",No ClinVar submissions,No HGMD entry,0.000,,,,,PM2_Moderate: gnomAD max AF=0 < threshold 0.0001 for MOI AD,,,,,,,,,,,,No,No,,,Filtered: VUS with <5 points excluded from all reporting paths (auto/manual/delins),,Yes
7043970,3900_2024,chr1,237251928,G,A,RYR2,AD,c.49-18569G>A,Not provided,,,,NM_001035.3,1/104,intron_variant,MODIFIER,Het,30,0.484,Catecholaminergic polymorphic ventricular tachycardia,No,,No,Not provided,No,Not provided,Not provided,Not provided,0,Not provided,0,0,N/A,Not provided,Not provided,0,Not provided,0,Not provided,No database evidence,0.0,Unknown,0.000,Not provided,Not provided,Not provided,[],[],unknown,No,"{""PM2_Moderate"": 2}",2,VUS,"No ClinVar submissions | No HGMD entry | raw_total=0.000, applied=None",No ClinVar submissions,No HGMD entry,0.000,,,,,PM2_Moderate: gnomAD max AF=0 < threshold 0.0001 for MOI AD,,,,,,,,,,,,No,No,,,Filtered: VUS with <5 points excluded from all reporting paths (auto/manual/delins),,Yes
7043970,3900_2024,chr1,237252827,G,A,RYR2,AD,c.49-17670G>A,Not provided,,,,NM_001035.3,1/104,intron_variant,MODIFIER,Het,60,0.426,Catecholaminergic polymorphic ventricular tachycardia,No,,No,Not provided,No,Not provided,Not provided,Not provided,0,Not provided,0,0,N/A,Not provided,Not provided,0,Not provided,0,Not provided,No database evidence,0.0,Unknown,0.000,Not provided,Not provided,Not provided,[],[],unknown,No,"{""PM2_Moderate"": 2}",2,VUS,"No ClinVar submissions | No HGMD entry | raw_total=0.000, applied=None",No ClinVar submissions,No HGMD entry,0.000,,,,,PM2_Moderate: gnomAD max AF=0 < threshold 0.0001 for MOI AD,,,,,,,,,,,,No,No,,,Filtered: VUS with <5 points excluded from all reporting paths (auto/manual/delins),,Yes
7043970,3900_2024,chr1,237268659,C,T,RYR2,AD,c.49-1838C>T,Not provided,,,,NM_001035.3,1/104,intron_variant,MODIFIER,Het,20,0.500,Catecholaminergic polymorphic ventricular tachycardia,No,,No,Not provided,No,Not provided,Not provided,Not provided,0,Not provided,0,0,N/A,Not provided,Not provided,0,Not provided,0,Not provided,No database evidence,0.0,Unknown,0.000,Not provided,Not provided,Not provided,[],[],unknown,No,"{""PM2_Moderate"": 2}",2,VUS,"No ClinVar submissions | No HGMD entry | raw_total=0.000, applied=None",No ClinVar submissions,No HGMD entry,0.000,,,,,PM2_Moderate: gnomAD max AF=0 < threshold 0.0001 for MOI AD,,,,,,,,,,,,No,No,,,Filtered: VUS with <5 points excluded from all reporting paths (auto/manual/delins),,Yes
7043970,3900_2024,chr1,237269927,T,C,RYR2,AD,c.49-570T>C,Not provided,,,,NM_001035.3,1/104,intron_variant,MODIFIER,Het,47,0.542,Catecholaminergic polymorphic ventricular tachycardia,No,,No,Not provided,No,Not provided,Not provided,Not provided,0,Not provided,0,0,N/A,Not provided,Not provided,0,Not provided,0,Not provided,No database evidence,0.0,Unknown,0.000,Not provided,Not provided,Not provided,[],[],unknown,No,"{""PM2_Moderate"": 2}",2,VUS,"No ClinVar submissions | No HGMD entry | raw_total=0.000, applied=None",No ClinVar submissions,No HGMD entry,0.000,,,,,PM2_Moderate: gnomAD max AF=0 < threshold 0.0001 for MOI AD,,,,,,,,,,,,No,No,,,Filtered: VUS with <5 points excluded from all reporting paths (auto/manual/delins),,Yes
7043970,3900_2024,chr1,237282225,A,T,RYR2,AD,c.168+11609A>T,Not provided,,,,NM_001035.3,2/104,intron_variant,MODIFIER,Het,42,0.500,Catecholaminergic polymorphic ventricular tachycardia,No,,No,Not provided,No,Not provided,Not provided,Not provided,0,Not provided,0,0,N/A,Not provided,Not provided,0,Not provided,0,Not provided,No database evidence,0.0,Unknown,0.000,Not provided,Not provided,Not provided,[],[],unknown,No,"{""PM2_Moderate"": 2}",2,VUS,"No ClinVar submissions | No HGMD entry | raw_total=0.000, applied=None",No ClinVar submissions,No HGMD entry,0.000,,,,,PM2_Moderate: gnomAD max AF=0 < threshold 0.0001 for MOI AD,,,,,,,,,,,,No,No,,,Filtered: VUS with <5 points excluded from all reporting paths (auto/manual/delins),,Yes
7043970,3900_2024,chr1,237292145,G,A,RYR2,AD,c.168+21529G>A,Not provided,,,,NM_001035.3,2/104,intron_variant,MODIFIER,Het,32,0.545,Catecholaminergic polymorphic ventricular tachycardia,No,,No,Not provided,No,Not provided,Not provided,Not provided,0,Not provided,0,0,N/A,Not provided,Not provided,0,Not provided,0,Not provided,No database evidence,0.0,Unknown,0.000,Not provided,Not provided,Not provided,[],[],unknown,No,"{""PM2_Moderate"": 2}",2,VUS,"No ClinVar submissions | No HGMD entry | raw_total=0.000, applied=None",No ClinVar submissions,No HGMD entry,0.000,,,,,PM2_Moderate: gnomAD max AF=0 < threshold 0.0001 for MOI AD,,,,,,,,,,,,No,No,,,Filtered: VUS with <5 points excluded from all reporting paths (auto/manual/delins),,Yes
7043970,3900_2024,chr1,237322821,CGTGT,C,RYR2,AD,c.169-8033_169-8030delTGTG,Not provided,,,,NM_001035.3,2/104,intron_variant,MODIFIER,Het,32,0.469,Catecholaminergic polymorphic ventricular tachycardia,No,,No,Not provided,No,Not provided,Not provided,Not provided,0,Not provided,0,0,N/A,Not provided,Not provided,0,Not provided,0,Not provided,No database evidence,0.0,Unknown,0.000,Not provided,0.000,Not provided,[],[],unknown,No,"{""PM2_Moderate"": 2}",2,VUS,"No ClinVar submissions | No HGMD entry | raw_total=0.000, applied=None",No ClinVar submissions,No HGMD entry,0.000,,,,,PM2_Moderate: gnomAD max AF=0 < threshold 0.0001 for MOI AD,,,,,,,,,,,,No,No,,,Filtered: VUS with <5 points excluded from all reporting paths (auto/manual/delins),,Yes
7043970,3900_2024,chr1,237363294,A,G,RYR2,AD,c.295-1064A>G,Not provided,,,,NM_001035.3,4/104,intron_variant,MODIFIER,Het,36,0.568,Catecholaminergic polymorphic ventricular tachycardia,No,,No,Not provided,No,Not provided,Not provided,Not provided,0,Not provided,0,0,N/A,Not provided,Not provided,0,Not provided,0,Not provided,No database evidence,0.0,Unknown,0.000,Not provided,Not provided,Not provided,[],[],unknown,No,"{""PM2_Moderate"": 2}",2,VUS,"No ClinVar submissions | No HGMD entry | raw_total=0.000, applied=None",No ClinVar submissions,No HGMD entry,0.000,,,,,PM2_Moderate: gnomAD max AF=0 < threshold 0.0001 for MOI AD,,,,,,,,,,,,No,No,,,Filtered: VUS with <5 points excluded from all reporting paths (auto/manual/delins),,Yes
7043970,3900_2024,chr1,237367516,C,T,RYR2,AD,c.310-2018C>T,Not provided,,,,NM_001035.3,5/104,intron_variant,MODIFIER,Het,39,0.512,Catecholaminergic polymorphic ventricular tachycardia,No,,No,Not provided,No,Not provided,Not provided,Not provided,0,Not provided,0,0,N/A,Not provided,Not provided,0,Not provided,0,Not provided,No database evidence,0.0,Unknown,0.000,Not provided,Not provided,Not provided,[],[],unknown,No,"{""PM2_Moderate"": 2}",2,VUS,"No ClinVar submissions | No HGMD entry | raw_total=0.000, applied=None",No ClinVar submissions,No HGMD entry,0.000,,,,,PM2_Moderate: gnomAD max AF=0 < threshold 0.0001 for MOI AD,,,,,,,,,,,,No,No,,,Filtered: VUS with <5 points excluded from all reporting paths (auto/manual/delins),,Yes
7043970,3900_2024,chr1,237372170,T,C,RYR2,AD,c.385-2547T>C,Not provided,,,,NM_001035.3,6/104,intron_variant,MODIFIER,Het,40,0.475,Catecholaminergic polymorphic ventricular tachycardia,No,,No,Not provided,No,Not provided,Not provided,Not provided,0,Not provided,0,0,N/A,Not provided,Not provided,0,Not provided,0,Not provided,No database evidence,0.000026,v3,0.000,Not provided,Not provided,Not provided,[],[],unknown,No,"{""PM2_Moderate"": 2}",2,VUS,"No ClinVar submissions | No HGMD entry | raw_total=0.000, applied=None",No ClinVar submissions,No HGMD entry,0.000,,,,,PM2_Moderate: gnomAD max AF=2.62781e-05 < threshold 0.0001 for MOI AD,,,,,,,,,,,,No,No,,,Filtered: VUS with <5 points excluded from all reporting paths (auto/manual/delins),,Yes
7043970,3900_2024,chr1,237380359,A,AAT,RYR2,AD,c.576+2986_576+2987dupTA,Not provided,,,,NM_001035.3,8/104,intron_variant,MODIFIER,Hom,11,1.000,Catecholaminergic polymorphic ventricular tachycardia,No,,No,Not provided,No,Not provided,Not provided,Not provided,0,Not provided,0,0,N/A,Not provided,Not provided,0,Not provided,0,Not provided,No database evidence,0.0,Unknown,0.000,Not provided,0.000,Not provided,[],[],unknown,No,"{""PM2_Moderate"": 2}",2,VUS,"No ClinVar submissions | No HGMD entry | raw_total=0.000, applied=None",No ClinVar submissions,No HGMD entry,0.000,,,,,PM2_Moderate: gnomAD max AF=0 < threshold 0.0001 for MOI AD,,,,,,,,,,,,No,No,,,Filtered: VUS with <5 points excluded from all reporting paths (auto/manual/delins),,Yes
7043970,3900_2024,chr1,237394984,G,T,RYR2,AD,c.773+6801G>T,Not provided,,,,NM_001035.3,10/104,intron_variant,MODIFIER,Het,33,0.629,Catecholaminergic polymorphic ventricular tachycardia,No,,No,Not provided,No,Not provided,Not provided,Not provided,0,Not provided,0,0,N/A,Not provided,Not provided,0,Not provided,0,Not provided,No database evidence,0.0,Unknown,0.000,Not provided,Not provided,Not provided,[],[],unknown,No,"{""PM2_Moderate"": 2}",2,VUS,"No ClinVar submissions | No HGMD entry | raw_total=0.000, applied=None",No ClinVar submissions,No HGMD entry,0.000,,,,,PM2_Moderate: gnomAD max AF=0 < threshold 0.0001 for MOI AD,,,,,,,,,,,,No,No,,,Filtered: VUS with <5 points excluded from all reporting paths (auto/manual/delins),,Yes
7043970,3900_2024,chr1,237395002,C,T,RYR2,AD,c.773+6819C>T,Not provided,,,,NM_001035.3,10/104,intron_variant,MODIFIER,Het,38,0.615,Catecholaminergic polymorphic ventricular tachycardia,No,,No,Not provided,No,Not provided,Not provided,Not provided,0,Not provided,0,0,N/A,Not provided,Not provided,0,Not provided,0,Not provided,No database evidence,0.000059,v3,0.000,Not provided,Not provided,Not provided,[],[],unknown,No,"{""PM2_Moderate"": 2}",2,VUS,"No ClinVar submissions | No HGMD entry | raw_total=0.000, applied=None",No ClinVar submissions,No HGMD entry,0.000,,,,,PM2_Moderate: gnomAD max AF=5.91607e-05 < threshold 0.0001 for MOI AD,,,,,,,,,,,,No,No,,,Filtered: VUS with <5 points excluded from all reporting paths (auto/manual/delins),,Yes
7043970,3900_2024,chr1,237413073,A,T,RYR2,AD,c.774-3976A>T,Not provided,,,,NM_001035.3,10/104,intron_variant,MODIFIER,Het,51,0.481,Catecholaminergic polymorphic ventricular tachycardia,No,,No,Not provided,No,Not provided,Not provided,Not provided,0,Not provided,0,0,N/A,Not provided,Not provided,0,Not provided,0,Not provided,No database evidence,0.0,Unknown,0.000,Not provided,Not provided,Not provided,[],[],unknown,No,"{""PM2_Moderate"": 2}",2,VUS,"No ClinVar submissions | No HGMD entry | raw_total=0.000, applied=None",No ClinVar submissions,No HGMD entry,0.000,,,,,PM2_Moderate: gnomAD max AF=0 < threshold 0.0001 for MOI AD,,,,,,,,,,,,No,No,,,Filtered: VUS with <5 points excluded from all reporting paths (auto/manual/delins),,Yes
7043970,3900_2024,chr1,237446052,T,G,RYR2,AD,c.1292+530T>G,Not provided,,,,NM_001035.3,14/104,intron_variant,MODIFIER,Het,25,0.429,Catecholaminergic polymorphic ventricular tachycardia,No,,No,Not provided,No,Not provided,Not provided,Not provided,0,Not provided,0,0,N/A,Not provided,Not provided,0,Not provided,0,Not provided,No database evidence,0.0,Unknown,0.000,Not provided,Not provided,Not provided,[],[],unknown,No,"{""PM2_Moderate"": 2}",2,VUS,"No ClinVar submissions | No HGMD entry | raw_total=0.000, applied=None",No ClinVar submissions,No HGMD entry,0.000,,,,,PM2_Moderate: gnomAD max AF=0 < threshold 0.0001 for MOI AD,,,,,,,,,,,,No,No,,,Filtered: VUS with <5 points excluded from all reporting paths (auto/manual/delins),,Yes
7043970,3900_2024,chr1,237452077,T,TTG,RYR2,AD,c.1293-2286_1293-2285dupGT,Not provided,,,,NM_001035.3,14/104,intron_variant,MODIFIER,Het,15,0.706,Catecholaminergic polymorphic ventricular tachycardia,No,,No,Not provided,No,Not provided,Not provided,Not provided,0,Not provided,0,0,N/A,Not provided,Not provided,0,Not provided,0,Not provided,No database evidence,0.0,Unknown,0.000,Not provided,0.010,Not provided,[],[],unknown,No,"{""PM2_Moderate"": 2}",2,VUS,"No ClinVar submissions | No HGMD entry | raw_total=0.000, applied=None",No ClinVar submissions,No HGMD entry,0.000,,,,,PM2_Moderate: gnomAD max AF=0 < threshold 0.0001 for MOI AD,,,,,,,,,,,,No,No,,,Filtered: VUS with <5 points excluded from all reporting paths (auto/manual/delins),,Yes
7043970,3900_2024,chr1,237521651,C,T,RYR2,AD,c.2823-8776C>T,Not provided,,,,NM_001035.3,24/104,intron_variant,MODIFIER,Het,43,0.533,Catecholaminergic polymorphic ventricular tachycardia,No,,No,Not provided,No,Not provided,Not provided,Not provided,0,Not provided,0,0,N/A,Not provided,Not provided,0,Not provided,0,Not provided,No database evidence,0.0,Unknown,0.000,Not provided,Not provided,Not provided,[],[],unknown,No,"{""PM2_Moderate"": 2}",2,VUS,"No ClinVar submissions | No HGMD entry | raw_total=0.000, applied=None",No ClinVar submissions,No HGMD entry,0.000,,,,,PM2_Moderate: gnomAD max AF=0 < threshold 0.0001 for MOI AD,,,,,,,,,,,,No,No,,,Filtered: VUS with <5 points excluded from all reporting paths (auto/manual/delins),,Yes
7043970,3900_2024,chr1,237522861,A,G,RYR2,AD,c.2823-7566A>G,Not provided,,,,NM_001035.3,24/104,intron_variant,MODIFIER,Het,45,0.396,Catecholaminergic polymorphic ventricular tachycardia,No,,No,Not provided,No,Not provided,Not provided,Not provided,0,Not provided,0,0,N/A,Not provided,Not provided,0,Not provided,0,Not provided,No database evidence,0.0,Unknown,0.000,Not provided,Not provided,Not provided,[],[],unknown,No,"{""PM2_Moderate"": 2}",2,VUS,"No ClinVar submissions | No HGMD entry | raw_total=0.000, applied=None",No ClinVar submissions,No HGMD entry,0.000,,,,,PM2_Moderate: gnomAD max AF=0 < threshold 0.0001 for MOI AD,,,,,,,,,,,,No,No,,,Filtered: VUS with <5 points excluded from all reporting paths (auto/manual/delins),,Yes
7043970,3900_2024,chr1,237542058,CTTTATT,C,RYR2,AD,c.2907-6371_2907-6366delTTATTT,Not provided,,,,NM_001035.3,25/104,intron_variant,MODIFIER,Het,50,0.420,Catecholaminergic polymorphic ventricular tachycardia,No,,No,Not provided,No,Not provided,Not provided,Not provided,0,Not provided,0,0,N/A,Not provided,Not provided,0,Not provided,0,Not provided,No database evidence,0.0,Unknown,0.000,Not provided,0.010,Not provided,[],[],unknown,No,"{""PM2_Moderate"": 2}",2,VUS,"No ClinVar submissions | No HGMD entry | raw_total=0.000, applied=None",No ClinVar submissions,No HGMD entry,0.000,,,,,PM2_Moderate: gnomAD max AF=0 < threshold 0.0001 for MOI AD,,,,,,,,,,,,No,No,,,Cluster id=2 detected (members=chr1:237542058:CTTTATT:C:7043970;chr1:237542066:ATTTATTTATTTATT:A:7043970) - no Pathogenic/LP present; delins NOT flagged; requires P/LP to consider delins.;Delins/overlap cluster (id=2) detected but not all members meet P/LP or >5pts -> not auto-escalated (possible carrier).;Filtered: VUS with <5 points excluded from all reporting paths (auto/manual/delins),,Yes
7043970,3900_2024,chr1,237542066,ATTTATTTATTTATT,A,RYR2,AD,c.2907-6363_2907-6350delTTATTTATTTATTT,Not provided,,,,NM_001035.3,25/104,intron_variant,MODIFIER,Het,50,0.431,Catecholaminergic polymorphic ventricular tachycardia,No,,No,Not provided,No,Not provided,Not provided,Not provided,0,Not provided,0,0,N/A,Not provided,Not provided,0,Not provided,0,Not provided,No database evidence,0.0,Unknown,0.000,Not provided,0.000,Not provided,[],[],unknown,No,"{""PM2_Moderate"": 2}",2,VUS,"No ClinVar submissions | No HGMD entry | raw_total=0.000, applied=None",No ClinVar submissions,No HGMD entry,0.000,,,,,PM2_Moderate: gnomAD max AF=0 < threshold 0.0001 for MOI AD,,,,,,,,,,,,No,No,,,Cluster id=2 detected (members=chr1:237542058:CTTTATT:C:7043970;chr1:237542066:ATTTATTTATTTATT:A:7043970) - no Pathogenic/LP present; delins NOT flagged; requires P/LP to consider delins.;Delins/overlap cluster (id=2) detected but not all members meet P/LP or >5pts -> not auto-escalated (possible carrier).;Filtered: VUS with <5 points excluded from all reporting paths (auto/manual/delins),,Yes
7043970,3900_2024,chr1,237592308,A,G,RYR2,AD,c.4275+455A>G,Not provided,,,,NM_001035.3,32/104,intron_variant,MODIFIER,Het,50,0.500,Catecholaminergic polymorphic ventricular tachycardia,No,,No,Not provided,No,Not provided,Not provided,Not provided,0,Not provided,0,0,N/A,Not provided,Not provided,0,Not provided,0,Not provided,No database evidence,0.0,Unknown,0.000,Not provided,Not provided,Not provided,[],[],unknown,No,"{""PM2_Moderate"": 2}",2,VUS,"No ClinVar submissions | No HGMD entry | raw_total=0.000, applied=None",No ClinVar submissions,No HGMD entry,0.000,,,,,PM2_Moderate: gnomAD max AF=0 < threshold 0.0001 for MOI AD,,,,,,,,,,,,No,No,,,Filtered: VUS with <5 points excluded from all reporting paths (auto/manual/delins),,Yes
7043970,3900_2024,chr1,237623770,T,C,RYR2,AD,c.5922T>C,p.Asn1974Asn,Asn,Asn,1974,NM_001035.3,39/105,synonymous_variant,LOW,Het,38,0.538,Catecholaminergic polymorphic ventricular tachycardia,No,,Yes,Catecholaminergic polymorphic ventricular tachycardia 1,No,Not provided,Catecholaminergic polymorphic ventricular tachycardia 1,likely benign,1,Likely benign,1,1,conditions_csv_phenotype_match,Not provided,Not provided,0,Not provided,0,Not provided,ClinVar: Sig=likely benign; ClinVar: Trait=Catecholaminergic polymorphic ventricular tachycardia 1,0.0,Unknown,0.000,Not provided,Not provided,Not provided,[],[],unknown,No,"{""PM2_Moderate"": 2, ""BP5ext_Supporting"": -1}",1,VUS,"sig=likely benign (-2 points), stars=1 (0.75 coef), clinvar_phenotype_match=Yes, clin=-1.500 | No HGMD entry | raw_total=-1.500, applied=BP5ext_Supporting","sig=likely benign (-2 points), stars=1 (0.75 coef), clinvar_phenotype_match=Yes, clin=-1.500",No HGMD entry,-1.500,BP5ext_Supporting,,,,PM2_Moderate: gnomAD max AF=0 < threshold 0.0001 for MOI AD,,,,,,,,,,,,No,No,,,Filtered: VUS with <5 points excluded from all reporting paths (auto/manual/delins),,Yes
7043970,3900_2024,chr1,237631688,C,A,RYR2,AD,c.6555+147C>A,Not provided,,,,NM_001035.3,42/104,intron_variant,MODIFIER,Hom,31,1.000,Catecholaminergic polymorphic ventricular tachycardia,No,,No,Not provided,No,Not provided,Not provided,Not provided,0,Not provided,0,0,N/A,Not provided,Not provided,0,Not provided,0,Not provided,No database evidence,0.000020,v3,0.000,Not provided,Not provided,Not provided,[],[],unknown,No,"{""PM2_Moderate"": 2}",2,VUS,"No ClinVar submissions | No HGMD entry | raw_total=0.000, applied=None",No ClinVar submissions,No HGMD entry,0.000,,,,,PM2_Moderate: gnomAD max AF=2.01979e-05 < threshold 0.0001 for MOI AD,,,,,,,,,,,,No,No,,,Cluster id=3 detected (members=chr1:237631688:C:A:7043970;chr1:237631691:G:A:7043970) - no Pathogenic/LP present; delins NOT flagged; requires P/LP to consider delins.;Delins/overlap cluster (id=3) detected but not all members meet P/LP or >5pts -> not auto-escalated (possible carrier).;Filtered: VUS with <5 points excluded from all reporting paths (auto/manual/delins),,Yes
7043970,3900_2024,chr1,237631691,G,A,RYR2,AD,c.6555+150G>A,Not provided,,,,NM_001035.3,42/104,intron_variant,MODIFIER,Hom,32,1.000,Catecholaminergic polymorphic ventricular tachycardia,No,,No,Not provided,No,Not provided,Not provided,Not provided,0,Not provided,0,0,N/A,Not provided,Not provided,0,Not provided,0,Not provided,No database evidence,0.000078,v3,0.000,Not provided,Not provided,Not provided,[],[],unknown,No,"{""PM2_Moderate"": 2}",2,VUS,"No ClinVar submissions | No HGMD entry | raw_total=0.000, applied=None",No ClinVar submissions,No HGMD entry,0.000,,,,,PM2_Moderate: gnomAD max AF=7.84344e-05 < threshold 0.0001 for MOI AD,,,,,,,,,,,,No,No,,,Cluster id=3 detected (members=chr1:237631688:C:A:7043970;chr1:237631691:G:A:7043970) - no Pathogenic/LP present; delins NOT flagged; requires P/LP to consider delins.;Delins/overlap cluster (id=3) detected but not all members meet P/LP or >5pts -> not auto-escalated (possible carrier).;Filtered: VUS with <5 points excluded from all reporting paths (auto/manual/delins),,Yes
7043970,3900_2024,chr1,237729286,T,C,RYR2,AD,c.10839-974T>C,Not provided,,,,NM_001035.3,76/104,intron_variant,MODIFIER,Het,42,0.512,Catecholaminergic polymorphic ventricular tachycardia,No,,No,Not provided,No,Not provided,Not provided,Not provided,0,Not provided,0,0,N/A,Not provided,Not provided,0,Not provided,0,Not provided,No database evidence,0.0,Unknown,0.000,Not provided,Not provided,Not provided,[],[],unknown,No,"{""PM2_Moderate"": 2}",2,VUS,"No ClinVar submissions | No HGMD entry | raw_total=0.000, applied=None",No ClinVar submissions,No HGMD entry,0.000,,,,,PM2_Moderate: gnomAD max AF=0 < threshold 0.0001 for MOI AD,,,,,,,,,,,,No,No,,,Filtered: VUS with <5 points excluded from all reporting paths (auto/manual/delins),,Yes
7043970,3900_2024,chr1,237731891,TACAC,T,RYR2,AD,c.10936-130_10936-127delACAC,Not provided,,,,NM_001035.3,77/104,intron_variant,MODIFIER,Het,34,0.694,Catecholaminergic polymorphic ventricular tachycardia,No,,No,Not provided,No,Not provided,Not provided,Not provided,0,Not provided,0,0,N/A,Not provided,Not provided,0,Not provided,0,Not provided,No database evidence,0.0,Unknown,0.000,Not provided,0.000,Not provided,[],[],unknown,No,"{""PM2_Moderate"": 2}",2,VUS,"No ClinVar submissions | No HGMD entry | raw_total=0.000, applied=None",No ClinVar submissions,No HGMD entry,0.000,,,,,PM2_Moderate: gnomAD max AF=0 < threshold 0.0001 for MOI AD,,,,,,,,,,,,No,No,,,Filtered: VUS with <5 points excluded from all reporting paths (auto/manual/delins),,Yes
7043970,3900_2024,chr1,237792398,CGTGT,C,RYR2,AD,c.13782+98_13782+101delGTGT,Not provided,,,,NM_001035.3,94/104,intron_variant,MODIFIER,Hom,16,0.882,Catecholaminergic polymorphic ventricular tachycardia,No,,No,Not provided,No,Not provided,Not provided,Not provided,0,Not provided,0,0,N/A,Not provided,Not provided,0,Not provided,0,Not provided,No database evidence,0.0,Unknown,0.000,Not provided,0.010,Not provided,[],[],unknown,No,"{""PM2_Moderate"": 2}",2,VUS,"No ClinVar submissions | No HGMD entry | raw_total=0.000, applied=None",No ClinVar submissions,No HGMD entry,0.000,,,,,PM2_Moderate: gnomAD max AF=0 < threshold 0.0001 for MOI AD,,,,,,,,,,,,No,No,,,Filtered: VUS with <5 points excluded from all reporting paths (auto/manual/delins),,Yes
7043970,3900_2024,chr1,237793407,T,TA,RYR2,AD,c.13783-459dupA,Not provided,,,,NM_001035.3,94/104,intron_variant,MODIFIER,Hom,48,1.000,Catecholaminergic polymorphic ventricular tachycardia,No,,No,Not provided,No,Not provided,Not provided,Not provided,0,Not provided,0,0,N/A,Not provided,Not provided,0,Not provided,0,Not provided,No database evidence,0.0,Unknown,0.000,Not provided,Not provided,Not provided,[],[],unknown,No,"{""PM2_Moderate"": 2}",2,VUS,"No ClinVar submissions | No HGMD entry | raw_total=0.000, applied=None",No ClinVar submissions,No HGMD entry,0.000,,,,,PM2_Moderate: gnomAD max AF=0 < threshold 0.0001 for MOI AD,,,,,,,,,,,,No,No,,,Filtered: VUS with <5 points excluded from all reporting paths (auto/manual/delins),,Yes
7043970,3900_2024,chr1,237805576,G,T,RYR2,AD,c.14152-561G>T,Not provided,,,,NM_001035.3,98/104,intron_variant,MODIFIER,Hom,13,1.000,Catecholaminergic polymorphic ventricular tachycardia,No,,No,Not provided,No,Not provided,Not provided,Not provided,0,Not provided,0,0,N/A,Not provided,Not provided,0,Not provided,0,Not provided,No database evidence,0.0,Unknown,0.000,Not provided,Not provided,Not provided,[],[],unknown,No,"{""PM2_Moderate"": 2}",2,VUS,"No ClinVar submissions | No HGMD entry | raw_total=0.000, applied=None",No ClinVar submissions,No HGMD entry,0.000,,,,,PM2_Moderate: gnomAD max AF=0 < threshold 0.0001 for MOI AD,,,,,,,,,,,,No,No,,,Cluster id=4 detected (members=chr1:237805576:G:T:7043970;chr1:237805584:A:T:7043970;chr1:237805592:A:T:7043970;chr1:237805593:A:T:7043970;chr1:237805588:A:T:7043970;chr1:237805591:A:T:7043970;chr1:237805598:A:G:7043970;chr1:237805589:A:T:7043970;chr1:237805596:A:T:7043970;chr1:237805594:A:T:7043970;chr1:237805587:A:T:7043970;chr1:237805590:A:T:7043970;chr1:237805581:A:T:7043970;chr1:237805583:A:T:7043970;chr1:237805585:A:T:7043970;chr1:237805595:A:T:7043970;chr1:237805597:A:T:7043970;chr1:237805586:A:T:7043970;chr1:237805580:C:T:7043970;chr1:237805582:A:T:7043970) - no Pathogenic/LP present; delins NOT flagged; requires P/LP to consider delins.;Delins/overlap cluster (id=4) detected but not all members meet P/LP or >5pts -> not auto-escalated (possible carrier).;Filtered: VUS with <5 points excluded from all reporting paths (auto/manual/delins),,Yes
7043970,3900_2024,chr1,237805580,C,T,RYR2,AD,c.14152-557C>T,Not provided,,,,NM_001035.3,98/104,intron_variant,MODIFIER,Hom,19,1.000,Catecholaminergic polymorphic ventricular tachycardia,No,,No,Not provided,No,Not provided,Not provided,Not provided,0,Not provided,0,0,N/A,Not provided,Not provided,0,Not provided,0,Not provided,No database evidence,0.0,Unknown,0.000,Not provided,Not provided,Not provided,[],[],unknown,No,"{""PM2_Moderate"": 2}",2,VUS,"No ClinVar submissions | No HGMD entry | raw_total=0.000, applied=None",No ClinVar submissions,No HGMD entry,0.000,,,,,PM2_Moderate: gnomAD max AF=0 < threshold 0.0001 for MOI AD,,,,,,,,,,,,No,No,,,Cluster id=4 detected (members=chr1:237805576:G:T:7043970;chr1:237805584:A:T:7043970;chr1:237805592:A:T:7043970;chr1:237805593:A:T:7043970;chr1:237805588:A:T:7043970;chr1:237805591:A:T:7043970;chr1:237805598:A:G:7043970;chr1:237805589:A:T:7043970;chr1:237805596:A:T:7043970;chr1:237805594:A:T:7043970;chr1:237805587:A:T:7043970;chr1:237805590:A:T:7043970;chr1:237805581:A:T:7043970;chr1:237805583:A:T:7043970;chr1:237805585:A:T:7043970;chr1:237805595:A:T:7043970;chr1:237805597:A:T:7043970;chr1:237805586:A:T:7043970;chr1:237805580:C:T:7043970;chr1:237805582:A:T:7043970) - no Pathogenic/LP present; delins NOT flagged; requires P/LP to consider delins.;Delins/overlap cluster (id=4) detected but not all members meet P/LP or >5pts -> not auto-escalated (possible carrier).;Filtered: VUS with <5 points excluded from all reporting paths (auto/manual/delins),,Yes
7043970,3900_2024,chr1,237805581,A,T,RYR2,AD,c.14152-556A>T,Not provided,,,,NM_001035.3,98/104,intron_variant,MODIFIER,Het,17,0.947,Catecholaminergic polymorphic ventricular tachycardia,No,,No,Not provided,No,Not provided,Not provided,Not provided,0,Not provided,0,0,N/A,Not provided,Not provided,0,Not provided,0,Not provided,No database evidence,0.0,Unknown,0.000,Not provided,Not provided,Not provided,[],[],unknown,No,"{""PM2_Moderate"": 2}",2,VUS,"No ClinVar submissions | No HGMD entry | raw_total=0.000, applied=None",No ClinVar submissions,No HGMD entry,0.000,,,,,PM2_Moderate: gnomAD max AF=0 < threshold 0.0001 for MOI AD,,,,,,,,,,,,No,No,,,Cluster id=4 detected (members=chr1:237805576:G:T:7043970;chr1:237805584:A:T:7043970;chr1:237805592:A:T:7043970;chr1:237805593:A:T:7043970;chr1:237805588:A:T:7043970;chr1:237805591:A:T:7043970;chr1:237805598:A:G:7043970;chr1:237805589:A:T:7043970;chr1:237805596:A:T:7043970;chr1:237805594:A:T:7043970;chr1:237805587:A:T:7043970;chr1:237805590:A:T:7043970;chr1:237805581:A:T:7043970;chr1:237805583:A:T:7043970;chr1:237805585:A:T:7043970;chr1:237805595:A:T:7043970;chr1:237805597:A:T:7043970;chr1:237805586:A:T:7043970;chr1:237805580:C:T:7043970;chr1:237805582:A:T:7043970) - no Pathogenic/LP present; delins NOT flagged; requires P/LP to consider delins.;Delins/overlap cluster (id=4) detected but not all members meet P/LP or >5pts -> not auto-escalated (possible carrier).;Filtered: VUS with <5 points excluded from all reporting paths (auto/manual/delins),,Yes
7043970,3900_2024,chr1,237805582,A,T,RYR2,AD,c.14152-555A>T,Not provided,,,,NM_001035.3,98/104,intron_variant,MODIFIER,Het,18,1.000,Catecholaminergic polymorphic ventricular tachycardia,No,,No,Not provided,No,Not provided,Not provided,Not provided,0,Not provided,0,0,N/A,Not provided,Not provided,0,Not provided,0,Not provided,No database evidence,0.0,Unknown,0.000,Not provided,Not provided,Not provided,[],[],unknown,No,"{""PM2_Moderate"": 2}",2,VUS,"No ClinVar submissions | No HGMD entry | raw_total=0.000, applied=None",No ClinVar submissions,No HGMD entry,0.000,,,,,PM2_Moderate: gnomAD max AF=0 < threshold 0.0001 for MOI AD,,,,,,,,,,,,No,No,,,Cluster id=4 detected (members=chr1:237805576:G:T:7043970;chr1:237805584:A:T:7043970;chr1:237805592:A:T:7043970;chr1:237805593:A:T:7043970;chr1:237805588:A:T:7043970;chr1:237805591:A:T:7043970;chr1:237805598:A:G:7043970;chr1:237805589:A:T:7043970;chr1:237805596:A:T:7043970;chr1:237805594:A:T:7043970;chr1:237805587:A:T:7043970;chr1:237805590:A:T:7043970;chr1:237805581:A:T:7043970;chr1:237805583:A:T:7043970;chr1:237805585:A:T:7043970;chr1:237805595:A:T:7043970;chr1:237805597:A:T:7043970;chr1:237805586:A:T:7043970;chr1:237805580:C:T:7043970;chr1:237805582:A:T:7043970) - no Pathogenic/LP present; delins NOT flagged; requires P/LP to consider delins.;Delins/overlap cluster (id=4) detected but not all members meet P/LP or >5pts -> not auto-escalated (possible carrier).;Filtered: VUS with <5 points excluded from all reporting paths (auto/manual/delins),,Yes
7043970,3900_2024,chr1,237805583,A,T,RYR2,AD,c.14152-554A>T,Not provided,,,,NM_001035.3,98/104,intron_variant,MODIFIER,Het,18,1.000,Catecholaminergic polymorphic ventricular tachycardia,No,,No,Not provided,No,Not provided,Not provided,Not provided,0,Not provided,0,0,N/A,Not provided,Not provided,0,Not provided,0,Not provided,No database evidence,0.0,Unknown,0.000,Not provided,Not provided,Not provided,[],[],unknown,No,"{""PM2_Moderate"": 2}",2,VUS,"No ClinVar submissions | No HGMD entry | raw_total=0.000, applied=None",No ClinVar submissions,No HGMD entry,0.000,,,,,PM2_Moderate: gnomAD max AF=0 < threshold 0.0001 for MOI AD,,,,,,,,,,,,No,No,,,Cluster id=4 detected (members=chr1:237805576:G:T:7043970;chr1:237805584:A:T:7043970;chr1:237805592:A:T:7043970;chr1:237805593:A:T:7043970;chr1:237805588:A:T:7043970;chr1:237805591:A:T:7043970;chr1:237805598:A:G:7043970;chr1:237805589:A:T:7043970;chr1:237805596:A:T:7043970;chr1:237805594:A:T:7043970;chr1:237805587:A:T:7043970;chr1:237805590:A:T:7043970;chr1:237805581:A:T:7043970;chr1:237805583:A:T:7043970;chr1:237805585:A:T:7043970;chr1:237805595:A:T:7043970;chr1:237805597:A:T:7043970;chr1:237805586:A:T:7043970;chr1:237805580:C:T:7043970;chr1:237805582:A:T:7043970) - no Pathogenic/LP present; delins NOT flagged; requires P/LP to consider delins.;Delins/overlap cluster (id=4) detected but not all members meet P/LP or >5pts -> not auto-escalated (possible carrier).;Filtered: VUS with <5 points excluded from all reporting paths (auto/manual/delins),,Yes
7043970,3900_2024,chr1,237805584,A,T,RYR2,AD,c.14152-553A>T,Not provided,,,,NM_001035.3,98/104,intron_variant,MODIFIER,Het,18,1.000,Catecholaminergic polymorphic ventricular tachycardia,No,,No,Not provided,No,Not provided,Not provided,Not provided,0,Not provided,0,0,N/A,Not provided,Not provided,0,Not provided,0,Not provided,No database evidence,0.0,Unknown,0.000,Not provided,Not provided,Not provided,[],[],unknown,No,"{""PM2_Moderate"": 2}",2,VUS,"No ClinVar submissions | No HGMD entry | raw_total=0.000, applied=None",No ClinVar submissions,No HGMD entry,0.000,,,,,PM2_Moderate: gnomAD max AF=0 < threshold 0.0001 for MOI AD,,,,,,,,,,,,No,No,,,Cluster id=4 detected (members=chr1:237805576:G:T:7043970;chr1:237805584:A:T:7043970;chr1:237805592:A:T:7043970;chr1:237805593:A:T:7043970;chr1:237805588:A:T:7043970;chr1:237805591:A:T:7043970;chr1:237805598:A:G:7043970;chr1:237805589:A:T:7043970;chr1:237805596:A:T:7043970;chr1:237805594:A:T:7043970;chr1:237805587:A:T:7043970;chr1:237805590:A:T:7043970;chr1:237805581:A:T:7043970;chr1:237805583:A:T:7043970;chr1:237805585:A:T:7043970;chr1:237805595:A:T:7043970;chr1:237805597:A:T:7043970;chr1:237805586:A:T:7043970;chr1:237805580:C:T:7043970;chr1:237805582:A:T:7043970) - no Pathogenic/LP present; delins NOT flagged; requires P/LP to consider delins.;Delins/overlap cluster (id=4) detected but not all members meet P/LP or >5pts -> not auto-escalated (possible carrier).;Filtered: VUS with <5 points excluded from all reporting paths (auto/manual/delins),,Yes
7043970,3900_2024,chr1,237805585,A,T,RYR2,AD,c.14152-552A>T,Not provided,,,,NM_001035.3,98/104,intron_variant,MODIFIER,Het,18,1.000,Catecholaminergic polymorphic ventricular tachycardia,No,,No,Not provided,No,Not provided,Not provided,Not provided,0,Not provided,0,0,N/A,Not provided,Not provided,0,Not provided,0,Not provided,No database evidence,0.0,Unknown,0.000,Not provided,Not provided,Not provided,[],[],unknown,No,"{""PM2_Moderate"": 2}",2,VUS,"No ClinVar submissions | No HGMD entry | raw_total=0.000, applied=None",No ClinVar submissions,No HGMD entry,0.000,,,,,PM2_Moderate: gnomAD max AF=0 < threshold 0.0001 for MOI AD,,,,,,,,,,,,No,No,,,Cluster id=4 detected (members=chr1:237805576:G:T:7043970;chr1:237805584:A:T:7043970;chr1:237805592:A:T:7043970;chr1:237805593:A:T:7043970;chr1:237805588:A:T:7043970;chr1:237805591:A:T:7043970;chr1:237805598:A:G:7043970;chr1:237805589:A:T:7043970;chr1:237805596:A:T:7043970;chr1:237805594:A:T:7043970;chr1:237805587:A:T:7043970;chr1:237805590:A:T:7043970;chr1:237805581:A:T:7043970;chr1:237805583:A:T:7043970;chr1:237805585:A:T:7043970;chr1:237805595:A:T:7043970;chr1:237805597:A:T:7043970;chr1:237805586:A:T:7043970;chr1:237805580:C:T:7043970;chr1:237805582:A:T:7043970) - no Pathogenic/LP present; delins NOT flagged; requires P/LP to consider delins.;Delins/overlap cluster (id=4) detected but not all members meet P/LP or >5pts -> not auto-escalated (possible carrier).;Filtered: VUS with <5 points excluded from all reporting paths (auto/manual/delins),,Yes
7043970,3900_2024,chr1,237805586,A,T,RYR2,AD,c.14152-551A>T,Not provided,,,,NM_001035.3,98/104,intron_variant,MODIFIER,Het,18,1.000,Catecholaminergic polymorphic ventricular tachycardia,No,,No,Not provided,No,Not provided,Not provided,Not provided,0,Not provided,0,0,N/A,Not provided,Not provided,0,Not provided,0,Not provided,No database evidence,0.0,Unknown,0.000,Not provided,Not provided,Not provided,[],[],unknown,No,"{""PM2_Moderate"": 2}",2,VUS,"No ClinVar submissions | No HGMD entry | raw_total=0.000, applied=None",No ClinVar submissions,No HGMD entry,0.000,,,,,PM2_Moderate: gnomAD max AF=0 < threshold 0.0001 for MOI AD,,,,,,,,,,,,No,No,,,Cluster id=4 detected (members=chr1:237805576:G:T:7043970;chr1:237805584:A:T:7043970;chr1:237805592:A:T:7043970;chr1:237805593:A:T:7043970;chr1:237805588:A:T:7043970;chr1:237805591:A:T:7043970;chr1:237805598:A:G:7043970;chr1:237805589:A:T:7043970;chr1:237805596:A:T:7043970;chr1:237805594:A:T:7043970;chr1:237805587:A:T:7043970;chr1:237805590:A:T:7043970;chr1:237805581:A:T:7043970;chr1:237805583:A:T:7043970;chr1:237805585:A:T:7043970;chr1:237805595:A:T:7043970;chr1:237805597:A:T:7043970;chr1:237805586:A:T:7043970;chr1:237805580:C:T:7043970;chr1:237805582:A:T:7043970) - no Pathogenic/LP present; delins NOT flagged; requires P/LP to consider delins.;Delins/overlap cluster (id=4) detected but not all members meet P/LP or >5pts -> not auto-escalated (possible carrier).;Filtered: VUS with <5 points excluded from all reporting paths (auto/manual/delins),,Yes
7043970,3900_2024,chr1,237805587,A,T,RYR2,AD,c.14152-550A>T,Not provided,,,,NM_001035.3,98/104,intron_variant,MODIFIER,Het,18,1.000,Catecholaminergic polymorphic ventricular tachycardia,No,,No,Not provided,No,Not provided,Not provided,Not provided,0,Not provided,0,0,N/A,Not provided,Not provided,0,Not provided,0,Not provided,No database evidence,0.0,Unknown,0.000,Not provided,Not provided,Not provided,[],[],unknown,No,"{""PM2_Moderate"": 2}",2,VUS,"No ClinVar submissions | No HGMD entry | raw_total=0.000, applied=None",No ClinVar submissions,No HGMD entry,0.000,,,,,PM2_Moderate: gnomAD max AF=0 < threshold 0.0001 for MOI AD,,,,,,,,,,,,No,No,,,Cluster id=4 detected (members=chr1:237805576:G:T:7043970;chr1:237805584:A:T:7043970;chr1:237805592:A:T:7043970;chr1:237805593:A:T:7043970;chr1:237805588:A:T:7043970;chr1:237805591:A:T:7043970;chr1:237805598:A:G:7043970;chr1:237805589:A:T:7043970;chr1:237805596:A:T:7043970;chr1:237805594:A:T:7043970;chr1:237805587:A:T:7043970;chr1:237805590:A:T:7043970;chr1:237805581:A:T:7043970;chr1:237805583:A:T:7043970;chr1:237805585:A:T:7043970;chr1:237805595:A:T:7043970;chr1:237805597:A:T:7043970;chr1:237805586:A:T:7043970;chr1:237805580:C:T:7043970;chr1:237805582:A:T:7043970) - no Pathogenic/LP present; delins NOT flagged; requires P/LP to consider delins.;Delins/overlap cluster (id=4) detected but not all members meet P/LP or >5pts -> not auto-escalated (possible carrier).;Filtered: VUS with <5 points excluded from all reporting paths (auto/manual/delins),,Yes
7043970,3900_2024,chr1,237805588,A,T,RYR2,AD,c.14152-549A>T,Not provided,,,,NM_001035.3,98/104,intron_variant,MODIFIER,Het,18,1.000,Catecholaminergic polymorphic ventricular tachycardia,No,,No,Not provided,No,Not provided,Not provided,Not provided,0,Not provided,0,0,N/A,Not provided,Not provided,0,Not provided,0,Not provided,No database evidence,0.0,Unknown,0.000,Not provided,Not provided,Not provided,[],[],unknown,No,"{""PM2_Moderate"": 2}",2,VUS,"No ClinVar submissions | No HGMD entry | raw_total=0.000, applied=None",No ClinVar submissions,No HGMD entry,0.000,,,,,PM2_Moderate: gnomAD max AF=0 < threshold 0.0001 for MOI AD,,,,,,,,,,,,No,No,,,Cluster id=4 detected (members=chr1:237805576:G:T:7043970;chr1:237805584:A:T:7043970;chr1:237805592:A:T:7043970;chr1:237805593:A:T:7043970;chr1:237805588:A:T:7043970;chr1:237805591:A:T:7043970;chr1:237805598:A:G:7043970;chr1:237805589:A:T:7043970;chr1:237805596:A:T:7043970;chr1:237805594:A:T:7043970;chr1:237805587:A:T:7043970;chr1:237805590:A:T:7043970;chr1:237805581:A:T:7043970;chr1:237805583:A:T:7043970;chr1:237805585:A:T:7043970;chr1:237805595:A:T:7043970;chr1:237805597:A:T:7043970;chr1:237805586:A:T:7043970;chr1:237805580:C:T:7043970;chr1:237805582:A:T:7043970) - no Pathogenic/LP present; delins NOT flagged; requires P/LP to consider delins.;Delins/overlap cluster (id=4) detected but not all members meet P/LP or >5pts -> not auto-escalated (possible carrier).;Filtered: VUS with <5 points excluded from all reporting paths (auto/manual/delins),,Yes
7043970,3900_2024,chr1,237805589,A,T,RYR2,AD,c.14152-548A>T,Not provided,,,,NM_001035.3,98/104,intron_variant,MODIFIER,Het,16,0.944,Catecholaminergic polymorphic ventricular tachycardia,No,,No,Not provided,No,Not provided,Not provided,Not provided,0,Not provided,0,0,N/A,Not provided,Not provided,0,Not provided,0,Not provided,No database evidence,0.0,Unknown,0.000,Not provided,Not provided,Not provided,[],[],unknown,No,"{""PM2_Moderate"": 2}",2,VUS,"No ClinVar submissions | No HGMD entry | raw_total=0.000, applied=None",No ClinVar submissions,No HGMD entry,0.000,,,,,PM2_Moderate: gnomAD max AF=0 < threshold 0.0001 for MOI AD,,,,,,,,,,,,No,No,,,Cluster id=4 detected (members=chr1:237805576:G:T:7043970;chr1:237805584:A:T:7043970;chr1:237805592:A:T:7043970;chr1:237805593:A:T:7043970;chr1:237805588:A:T:7043970;chr1:237805591:A:T:7043970;chr1:237805598:A:G:7043970;chr1:237805589:A:T:7043970;chr1:237805596:A:T:7043970;chr1:237805594:A:T:7043970;chr1:237805587:A:T:7043970;chr1:237805590:A:T:7043970;chr1:237805581:A:T:7043970;chr1:237805583:A:T:7043970;chr1:237805585:A:T:7043970;chr1:237805595:A:T:7043970;chr1:237805597:A:T:7043970;chr1:237805586:A:T:7043970;chr1:237805580:C:T:7043970;chr1:237805582:A:T:7043970) - no Pathogenic/LP present; delins NOT flagged; requires P/LP to consider delins.;Delins/overlap cluster (id=4) detected but not all members meet P/LP or >5pts -> not auto-escalated (possible carrier).;Filtered: VUS with <5 points excluded from all reporting paths (auto/manual/delins),,Yes
7043970,3900_2024,chr1,237805590,A,T,RYR2,AD,c.14152-547A>T,Not provided,,,,NM_001035.3,98/104,intron_variant,MODIFIER,Het,17,1.000,Catecholaminergic polymorphic ventricular tachycardia,No,,No,Not provided,No,Not provided,Not provided,Not provided,0,Not provided,0,0,N/A,Not provided,Not provided,0,Not provided,0,Not provided,No database evidence,0.0,Unknown,0.000,Not provided,Not provided,Not provided,[],[],unknown,No,"{""PM2_Moderate"": 2}",2,VUS,"No ClinVar submissions | No HGMD entry | raw_total=0.000, applied=None",No ClinVar submissions,No HGMD entry,0.000,,,,,PM2_Moderate: gnomAD max AF=0 < threshold 0.0001 for MOI AD,,,,,,,,,,,,No,No,,,Cluster id=4 detected (members=chr1:237805576:G:T:7043970;chr1:237805584:A:T:7043970;chr1:237805592:A:T:7043970;chr1:237805593:A:T:7043970;chr1:237805588:A:T:7043970;chr1:237805591:A:T:7043970;chr1:237805598:A:G:7043970;chr1:237805589:A:T:7043970;chr1:237805596:A:T:7043970;chr1:237805594:A:T:7043970;chr1:237805587:A:T:7043970;chr1:237805590:A:T:7043970;chr1:237805581:A:T:7043970;chr1:237805583:A:T:7043970;chr1:237805585:A:T:7043970;chr1:237805595:A:T:7043970;chr1:237805597:A:T:7043970;chr1:237805586:A:T:7043970;chr1:237805580:C:T:7043970;chr1:237805582:A:T:7043970) - no Pathogenic/LP present; delins NOT flagged; requires P/LP to consider delins.;Delins/overlap cluster (id=4) detected but not all members meet P/LP or >5pts -> not auto-escalated (possible carrier).;Filtered: VUS with <5 points excluded from all reporting paths (auto/manual/delins),,Yes
7043970,3900_2024,chr1,237805591,A,T,RYR2,AD,c.14152-546A>T,Not provided,,,,NM_001035.3,98/104,intron_variant,MODIFIER,Het,17,1.000,Catecholaminergic polymorphic ventricular tachycardia,No,,No,Not provided,No,Not provided,Not provided,Not provided,0,Not provided,0,0,N/A,Not provided,Not provided,0,Not provided,0,Not provided,No database evidence,0.0,Unknown,0.000,Not provided,Not provided,Not provided,[],[],unknown,No,"{""PM2_Moderate"": 2}",2,VUS,"No ClinVar submissions | No HGMD entry | raw_total=0.000, applied=None",No ClinVar submissions,No HGMD entry,0.000,,,,,PM2_Moderate: gnomAD max AF=0 < threshold 0.0001 for MOI AD,,,,,,,,,,,,No,No,,,Cluster id=4 detected (members=chr1:237805576:G:T:7043970;chr1:237805584:A:T:7043970;chr1:237805592:A:T:7043970;chr1:237805593:A:T:7043970;chr1:237805588:A:T:7043970;chr1:237805591:A:T:7043970;chr1:237805598:A:G:7043970;chr1:237805589:A:T:7043970;chr1:237805596:A:T:7043970;chr1:237805594:A:T:7043970;chr1:237805587:A:T:7043970;chr1:237805590:A:T:7043970;chr1:237805581:A:T:7043970;chr1:237805583:A:T:7043970;chr1:237805585:A:T:7043970;chr1:237805595:A:T:7043970;chr1:237805597:A:T:7043970;chr1:237805586:A:T:7043970;chr1:237805580:C:T:7043970;chr1:237805582:A:T:7043970) - no Pathogenic/LP present; delins NOT flagged; requires P/LP to consider delins.;Delins/overlap cluster (id=4) detected but not all members meet P/LP or >5pts -> not auto-escalated (possible carrier).;Filtered: VUS with <5 points excluded from all reporting paths (auto/manual/delins),,Yes
7043970,3900_2024,chr1,237805592,A,T,RYR2,AD,c.14152-545A>T,Not provided,,,,NM_001035.3,98/104,intron_variant,MODIFIER,Het,15,0.941,Catecholaminergic polymorphic ventricular tachycardia,No,,No,Not provided,No,Not provided,Not provided,Not provided,0,Not provided,0,0,N/A,Not provided,Not provided,0,Not provided,0,Not provided,No database evidence,0.0,Unknown,0.000,Not provided,Not provided,Not provided,[],[],unknown,No,"{""PM2_Moderate"": 2}",2,VUS,"No ClinVar submissions | No HGMD entry | raw_total=0.000, applied=None",No ClinVar submissions,No HGMD entry,0.000,,,,,PM2_Moderate: gnomAD max AF=0 < threshold 0.0001 for MOI AD,,,,,,,,,,,,No,No,,,Cluster id=4 detected (members=chr1:237805576:G:T:7043970;chr1:237805584:A:T:7043970;chr1:237805592:A:T:7043970;chr1:237805593:A:T:7043970;chr1:237805588:A:T:7043970;chr1:237805591:A:T:7043970;chr1:237805598:A:G:7043970;chr1:237805589:A:T:7043970;chr1:237805596:A:T:7043970;chr1:237805594:A:T:7043970;chr1:237805587:A:T:7043970;chr1:237805590:A:T:7043970;chr1:237805581:A:T:7043970;chr1:237805583:A:T:7043970;chr1:237805585:A:T:7043970;chr1:237805595:A:T:7043970;chr1:237805597:A:T:7043970;chr1:237805586:A:T:7043970;chr1:237805580:C:T:7043970;chr1:237805582:A:T:7043970) - no Pathogenic/LP present; delins NOT flagged; requires P/LP to consider delins.;Delins/overlap cluster (id=4) detected but not all members meet P/LP or >5pts -> not auto-escalated (possible carrier).;Filtered: VUS with <5 points excluded from all reporting paths (auto/manual/delins),,Yes
7043970,3900_2024,chr1,237805593,A,T,RYR2,AD,c.14152-544A>T,Not provided,,,,NM_001035.3,98/104,intron_variant,MODIFIER,Het,16,1.000,Catecholaminergic polymorphic ventricular tachycardia,No,,No,Not provided,No,Not provided,Not provided,Not provided,0,Not provided,0,0,N/A,Not provided,Not provided,0,Not provided,0,Not provided,No database evidence,0.0,Unknown,0.000,Not provided,Not provided,Not provided,[],[],unknown,No,"{""PM2_Moderate"": 2}",2,VUS,"No ClinVar submissions | No HGMD entry | raw_total=0.000, applied=None",No ClinVar submissions,No HGMD entry,0.000,,,,,PM2_Moderate: gnomAD max AF=0 < threshold 0.0001 for MOI AD,,,,,,,,,,,,No,No,,,Cluster id=4 detected (members=chr1:237805576:G:T:7043970;chr1:237805584:A:T:7043970;chr1:237805592:A:T:7043970;chr1:237805593:A:T:7043970;chr1:237805588:A:T:7043970;chr1:237805591:A:T:7043970;chr1:237805598:A:G:7043970;chr1:237805589:A:T:7043970;chr1:237805596:A:T:7043970;chr1:237805594:A:T:7043970;chr1:237805587:A:T:7043970;chr1:237805590:A:T:7043970;chr1:237805581:A:T:7043970;chr1:237805583:A:T:7043970;chr1:237805585:A:T:7043970;chr1:237805595:A:T:7043970;chr1:237805597:A:T:7043970;chr1:237805586:A:T:7043970;chr1:237805580:C:T:7043970;chr1:237805582:A:T:7043970) - no Pathogenic/LP present; delins NOT flagged; requires P/LP to consider delins.;Delins/overlap cluster (id=4) detected but not all members meet P/LP or >5pts -> not auto-escalated (possible carrier).;Filtered: VUS with <5 points excluded from all reporting paths (auto/manual/delins),,Yes
7043970,3900_2024,chr1,237805594,A,T,RYR2,AD,c.14152-543A>T,Not provided,,,,NM_001035.3,98/104,intron_variant,MODIFIER,Het,16,1.000,Catecholaminergic polymorphic ventricular tachycardia,No,,No,Not provided,No,Not provided,Not provided,Not provided,0,Not provided,0,0,N/A,Not provided,Not provided,0,Not provided,0,Not provided,No database evidence,0.0,Unknown,0.000,Not provided,Not provided,Not provided,[],[],unknown,No,"{""PM2_Moderate"": 2}",2,VUS,"No ClinVar submissions | No HGMD entry | raw_total=0.000, applied=None",No ClinVar submissions,No HGMD entry,0.000,,,,,PM2_Moderate: gnomAD max AF=0 < threshold 0.0001 for MOI AD,,,,,,,,,,,,No,No,,,Cluster id=4 detected (members=chr1:237805576:G:T:7043970;chr1:237805584:A:T:7043970;chr1:237805592:A:T:7043970;chr1:237805593:A:T:7043970;chr1:237805588:A:T:7043970;chr1:237805591:A:T:7043970;chr1:237805598:A:G:7043970;chr1:237805589:A:T:7043970;chr1:237805596:A:T:7043970;chr1:237805594:A:T:7043970;chr1:237805587:A:T:7043970;chr1:237805590:A:T:7043970;chr1:237805581:A:T:7043970;chr1:237805583:A:T:7043970;chr1:237805585:A:T:7043970;chr1:237805595:A:T:7043970;chr1:237805597:A:T:7043970;chr1:237805586:A:T:7043970;chr1:237805580:C:T:7043970;chr1:237805582:A:T:7043970) - no Pathogenic/LP present; delins NOT flagged; requires P/LP to consider delins.;Delins/overlap cluster (id=4) detected but not all members meet P/LP or >5pts -> not auto-escalated (possible carrier).;Filtered: VUS with <5 points excluded from all reporting paths (auto/manual/delins),,Yes
7043970,3900_2024,chr1,237805595,A,T,RYR2,AD,c.14152-542A>T,Not provided,,,,NM_001035.3,98/104,intron_variant,MODIFIER,Het,16,1.000,Catecholaminergic polymorphic ventricular tachycardia,No,,No,Not provided,No,Not provided,Not provided,Not provided,0,Not provided,0,0,N/A,Not provided,Not provided,0,Not provided,0,Not provided,No database evidence,0.0,Unknown,0.000,Not provided,Not provided,Not provided,[],[],unknown,No,"{""PM2_Moderate"": 2}",2,VUS,"No ClinVar submissions | No HGMD entry | raw_total=0.000, applied=None",No ClinVar submissions,No HGMD entry,0.000,,,,,PM2_Moderate: gnomAD max AF=0 < threshold 0.0001 for MOI AD,,,,,,,,,,,,No,No,,,Cluster id=4 detected (members=chr1:237805576:G:T:7043970;chr1:237805584:A:T:7043970;chr1:237805592:A:T:7043970;chr1:237805593:A:T:7043970;chr1:237805588:A:T:7043970;chr1:237805591:A:T:7043970;chr1:237805598:A:G:7043970;chr1:237805589:A:T:7043970;chr1:237805596:A:T:7043970;chr1:237805594:A:T:7043970;chr1:237805587:A:T:7043970;chr1:237805590:A:T:7043970;chr1:237805581:A:T:7043970;chr1:237805583:A:T:7043970;chr1:237805585:A:T:7043970;chr1:237805595:A:T:7043970;chr1:237805597:A:T:7043970;chr1:237805586:A:T:7043970;chr1:237805580:C:T:7043970;chr1:237805582:A:T:7043970) - no Pathogenic/LP present; delins NOT flagged; requires P/LP to consider delins.;Delins/overlap cluster (id=4) detected but not all members meet P/LP or >5pts -> not auto-escalated (possible carrier).;Filtered: VUS with <5 points excluded from all reporting paths (auto/manual/delins),,Yes
7043970,3900_2024,chr1,237805596,A,T,RYR2,AD,c.14152-541A>T,Not provided,,,,NM_001035.3,98/104,intron_variant,MODIFIER,Het,16,0.938,Catecholaminergic polymorphic ventricular tachycardia,No,,No,Not provided,No,Not provided,Not provided,Not provided,0,Not provided,0,0,N/A,Not provided,Not provided,0,Not provided,0,Not provided,No database evidence,0.0,Unknown,0.000,Not provided,Not provided,Not provided,[],[],unknown,No,"{""PM2_Moderate"": 2}",2,VUS,"No ClinVar submissions | No HGMD entry | raw_total=0.000, applied=None",No ClinVar submissions,No HGMD entry,0.000,,,,,PM2_Moderate: gnomAD max AF=0 < threshold 0.0001 for MOI AD,,,,,,,,,,,,No,No,,,Cluster id=4 detected (members=chr1:237805576:G:T:7043970;chr1:237805584:A:T:7043970;chr1:237805592:A:T:7043970;chr1:237805593:A:T:7043970;chr1:237805588:A:T:7043970;chr1:237805591:A:T:7043970;chr1:237805598:A:G:7043970;chr1:237805589:A:T:7043970;chr1:237805596:A:T:7043970;chr1:237805594:A:T:7043970;chr1:237805587:A:T:7043970;chr1:237805590:A:T:7043970;chr1:237805581:A:T:7043970;chr1:237805583:A:T:7043970;chr1:237805585:A:T:7043970;chr1:237805595:A:T:7043970;chr1:237805597:A:T:7043970;chr1:237805586:A:T:7043970;chr1:237805580:C:T:7043970;chr1:237805582:A:T:7043970) - no Pathogenic/LP present; delins NOT flagged; requires P/LP to consider delins.;Delins/overlap cluster (id=4) detected but not all members meet P/LP or >5pts -> not auto-escalated (possible carrier).;Filtered: VUS with <5 points excluded from all reporting paths (auto/manual/delins),,Yes
7043970,3900_2024,chr1,237805597,A,T,RYR2,AD,c.14152-540A>T,Not provided,,,,NM_001035.3,98/104,intron_variant,MODIFIER,Het,13,0.933,Catecholaminergic polymorphic ventricular tachycardia,No,,No,Not provided,No,Not provided,Not provided,Not provided,0,Not provided,0,0,N/A,Not provided,Not provided,0,Not provided,0,Not provided,No database evidence,0.000010,v3,0.000,Not provided,Not provided,Not provided,[],[],unknown,No,"{""PM2_Moderate"": 2}",2,VUS,"No ClinVar submissions | No HGMD entry | raw_total=0.000, applied=None",No ClinVar submissions,No HGMD entry,0.000,,,,,PM2_Moderate: gnomAD max AF=9.82762e-06 < threshold 0.0001 for MOI AD,,,,,,,,,,,,No,No,,,Cluster id=4 detected (members=chr1:237805576:G:T:7043970;chr1:237805584:A:T:7043970;chr1:237805592:A:T:7043970;chr1:237805593:A:T:7043970;chr1:237805588:A:T:7043970;chr1:237805591:A:T:7043970;chr1:237805598:A:G:7043970;chr1:237805589:A:T:7043970;chr1:237805596:A:T:7043970;chr1:237805594:A:T:7043970;chr1:237805587:A:T:7043970;chr1:237805590:A:T:7043970;chr1:237805581:A:T:7043970;chr1:237805583:A:T:7043970;chr1:237805585:A:T:7043970;chr1:237805595:A:T:7043970;chr1:237805597:A:T:7043970;chr1:237805586:A:T:7043970;chr1:237805580:C:T:7043970;chr1:237805582:A:T:7043970) - no Pathogenic/LP present; delins NOT flagged; requires P/LP to consider delins.;Delins/overlap cluster (id=4) detected but not all members meet P/LP or >5pts -> not auto-escalated (possible carrier).;Filtered: VUS with <5 points excluded from all reporting paths (auto/manual/delins),,Yes
7043970,3900_2024,chr1,237805598,A,G,RYR2,AD,c.14152-539A>G,Not provided,,,,NM_001035.3,98/104,intron_variant,MODIFIER,Het,14,1.000,Catecholaminergic polymorphic ventricular tachycardia,No,,No,Not provided,No,Not provided,Not provided,Not provided,0,Not provided,0,0,N/A,Not provided,Not provided,0,Not provided,0,Not provided,No database evidence,0.0,Unknown,0.000,Not provided,Not provided,Not provided,[],[],unknown,No,"{""PM2_Moderate"": 2}",2,VUS,"No ClinVar submissions | No HGMD entry | raw_total=0.000, applied=None",No ClinVar submissions,No HGMD entry,0.000,,,,,PM2_Moderate: gnomAD max AF=0 < threshold 0.0001 for MOI AD,,,,,,,,,,,,No,No,,,Cluster id=4 detected (members=chr1:237805576:G:T:7043970;chr1:237805584:A:T:7043970;chr1:237805592:A:T:7043970;chr1:237805593:A:T:7043970;chr1:237805588:A:T:7043970;chr1:237805591:A:T:7043970;chr1:237805598:A:G:7043970;chr1:237805589:A:T:7043970;chr1:237805596:A:T:7043970;chr1:237805594:A:T:7043970;chr1:237805587:A:T:7043970;chr1:237805590:A:T:7043970;chr1:237805581:A:T:7043970;chr1:237805583:A:T:7043970;chr1:237805585:A:T:7043970;chr1:237805595:A:T:7043970;chr1:237805597:A:T:7043970;chr1:237805586:A:T:7043970;chr1:237805580:C:T:7043970;chr1:237805582:A:T:7043970) - no Pathogenic/LP present; delins NOT flagged; requires P/LP to consider delins.;Delins/overlap cluster (id=4) detected but not all members meet P/LP or >5pts -> not auto-escalated (possible carrier).;Filtered: VUS with <5 points excluded from all reporting paths (auto/manual/delins),,Yes
7043970,3900_2024,chr10,43111065,G,A,RET,AD,c.502-142G>A,Not provided,,,,NM_001355216.1,3/15,intron_variant,MODIFIER,Het,35,0.667,Familial medullary thyroid cancer; Multiple endocrine neoplasia type 2A; Multiple endocrine neoplasia type 2B,No,,No,Not provided,No,Not provided,Not provided,Not provided,0,Not provided,0,0,N/A,Not provided,Not provided,0,Not provided,0,Not provided,No database evidence,0.0,Unknown,0.000,Not provided,Not provided,Not provided,[],[],unknown,No,"{""PM2_Moderate"": 2}",2,VUS,"No ClinVar submissions | No HGMD entry | raw_total=0.000, applied=None",No ClinVar submissions,No HGMD entry,0.000,,,,,PM2_Moderate: gnomAD max AF=0 < threshold 0.0001 for MOI AD,,,,,,,,,,,,No,No,,,Filtered: VUS with <5 points excluded from all reporting paths (auto/manual/delins),,Yes
7043970,3900_2024,chr10,86799514,T,C,BMPR1A,AD,c.-267-39351T>C,Not provided,,,,NM_004329.2,1/12,intron_variant,MODIFIER,Het,10,0.286,Juvenile polyposis syndrome,No,,No,Not provided,No,Not provided,Not provided,Not provided,0,Not provided,0,0,N/A,Not provided,Not provided,0,Not provided,0,Not provided,No database evidence,0.0,Unknown,0.000,Not provided,Not provided,Not provided,[],[],unknown,No,"{""PM2_Moderate"": 2}",2,VUS,"No ClinVar submissions | No HGMD entry | raw_total=0.000, applied=None",No ClinVar submissions,No HGMD entry,0.000,,,,,PM2_Moderate: gnomAD max AF=0 < threshold 0.0001 for MOI AD,,,,,,,,,,,,No,No,,,Filtered: VUS with <5 points excluded from all reporting paths (auto/manual/delins),,Yes
7043970,3900_2024,chr10,86837818,G,A,BMPR1A,AD,c.-267-1047G>A,Not provided,,,,NM_004329.2,1/12,intron_variant,MODIFIER,Het,44,0.500,Juvenile polyposis syndrome,No,,No,Not provided,No,Not provided,Not provided,Not provided,0,Not provided,0,0,N/A,Not provided,Not provided,0,Not provided,0,Not provided,No database evidence,0.0,Unknown,0.000,Not provided,Not provided,Not provided,[],[],unknown,No,"{""PM2_Moderate"": 2}",2,VUS,"No ClinVar submissions | No HGMD entry | raw_total=0.000, applied=None",No ClinVar submissions,No HGMD entry,0.000,,,,,PM2_Moderate: gnomAD max AF=0 < threshold 0.0001 for MOI AD,,,,,,,,,,,,No,No,,,Filtered: VUS with <5 points excluded from all reporting paths (auto/manual/delins),,Yes
7043970,3900_2024,chr10,86855301,A,G,BMPR1A,AD,c.-153+16322A>G,Not provided,,,,NM_004329.2,2/12,intron_variant,MODIFIER,Het,30,0.455,Juvenile polyposis syndrome,No,,No,Not provided,No,Not provided,Not provided,Not provided,0,Not provided,0,0,N/A,Not provided,Not provided,0,Not provided,0,Not provided,No database evidence,0.0,Unknown,0.000,Not provided,Not provided,Not provided,[],[],unknown,No,"{""PM2_Moderate"": 2}",2,VUS,"No ClinVar submissions | No HGMD entry | raw_total=0.000, applied=None",No ClinVar submissions,No HGMD entry,0.000,,,,,PM2_Moderate: gnomAD max AF=0 < threshold 0.0001 for MOI AD,,,,,,,,,,,,No,No,,,Filtered: VUS with <5 points excluded from all reporting paths (auto/manual/delins),,Yes
7043970,3900_2024,chr10,87939294,GT,G,PTEN,AD,c.492+6067delT,Not provided,,,,NM_000314.8.2,5/8,intron_variant,MODIFIER,Het,11,0.417,PTEN hamartoma tumor syndrome,No,,No,Not provided,No,Not provided,Not provided,Not provided,0,Not provided,0,0,N/A,Not provided,Not provided,0,Not provided,0,Not provided,No database evidence,0.0,Unknown,0.000,Not provided,Not provided,Not provided,[],[],unknown,No,"{""PM2_Moderate"": 2}",2,VUS,"No ClinVar submissions | No HGMD entry | raw_total=0.000, applied=None",No ClinVar submissions,No HGMD entry,0.000,,,,,PM2_Moderate: gnomAD max AF=0 < threshold 0.0001 for MOI AD,,,,,,,,,,,,No,No,,,Filtered: VUS with <5 points excluded from all reporting paths (auto/manual/delins),,Yes
7043970,3900_2024,chr10,87951287,TA,T,PTEN,AD,c.493-823delA,Not provided,,,,NM_000314.8.2,5/8,intron_variant,MODIFIER,Het,56,0.509,PTEN hamartoma tumor syndrome,No,,No,Not provided,No,Not provided,Not provided,Not provided,0,Not provided,0,0,N/A,Not provided,Not provided,0,Not provided,0,Not provided,No database evidence,0.000046,v3,0.000,Not provided,Not provided,Not provided,[],[],unknown,No,"{""PM2_Moderate"": 2}",2,VUS,"No ClinVar submissions | No HGMD entry | raw_total=0.000, applied=None",No ClinVar submissions,No HGMD entry,0.000,,,,,PM2_Moderate: gnomAD max AF=4.60581e-05 < threshold 0.0001 for MOI AD,,,,,,,,,,,,No,No,,,Filtered: VUS with <5 points excluded from all reporting paths (auto/manual/delins),,Yes
7043970,3900_2024,chr10,88947538,C,G,ACTA2,AD,c.130-152G>C,Not provided,,,,NM_001141945.2,2/8,intron_variant,MODIFIER,Het,40,0.349,Familial thoracic aortic aneurysm,Yes,"No include rule matched; rules require explicit inclusion (whitelist);Include if Impact is ""MODERATE"" or ""LOW"";No include rule matched; rules require explicit inclusion (whitelist);Include if Impact is ""MODERATE"" or ""LOW"";No include rule matched; rules require explicit inclusion (whitelist);Include if Impact is ""MODERATE"" or ""LOW""",No,Not provided,No,Not provided,Not provided,Not provided,0,Not provided,0,0,N/A,Not provided,Not provided,0,Not provided,0,Not provided,No database evidence,0.000013,v3,0.000,Not provided,Not provided,Not provided,[],[],unknown,No,"{""PM2_Moderate"": 2}",2,VUS,"No ClinVar submissions | No HGMD entry | raw_total=0.000, applied=None",No ClinVar submissions,No HGMD entry,0.000,,,,,PM2_Moderate: gnomAD max AF=1.31377e-05 < threshold 0.0001 for MOI AD,,,,,,,,,,,,No,No,,,"Filtered: VUS with <5 points excluded from all reporting paths (auto/manual/delins);Filtered by gene 'Rules' (exclude): No include rule matched; rules require explicit inclusion (whitelist); Include if Impact is ""MODERATE"" or ""LOW""","Filtered: VUS with <5 points excluded from all reporting paths (auto/manual/delins);Filtered by gene 'Rules' (exclude): No include rule matched; rules require explicit inclusion (whitelist); Include if Impact is ""MODERATE"" or ""LOW""",Yes
7043970,3900_2024,chr10,88962912,CATATATATATATATAT,C,ACTA2,AD,c.-23-13975_-23-13960delATATATATATATATAT,Not provided,,,,NM_001141945.2,1/8,intron_variant,MODIFIER,Het,25,0.320,Familial thoracic aortic aneurysm,Yes,"No include rule matched; rules require explicit inclusion (whitelist);Include if Impact is ""MODERATE"" or ""LOW"";No include rule matched; rules require explicit inclusion (whitelist);Include if Impact is ""MODERATE"" or ""LOW"";No include rule matched; rules require explicit inclusion (whitelist);Include if Impact is ""MODERATE"" or ""LOW""",No,Not provided,No,Not provided,Not provided,Not provided,0,Not provided,0,0,N/A,Not provided,Not provided,0,Not provided,0,Not provided,No database evidence,0.0,Unknown,0.000,Not provided,Not provided,Not provided,[],[],unknown,No,"{""PM2_Moderate"": 2}",2,VUS,"No ClinVar submissions | No HGMD entry | raw_total=0.000, applied=None",No ClinVar submissions,No HGMD entry,0.000,,,,,PM2_Moderate: gnomAD max AF=0 < threshold 0.0001 for MOI AD,,,,,,,,,,,,No,No,,,"Filtered: VUS with <5 points excluded from all reporting paths (auto/manual/delins);Filtered by gene 'Rules' (exclude): No include rule matched; rules require explicit inclusion (whitelist); Include if Impact is ""MODERATE"" or ""LOW""","Filtered: VUS with <5 points excluded from all reporting paths (auto/manual/delins);Filtered by gene 'Rules' (exclude): No include rule matched; rules require explicit inclusion (whitelist); Include if Impact is ""MODERATE"" or ""LOW""",Yes
7043970,3900_2024,chr10,88983636,AAAACAC,A,ACTA2,AD,c.-24+7297_-24+7302delGTGTTT,Not provided,,,,NM_001141945.2,1/8,intron_variant,MODIFIER,Het,30,0.424,Familial thoracic aortic aneurysm,Yes,"No include rule matched; rules require explicit inclusion (whitelist);Include if Impact is ""MODERATE"" or ""LOW"";No include rule matched; rules require explicit inclusion (whitelist);Include if Impact is ""MODERATE"" or ""LOW"";No include rule matched; rules require explicit inclusion (whitelist);Include if Impact is ""MODERATE"" or ""LOW""",No,Not provided,No,Not provided,Not provided,Not provided,0,Not provided,0,0,N/A,Not provided,Not provided,0,Not provided,0,Not provided,No database evidence,0.0,Unknown,0.000,Not provided,Not provided,Not provided,[],[],unknown,No,"{""PM2_Moderate"": 2}",2,VUS,"No ClinVar submissions | No HGMD entry | raw_total=0.000, applied=None",No ClinVar submissions,No HGMD entry,0.000,,,,,PM2_Moderate: gnomAD max AF=0 < threshold 0.0001 for MOI AD,,,,,,,,,,,,No,No,,,"Filtered: VUS with <5 points excluded from all reporting paths (auto/manual/delins);Filtered by gene 'Rules' (exclude): No include rule matched; rules require explicit inclusion (whitelist); Include if Impact is ""MODERATE"" or ""LOW""","Filtered: VUS with <5 points excluded from all reporting paths (auto/manual/delins);Filtered by gene 'Rules' (exclude): No include rule matched; rules require explicit inclusion (whitelist); Include if Impact is ""MODERATE"" or ""LOW""",Yes
7043970,3900_2024,chr10,110709471,C,G,RBM20,AD,c.191+64826C>G,Not provided,,,,NM_001134363.3,1/13,intron_variant,MODIFIER,Het,14,0.353,Dliated cardiomyopathy,No,,No,Not provided,No,Not provided,Not provided,Not provided,0,Not provided,0,0,N/A,Not provided,Not provided,0,Not provided,0,Not provided,No database evidence,0.0,Unknown,0.000,Not provided,Not provided,Not provided,[],[],unknown,No,"{""PM2_Moderate"": 2}",2,VUS,"No ClinVar submissions | No HGMD entry | raw_total=0.000, applied=None",No ClinVar submissions,No HGMD entry,0.000,,,,,PM2_Moderate: gnomAD max AF=0 < threshold 0.0001 for MOI AD,,,,,,,,,,,,No,No,,,Filtered: VUS with <5 points excluded from all reporting paths (auto/manual/delins),,Yes
7043970,3900_2024,chr10,110727400,A,AAAAAT,RBM20,AD,c.192-53397_192-53396insTAAAA,Not provided,,,,NM_001134363.3,1/13,intron_variant,MODIFIER,Het,36,0.462,Dliated cardiomyopathy,No,,No,Not provided,No,Not provided,Not provided,Not provided,0,Not provided,0,0,N/A,Not provided,Not provided,0,Not provided,0,Not provided,No database evidence,0.0,Unknown,0.000,Not provided,0.000,Not provided,[],[],unknown,No,"{""PM2_Moderate"": 2}",2,VUS,"No ClinVar submissions | No HGMD entry | raw_total=0.000, applied=None",No ClinVar submissions,No HGMD entry,0.000,,,,,PM2_Moderate: gnomAD max AF=0 < threshold 0.0001 for MOI AD,,,,,,,,,,,,No,No,,,Filtered: VUS with <5 points excluded from all reporting paths (auto/manual/delins),,Yes
7043970,3900_2024,chr10,110727419,A,AAAAAATAAAAAAAAT,RBM20,AD,c.192-53379_192-53378insAATAAAAAAAATAAA,Not provided,,,,NM_001134363.3,1/13,intron_variant,MODIFIER,Het,37,0.421,Dliated cardiomyopathy,No,,No,Not provided,No,Not provided,Not provided,Not provided,0,Not provided,0,0,N/A,Not provided,Not provided,0,Not provided,0,Not provided,No database evidence,0.0,Unknown,0.000,Not provided,0.000,Not provided,[],[],unknown,No,"{""PM2_Moderate"": 2}",2,VUS,"No ClinVar submissions | No HGMD entry | raw_total=0.000, applied=None",No ClinVar submissions,No HGMD entry,0.000,,,,,PM2_Moderate: gnomAD max AF=0 < threshold 0.0001 for MOI AD,,,,,,,,,,,,No,No,,,Filtered: VUS with <5 points excluded from all reporting paths (auto/manual/delins),,Yes
7043970,3900_2024,chr10,110747894,A,G,RBM20,AD,c.192-32907A>G,Not provided,,,,NM_001134363.3,1/13,intron_variant,MODIFIER,Het,41,0.217,Dliated cardiomyopathy,No,,No,Not provided,No,Not provided,Not provided,Not provided,0,Not provided,0,0,N/A,Not provided,Not provided,0,Not provided,0,Not provided,No database evidence,0.0,Unknown,0.000,Not provided,Not provided,Not provided,[],[],unknown,No,"{""PM2_Moderate"": 2}",2,VUS,"No ClinVar submissions | No HGMD entry | raw_total=0.000, applied=None",No ClinVar submissions,No HGMD entry,0.000,,,,,PM2_Moderate: gnomAD max AF=0 < threshold 0.0001 for MOI AD,,,,,,,,,,,,No,No,,,Cluster id=5 detected (members=chr10:110747894:A:G:7043970;chr10:110747896:T:C:7043970) - no Pathogenic/LP present; delins NOT flagged; requires P/LP to consider delins.;Delins/overlap cluster (id=5) detected but not all members meet P/LP or >5pts -> not auto-escalated (possible carrier).;Filtered: VUS with <5 points excluded from all reporting paths (auto/manual/delins),,Yes
7043970,3900_2024,chr10,110747896,T,C,RBM20,AD,c.192-32905T>C,Not provided,,,,NM_001134363.3,1/13,intron_variant,MODIFIER,Het,40,0.244,Dliated cardiomyopathy,No,,No,Not provided,No,Not provided,Not provided,Not provided,0,Not provided,0,0,N/A,Not provided,Not provided,0,Not provided,0,Not provided,No database evidence,0.0,Unknown,0.000,Not provided,Not provided,Not provided,[],[],unknown,No,"{""PM2_Moderate"": 2}",2,VUS,"No ClinVar submissions | No HGMD entry | raw_total=0.000, applied=None",No ClinVar submissions,No HGMD entry,0.000,,,,,PM2_Moderate: gnomAD max AF=0 < threshold 0.0001 for MOI AD,,,,,,,,,,,,No,No,,,Cluster id=5 detected (members=chr10:110747894:A:G:7043970;chr10:110747896:T:C:7043970) - no Pathogenic/LP present; delins NOT flagged; requires P/LP to consider delins.;Delins/overlap cluster (id=5) detected but not all members meet P/LP or >5pts -> not auto-escalated (possible carrier).;Filtered: VUS with <5 points excluded from all reporting paths (auto/manual/delins),,Yes
7043970,3900_2024,chr10,110755137,T,C,RBM20,AD,c.192-25664T>C,Not provided,,,,NM_001134363.3,1/13,intron_variant,MODIFIER,Het,37,0.526,Dliated cardiomyopathy,No,,No,Not provided,No,Not provided,Not provided,Not provided,0,Not provided,0,0,N/A,Not provided,Not provided,0,Not provided,0,Not provided,No database evidence,0.0,Unknown,0.000,Not provided,Not provided,Not provided,[],[],unknown,No,"{""PM2_Moderate"": 2}",2,VUS,"No ClinVar submissions | No HGMD entry | raw_total=0.000, applied=None",No ClinVar submissions,No HGMD entry,0.000,,,,,PM2_Moderate: gnomAD max AF=0 < threshold 0.0001 for MOI AD,,,,,,,,,,,,No,No,,,Filtered: VUS with <5 points excluded from all reporting paths (auto/manual/delins),,Yes
7043970,3900_2024,chr10,110755153,TG,T,RBM20,AD,c.192-25641delG,Not provided,,,,NM_001134363.3,1/13,intron_variant,MODIFIER,Het,34,0.514,Dliated cardiomyopathy,No,,No,Not provided,No,Not provided,Not provided,Not provided,0,Not provided,0,0,N/A,Not provided,Not provided,0,Not provided,0,Not provided,No database evidence,0.0,Unknown,0.000,Not provided,Not provided,Not provided,[],[],unknown,No,"{""PM2_Moderate"": 2}",2,VUS,"No ClinVar submissions | No HGMD entry | raw_total=0.000, applied=None",No ClinVar submissions,No HGMD entry,0.000,,,,,PM2_Moderate: gnomAD max AF=0 < threshold 0.0001 for MOI AD,,,,,,,,,,,,No,No,,,Filtered: VUS with <5 points excluded from all reporting paths (auto/manual/delins),,Yes
7043970,3900_2024,chr10,110816481,A,G,RBM20,AD,c.2550+3534A>G,Not provided,,,,NM_001134363.3,9/13,intron_variant,MODIFIER,Het,10,0.727,Dliated cardiomyopathy,No,,No,Not provided,No,Not provided,Not provided,Not provided,0,Not provided,0,0,N/A,Not provided,Not provided,0,Not provided,0,Not provided,No database evidence,0.0,Unknown,0.000,Not provided,Not provided,Not provided,[],[],unknown,No,"{""PM2_Moderate"": 2}",2,VUS,"No ClinVar submissions | No HGMD entry | raw_total=0.000, applied=None",No ClinVar submissions,No HGMD entry,0.000,,,,,PM2_Moderate: gnomAD max AF=0 < threshold 0.0001 for MOI AD,,,,,,,,,,,,No,No,,,Filtered: VUS with <5 points excluded from all reporting paths (auto/manual/delins),,Yes
7043970,3900_2024,chr10,119665303,A,ATT,BAG3,AD,c.181-4539_181-4538dupTT,Not provided,,,,NM_004281.3,1/3,intron_variant,MODIFIER,Het,30,0.500,Dilated cardiomyopathy; Myofibrillar myopathy,No,,No,Not provided,No,Not provided,Not provided,Not provided,0,Not provided,0,0,N/A,Not provided,Not provided,0,Not provided,0,Not provided,No database evidence,0.0,Unknown,0.000,Not provided,0.000,Not provided,[],[],unknown,No,"{""PM2_Moderate"": 2}",2,VUS,"No ClinVar submissions | No HGMD entry | raw_total=0.000, applied=None",No ClinVar submissions,No HGMD entry,0.000,,,,,PM2_Moderate: gnomAD max AF=0 < threshold 0.0001 for MOI AD,,,,,,,,,,,,No,No,,,Filtered: VUS with <5 points excluded from all reporting paths (auto/manual/delins),,Yes
7043970,3900_2024,chr11,2508534,G,A,KCNQ1,AD,c.387-19394G>A,Not provided,,,,NM_000218.3,1/15,intron_variant,MODIFIER,Het,21,0.636,Long-QT syndrome type 1,No,,No,Not provided,No,Not provided,Not provided,Not provided,0,Not provided,0,0,N/A,Not provided,Not provided,0,Not provided,0,Not provided,No database evidence,0.000020,v3,0.000,Not provided,Not provided,Not provided,[],[],unknown,No,"{""PM2_Moderate"": 2}",2,VUS,"No ClinVar submissions | No HGMD entry | raw_total=0.000, applied=None",No ClinVar submissions,No HGMD entry,0.000,,,,,PM2_Moderate: gnomAD max AF=1.97472e-05 < threshold 0.0001 for MOI AD,,,,,,,,,,,,No,No,,,Filtered: VUS with <5 points excluded from all reporting paths (auto/manual/delins),,Yes
7043970,3900_2024,chr11,2522532,C,T,KCNQ1,AD,c.387-5396C>T,Not provided,,,,NM_000218.3,1/15,intron_variant,MODIFIER,Het,36,0.462,Long-QT syndrome type 1,No,,No,Not provided,No,Not provided,Not provided,Not provided,0,Not provided,0,0,N/A,Not provided,Not provided,0,Not provided,0,Not provided,No database evidence,0.0,Unknown,0.000,Not provided,Not provided,Not provided,[],[],unknown,No,"{""PM2_Moderate"": 2}",2,VUS,"No ClinVar submissions | No HGMD entry | raw_total=0.000, applied=None",No ClinVar submissions,No HGMD entry,0.000,,,,,PM2_Moderate: gnomAD max AF=0 < threshold 0.0001 for MOI AD,,,,,,,,,,,,No,No,,,Filtered: VUS with <5 points excluded from all reporting paths (auto/manual/delins),,Yes
7043970,3900_2024,chr11,2559536,C,T,KCNQ1,AD,c.478-11092C>T,Not provided,,,,NM_000218.3,2/15,intron_variant,MODIFIER,Het,23,0.462,Long-QT syndrome type 1,No,,No,Not provided,No,Not provided,Not provided,Not provided,0,Not provided,0,0,N/A,Not provided,Not provided,0,Not provided,0,Not provided,No database evidence,0.0,Unknown,0.000,Not provided,Not provided,Not provided,[],[],unknown,No,"{""PM2_Moderate"": 2}",2,VUS,"No ClinVar submissions | No HGMD entry | raw_total=0.000, applied=None",No ClinVar submissions,No HGMD entry,0.000,,,,,PM2_Moderate: gnomAD max AF=0 < threshold 0.0001 for MOI AD,,,,,,,,,,,,No,No,,,Filtered: VUS with <5 points excluded from all reporting paths (auto/manual/delins),,Yes
7043970,3900_2024,chr11,2563729,C,A,KCNQ1,AD,c.478-6899C>A,Not provided,,,,NM_000218.3,2/15,intron_variant,MODIFIER,Het,32,0.515,Long-QT syndrome type 1,No,,No,Not provided,No,Not provided,Not provided,Not provided,0,Not provided,0,0,N/A,Not provided,Not provided,0,Not provided,0,Not provided,No database evidence,0.0,Unknown,0.000,Not provided,Not provided,Not provided,[],[],unknown,No,"{""PM2_Moderate"": 2}",2,VUS,"No ClinVar submissions | No HGMD entry | raw_total=0.000, applied=None",No ClinVar submissions,No HGMD entry,0.000,,,,,PM2_Moderate: gnomAD max AF=0 < threshold 0.0001 for MOI AD,,,,,,,,,,,,No,No,,,Filtered: VUS with <5 points excluded from all reporting paths (auto/manual/delins),,Yes
7043970,3900_2024,chr11,2591894,G,A,KCNQ1,AD,c.1393+3040G>A,Not provided,,,,NM_000218.3,10/15,intron_variant,MODIFIER,Het,36,0.514,Long-QT syndrome type 1,No,,No,Not provided,No,Not provided,Not provided,Not provided,0,Not provided,0,0,N/A,Not provided,Not provided,0,Not provided,0,Not provided,No database evidence,0.000032,v2,0.000,Not provided,Not provided,Not provided,[],[],unknown,No,"{""PM2_Moderate"": 2}",2,VUS,"No ClinVar submissions | No HGMD entry | raw_total=0.000, applied=None",No ClinVar submissions,No HGMD entry,0.000,,,,,PM2_Moderate: gnomAD max AF=3.18715e-05 < threshold 0.0001 for MOI AD,,,,,,,,,,,,No,No,,,Filtered: VUS with <5 points excluded from all reporting paths (auto/manual/delins),,Yes
7043970,3900_2024,chr11,2792966,G,T,KCNQ1,AD,c.1794+14929G>T,Not provided,,,,NM_000218.3,15/15,intron_variant,MODIFIER,Het,20,0.500,Long-QT syndrome type 1,No,,No,Not provided,No,Not provided,Not provided,Not provided,0,Not provided,0,0,N/A,Not provided,Not provided,0,Not provided,0,Not provided,No database evidence,0.0,Unknown,0.000,Not provided,Not provided,Not provided,[],[],unknown,No,"{""PM2_Moderate"": 2}",2,VUS,"No ClinVar submissions | No HGMD entry | raw_total=0.000, applied=None",No ClinVar submissions,No HGMD entry,0.000,,,,,PM2_Moderate: gnomAD max AF=0 < threshold 0.0001 for MOI AD,,,,,,,,,,,,No,No,,,Filtered: VUS with <5 points excluded from all reporting paths (auto/manual/delins),,Yes
7043970,3900_2024,chr11,2821222,G,A,KCNQ1,AD,c.1795-26545G>A,Not provided,,,,NM_000218.3,15/15,intron_variant,MODIFIER,Het,36,0.462,Long-QT syndrome type 1,No,,No,Not provided,No,Not provided,Not provided,Not provided,0,Not provided,0,0,N/A,Not provided,Not provided,0,Not provided,0,Not provided,No database evidence,0.0,Unknown,0.000,Not provided,Not provided,Not provided,[],[],unknown,No,"{""PM2_Moderate"": 2}",2,VUS,"No ClinVar submissions | No HGMD entry | raw_total=0.000, applied=None",No ClinVar submissions,No HGMD entry,0.000,,,,,PM2_Moderate: gnomAD max AF=0 < threshold 0.0001 for MOI AD,,,,,,,,,,,,No,No,,,Filtered: VUS with <5 points excluded from all reporting paths (auto/manual/delins),,Yes
7043970,3900_2024,chr11,2834514,T,C,KCNQ1,AD,c.1795-13253T>C,Not provided,,,,NM_000218.3,15/15,intron_variant,MODIFIER,Het,26,0.519,Long-QT syndrome type 1,No,,No,Not provided,No,Not provided,Not provided,Not provided,0,Not provided,0,0,N/A,Not provided,Not provided,0,Not provided,0,Not provided,No database evidence,0.0,Unknown,0.000,Not provided,Not provided,Not provided,[],[],unknown,No,"{""PM2_Moderate"": 2}",2,VUS,"No ClinVar submissions | No HGMD entry | raw_total=0.000, applied=None",No ClinVar submissions,No HGMD entry,0.000,,,,,PM2_Moderate: gnomAD max AF=0 < threshold 0.0001 for MOI AD,,,,,,,,,,,,No,No,,,Filtered: VUS with <5 points excluded from all reporting paths (auto/manual/delins),,Yes
7043970,3900_2024,chr11,32385625,G,T,WT1,AD,c.*3433C>A,Not provided,,,,NM_000378.6,,downstream_gene_variant,MODIFIER,Het,32,0.469,WT1-related Wilms tumor,No,,No,Not provided,No,Not provided,Not provided,Not provided,0,Not provided,0,0,N/A,Not provided,Not provided,0,Not provided,0,Not provided,No database evidence,0.0,Unknown,0.000,Not provided,Not provided,Not provided,[],[],unknown,No,"{""PM2_Moderate"": 2}",2,VUS,"No ClinVar submissions | No HGMD entry | raw_total=0.000, applied=None",No ClinVar submissions,No HGMD entry,0.000,,,,,PM2_Moderate: gnomAD max AF=0 < threshold 0.0001 for MOI AD,,,,,,,,,,,,No,No,,,Filtered: VUS with <5 points excluded from all reporting paths (auto/manual/delins),,Yes
7043970,3900_2024,chr11,32385667,CA,C,WT1,AD,c.*3390delT,Not provided,,,,NM_000378.6,,downstream_gene_variant,MODIFIER,Het,36,0.500,WT1-related Wilms tumor,No,,No,Not provided,No,Not provided,Not provided,Not provided,0,Not provided,0,0,N/A,Not provided,Not provided,0,Not provided,0,Not provided,No database evidence,0.0,Unknown,0.000,Not provided,Not provided,Not provided,[],[],unknown,No,"{""PM2_Moderate"": 2}",2,VUS,"No ClinVar submissions | No HGMD entry | raw_total=0.000, applied=None",No ClinVar submissions,No HGMD entry,0.000,,,,,PM2_Moderate: gnomAD max AF=0 < threshold 0.0001 for MOI AD,,,,,,,,,,,,No,No,,,Filtered: VUS with <5 points excluded from all reporting paths (auto/manual/delins),,Yes
7043970,3900_2024,chr11,32388770,C,G,WT1,AD,c.*288G>C,Not provided,,,,NM_000378.6,9/9,3_prime_UTR_variant,MODIFIER,Het,40,0.488,WT1-related Wilms tumor,No,,No,Not provided,No,Not provided,Not provided,Not provided,0,Not provided,0,0,N/A,Not provided,Not provided,0,Not provided,0,Not provided,No database evidence,0.0,Unknown,0.000,Not provided,Not provided,Not provided,[],[],unknown,No,"{""PM2_Moderate"": 2}",2,VUS,"No ClinVar submissions | No HGMD entry | raw_total=0.000, applied=None",No ClinVar submissions,No HGMD entry,0.000,,,,,PM2_Moderate: gnomAD max AF=0 < threshold 0.0001 for MOI AD,,,,,,,,,,,,No,No,,,Cluster id=6 detected (members=chr11:32388770:C:G:7043970;chr11:32388773:CT:C:7043970;chr11:32388771:T:A:7043970;chr11:32388775:T:C:7043970;chr11:32388783:A:C:7043970;chr11:32388781:A:G:7043970;chr11:32388777:C:CACCA:7043970;chr11:32388779:G:A:7043970) - no Pathogenic/LP present; delins NOT flagged; requires P/LP to consider delins.;Delins/overlap cluster (id=6) detected but not all members meet P/LP or >5pts -> not auto-escalated (possible carrier).;Filtered: VUS with <5 points excluded from all reporting paths (auto/manual/delins),,Yes
7043970,3900_2024,chr11,32388771,T,A,WT1,AD,c.*287A>T,Not provided,,,,NM_000378.6,9/9,3_prime_UTR_variant,MODIFIER,Het,40,0.463,WT1-related Wilms tumor,No,,No,Not provided,No,Not provided,Not provided,Not provided,0,Not provided,0,0,N/A,Not provided,Not provided,0,Not provided,0,Not provided,No database evidence,0.0,Unknown,0.000,Not provided,Not provided,Not provided,[],[],unknown,No,"{""PM2_Moderate"": 2}",2,VUS,"No ClinVar submissions | No HGMD entry | raw_total=0.000, applied=None",No ClinVar submissions,No HGMD entry,0.000,,,,,PM2_Moderate: gnomAD max AF=0 < threshold 0.0001 for MOI AD,,,,,,,,,,,,No,No,,,Cluster id=6 detected (members=chr11:32388770:C:G:7043970;chr11:32388773:CT:C:7043970;chr11:32388771:T:A:7043970;chr11:32388775:T:C:7043970;chr11:32388783:A:C:7043970;chr11:32388781:A:G:7043970;chr11:32388777:C:CACCA:7043970;chr11:32388779:G:A:7043970) - no Pathogenic/LP present; delins NOT flagged; requires P/LP to consider delins.;Delins/overlap cluster (id=6) detected but not all members meet P/LP or >5pts -> not auto-escalated (possible carrier).;Filtered: VUS with <5 points excluded from all reporting paths (auto/manual/delins),,Yes
7043970,3900_2024,chr11,32388773,CT,C,WT1,AD,c.*284delA,Not provided,,,,NM_000378.6,9/9,3_prime_UTR_variant,MODIFIER,Het,39,0.476,WT1-related Wilms tumor,No,,No,Not provided,No,Not provided,Not provided,Not provided,0,Not provided,0,0,N/A,Not provided,Not provided,0,Not provided,0,Not provided,No database evidence,0.0,Unknown,0.000,Not provided,Not provided,Not provided,[],[],unknown,No,"{""PM2_Moderate"": 2}",2,VUS,"No ClinVar submissions | No HGMD entry | raw_total=0.000, applied=None",No ClinVar submissions,No HGMD entry,0.000,,,,,PM2_Moderate: gnomAD max AF=0 < threshold 0.0001 for MOI AD,,,,,,,,,,,,No,No,,,Cluster id=6 detected (members=chr11:32388770:C:G:7043970;chr11:32388773:CT:C:7043970;chr11:32388771:T:A:7043970;chr11:32388775:T:C:7043970;chr11:32388783:A:C:7043970;chr11:32388781:A:G:7043970;chr11:32388777:C:CACCA:7043970;chr11:32388779:G:A:7043970) - no Pathogenic/LP present; delins NOT flagged; requires P/LP to consider delins.;Delins/overlap cluster (id=6) detected but not all members meet P/LP or >5pts -> not auto-escalated (possible carrier).;Filtered: VUS with <5 points excluded from all reporting paths (auto/manual/delins),,Yes
7043970,3900_2024,chr11,32388775,T,C,WT1,AD,c.*283A>G,Not provided,,,,NM_000378.6,9/9,3_prime_UTR_variant,MODIFIER,Het,40,0.488,WT1-related Wilms tumor,No,,No,Not provided,No,Not provided,Not provided,Not provided,0,Not provided,0,0,N/A,Not provided,Not provided,0,Not provided,0,Not provided,No database evidence,0.0,Unknown,0.000,Not provided,Not provided,Not provided,[],[],unknown,No,"{""PM2_Moderate"": 2}",2,VUS,"No ClinVar submissions | No HGMD entry | raw_total=0.000, applied=None",No ClinVar submissions,No HGMD entry,0.000,,,,,PM2_Moderate: gnomAD max AF=0 < threshold 0.0001 for MOI AD,,,,,,,,,,,,No,No,,,Cluster id=6 detected (members=chr11:32388770:C:G:7043970;chr11:32388773:CT:C:7043970;chr11:32388771:T:A:7043970;chr11:32388775:T:C:7043970;chr11:32388783:A:C:7043970;chr11:32388781:A:G:7043970;chr11:32388777:C:CACCA:7043970;chr11:32388779:G:A:7043970) - no Pathogenic/LP present; delins NOT flagged; requires P/LP to consider delins.;Delins/overlap cluster (id=6) detected but not all members meet P/LP or >5pts -> not auto-escalated (possible carrier).;Filtered: VUS with <5 points excluded from all reporting paths (auto/manual/delins),,Yes
7043970,3900_2024,chr11,32388777,C,CACCA,WT1,AD,c.*280_*281insTGGT,Not provided,,,,NM_000378.6,9/9,3_prime_UTR_variant,MODIFIER,Het,40,0.488,WT1-related Wilms tumor,No,,No,Not provided,No,Not provided,Not provided,Not provided,0,Not provided,0,0,N/A,Not provided,Not provided,0,Not provided,0,Not provided,No database evidence,0.0,Unknown,0.000,Not provided,0.010,Not provided,[],[],unknown,No,"{""PM2_Moderate"": 2}",2,VUS,"No ClinVar submissions | No HGMD entry | raw_total=0.000, applied=None",No ClinVar submissions,No HGMD entry,0.000,,,,,PM2_Moderate: gnomAD max AF=0 < threshold 0.0001 for MOI AD,,,,,,,,,,,,No,No,,,Cluster id=6 detected (members=chr11:32388770:C:G:7043970;chr11:32388773:CT:C:7043970;chr11:32388771:T:A:7043970;chr11:32388775:T:C:7043970;chr11:32388783:A:C:7043970;chr11:32388781:A:G:7043970;chr11:32388777:C:CACCA:7043970;chr11:32388779:G:A:7043970) - no Pathogenic/LP present; delins NOT flagged; requires P/LP to consider delins.;Delins/overlap cluster (id=6) detected but not all members meet P/LP or >5pts -> not auto-escalated (possible carrier).;Filtered: VUS with <5 points excluded from all reporting paths (auto/manual/delins),,Yes
7043970,3900_2024,chr11,32388779,G,A,WT1,AD,c.*279C>T,Not provided,,,,NM_000378.6,9/9,3_prime_UTR_variant,MODIFIER,Het,39,0.512,WT1-related Wilms tumor,No,,No,Not provided,No,Not provided,Not provided,Not provided,0,Not provided,0,0,N/A,Not provided,Not provided,0,Not provided,0,Not provided,No database evidence,0.0,Unknown,0.000,Not provided,Not provided,Not provided,[],[],unknown,No,"{""PM2_Moderate"": 2}",2,VUS,"No ClinVar submissions | No HGMD entry | raw_total=0.000, applied=None",No ClinVar submissions,No HGMD entry,0.000,,,,,PM2_Moderate: gnomAD max AF=0 < threshold 0.0001 for MOI AD,,,,,,,,,,,,No,No,,,Cluster id=6 detected (members=chr11:32388770:C:G:7043970;chr11:32388773:CT:C:7043970;chr11:32388771:T:A:7043970;chr11:32388775:T:C:7043970;chr11:32388783:A:C:7043970;chr11:32388781:A:G:7043970;chr11:32388777:C:CACCA:7043970;chr11:32388779:G:A:7043970) - no Pathogenic/LP present; delins NOT flagged; requires P/LP to consider delins.;Delins/overlap cluster (id=6) detected but not all members meet P/LP or >5pts -> not auto-escalated (possible carrier).;Filtered: VUS with <5 points excluded from all reporting paths (auto/manual/delins),,Yes
7043970,3900_2024,chr11,32388781,A,G,WT1,AD,c.*277T>C,Not provided,,,,NM_000378.6,9/9,3_prime_UTR_variant,MODIFIER,Het,39,0.512,WT1-related Wilms tumor,No,,No,Not provided,No,Not provided,Not provided,Not provided,0,Not provided,0,0,N/A,Not provided,Not provided,0,Not provided,0,Not provided,No database evidence,0.000007,v3,0.000,Not provided,Not provided,Not provided,[],[],unknown,No,"{""PM2_Moderate"": 2}",2,VUS,"No ClinVar submissions | No HGMD entry | raw_total=0.000, applied=None",No ClinVar submissions,No HGMD entry,0.000,,,,,PM2_Moderate: gnomAD max AF=6.56875e-06 < threshold 0.0001 for MOI AD,,,,,,,,,,,,No,No,,,Cluster id=6 detected (members=chr11:32388770:C:G:7043970;chr11:32388773:CT:C:7043970;chr11:32388771:T:A:7043970;chr11:32388775:T:C:7043970;chr11:32388783:A:C:7043970;chr11:32388781:A:G:7043970;chr11:32388777:C:CACCA:7043970;chr11:32388779:G:A:7043970) - no Pathogenic/LP present; delins NOT flagged; requires P/LP to consider delins.;Delins/overlap cluster (id=6) detected but not all members meet P/LP or >5pts -> not auto-escalated (possible carrier).;Filtered: VUS with <5 points excluded from all reporting paths (auto/manual/delins),,Yes
7043970,3900_2024,chr11,32388783,A,C,WT1,AD,c.*275T>G,Not provided,,,,NM_000378.6,9/9,3_prime_UTR_variant,MODIFIER,Het,40,0.500,WT1-related Wilms tumor,No,,No,Not provided,No,Not provided,Not provided,Not provided,0,Not provided,0,0,N/A,Not provided,Not provided,0,Not provided,0,Not provided,No database evidence,0.0,Unknown,0.000,Not provided,Not provided,Not provided,[],[],unknown,No,"{""PM2_Moderate"": 2}",2,VUS,"No ClinVar submissions | No HGMD entry | raw_total=0.000, applied=None",No ClinVar submissions,No HGMD entry,0.000,,,,,PM2_Moderate: gnomAD max AF=0 < threshold 0.0001 for MOI AD,,,,,,,,,,,,No,No,,,Cluster id=6 detected (members=chr11:32388770:C:G:7043970;chr11:32388773:CT:C:7043970;chr11:32388771:T:A:7043970;chr11:32388775:T:C:7043970;chr11:32388783:A:C:7043970;chr11:32388781:A:G:7043970;chr11:32388777:C:CACCA:7043970;chr11:32388779:G:A:7043970) - no Pathogenic/LP present; delins NOT flagged; requires P/LP to consider delins.;Delins/overlap cluster (id=6) detected but not all members meet P/LP or >5pts -> not auto-escalated (possible carrier).;Filtered: VUS with <5 points excluded from all reporting paths (auto/manual/delins),,Yes
7043970,3900_2024,chr11,32402759,T,C,WT1,AD,c.966-2715A>G,Not provided,,,,NM_000378.6,4/8,intron_variant,MODIFIER,Het,24,0.577,WT1-related Wilms tumor,No,,No,Not provided,No,Not provided,Not provided,Not provided,0,Not provided,0,0,N/A,Not provided,Not provided,0,Not provided,0,Not provided,No database evidence,0.0,Unknown,0.000,Not provided,Not provided,Not provided,[],[],unknown,No,"{""PM2_Moderate"": 2}",2,VUS,"No ClinVar submissions | No HGMD entry | raw_total=0.000, applied=None",No ClinVar submissions,No HGMD entry,0.000,,,,,PM2_Moderate: gnomAD max AF=0 < threshold 0.0001 for MOI AD,,,,,,,,,,,,No,No,,,Filtered: VUS with <5 points excluded from all reporting paths (auto/manual/delins),,Yes
7043970,3900_2024,chr11,32439250,C,T,WT1,AD,c.-3890G>A,Not provided,,,,NM_000378.6,,upstream_gene_variant,MODIFIER,Het,28,0.586,WT1-related Wilms tumor,No,,No,Not provided,No,Not provided,Not provided,Not provided,0,Not provided,0,0,N/A,Not provided,Not provided,0,Not provided,0,Not provided,No database evidence,0.0,Unknown,0.000,Not provided,Not provided,Not provided,[],[],unknown,No,"{""PM2_Moderate"": 2}",2,VUS,"No ClinVar submissions | No HGMD entry | raw_total=0.000, applied=None",No ClinVar submissions,No HGMD entry,0.000,,,,,PM2_Moderate: gnomAD max AF=0 < threshold 0.0001 for MOI AD,,,,,,,,,,,,No,No,,,Filtered: VUS with <5 points excluded from all reporting paths (auto/manual/delins),,Yes
7043970,3900_2024,chr11,47349710,C,T,MYBPC3,AD,c.654+64G>A,Not provided,,,,NM_000256.3,5/33,intron_variant,MODIFIER,Het,23,0.385,Hypertrophic cardiomyopathy,No,,No,Not provided,No,Not provided,Not provided,Not provided,0,Not provided,0,0,N/A,Not provided,Not provided,0,Not provided,0,Not provided,No database evidence,0.0,Unknown,0.000,Not provided,Not provided,Not provided,[],[],unknown,No,"{""PM2_Moderate"": 2}",2,VUS,"No ClinVar submissions | No HGMD entry | raw_total=0.000, applied=None",No ClinVar submissions,No HGMD entry,0.000,,,,,PM2_Moderate: gnomAD max AF=0 < threshold 0.0001 for MOI AD,,,,,,,,,,,,No,No,,,Filtered: VUS with <5 points excluded from all reporting paths (auto/manual/delins),,Yes
7043970,3900_2024,chr11,112095633,A,G,SDHD,AD,c.*740A>G,Not provided,,,,NM_001276503.2,3/3,3_prime_UTR_variant,MODIFIER,Het,48,0.562,Hereditary paraganglioma-pheochromocytoma syndrome,No,,Yes,Hereditary pheochromocytoma and paraganglioma,No,Not provided,Hereditary pheochromocytoma and paraganglioma,uncertain significance,1,Uncertain significance,1,1,conditions_csv_phenotype_match,Not provided,Not provided,0,Not provided,0,Not provided,ClinVar: Sig=uncertain significance; ClinVar: Trait=Hereditary pheochromocytoma and paraganglioma,0.0,Unknown,0.000,Not provided,Not provided,Not provided,[],[],unknown,No,"{""PM2_Moderate"": 2, ""BP5ext_Supporting"": -1}",1,VUS,"sig=uncertain significance (-1 points), stars=1 (0.75 coef), clinvar_phenotype_match=Yes, clin=-0.750 | No HGMD entry | raw_total=-0.750, applied=BP5ext_Supporting","sig=uncertain significance (-1 points), stars=1 (0.75 coef), clinvar_phenotype_match=Yes, clin=-0.750",No HGMD entry,-0.750,BP5ext_Supporting,,,,PM2_Moderate: gnomAD max AF=0 < threshold 0.0001 for MOI AD,,,,,,,,,,,,No,No,,,Filtered: VUS with <5 points excluded from all reporting paths (auto/manual/delins),,Yes
7043970,3900_2024,chr12,32796167,G,T,PKP2,AD,c.2431C>A,p.Arg811Ser,Arg,Ser,811,NM_004572.3,12/14,missense_variant,MODERATE,Het,32,0.429,Arrhythmogenic right ventricular cardiomyopathy,No,,Yes,Arrhythmogenic right ventricular dysplasia 9;Arrhythmogenic right ventricular dysplasia 9;Arrhythmogenic right ventricular cardiomyopathy;Arrhythmogenic right ventricular dysplasia 9;Long QT syndrome;na:PKP2-related disorder;Arrhythmogenic right ventricular cardiomyopathy;Familial isolated arrhythmogenic right ventricular dysplasia;CN230736:Cardiovascular phenotype;Cardiomyopathy;Cardiomyopathy,Yes,Arrhythmogenic right ventricular dysplasia/cardiomyopathy,Arrhythmogenic right ventricular dysplasia 9;Arrhythmogenic right ventricular dysplasia 9;Arrhythmogenic right ventricular cardiomyopathy;Arrhythmogenic right ventricular dysplasia 9;Long QT syndrome;na:PKP2-related disorder;Arrhythmogenic right ventricular cardiomyopathy;Familial isolated arrhythmogenic right ventricular dysplasia;CN230736:Cardiovascular phenotype;Cardiomyopathy;Cardiomyopathy,uncertain significance;benign;likely benign;likely benign;uncertain significance;likely benign;benign;uncertain significance;likely benign;benign;likely benign,1;1;1;1;1;1;1;1;1;1;1,Conflicting classifications of pathogenicity,1,1,conditions_csv_phenotype_match,DM,Arrhythmogenic right ventricular dysplasia/cardiomyopathy,15,0.49,1,Not provided,ClinVar: Sig=uncertain significance;benign;likely benign;likely benign;uncertain significance;likely benign;benign;uncertain significance;likely benign;benign;likely benign; ClinVar: Trait=Arrhythmogenic right ventricular dysplasia 9;Arrhythmogenic right ventricular dysplasia 9;Arrhythmogenic right ventricular cardiomyopathy;Arrhythmogenic right ventricular dysplasia 9;Long QT syndrome;na:PKP2-related disorder;Arrhythmogenic right ventricular cardiomyopathy;Familial isolated arrhythmogenic right ventricular dysplasia;CN230736:Cardiovascular phenotype;Cardiomyopathy;Cardiomyopathy; HGMD: Phen=Arrhythmogenic right ventricular dysplasia/cardiomyopathy,0.0,Unknown,0.257,Not provided,Not provided,Not provided,[],[],unknown,No,"{""PM2_Moderate"": 2, ""BP5ext_Supporting"": -1}",1,VUS,"sig=benign (-3 points), stars=1 (0.75 coef), clinvar_phenotype_match=Yes, clin=-2.250 | class=DM (3 points), pubs=15, dm_supported=1 (1/15), coef=0.5, hgmd_phenotype_match=Yes, hgmd=1.500 | raw_total=-0.750, applied=BP5ext_Supporting","sig=benign (-3 points), stars=1 (0.75 coef), clinvar_phenotype_match=Yes, clin=-2.250","class=DM (3 points), pubs=15, dm_supported=1 (1/15), coef=0.5, hgmd_phenotype_match=Yes, hgmd=1.500",-0.750,BP5ext_Supporting,,,,PM2_Moderate: gnomAD max AF=0 < threshold 0.0001 for MOI AD,,,,,,,,,,,,No,No,,,Database conflict (ClinVar): Benign vs VUS detected -> conservative -1 point applied (info in comments).;Filtered: VUS with <5 points excluded from all reporting paths (auto/manual/delins),,Yes
7043970,3900_2024,chr12,32889936,G,T,PKP2,AD,c.223+6573C>A,Not provided,,,,NM_004572.3,1/13,intron_variant,MODIFIER,Het,40,0.548,Arrhythmogenic right ventricular cardiomyopathy,No,,No,Not provided,No,Not provided,Not provided,Not provided,0,Not provided,0,0,N/A,Not provided,Not provided,0,Not provided,0,Not provided,No database evidence,0.000013,v3,0.000,Not provided,Not provided,Not provided,[],[],unknown,No,"{""PM2_Moderate"": 2}",2,VUS,"No ClinVar submissions | No HGMD entry | raw_total=0.000, applied=None",No ClinVar submissions,No HGMD entry,0.000,,,,,PM2_Moderate: gnomAD max AF=1.31671e-05 < threshold 0.0001 for MOI AD,,,,,,,,,,,,No,No,,,Filtered: VUS with <5 points excluded from all reporting paths (auto/manual/delins),,Yes
7043970,3900_2024,chr12,120974638,TTTTC,T,HNF1A,AD,c.-4130_-4127delTTTC,Not provided,,,,NM_001306179.2,,upstream_gene_variant,MODIFIER,Hom,40,1.000,Maturity-Onset of Diabetes of the Young,No,,No,Not provided,No,Not provided,Not provided,Not provided,0,Not provided,0,0,N/A,Not provided,Not provided,0,Not provided,0,Not provided,No database evidence,0.0,Unknown,0.000,Not provided,0.070,Not provided,[],[],unknown,No,"{""PM2_Moderate"": 2}",2,VUS,"No ClinVar submissions | No HGMD entry | raw_total=0.000, applied=None",No ClinVar submissions,No HGMD entry,0.000,,,,,PM2_Moderate: gnomAD max AF=0 < threshold 0.0001 for MOI AD,,,,,,,,,,,,No,No,,,Filtered: VUS with <5 points excluded from all reporting paths (auto/manual/delins),,Yes
7043970,3900_2024,chr13,32353467,CTA,C,BRCA2,AD,c.7008-1393_7008-1392delTA,Not provided,,,,NM_000059.3,13/26,intron_variant,MODIFIER,Het,41,0.619,Hereditary breast and ovarian cancer,No,,Yes,"Breast-ovarian cancer, familial, susceptibility to, 2",No,Not provided,"Breast-ovarian cancer, familial, susceptibility to, 2",benign,3,Benign,3,3,conditions_csv_phenotype_match,Not provided,Not provided,0,Not provided,0,Not provided,"ClinVar: Sig=benign; ClinVar: Trait=Breast-ovarian cancer, familial, susceptibility to, 2",0.000007,v3,0.000,Not provided,Not provided,Not provided,[],[],unknown,No,"{""PM2_Moderate"": 2, ""BP5ext_Moderate"": -2}",0,VUS,"sig=benign (-3 points), stars=3 (1.25 coef), clinvar_phenotype_match=Yes, clin=-3.750 | No HGMD entry | raw_total=-3.750, applied=BP5ext_Moderate","sig=benign (-3 points), stars=3 (1.25 coef), clinvar_phenotype_match=Yes, clin=-3.750",No HGMD entry,-3.750,BP5ext_Moderate,,,,PM2_Moderate: gnomAD max AF=6.57713e-06 < threshold 0.0001 for MOI AD,,,,,,,,,,,,No,No,,,Filtered: VUS with <5 points excluded from all reporting paths (auto/manual/delins);Filtered: HQ Benign (ClinVar≥2★ or HGMD benign or Internal DB benign),Filtered: VUS with <5 points excluded from all reporting paths (auto/manual/delins);Filtered: HQ Benign (ClinVar≥2★ or HGMD benign or Internal DB benign),Yes
7043970,3900_2024,chr13,32353471,A,G,BRCA2,AD,c.7008-1390A>G,Not provided,,,,NM_000059.3,13/26,intron_variant,MODIFIER,Het,42,0.628,Hereditary breast and ovarian cancer,No,,Yes,"Breast-ovarian cancer, familial, susceptibility to, 2",No,Not provided,"Breast-ovarian cancer, familial, susceptibility to, 2",benign,3,Benign,3,3,conditions_csv_phenotype_match,Not provided,Not provided,0,Not provided,0,Not provided,"ClinVar: Sig=benign; ClinVar: Trait=Breast-ovarian cancer, familial, susceptibility to, 2",0.000007,v3,0.000,Not provided,Not provided,Not provided,[],[],unknown,No,"{""PM2_Moderate"": 2, ""BP5ext_Moderate"": -2}",0,VUS,"sig=benign (-3 points), stars=3 (1.25 coef), clinvar_phenotype_match=Yes, clin=-3.750 | No HGMD entry | raw_total=-3.750, applied=BP5ext_Moderate","sig=benign (-3 points), stars=3 (1.25 coef), clinvar_phenotype_match=Yes, clin=-3.750",No HGMD entry,-3.750,BP5ext_Moderate,,,,PM2_Moderate: gnomAD max AF=6.57903e-06 < threshold 0.0001 for MOI AD,,,,,,,,,,,,No,No,,,Filtered: VUS with <5 points excluded from all reporting paths (auto/manual/delins);Filtered: HQ Benign (ClinVar≥2★ or HGMD benign or Internal DB benign),Filtered: VUS with <5 points excluded from all reporting paths (auto/manual/delins);Filtered: HQ Benign (ClinVar≥2★ or HGMD benign or Internal DB benign),Yes
7043970,3900_2024,chr13,32353473,G,GTA,BRCA2,AD,c.7008-1388_7008-1387insTA,Not provided,,,,NM_000059.3,13/26,intron_variant,MODIFIER,Het,45,0.600,Hereditary breast and ovarian cancer,No,,Yes,"Breast-ovarian cancer, familial, susceptibility to, 2",No,Not provided,"Breast-ovarian cancer, familial, susceptibility to, 2",benign,3,Benign,3,3,conditions_csv_phenotype_match,Not provided,Not provided,0,Not provided,0,Not provided,"ClinVar: Sig=benign; ClinVar: Trait=Breast-ovarian cancer, familial, susceptibility to, 2",0.0,Unknown,0.000,Not provided,0.000,Not provided,[],[],unknown,No,"{""PM2_Moderate"": 2, ""BP5ext_Moderate"": -2}",0,VUS,"sig=benign (-3 points), stars=3 (1.25 coef), clinvar_phenotype_match=Yes, clin=-3.750 | No HGMD entry | raw_total=-3.750, applied=BP5ext_Moderate","sig=benign (-3 points), stars=3 (1.25 coef), clinvar_phenotype_match=Yes, clin=-3.750",No HGMD entry,-3.750,BP5ext_Moderate,,,,PM2_Moderate: gnomAD max AF=0 < threshold 0.0001 for MOI AD,,,,,,,,,,,,No,No,,,Filtered: VUS with <5 points excluded from all reporting paths (auto/manual/delins);Filtered: HQ Benign (ClinVar≥2★ or HGMD benign or Internal DB benign),Filtered: VUS with <5 points excluded from all reporting paths (auto/manual/delins);Filtered: HQ Benign (ClinVar≥2★ or HGMD benign or Internal DB benign),Yes
7043970,3900_2024,chr13,32353474,C,CA,BRCA2,AD,c.7008-1387_7008-1386insA,Not provided,,,,NM_000059.3,13/26,intron_variant,MODIFIER,Het,45,0.600,Hereditary breast and ovarian cancer,No,,Yes,"Breast-ovarian cancer, familial, susceptibility to, 2",No,Not provided,"Breast-ovarian cancer, familial, susceptibility to, 2",benign,3,Benign,3,3,conditions_csv_phenotype_match,Not provided,Not provided,0,Not provided,0,Not provided,"ClinVar: Sig=benign; ClinVar: Trait=Breast-ovarian cancer, familial, susceptibility to, 2",0.000011,v3,0.000,Not provided,Not provided,Not provided,[],[],unknown,No,"{""PM2_Moderate"": 2, ""BP5ext_Moderate"": -2}",0,VUS,"sig=benign (-3 points), stars=3 (1.25 coef), clinvar_phenotype_match=Yes, clin=-3.750 | No HGMD entry | raw_total=-3.750, applied=BP5ext_Moderate","sig=benign (-3 points), stars=3 (1.25 coef), clinvar_phenotype_match=Yes, clin=-3.750",No HGMD entry,-3.750,BP5ext_Moderate,,,,PM2_Moderate: gnomAD max AF=1.09524e-05 < threshold 0.0001 for MOI AD,,,,,,,,,,,,No,No,,,Filtered: VUS with <5 points excluded from all reporting paths (auto/manual/delins);Filtered: HQ Benign (ClinVar≥2★ or HGMD benign or Internal DB benign),Filtered: VUS with <5 points excluded from all reporting paths (auto/manual/delins);Filtered: HQ Benign (ClinVar≥2★ or HGMD benign or Internal DB benign),Yes
7043970,3900_2024,chr13,32399611,A,G,BRCA2,AD,c.*841A>G,Not provided,,,,NM_000059.3,27/27,3_prime_UTR_variant,MODIFIER,Het,47,0.510,Hereditary breast and ovarian cancer,No,,Yes,"Fanconi anemia complementation group D1;Breast-ovarian cancer, familial, susceptibility to, 2;Breast-ovarian cancer, familial, susceptibility to, 2",No,Not provided,"Fanconi anemia complementation group D1;Breast-ovarian cancer, familial, susceptibility to, 2;Breast-ovarian cancer, familial, susceptibility to, 2",likely benign;benign;likely benign,1;1;1,Likely benign,1,1,conditions_csv_phenotype_match,Not provided,Not provided,0,Not provided,0,Not provided,"ClinVar: Sig=likely benign;benign;likely benign; ClinVar: Trait=Fanconi anemia complementation group D1;Breast-ovarian cancer, familial, susceptibility to, 2;Breast-ovarian cancer, familial, susceptibility to, 2",0.0,Unknown,0.000,Not provided,Not provided,Not provided,[],[],unknown,No,"{""PM2_Moderate"": 2, ""BP5ext_Moderate"": -2}",0,VUS,"sig=benign (-3 points), stars=1 (0.75 coef), clinvar_phenotype_match=Yes, clin=-2.250 | No HGMD entry | raw_total=-2.250, applied=BP5ext_Moderate","sig=benign (-3 points), stars=1 (0.75 coef), clinvar_phenotype_match=Yes, clin=-2.250",No HGMD entry,-2.250,BP5ext_Moderate,,,,PM2_Moderate: gnomAD max AF=0 < threshold 0.0001 for MOI AD,,,,,,,,,,,,No,No,,,Filtered: VUS with <5 points excluded from all reporting paths (auto/manual/delins),,Yes
7043970,3900_2024,chr13,32402508,T,A,BRCA2,AD,c.*3738T>A,Not provided,,,,NM_000059.3,,downstream_gene_variant,MODIFIER,Het,34,0.457,Hereditary breast and ovarian cancer,No,,No,Not provided,No,Not provided,Not provided,Not provided,0,Not provided,0,0,N/A,Not provided,Not provided,0,Not provided,0,Not provided,No database evidence,0.0,Unknown,0.000,Not provided,Not provided,Not provided,[],[],unknown,No,"{""PM2_Moderate"": 2}",2,VUS,"No ClinVar submissions | No HGMD entry | raw_total=0.000, applied=None",No ClinVar submissions,No HGMD entry,0.000,,,,,PM2_Moderate: gnomAD max AF=0 < threshold 0.0001 for MOI AD,,,,,,,,,,,,No,No,,,Cluster id=9 detected (members=chr13:32402508:T:A:7043970;chr13:32402515:CAA:C:7043970;chr13:32402510:A:ACT:7043970;chr13:32402511:G:T:7043970;chr13:32402514:G:C:7043970;chr13:32402513:A:T:7043970) - no Pathogenic/LP present; delins NOT flagged; requires P/LP to consider delins.;Delins/overlap cluster (id=9) detected but not all members meet P/LP or >5pts -> not auto-escalated (possible carrier).;Filtered: VUS with <5 points excluded from all reporting paths (auto/manual/delins),,Yes
7043970,3900_2024,chr13,32402510,A,ACT,BRCA2,AD,c.*3740_*3741insCT,Not provided,,,,NM_000059.3,,downstream_gene_variant,MODIFIER,Het,34,0.405,Hereditary breast and ovarian cancer,No,,No,Not provided,No,Not provided,Not provided,Not provided,0,Not provided,0,0,N/A,Not provided,Not provided,0,Not provided,0,Not provided,No database evidence,0.0,Unknown,0.000,Not provided,0.000,Not provided,[],[],unknown,No,"{""PM2_Moderate"": 2}",2,VUS,"No ClinVar submissions | No HGMD entry | raw_total=0.000, applied=None",No ClinVar submissions,No HGMD entry,0.000,,,,,PM2_Moderate: gnomAD max AF=0 < threshold 0.0001 for MOI AD,,,,,,,,,,,,No,No,,,Cluster id=9 detected (members=chr13:32402508:T:A:7043970;chr13:32402515:CAA:C:7043970;chr13:32402510:A:ACT:7043970;chr13:32402511:G:T:7043970;chr13:32402514:G:C:7043970;chr13:32402513:A:T:7043970) - no Pathogenic/LP present; delins NOT flagged; requires P/LP to consider delins.;Delins/overlap cluster (id=9) detected but not all members meet P/LP or >5pts -> not auto-escalated (possible carrier).;Filtered: VUS with <5 points excluded from all reporting paths (auto/manual/delins),,Yes
7043970,3900_2024,chr13,32402511,G,T,BRCA2,AD,c.*3741G>T,Not provided,,,,NM_000059.3,,downstream_gene_variant,MODIFIER,Het,34,0.432,Hereditary breast and ovarian cancer,No,,No,Not provided,No,Not provided,Not provided,Not provided,0,Not provided,0,0,N/A,Not provided,Not provided,0,Not provided,0,Not provided,No database evidence,0.0,Unknown,0.000,Not provided,Not provided,Not provided,[],[],unknown,No,"{""PM2_Moderate"": 2}",2,VUS,"No ClinVar submissions | No HGMD entry | raw_total=0.000, applied=None",No ClinVar submissions,No HGMD entry,0.000,,,,,PM2_Moderate: gnomAD max AF=0 < threshold 0.0001 for MOI AD,,,,,,,,,,,,No,No,,,Cluster id=9 detected (members=chr13:32402508:T:A:7043970;chr13:32402515:CAA:C:7043970;chr13:32402510:A:ACT:7043970;chr13:32402511:G:T:7043970;chr13:32402514:G:C:7043970;chr13:32402513:A:T:7043970) - no Pathogenic/LP present; delins NOT flagged; requires P/LP to consider delins.;Delins/overlap cluster (id=9) detected but not all members meet P/LP or >5pts -> not auto-escalated (possible carrier).;Filtered: VUS with <5 points excluded from all reporting paths (auto/manual/delins),,Yes
7043970,3900_2024,chr13,32402513,A,T,BRCA2,AD,c.*3743A>T,Not provided,,,,NM_000059.3,,downstream_gene_variant,MODIFIER,Het,33,0.444,Hereditary breast and ovarian cancer,No,,No,Not provided,No,Not provided,Not provided,Not provided,0,Not provided,0,0,N/A,Not provided,Not provided,0,Not provided,0,Not provided,No database evidence,0.0,Unknown,0.000,Not provided,Not provided,Not provided,[],[],unknown,No,"{""PM2_Moderate"": 2}",2,VUS,"No ClinVar submissions | No HGMD entry | raw_total=0.000, applied=None",No ClinVar submissions,No HGMD entry,0.000,,,,,PM2_Moderate: gnomAD max AF=0 < threshold 0.0001 for MOI AD,,,,,,,,,,,,No,No,,,Cluster id=9 detected (members=chr13:32402508:T:A:7043970;chr13:32402515:CAA:C:7043970;chr13:32402510:A:ACT:7043970;chr13:32402511:G:T:7043970;chr13:32402514:G:C:7043970;chr13:32402513:A:T:7043970) - no Pathogenic/LP present; delins NOT flagged; requires P/LP to consider delins.;Delins/overlap cluster (id=9) detected but not all members meet P/LP or >5pts -> not auto-escalated (possible carrier).;Filtered: VUS with <5 points excluded from all reporting paths (auto/manual/delins),,Yes
7043970,3900_2024,chr13,32402514,G,C,BRCA2,AD,c.*3744G>C,Not provided,,,,NM_000059.3,,downstream_gene_variant,MODIFIER,Het,33,0.444,Hereditary breast and ovarian cancer,No,,No,Not provided,No,Not provided,Not provided,Not provided,0,Not provided,0,0,N/A,Not provided,Not provided,0,Not provided,0,Not provided,No database evidence,0.0,Unknown,0.000,Not provided,Not provided,Not provided,[],[],unknown,No,"{""PM2_Moderate"": 2}",2,VUS,"No ClinVar submissions | No HGMD entry | raw_total=0.000, applied=None",No ClinVar submissions,No HGMD entry,0.000,,,,,PM2_Moderate: gnomAD max AF=0 < threshold 0.0001 for MOI AD,,,,,,,,,,,,No,No,,,Cluster id=9 detected (members=chr13:32402508:T:A:7043970;chr13:32402515:CAA:C:7043970;chr13:32402510:A:ACT:7043970;chr13:32402511:G:T:7043970;chr13:32402514:G:C:7043970;chr13:32402513:A:T:7043970) - no Pathogenic/LP present; delins NOT flagged; requires P/LP to consider delins.;Delins/overlap cluster (id=9) detected but not all members meet P/LP or >5pts -> not auto-escalated (possible carrier).;Filtered: VUS with <5 points excluded from all reporting paths (auto/manual/delins),,Yes
7043970,3900_2024,chr13,32402515,CAA,C,BRCA2,AD,c.*3746_*3747delAA,Not provided,,,,NM_000059.3,,downstream_gene_variant,MODIFIER,Het,34,0.405,Hereditary breast and ovarian cancer,No,,No,Not provided,No,Not provided,Not provided,Not provided,0,Not provided,0,0,N/A,Not provided,Not provided,0,Not provided,0,Not provided,No database evidence,0.0,Unknown,0.000,Not provided,Not provided,Not provided,[],[],unknown,No,"{""PM2_Moderate"": 2}",2,VUS,"No ClinVar submissions | No HGMD entry | raw_total=0.000, applied=None",No ClinVar submissions,No HGMD entry,0.000,,,,,PM2_Moderate: gnomAD max AF=0 < threshold 0.0001 for MOI AD,,,,,,,,,,,,No,No,,,Cluster id=9 detected (members=chr13:32402508:T:A:7043970;chr13:32402515:CAA:C:7043970;chr13:32402510:A:ACT:7043970;chr13:32402511:G:T:7043970;chr13:32402514:G:C:7043970;chr13:32402513:A:T:7043970) - no Pathogenic/LP present; delins NOT flagged; requires P/LP to consider delins.;Delins/overlap cluster (id=9) detected but not all members meet P/LP or >5pts -> not auto-escalated (possible carrier).;Filtered: VUS with <5 points excluded from all reporting paths (auto/manual/delins),,Yes
7043970,3900_2024,chr13,48330905,AAT,A,RB1,AD,c.265-11691_265-11690delAT,Not provided,,,,NM_000321.2,2/26,intron_variant,MODIFIER,Hom,58,1.000,Retinoblastoma,No,,No,Not provided,No,Not provided,Not provided,Not provided,0,Not provided,0,0,N/A,Not provided,Not provided,0,Not provided,0,Not provided,No database evidence,0.0,Unknown,0.000,Not provided,Not provided,Not provided,[],[],unknown,No,"{""PM2_Moderate"": 2}",2,VUS,"No ClinVar submissions | No HGMD entry | raw_total=0.000, applied=None",No ClinVar submissions,No HGMD entry,0.000,,,,,PM2_Moderate: gnomAD max AF=0 < threshold 0.0001 for MOI AD,,,,,,,,,,,,No,No,,,Filtered: VUS with <5 points excluded from all reporting paths (auto/manual/delins),,Yes
7043970,3900_2024,chr13,48354867,G,A,RB1,AD,c.608-5150G>A,Not provided,,,,NM_000321.2,6/26,intron_variant,MODIFIER,Hom,20,1.000,Retinoblastoma,No,,No,Not provided,No,Not provided,Not provided,Not provided,0,Not provided,0,0,N/A,Not provided,Not provided,0,Not provided,0,Not provided,No database evidence,0.000007,v3,0.000,Not provided,Not provided,Not provided,[],[],unknown,No,"{""PM2_Moderate"": 2}",2,VUS,"No ClinVar submissions | No HGMD entry | raw_total=0.000, applied=None",No ClinVar submissions,No HGMD entry,0.000,,,,,PM2_Moderate: gnomAD max AF=6.57696e-06 < threshold 0.0001 for MOI AD,,,,,,,,,,,,No,No,,,Filtered: VUS with <5 points excluded from all reporting paths (auto/manual/delins),,Yes
7043970,3900_2024,chr13,48362246,A,G,RB1,AD,c.719-569A>G,Not provided,,,,NM_000321.2,7/26,intron_variant,MODIFIER,Hom,41,1.000,Retinoblastoma,No,,No,Not provided,No,Not provided,Not provided,Not provided,0,Not provided,0,0,N/A,Not provided,Not provided,0,Not provided,0,Not provided,No database evidence,0.0,Unknown,0.000,Not provided,Not provided,Not provided,[],[],unknown,No,"{""PM2_Moderate"": 2}",2,VUS,"No ClinVar submissions | No HGMD entry | raw_total=0.000, applied=None",No ClinVar submissions,No HGMD entry,0.000,,,,,PM2_Moderate: gnomAD max AF=0 < threshold 0.0001 for MOI AD,,,,,,,,,,,,No,No,,,Filtered: VUS with <5 points excluded from all reporting paths (auto/manual/delins),,Yes
7043970,3900_2024,chr13,48404892,T,C,RB1,AD,c.1695+23449T>C,Not provided,,,,NM_000321.2,17/26,intron_variant,MODIFIER,Hom,44,1.000,Retinoblastoma,No,,No,Not provided,No,Not provided,Not provided,Not provided,0,Not provided,0,0,N/A,Not provided,Not provided,0,Not provided,0,Not provided,No database evidence,0.0,Unknown,0.000,Not provided,Not provided,Not provided,[],[],unknown,No,"{""PM2_Moderate"": 2}",2,VUS,"No ClinVar submissions | No HGMD entry | raw_total=0.000, applied=None",No ClinVar submissions,No HGMD entry,0.000,,,,,PM2_Moderate: gnomAD max AF=0 < threshold 0.0001 for MOI AD,,,,,,,,,,,,No,No,,,Filtered: VUS with <5 points excluded from all reporting paths (auto/manual/delins),,Yes
7043970,3900_2024,chr13,48438939,T,C,RB1,AD,c.1696-14054T>C,Not provided,,,,NM_000321.2,17/26,intron_variant,MODIFIER,Hom,34,1.000,Retinoblastoma,No,,No,Not provided,No,Not provided,Not provided,Not provided,0,Not provided,0,0,N/A,Not provided,Not provided,0,Not provided,0,Not provided,No database evidence,0.0,Unknown,0.000,Not provided,Not provided,Not provided,[],[],unknown,No,"{""PM2_Moderate"": 2}",2,VUS,"No ClinVar submissions | No HGMD entry | raw_total=0.000, applied=None",No ClinVar submissions,No HGMD entry,0.000,,,,,PM2_Moderate: gnomAD max AF=0 < threshold 0.0001 for MOI AD,,,,,,,,,,,,No,No,,,Filtered: VUS with <5 points excluded from all reporting paths (auto/manual/delins),,Yes
7043970,3900_2024,chr13,51968530,C,T,ATP7B,AR,c.1621G>A,p.Glu541Lys,Glu,Lys,541,NM_000053.4,4/21,missense_variant,MODERATE,Hom,24,1.000,Wilson disease,No,,Yes,Wilson disease,Yes,Wilson disease,Wilson disease,uncertain significance,2,Uncertain significance,2,2,conditions_csv_phenotype_match,DM?,Wilson disease,4,0.1,0,Not provided,ClinVar: Sig=uncertain significance; ClinVar: Trait=Wilson disease; HGMD: Phen=Wilson disease,0.0,Unknown,0.481,Not provided,Not provided,Not provided,[],[],unknown,No,"{""PM2_Moderate"": 2, ""BP5ext_Supporting"": -1, ""PM3_Supporting"": 1}",2,VUS,"sig=uncertain significance (-1 points), stars=2 (1.0 coef), clinvar_phenotype_match=Yes, clin=-1.000 | class=DM? (1 points), pubs=4, dm_supported=0 (0/4), coef=0.5, hgmd_phenotype_match=Yes, hgmd=0.500 | raw_total=-0.500, applied=BP5ext_Supporting","sig=uncertain significance (-1 points), stars=2 (1.0 coef), clinvar_phenotype_match=Yes, clin=-1.000","class=DM? (1 points), pubs=4, dm_supported=0 (0/4), coef=0.5, hgmd_phenotype_match=Yes, hgmd=0.500",-0.500,BP5ext_Supporting,,,,PM2_Moderate: gnomAD max AF=0 < threshold 0.005 for MOI AR,,,,,,,,,,,,No,No,,,PM3 (PM3_Supporting): total=0.50 [homozygous: +0.5];Filtered: VUS with <5 points excluded from all reporting paths (auto/manual/delins),,Yes
7043970,3900_2024,chr13,52014540,A,AT,ATP7B,AR,c.-3204dupA,Not provided,,,,NM_000053.4,,upstream_gene_variant,MODIFIER,Hom,39,1.000,Wilson disease,No,,No,Not provided,No,Not provided,Not provided,Not provided,0,Not provided,0,0,N/A,Not provided,Not provided,0,Not provided,0,Not provided,No database evidence,0.0,Unknown,0.000,Not provided,Not provided,Not provided,[],[],unknown,No,"{""PM2_Moderate"": 2, ""PM3_Supporting"": 1}",3,VUS,"No ClinVar submissions | No HGMD entry | raw_total=0.000, applied=None",No ClinVar submissions,No HGMD entry,0.000,,,,,PM2_Moderate: gnomAD max AF=0 < threshold 0.005 for MOI AR,,,,,,,,,,,,No,No,,,PM3 (PM3_Supporting): total=0.50 [homozygous: +0.5];Filtered: VUS with <5 points excluded from all reporting paths (auto/manual/delins),,Yes
7043970,3900_2024,chr14,23435401,C,T,MYH7,AD,c.-65+219G>A,Not provided,,,,NM_000257.4,1/39,intron_variant,MODIFIER,Het,24,0.481,Hypertrophic cardiomyopathy; Dilated cardiomyopathy,Yes,"No include rule matched; rules require explicit inclusion (whitelist);Include if Impact is ""MODERATE"" or ""LOW"";No include rule matched; rules require explicit inclusion (whitelist);Include if Impact is ""MODERATE"" or ""LOW"";No include rule matched; rules require explicit inclusion (whitelist);Include if Impact is ""MODERATE"" or ""LOW""",No,Not provided,No,Not provided,Not provided,Not provided,0,Not provided,0,0,N/A,Not provided,Not provided,0,Not provided,0,Not provided,No database evidence,0.0,Unknown,0.000,Not provided,0.230,Not provided,[],[],unknown,No,"{""PM2_Moderate"": 2, ""PP3_Moderate"": 2}",4,VUS,"No ClinVar submissions | No HGMD entry | raw_total=0.000, applied=None",No ClinVar submissions,No HGMD entry,0.000,,,,,PM2_Moderate: gnomAD max AF=0 < threshold 0.0001 for MOI AD,,,,,"PP3_Moderate: computational evidence (SpliceAI=0.230, REVEL=0.0, CADD=NA) met moderate thresholds",,,,,,,No,No,,,"Filtered: VUS with <5 points excluded from all reporting paths (auto/manual/delins);Filtered by gene 'Rules' (exclude): No include rule matched; rules require explicit inclusion (whitelist); Include if Impact is ""MODERATE"" or ""LOW""","Filtered: VUS with <5 points excluded from all reporting paths (auto/manual/delins);Filtered by gene 'Rules' (exclude): No include rule matched; rules require explicit inclusion (whitelist); Include if Impact is ""MODERATE"" or ""LOW""",Yes
7043970,3900_2024,chr14,23436124,T,C,MYH7,AD,c.-569A>G,Not provided,,,,NM_000257.4,,upstream_gene_variant,MODIFIER,Het,33,0.361,Hypertrophic cardiomyopathy; Dilated cardiomyopathy,Yes,"No include rule matched; rules require explicit inclusion (whitelist);Include if Impact is ""MODERATE"" or ""LOW"";No include rule matched; rules require explicit inclusion (whitelist);Include if Impact is ""MODERATE"" or ""LOW"";No include rule matched; rules require explicit inclusion (whitelist);Include if Impact is ""MODERATE"" or ""LOW""",No,Not provided,No,Not provided,Not provided,Not provided,0,Not provided,0,0,N/A,Not provided,Not provided,0,Not provided,0,Not provided,No database evidence,0.0,Unknown,0.000,Not provided,Not provided,Not provided,[],[],unknown,No,"{""PM2_Moderate"": 2}",2,VUS,"No ClinVar submissions | No HGMD entry | raw_total=0.000, applied=None",No ClinVar submissions,No HGMD entry,0.000,,,,,PM2_Moderate: gnomAD max AF=0 < threshold 0.0001 for MOI AD,,,,,,,,,,,,No,No,,,"Filtered: VUS with <5 points excluded from all reporting paths (auto/manual/delins);Filtered by gene 'Rules' (exclude): No include rule matched; rules require explicit inclusion (whitelist); Include if Impact is ""MODERATE"" or ""LOW""","Filtered: VUS with <5 points excluded from all reporting paths (auto/manual/delins);Filtered by gene 'Rules' (exclude): No include rule matched; rules require explicit inclusion (whitelist); Include if Impact is ""MODERATE"" or ""LOW""",Yes
7043970,3900_2024,chr14,65037259,A,G,MAX,AD,c.145-30975T>C,Not provided,,,,NM_001271069.1,2/2,intron_variant,MODIFIER,Het,14,0.471,Hereditary paraganglioma-pheochromocytoma syndrome,No,,No,Not provided,No,Not provided,Not provided,Not provided,0,Not provided,0,0,N/A,Not provided,Not provided,0,Not provided,0,Not provided,No database evidence,0.0,Unknown,0.000,Not provided,Not provided,Not provided,[],[],unknown,No,"{""PM2_Moderate"": 2}",2,VUS,"No ClinVar submissions | No HGMD entry | raw_total=0.000, applied=None",No ClinVar submissions,No HGMD entry,0.000,,,,,PM2_Moderate: gnomAD max AF=0 < threshold 0.0001 for MOI AD,,,,,,,,,,,,No,No,,,Filtered: VUS with <5 points excluded from all reporting paths (auto/manual/delins),,Yes
7043970,3900_2024,chr14,65061290,C,T,MAX,AD,c.144+32418G>A,Not provided,,,,NM_001271069.1,2/2,intron_variant,MODIFIER,Het,45,0.457,Hereditary paraganglioma-pheochromocytoma syndrome,No,,No,Not provided,No,Not provided,Not provided,Not provided,0,Not provided,0,0,N/A,Not provided,Not provided,0,Not provided,0,Not provided,No database evidence,0.0,Unknown,0.071,Not provided,Not provided,Not provided,[],[],unknown,No,"{""PM2_Moderate"": 2}",2,VUS,"No ClinVar submissions | No HGMD entry | raw_total=0.000, applied=None",No ClinVar submissions,No HGMD entry,0.000,,,,,PM2_Moderate: gnomAD max AF=0 < threshold 0.0001 for MOI AD,,,,,,,,,,,,No,No,,,Filtered: VUS with <5 points excluded from all reporting paths (auto/manual/delins),,Yes
7043970,3900_2024,chr14,65080962,C,A,MAX,AD,c.*3218G>T,Not provided,,,,NM_001271068.1,,downstream_gene_variant,MODIFIER,Het,41,0.524,Hereditary paraganglioma-pheochromocytoma syndrome,No,,No,Not provided,No,Not provided,Not provided,Not provided,0,Not provided,0,0,N/A,Not provided,Not provided,0,Not provided,0,Not provided,No database evidence,0.000013,v3,0.000,Not provided,Not provided,Not provided,[],[],unknown,No,"{""PM2_Moderate"": 2}",2,VUS,"No ClinVar submissions | No HGMD entry | raw_total=0.000, applied=None",No ClinVar submissions,No HGMD entry,0.000,,,,,PM2_Moderate: gnomAD max AF=1.31408e-05 < threshold 0.0001 for MOI AD,,,,,,,,,,,,No,No,,,Filtered: VUS with <5 points excluded from all reporting paths (auto/manual/delins),,Yes
7043970,3900_2024,chr15,48414897,A,C,FBN1,AD,c.8051+639T>G,Not provided,,,,NM_000138.4,64/65,intron_variant,MODIFIER,Het,52,0.491,Marfan syndrome,No,,No,Not provided,No,Not provided,Not provided,Not provided,0,Not provided,0,0,N/A,Not provided,Not provided,0,Not provided,0,Not provided,No database evidence,0.0,Unknown,0.000,Not provided,Not provided,Not provided,[],[],unknown,No,"{""PM2_Moderate"": 2}",2,VUS,"No ClinVar submissions | No HGMD entry | raw_total=0.000, applied=None",No ClinVar submissions,No HGMD entry,0.000,,,,,PM2_Moderate: gnomAD max AF=0 < threshold 0.0001 for MOI AD,,,,,,,,,,,,No,No,,,Filtered: VUS with <5 points excluded from all reporting paths (auto/manual/delins),,Yes
7043970,3900_2024,chr15,48481869,T,C,FBN1,AD,c.3839-89A>G,Not provided,,,,NM_000138.4,31/65,intron_variant,MODIFIER,Het,54,0.518,Marfan syndrome,No,,No,Not provided,No,Not provided,Not provided,Not provided,0,Not provided,0,0,N/A,Not provided,Not provided,0,Not provided,0,Not provided,No database evidence,0.0,Unknown,0.000,Not provided,Not provided,Not provided,[],[],unknown,No,"{""PM2_Moderate"": 2}",2,VUS,"No ClinVar submissions | No HGMD entry | raw_total=0.000, applied=None",No ClinVar submissions,No HGMD entry,0.000,,,,,PM2_Moderate: gnomAD max AF=0 < threshold 0.0001 for MOI AD,,,,,,,,,,,,No,No,,,Filtered: VUS with <5 points excluded from all reporting paths (auto/manual/delins),,Yes
7043970,3900_2024,chr15,48571634,T,A,FBN1,AD,c.538+24649A>T,Not provided,,,,NM_000138.4,6/65,intron_variant,MODIFIER,Het,44,0.489,Marfan syndrome,No,,No,Not provided,No,Not provided,Not provided,Not provided,0,Not provided,0,0,N/A,Not provided,Not provided,0,Not provided,0,Not provided,No database evidence,0.000013,v3,0.000,Not provided,Not provided,Not provided,[],[],unknown,No,"{""PM2_Moderate"": 2}",2,VUS,"No ClinVar submissions | No HGMD entry | raw_total=0.000, applied=None",No ClinVar submissions,No HGMD entry,0.000,,,,,PM2_Moderate: gnomAD max AF=1.31435e-05 < threshold 0.0001 for MOI AD,,,,,,,,,,,,No,No,,,Filtered: VUS with <5 points excluded from all reporting paths (auto/manual/delins),,Yes
7043970,3900_2024,chr15,67104946,A,T,SMAD3,AD,c.206+38586A>T,Not provided,,,,NM_005902.4,1/8,intron_variant,MODIFIER,Hom,21,1.000,Loeys-Dietz syndrome,No,,No,Not provided,No,Not provided,Not provided,Not provided,0,Not provided,0,0,N/A,Not provided,Not provided,0,Not provided,0,Not provided,No database evidence,0.0,Unknown,0.000,Not provided,Not provided,Not provided,[],[],unknown,No,"{""PM2_Moderate"": 2}",2,VUS,"No ClinVar submissions | No HGMD entry | raw_total=0.000, applied=None",No ClinVar submissions,No HGMD entry,0.000,,,,,PM2_Moderate: gnomAD max AF=0 < threshold 0.0001 for MOI AD,,,,,,,,,,,,No,No,,,Filtered: VUS with <5 points excluded from all reporting paths (auto/manual/delins),,Yes
7043970,3900_2024,chr15,67115991,G,C,SMAD3,AD,c.207-48904G>C,Not provided,,,,NM_005902.4,1/8,intron_variant,MODIFIER,Hom,39,1.000,Loeys-Dietz syndrome,No,,No,Not provided,No,Not provided,Not provided,Not provided,0,Not provided,0,0,N/A,Not provided,Not provided,0,Not provided,0,Not provided,No database evidence,0.0,Unknown,0.000,Not provided,Not provided,Not provided,[],[],unknown,No,"{""PM2_Moderate"": 2}",2,VUS,"No ClinVar submissions | No HGMD entry | raw_total=0.000, applied=None",No ClinVar submissions,No HGMD entry,0.000,,,,,PM2_Moderate: gnomAD max AF=0 < threshold 0.0001 for MOI AD,,,,,,,,,,,,No,No,,,Filtered: VUS with <5 points excluded from all reporting paths (auto/manual/delins),,Yes
7043970,3900_2024,chr15,67137190,AG,A,SMAD3,AD,c.-110+11209delG,Not provided,,,,NM_001145102.1,1/8,intron_variant,MODIFIER,Hom,39,1.000,Loeys-Dietz syndrome,No,,No,Not provided,No,Not provided,Not provided,Not provided,0,Not provided,0,0,N/A,Not provided,Not provided,0,Not provided,0,Not provided,No database evidence,0.000079,v3,0.000,Not provided,Not provided,Not provided,[],[],unknown,No,"{""PM2_Moderate"": 2}",2,VUS,"No ClinVar submissions | No HGMD entry | raw_total=0.000, applied=None",No ClinVar submissions,No HGMD entry,0.000,,,,,PM2_Moderate: gnomAD max AF=7.88633e-05 < threshold 0.0001 for MOI AD,,,,,,,,,,,,No,No,,,Filtered: VUS with <5 points excluded from all reporting paths (auto/manual/delins),,Yes
7043970,3900_2024,chr15,67198016,T,G,SMAD3,AD,c.*7480T>G,Not provided,,,,NM_001145102.1,,downstream_gene_variant,MODIFIER,Hom,32,1.000,Loeys-Dietz syndrome,No,,No,Not provided,No,Not provided,Not provided,Not provided,0,Not provided,0,0,N/A,Not provided,Not provided,0,Not provided,0,Not provided,No database evidence,0.000099,v3,0.000,Not provided,Not provided,Not provided,[],[],unknown,No,"{""PM2_Moderate"": 2}",2,VUS,"No ClinVar submissions | No HGMD entry | raw_total=0.000, applied=None",No ClinVar submissions,No HGMD entry,0.000,,,,,PM2_Moderate: gnomAD max AF=9.85908e-05 < threshold 0.0001 for MOI AD,,,,,,,,,,,,No,No,,,Filtered: VUS with <5 points excluded from all reporting paths (auto/manual/delins),,Yes
7043970,3900_2024,chr16,2053180,C,T,TSC2,AD,c.226-162C>T,Not provided,,,,NM_001077183.2,3/39,intron_variant,MODIFIER,Het,36,0.514,Tuberous sclerosis complex,No,,No,Not provided,No,Not provided,Not provided,Not provided,0,Not provided,0,0,N/A,Not provided,Not provided,0,Not provided,0,Not provided,No database evidence,0.0,Unknown,0.000,Not provided,Not provided,Not provided,[],[],unknown,No,"{""PM2_Moderate"": 2}",2,VUS,"No ClinVar submissions | No HGMD entry | raw_total=0.000, applied=None",No ClinVar submissions,No HGMD entry,0.000,,,,,PM2_Moderate: gnomAD max AF=0 < threshold 0.0001 for MOI AD,,,,,,,,,,,,No,No,,,Filtered: VUS with <5 points excluded from all reporting paths (auto/manual/delins),,Yes
7043970,3900_2024,chr16,2091369,G,A,TSC2,AD,c.*2759G>A,Not provided,,,,NM_001077183.2,,downstream_gene_variant,MODIFIER,Het,16,0.375,Tuberous sclerosis complex,No,,No,Not provided,No,Not provided,Not provided,Not provided,0,Not provided,0,0,N/A,Not provided,Not provided,0,Not provided,0,Not provided,No database evidence,0.000048,v3,0.000,Not provided,Not provided,Not provided,[],[],unknown,No,"{""PM2_Moderate"": 2}",2,VUS,"No ClinVar submissions | No HGMD entry | raw_total=0.000, applied=None",No ClinVar submissions,No HGMD entry,0.000,,,,,PM2_Moderate: gnomAD max AF=4.7577e-05 < threshold 0.0001 for MOI AD,,,,,,,,,,,,No,No,,,Filtered: VUS with <5 points excluded from all reporting paths (auto/manual/delins),,Yes
7043970,3900_2024,chr16,15711695,T,C,MYH11,AD,c.5808-2854A>G,Not provided,,,,NM_001040113.2.2,41/42,intron_variant,MODIFIER,Het,35,0.556,Familial thoracic aortic aneurysm,No,,No,Not provided,No,Not provided,Not provided,Not provided,0,Not provided,0,0,N/A,Not provided,Not provided,0,Not provided,0,Not provided,No database evidence,0.0,Unknown,0.000,Not provided,Not provided,Not provided,[],[],unknown,No,"{""PM2_Moderate"": 2}",2,VUS,"No ClinVar submissions | No HGMD entry | raw_total=0.000, applied=None",No ClinVar submissions,No HGMD entry,0.000,,,,,PM2_Moderate: gnomAD max AF=0 < threshold 0.0001 for MOI AD,,,,,,,,,,,,No,No,,,Filtered: VUS with <5 points excluded from all reporting paths (auto/manual/delins),,Yes
7043970,3900_2024,chr16,15720710,G,A,MYH11,AD,c.4812+129C>T,Not provided,,,,NM_001040113.2.2,34/42,intron_variant,MODIFIER,Het,19,0.364,Familial thoracic aortic aneurysm,No,,No,Not provided,No,Not provided,Not provided,Not provided,0,Not provided,0,0,N/A,Not provided,Not provided,0,Not provided,0,Not provided,No database evidence,0.0,Unknown,0.000,Not provided,Not provided,Not provided,[],[],unknown,No,"{""PM2_Moderate"": 2}",2,VUS,"No ClinVar submissions | No HGMD entry | raw_total=0.000, applied=None",No ClinVar submissions,No HGMD entry,0.000,,,,,PM2_Moderate: gnomAD max AF=0 < threshold 0.0001 for MOI AD,,,,,,,,,,,,No,No,,,Filtered: VUS with <5 points excluded from all reporting paths (auto/manual/delins),,Yes
7043970,3900_2024,chr16,23622304,T,G,PALB2,AD,c.2996+665A>C,Not provided,,,,NM_024675.4,9/12,intron_variant,MODIFIER,Het,38,0.513,Hereditary breast cancer,No,,No,Not provided,No,Not provided,Not provided,Not provided,0,Not provided,0,0,N/A,Not provided,Not provided,0,Not provided,0,Not provided,No database evidence,0.0,Unknown,0.000,Not provided,Not provided,Not provided,[],[],unknown,No,"{""PM2_Moderate"": 2}",2,VUS,"No ClinVar submissions | No HGMD entry | raw_total=0.000, applied=None",No ClinVar submissions,No HGMD entry,0.000,,,,,PM2_Moderate: gnomAD max AF=0 < threshold 0.0001 for MOI AD,,,,,,,,,,,,No,No,,,Filtered: VUS with <5 points excluded from all reporting paths (auto/manual/delins),,Yes
7043970,3900_2024,chr16,23625782,A,G,PALB2,AD,c.2748+454T>C,Not provided,,,,NM_024675.4,7/12,intron_variant,MODIFIER,Het,37,0.553,Hereditary breast cancer,No,,No,Not provided,No,Not provided,Not provided,Not provided,0,Not provided,0,0,N/A,Not provided,Not provided,0,Not provided,0,Not provided,No database evidence,0.0,Unknown,0.000,Not provided,Not provided,Not provided,[],[],unknown,No,"{""PM2_Moderate"": 2}",2,VUS,"No ClinVar submissions | No HGMD entry | raw_total=0.000, applied=None",No ClinVar submissions,No HGMD entry,0.000,,,,,PM2_Moderate: gnomAD max AF=0 < threshold 0.0001 for MOI AD,,,,,,,,,,,,No,No,,,Filtered: VUS with <5 points excluded from all reporting paths (auto/manual/delins),,Yes
7043970,3900_2024,chr16,23645138,T,TA,PALB2,AD,c.-3982_-3981insT,Not provided,,,,NM_024675.4,,upstream_gene_variant,MODIFIER,Hom,6,0.500,Hereditary breast cancer,No,,No,Not provided,No,Not provided,Not provided,Not provided,0,Not provided,0,0,N/A,Not provided,Not provided,0,Not provided,0,Not provided,No database evidence,0.0,Unknown,0.000,Not provided,Not provided,Not provided,[],[],unknown,No,"{""PM2_Moderate"": 2}",2,VUS,"No ClinVar submissions | No HGMD entry | raw_total=0.000, applied=None",No ClinVar submissions,No HGMD entry,0.000,,,,,PM2_Moderate: gnomAD max AF=0 < threshold 0.0001 for MOI AD,,,,,,,,,,,,No,No,,,Cluster id=10 detected (members=chr16:23645138:T:TA:7043970;chr16:23645139:T:TATATATA:7043970) - no Pathogenic/LP present; delins NOT flagged; requires P/LP to consider delins.;Delins/overlap cluster (id=10) detected but not all members meet P/LP or >5pts -> not auto-escalated (possible carrier).;Filtered: VUS with <5 points excluded from all reporting paths (auto/manual/delins),,Yes
7043970,3900_2024,chr17,7672381,C,T,TP53,AD,c.993+1154G>A,Not provided,,,,NM_000546.5,9/10,intron_variant,MODIFIER,Het,33,0.529,Li-Fraumeni syndrome,No,,No,Not provided,No,Not provided,Not provided,Not provided,0,Not provided,0,0,N/A,Not provided,Not provided,0,Not provided,0,Not provided,No database evidence,0.000013,v3,0.000,Not provided,Not provided,Not provided,[],[],unknown,No,"{""PM2_Moderate"": 2}",2,VUS,"No ClinVar submissions | No HGMD entry | raw_total=0.000, applied=None",No ClinVar submissions,No HGMD entry,0.000,,,,,PM2_Moderate: gnomAD max AF=1.31964e-05 < threshold 0.0001 for MOI AD,,,,,,,,,,,,No,No,,,Filtered: VUS with <5 points excluded from all reporting paths (auto/manual/delins),,Yes
7043970,3900_2024,chr17,43077962,C,T,BRCA1,AD,c.4358-1348G>A,Not provided,,,,NM_007294.4,12/22,intron_variant,MODIFIER,Het,30,0.500,Hereditary breast and ovarian cancer,No,,No,Not provided,No,Not provided,Not provided,Not provided,0,Not provided,0,0,N/A,Not provided,Not provided,0,Not provided,0,Not provided,No database evidence,0.000007,v3,0.000,Not provided,Not provided,Not provided,[],[],unknown,No,"{""PM2_Moderate"": 2}",2,VUS,"No ClinVar submissions | No HGMD entry | raw_total=0.000, applied=None",No ClinVar submissions,No HGMD entry,0.000,,,,,PM2_Moderate: gnomAD max AF=6.70295e-06 < threshold 0.0001 for MOI AD,,,,,,,,,,,,No,No,,,Filtered: VUS with <5 points excluded from all reporting paths (auto/manual/delins),,Yes
7043970,3900_2024,chr18,31074381,T,C,DSC2,AD,c.1888+302A>G,Not provided,,,,NM_004949.5,12/16,intron_variant,MODIFIER,Het,25,0.346,Arrhythmogenic right ventricular cardiomyopathy,No,,No,Not provided,No,Not provided,Not provided,Not provided,0,Not provided,0,0,N/A,Not provided,Not provided,0,Not provided,0,Not provided,No database evidence,0.000007,v3,0.000,Not provided,Not provided,Not provided,[],[],unknown,No,"{""PM2_Moderate"": 2}",2,VUS,"No ClinVar submissions | No HGMD entry | raw_total=0.000, applied=None",No ClinVar submissions,No HGMD entry,0.000,,,,,PM2_Moderate: gnomAD max AF=6.61498e-06 < threshold 0.0001 for MOI AD,,,,,,,,,,,,No,No,,,Filtered: VUS with <5 points excluded from all reporting paths (auto/manual/delins),,Yes
7043970,3900_2024,chr18,31099605,G,A,DSC2,AD,c.69+2298C>T,Not provided,,,,NM_004949.5,1/16,intron_variant,MODIFIER,Het,24,0.577,Arrhythmogenic right ventricular cardiomyopathy,No,,No,Not provided,No,Not provided,Not provided,Not provided,0,Not provided,0,0,N/A,Not provided,Not provided,0,Not provided,0,Not provided,No database evidence,0.0,Unknown,0.000,Not provided,Not provided,Not provided,[],[],unknown,No,"{""PM2_Moderate"": 2}",2,VUS,"No ClinVar submissions | No HGMD entry | raw_total=0.000, applied=None",No ClinVar submissions,No HGMD entry,0.000,,,,,PM2_Moderate: gnomAD max AF=0 < threshold 0.0001 for MOI AD,,,,,,,,,,,,No,No,,,Filtered: VUS with <5 points excluded from all reporting paths (auto/manual/delins),,Yes
7043970,3900_2024,chr18,31106511,CT,C,DSC2,AD,c.-4541delA,Not provided,,,,NM_004949.5,,upstream_gene_variant,MODIFIER,Het,25,0.423,Arrhythmogenic right ventricular cardiomyopathy,No,,No,Not provided,No,Not provided,Not provided,Not provided,0,Not provided,0,0,N/A,Not provided,Not provided,0,Not provided,0,Not provided,No database evidence,0.0,Unknown,0.000,Not provided,Not provided,Not provided,[],[],unknown,No,"{""PM2_Moderate"": 2}",2,VUS,"No ClinVar submissions | No HGMD entry | raw_total=0.000, applied=None",No ClinVar submissions,No HGMD entry,0.000,,,,,PM2_Moderate: gnomAD max AF=0 < threshold 0.0001 for MOI AD,,,,,,,,,,,,No,No,,,Cluster id=11 detected (members=chr18:31106511:CT:C:7043970;chr18:31106513:CA:C:7043970;chr18:31106517:GC:G:7043970) - no Pathogenic/LP present; delins NOT flagged; requires P/LP to consider delins.;Delins/overlap cluster (id=11) detected but not all members meet P/LP or >5pts -> not auto-escalated (possible carrier).;Filtered: VUS with <5 points excluded from all reporting paths (auto/manual/delins),,Yes
7043970,3900_2024,chr18,31106513,CA,C,DSC2,AD,c.-4543delT,Not provided,,,,NM_004949.5,,upstream_gene_variant,MODIFIER,Het,25,0.423,Arrhythmogenic right ventricular cardiomyopathy,No,,No,Not provided,No,Not provided,Not provided,Not provided,0,Not provided,0,0,N/A,Not provided,Not provided,0,Not provided,0,Not provided,No database evidence,0.0,Unknown,0.000,Not provided,Not provided,Not provided,[],[],unknown,No,"{""PM2_Moderate"": 2}",2,VUS,"No ClinVar submissions | No HGMD entry | raw_total=0.000, applied=None",No ClinVar submissions,No HGMD entry,0.000,,,,,PM2_Moderate: gnomAD max AF=0 < threshold 0.0001 for MOI AD,,,,,,,,,,,,No,No,,,Cluster id=11 detected (members=chr18:31106511:CT:C:7043970;chr18:31106513:CA:C:7043970;chr18:31106517:GC:G:7043970) - no Pathogenic/LP present; delins NOT flagged; requires P/LP to consider delins.;Delins/overlap cluster (id=11) detected but not all members meet P/LP or >5pts -> not auto-escalated (possible carrier).;Filtered: VUS with <5 points excluded from all reporting paths (auto/manual/delins),,Yes
7043970,3900_2024,chr18,31106517,GC,G,DSC2,AD,c.-4547delG,Not provided,,,,NM_004949.5,,upstream_gene_variant,MODIFIER,Het,25,0.400,Arrhythmogenic right ventricular cardiomyopathy,No,,No,Not provided,No,Not provided,Not provided,Not provided,0,Not provided,0,0,N/A,Not provided,Not provided,0,Not provided,0,Not provided,No database evidence,0.0,Unknown,0.000,Not provided,Not provided,Not provided,[],[],unknown,No,"{""PM2_Moderate"": 2}",2,VUS,"No ClinVar submissions | No HGMD entry | raw_total=0.000, applied=None",No ClinVar submissions,No HGMD entry,0.000,,,,,PM2_Moderate: gnomAD max AF=0 < threshold 0.0001 for MOI AD,,,,,,,,,,,,No,No,,,Cluster id=11 detected (members=chr18:31106511:CT:C:7043970;chr18:31106513:CA:C:7043970;chr18:31106517:GC:G:7043970) - no Pathogenic/LP present; delins NOT flagged; requires P/LP to consider delins.;Delins/overlap cluster (id=11) detected but not all members meet P/LP or >5pts -> not auto-escalated (possible carrier).;Filtered: VUS with <5 points excluded from all reporting paths (auto/manual/delins),,Yes
7043970,3900_2024,chr18,31534698,C,T,DSG2,AD,c.1281-572C>T,Not provided,,,,NM_001943.5,9/14,intron_variant,MODIFIER,Het,30,0.600,Arrhythmogenic right ventricular cardiomyopathy,No,,No,Not provided,No,Not provided,Not provided,Not provided,0,Not provided,0,0,N/A,Not provided,Not provided,0,Not provided,0,Not provided,No database evidence,0.000046,v3,0.000,Not provided,Not provided,Not provided,[],[],unknown,No,"{""PM2_Moderate"": 2}",2,VUS,"No ClinVar submissions | No HGMD entry | raw_total=0.000, applied=None",No ClinVar submissions,No HGMD entry,0.000,,,,,PM2_Moderate: gnomAD max AF=4.61614e-05 < threshold 0.0001 for MOI AD,,,,,,,,,,,,No,No,,,Filtered: VUS with <5 points excluded from all reporting paths (auto/manual/delins),,Yes
7043970,3900_2024,chr18,31546239,G,A,DSG2,AD,c.2853G>A,p.Val951Val,Val,Val,951,NM_001943.5,15/15,synonymous_variant,LOW,Het,28,0.310,Arrhythmogenic right ventricular cardiomyopathy,No,,Yes,CN230736:Cardiovascular phenotype;Arrhythmogenic right ventricular cardiomyopathy;Cardiomyopathy;Arrhythmogenic right ventricular dysplasia 10,No,Not provided,CN230736:Cardiovascular phenotype;Arrhythmogenic right ventricular cardiomyopathy;Cardiomyopathy;Arrhythmogenic right ventricular dysplasia 10,likely benign;likely benign;likely benign;likely benign,1;1;1;1,Likely benign,1,1,conditions_csv_phenotype_match,Not provided,Not provided,0,Not provided,0,Not provided,ClinVar: Sig=likely benign;likely benign;likely benign;likely benign; ClinVar: Trait=CN230736:Cardiovascular phenotype;Arrhythmogenic right ventricular cardiomyopathy;Cardiomyopathy;Arrhythmogenic right ventricular dysplasia 10,0.000033,v3,0.000,Not provided,Not provided,Not provided,[],[],unknown,No,"{""PM2_Moderate"": 2, ""BP5ext_Supporting"": -1}",1,VUS,"sig=likely benign (-2 points), stars=1 (0.75 coef), clinvar_phenotype_match=Yes, clin=-1.500 | No HGMD entry | raw_total=-1.500, applied=BP5ext_Supporting","sig=likely benign (-2 points), stars=1 (0.75 coef), clinvar_phenotype_match=Yes, clin=-1.500",No HGMD entry,-1.500,BP5ext_Supporting,,,,PM2_Moderate: gnomAD max AF=3.28614e-05 < threshold 0.0001 for MOI AD,,,,,,,,,,,,No,No,,,Filtered: VUS with <5 points excluded from all reporting paths (auto/manual/delins),,Yes
7043970,3900_2024,chr18,31546798,G,A,DSG2,AD,c.*55G>A,Not provided,,,,NM_001943.5,15/15,3_prime_UTR_variant,MODIFIER,Het,42,0.523,Arrhythmogenic right ventricular cardiomyopathy,No,,No,Not provided,No,Not provided,Not provided,Not provided,0,Not provided,0,0,N/A,Not provided,Not provided,0,Not provided,0,Not provided,No database evidence,0.0,Unknown,0.000,Not provided,Not provided,Not provided,[],[],unknown,No,"{""PM2_Moderate"": 2}",2,VUS,"No ClinVar submissions | No HGMD entry | raw_total=0.000, applied=None",No ClinVar submissions,No HGMD entry,0.000,,,,,PM2_Moderate: gnomAD max AF=0 < threshold 0.0001 for MOI AD,,,,,,,,,,,,No,No,,,Filtered: VUS with <5 points excluded from all reporting paths (auto/manual/delins),,Yes
7043970,3900_2024,chr18,51073388,T,TATATAC,SMAD4,AD,c.1309-3249_1309-3248insTATACA,Not provided,,,,NM_005359.6,10/11,intron_variant,MODIFIER,Het,12,0.235,Juvenile polyposis syndrome; Hereditary hemorrhagic telangiectasia,Yes,"RULES_PRESENT_NO_MATCH: Exclude if HGVSp contains any of: [""p.Arg496Cys"", ""p.Ile500Val"", ""p.Ile500Thr"", ""p.Ile500Met""];RULES_PRESENT_NO_MATCH: Exclude if HGVSp contains any of: [""p.Arg496Cys"", ""p.Ile500Val"", ""p.Ile500Thr"", ""p.Ile500Met""]",No,Not provided,No,Not provided,Not provided,Not provided,0,Not provided,0,0,N/A,Not provided,Not provided,0,Not provided,0,Not provided,No database evidence,0.0,Unknown,0.000,Not provided,0.000,Not provided,[],[],unknown,No,"{""PM2_Moderate"": 2}",2,VUS,"No ClinVar submissions | No HGMD entry | raw_total=0.000, applied=None",No ClinVar submissions,No HGMD entry,0.000,,,,,PM2_Moderate: gnomAD max AF=0 < threshold 0.0001 for MOI AD,,,,,,,,,,,,No,No,,,Filtered: VUS with <5 points excluded from all reporting paths (auto/manual/delins),,Yes
7043970,3900_2024,chr19,38468090,ATCC,A,RYR1,AD,c.3381+279_3381+281delTCC,Not provided,,,,NM_001042723.2,25/104,intron_variant,MODIFIER,Het,12,0.250,Malignant hyperthermia,No,,No,Not provided,No,Not provided,Not provided,Not provided,0,Not provided,0,0,N/A,Not provided,Not provided,0,Not provided,0,Not provided,No database evidence,0.0,Unknown,0.000,Not provided,Not provided,Not provided,[],[],unknown,No,"{""PM2_Moderate"": 2}",2,VUS,"No ClinVar submissions | No HGMD entry | raw_total=0.000, applied=None",No ClinVar submissions,No HGMD entry,0.000,,,,,PM2_Moderate: gnomAD max AF=0 < threshold 0.0001 for MOI AD,,,,,,,,,,,,No,No,,,Cluster id=12 detected (members=chr19:38468090:ATCC:A:7043970;chr19:38468094:AACCATCCAT:A:7043970) - no Pathogenic/LP present; delins NOT flagged; requires P/LP to consider delins.;Delins/overlap cluster (id=12) detected but not all members meet P/LP or >5pts -> not auto-escalated (possible carrier).;Filtered: VUS with <5 points excluded from all reporting paths (auto/manual/delins),,Yes
7043970,3900_2024,chr19,38468094,AACCATCCAT,A,RYR1,AD,c.3381+283_3381+291delACCATCCAT,Not provided,,,,NM_001042723.2,25/104,intron_variant,MODIFIER,Het,10,0.300,Malignant hyperthermia,No,,No,Not provided,No,Not provided,Not provided,Not provided,0,Not provided,0,0,N/A,Not provided,Not provided,0,Not provided,0,Not provided,No database evidence,0.0,Unknown,0.000,Not provided,0.000,Not provided,[],[],unknown,No,"{""PM2_Moderate"": 2}",2,VUS,"No ClinVar submissions | No HGMD entry | raw_total=0.000, applied=None",No ClinVar submissions,No HGMD entry,0.000,,,,,PM2_Moderate: gnomAD max AF=0 < threshold 0.0001 for MOI AD,,,,,,,,,,,,No,No,,,Cluster id=12 detected (members=chr19:38468090:ATCC:A:7043970;chr19:38468094:AACCATCCAT:A:7043970) - no Pathogenic/LP present; delins NOT flagged; requires P/LP to consider delins.;Delins/overlap cluster (id=12) detected but not all members meet P/LP or >5pts -> not auto-escalated (possible carrier).;Filtered: VUS with <5 points excluded from all reporting paths (auto/manual/delins),,Yes
7043970,3900_2024,chr19,38470798,G,A,RYR1,AD,c.3765+1285G>A,Not provided,,,,NM_001042723.2,27/104,intron_variant,MODIFIER,Het,26,0.379,Malignant hyperthermia,No,,No,Not provided,No,Not provided,Not provided,Not provided,0,Not provided,0,0,N/A,Not provided,Not provided,0,Not provided,0,Not provided,No database evidence,0.000072,v3,0.000,Not provided,Not provided,Not provided,[],[],unknown,No,"{""PM2_Moderate"": 2}",2,VUS,"No ClinVar submissions | No HGMD entry | raw_total=0.000, applied=None",No ClinVar submissions,No HGMD entry,0.000,,,,,PM2_Moderate: gnomAD max AF=7.22686e-05 < threshold 0.0001 for MOI AD,,,,,,,,,,,,No,No,,,Filtered: VUS with <5 points excluded from all reporting paths (auto/manual/delins),,Yes
7043970,3900_2024,chr19,38480442,C,T,RYR1,AD,c.4620+1842C>T,Not provided,,,,NM_001042723.2,31/104,intron_variant,MODIFIER,Het,40,0.550,Malignant hyperthermia,No,,No,Not provided,No,Not provided,Not provided,Not provided,0,Not provided,0,0,N/A,Not provided,Not provided,0,Not provided,0,Not provided,No database evidence,0.0,Unknown,0.000,Not provided,Not provided,Not provided,[],[],unknown,No,"{""PM2_Moderate"": 2}",2,VUS,"No ClinVar submissions | No HGMD entry | raw_total=0.000, applied=None",No ClinVar submissions,No HGMD entry,0.000,,,,,PM2_Moderate: gnomAD max AF=0 < threshold 0.0001 for MOI AD,,,,,,,,,,,,No,No,,,Filtered: VUS with <5 points excluded from all reporting paths (auto/manual/delins),,Yes
7043970,3900_2024,chr19,38555212,A,G,RYR1,AD,c.12268-5901A>G,Not provided,,,,NM_001042723.2,88/104,intron_variant,MODIFIER,Het,30,0.484,Malignant hyperthermia,No,,No,Not provided,No,Not provided,Not provided,Not provided,0,Not provided,0,0,N/A,Not provided,Not provided,0,Not provided,0,Not provided,No database evidence,0.0,Unknown,0.000,Not provided,Not provided,Not provided,[],[],unknown,No,"{""PM2_Moderate"": 2}",2,VUS,"No ClinVar submissions | No HGMD entry | raw_total=0.000, applied=None",No ClinVar submissions,No HGMD entry,0.000,,,,,PM2_Moderate: gnomAD max AF=0 < threshold 0.0001 for MOI AD,,,,,,,,,,,,No,No,,,Filtered: VUS with <5 points excluded from all reporting paths (auto/manual/delins),,Yes
7043970,3900_2024,chr19,38590391,A,AT,RYR1,AD,c.*2971_*2972insT,Not provided,,,,NM_001042723.2,,downstream_gene_variant,MODIFIER,Hom,25,0.920,Malignant hyperthermia,No,,No,Not provided,No,Not provided,Not provided,Not provided,0,Not provided,0,0,N/A,Not provided,Not provided,0,Not provided,0,Not provided,No database evidence,0.0,Unknown,0.000,Not provided,Not provided,Not provided,[],[],unknown,No,"{""PM2_Moderate"": 2}",2,VUS,"No ClinVar submissions | No HGMD entry | raw_total=0.000, applied=None",No ClinVar submissions,No HGMD entry,0.000,,,,,PM2_Moderate: gnomAD max AF=0 < threshold 0.0001 for MOI AD,,,,,,,,,,,,No,No,,,Cluster id=13 detected (members=chr19:38590391:A:AT:7043970;chr19:38590392:A:AT:7043970;chr19:38590392:A:ATAT:7043970) - no Pathogenic/LP present; delins NOT flagged; requires P/LP to consider delins.;Delins/overlap cluster (id=13) detected but not all members meet P/LP or >5pts -> not auto-escalated (possible carrier).;Filtered: VUS with <5 points excluded from all reporting paths (auto/manual/delins),,Yes
7043970,3900_2024,chr19,38590392,A,AT,RYR1,AD,c.*2972_*2973insT,Not provided,,,,NM_001042723.2,,downstream_gene_variant,MODIFIER,Het,18,0.333,Malignant hyperthermia,No,,No,Not provided,No,Not provided,Not provided,Not provided,0,Not provided,0,0,N/A,Not provided,Not provided,0,Not provided,0,Not provided,No database evidence,0.0,Unknown,0.000,Not provided,Not provided,Not provided,[],[],unknown,No,"{""PM2_Moderate"": 2}",2,VUS,"No ClinVar submissions | No HGMD entry | raw_total=0.000, applied=None",No ClinVar submissions,No HGMD entry,0.000,,,,,PM2_Moderate: gnomAD max AF=0 < threshold 0.0001 for MOI AD,,,,,,,,,,,,No,No,,,Cluster id=13 detected (members=chr19:38590391:A:AT:7043970;chr19:38590392:A:AT:7043970;chr19:38590392:A:ATAT:7043970) - no Pathogenic/LP present; delins NOT flagged; requires P/LP to consider delins.;Delins/overlap cluster (id=13) detected but not all members meet P/LP or >5pts -> not auto-escalated (possible carrier).;Filtered: VUS with <5 points excluded from all reporting paths (auto/manual/delins),,Yes
7043970,3900_2024,chr19,38590392,A,ATAT,RYR1,AD,c.*2972_*2973insTAT,Not provided,,,,NM_001042723.2,,downstream_gene_variant,MODIFIER,Het,20,0.667,Malignant hyperthermia,No,,No,Not provided,No,Not provided,Not provided,Not provided,0,Not provided,0,0,N/A,Not provided,Not provided,0,Not provided,0,Not provided,No database evidence,0.0,Unknown,0.000,Not provided,0.000,Not provided,[],[],unknown,No,"{""PM2_Moderate"": 2}",2,VUS,"No ClinVar submissions | No HGMD entry | raw_total=0.000, applied=None",No ClinVar submissions,No HGMD entry,0.000,,,,,PM2_Moderate: gnomAD max AF=0 < threshold 0.0001 for MOI AD,,,,,,,,,,,,No,No,,,Cluster id=13 detected (members=chr19:38590391:A:AT:7043970;chr19:38590392:A:AT:7043970;chr19:38590392:A:ATAT:7043970) - no Pathogenic/LP present; delins NOT flagged; requires P/LP to consider delins.;Delins/overlap cluster (id=13) detected but not all members meet P/LP or >5pts -> not auto-escalated (possible carrier).;Filtered: VUS with <5 points excluded from all reporting paths (auto/manual/delins),,Yes
7043970,3900_2024,chr19,46607697,T,C,CALM3,AD,c.-74-500T>C,Not provided,,,,NM_001329921.1,2/5,intron_variant,MODIFIER,Het,23,0.542,Long-QT syndrome type 16; Catecholaminergic polymorphic ventricular tachycardia,No,,No,Not provided,No,Not provided,Not provided,Not provided,0,Not provided,0,0,N/A,Not provided,Not provided,0,Not provided,0,Not provided,No database evidence,0.0,Unknown,0.000,Not provided,Not provided,Not provided,[],[],unknown,No,"{""PM2_Moderate"": 2}",2,VUS,"No ClinVar submissions | No HGMD entry | raw_total=0.000, applied=None",No ClinVar submissions,No HGMD entry,0.000,,,,,PM2_Moderate: gnomAD max AF=0 < threshold 0.0001 for MOI AD,,,,,,,,,,,,No,No,,,Filtered: VUS with <5 points excluded from all reporting paths (auto/manual/delins),,Yes
7043970,3900_2024,chr19,46615099,G,T,CALM3,AD,c.*5946G>T,Not provided,,,,NM_001329921.1,,downstream_gene_variant,MODIFIER,Het,33,0.529,Long-QT syndrome type 16; Catecholaminergic polymorphic ventricular tachycardia,No,,No,Not provided,No,Not provided,Not provided,Not provided,0,Not provided,0,0,N/A,Not provided,Not provided,0,Not provided,0,Not provided,No database evidence,0.0,Unknown,0.000,Not provided,Not provided,Not provided,[],[],unknown,No,"{""PM2_Moderate"": 2}",2,VUS,"No ClinVar submissions | No HGMD entry | raw_total=0.000, applied=None",No ClinVar submissions,No HGMD entry,0.000,,,,,PM2_Moderate: gnomAD max AF=0 < threshold 0.0001 for MOI AD,,,,,,,,,,,,No,No,,,Filtered: VUS with <5 points excluded from all reporting paths (auto/manual/delins),,Yes
7043970,3900_2024,chr19,46615135,GC,G,CALM3,AD,c.*5983delC,Not provided,,,,NM_001329921.1,,downstream_gene_variant,MODIFIER,Het,40,0.488,Long-QT syndrome type 16; Catecholaminergic polymorphic ventricular tachycardia,No,,No,Not provided,No,Not provided,Not provided,Not provided,0,Not provided,0,0,N/A,Not provided,Not provided,0,Not provided,0,Not provided,No database evidence,0.0,Unknown,0.000,Not provided,Not provided,Not provided,[],[],unknown,No,"{""PM2_Moderate"": 2}",2,VUS,"No ClinVar submissions | No HGMD entry | raw_total=0.000, applied=None",No ClinVar submissions,No HGMD entry,0.000,,,,,PM2_Moderate: gnomAD max AF=0 < threshold 0.0001 for MOI AD,,,,,,,,,,,,No,No,,,Filtered: VUS with <5 points excluded from all reporting paths (auto/manual/delins),,Yes
7043970,3900_2024,chr2,21001217,T,A,APOB,AD,c.*513A>T,Not provided,,,,NM_000384.3,,downstream_gene_variant,MODIFIER,Het,22,0.500,Familial hypercholesterolemia,Yes,"No include rule matched; rules require explicit inclusion (whitelist);Include if Impact is ""MODERATE"" or ""LOW"";No include rule matched; rules require explicit inclusion (whitelist);Include if Impact is ""MODERATE"" or ""LOW"";No include rule matched; rules require explicit inclusion (whitelist);Include if Impact is ""MODERATE"" or ""LOW""",No,Not provided,No,Not provided,Not provided,Not provided,0,Not provided,0,0,N/A,Not provided,Not provided,0,Not provided,0,Not provided,No database evidence,0.0,Unknown,0.000,Not provided,Not provided,Not provided,[],[],unknown,No,"{""PM2_Moderate"": 2}",2,VUS,"No ClinVar submissions | No HGMD entry | raw_total=0.000, applied=None",No ClinVar submissions,No HGMD entry,0.000,,,,,PM2_Moderate: gnomAD max AF=0 < threshold 0.0001 for MOI AD,,,,,,,,,,,,No,No,,,"Filtered: VUS with <5 points excluded from all reporting paths (auto/manual/delins);Filtered by gene 'Rules' (exclude): No include rule matched; rules require explicit inclusion (whitelist); Include if Impact is ""MODERATE"" or ""LOW""","Filtered: VUS with <5 points excluded from all reporting paths (auto/manual/delins);Filtered by gene 'Rules' (exclude): No include rule matched; rules require explicit inclusion (whitelist); Include if Impact is ""MODERATE"" or ""LOW""",Yes
7043970,3900_2024,chr2,21001218,A,T,APOB,AD,c.*512T>A,Not provided,,,,NM_000384.3,,downstream_gene_variant,MODIFIER,Het,20,0.524,Familial hypercholesterolemia,Yes,"No include rule matched; rules require explicit inclusion (whitelist);Include if Impact is ""MODERATE"" or ""LOW"";No include rule matched; rules require explicit inclusion (whitelist);Include if Impact is ""MODERATE"" or ""LOW"";No include rule matched; rules require explicit inclusion (whitelist);Include if Impact is ""MODERATE"" or ""LOW""",No,Not provided,No,Not provided,Not provided,Not provided,0,Not provided,0,0,N/A,Not provided,Not provided,0,Not provided,0,Not provided,No database evidence,0.0,Unknown,0.000,Not provided,Not provided,Not provided,[],[],unknown,No,"{""PM2_Moderate"": 2}",2,VUS,"No ClinVar submissions | No HGMD entry | raw_total=0.000, applied=None",No ClinVar submissions,No HGMD entry,0.000,,,,,PM2_Moderate: gnomAD max AF=0 < threshold 0.0001 for MOI AD,,,,,,,,,,,,No,No,,,"Filtered: VUS with <5 points excluded from all reporting paths (auto/manual/delins);Filtered by gene 'Rules' (exclude): No include rule matched; rules require explicit inclusion (whitelist); Include if Impact is ""MODERATE"" or ""LOW""","Filtered: VUS with <5 points excluded from all reporting paths (auto/manual/delins);Filtered by gene 'Rules' (exclude): No include rule matched; rules require explicit inclusion (whitelist); Include if Impact is ""MODERATE"" or ""LOW""",Yes
7043970,3900_2024,chr2,21001219,T,A,APOB,AD,c.*511A>T,Not provided,,,,NM_000384.3,,downstream_gene_variant,MODIFIER,Het,22,0.500,Familial hypercholesterolemia,Yes,"No include rule matched; rules require explicit inclusion (whitelist);Include if Impact is ""MODERATE"" or ""LOW"";No include rule matched; rules require explicit inclusion (whitelist);Include if Impact is ""MODERATE"" or ""LOW"";No include rule matched; rules require explicit inclusion (whitelist);Include if Impact is ""MODERATE"" or ""LOW""",No,Not provided,No,Not provided,Not provided,Not provided,0,Not provided,0,0,N/A,Not provided,Not provided,0,Not provided,0,Not provided,No database evidence,0.0,Unknown,0.000,Not provided,Not provided,Not provided,[],[],unknown,No,"{""PM2_Moderate"": 2}",2,VUS,"No ClinVar submissions | No HGMD entry | raw_total=0.000, applied=None",No ClinVar submissions,No HGMD entry,0.000,,,,,PM2_Moderate: gnomAD max AF=0 < threshold 0.0001 for MOI AD,,,,,,,,,,,,No,No,,,"Filtered: VUS with <5 points excluded from all reporting paths (auto/manual/delins);Filtered by gene 'Rules' (exclude): No include rule matched; rules require explicit inclusion (whitelist); Include if Impact is ""MODERATE"" or ""LOW""","Filtered: VUS with <5 points excluded from all reporting paths (auto/manual/delins);Filtered by gene 'Rules' (exclude): No include rule matched; rules require explicit inclusion (whitelist); Include if Impact is ""MODERATE"" or ""LOW""",Yes
7043970,3900_2024,chr2,47425837,G,GT,MSH2,AD,c.879-3888dupT,Not provided,,,,NM_001258281.1,7/16,intron_variant,MODIFIER,Het,21,0.545,Lynch syndrome,No,,No,Not provided,No,Not provided,Not provided,Not provided,0,Not provided,0,0,N/A,Not provided,Not provided,0,Not provided,0,Not provided,No database evidence,0.0,Unknown,0.000,Not provided,Not provided,Not provided,[],[],unknown,No,"{""PM2_Moderate"": 2}",2,VUS,"No ClinVar submissions | No HGMD entry | raw_total=0.000, applied=None",No ClinVar submissions,No HGMD entry,0.000,,,,,PM2_Moderate: gnomAD max AF=0 < threshold 0.0001 for MOI AD,,,,,,,,,,,,No,No,,,Filtered: VUS with <5 points excluded from all reporting paths (auto/manual/delins),,Yes
7043970,3900_2024,chr2,47442198,GTA,G,MSH2,AD,c.1079-3342_1079-3341delAT,Not provided,,,,NM_001258281.1,8/16,intron_variant,MODIFIER,Het,10,0.385,Lynch syndrome,No,,No,Not provided,No,Not provided,Not provided,Not provided,0,Not provided,0,0,N/A,Not provided,Not provided,0,Not provided,0,Not provided,No database evidence,0.000021,v3,0.000,Not provided,Not provided,Not provided,[],[],unknown,No,"{""PM2_Moderate"": 2}",2,VUS,"No ClinVar submissions | No HGMD entry | raw_total=0.000, applied=None",No ClinVar submissions,No HGMD entry,0.000,,,,,PM2_Moderate: gnomAD max AF=2.13913e-05 < threshold 0.0001 for MOI AD,,,,,,,,,,,,No,No,,,Filtered: VUS with <5 points excluded from all reporting paths (auto/manual/delins),,Yes
7043970,3900_2024,chr2,47469587,C,CA,MSH2,AD,c.1464-1370dupA,Not provided,,,,NM_001258281.1,11/16,intron_variant,MODIFIER,Het,33,0.529,Lynch syndrome,No,,No,Not provided,No,Not provided,Not provided,Not provided,0,Not provided,0,0,N/A,Not provided,Not provided,0,Not provided,0,Not provided,No database evidence,0.0,Unknown,0.000,Not provided,Not provided,Not provided,[],[],unknown,No,"{""PM2_Moderate"": 2}",2,VUS,"No ClinVar submissions | No HGMD entry | raw_total=0.000, applied=None",No ClinVar submissions,No HGMD entry,0.000,,,,,PM2_Moderate: gnomAD max AF=0 < threshold 0.0001 for MOI AD,,,,,,,,,,,,No,No,,,Filtered: VUS with <5 points excluded from all reporting paths (auto/manual/delins),,Yes
7043970,3900_2024,chr2,47483986,A,T,MSH2,AD,c.*1037A>T,Not provided,,,,NM_001258281.1,,downstream_gene_variant,MODIFIER,Het,50,0.520,Lynch syndrome,No,,No,Not provided,No,Not provided,Not provided,Not provided,0,Not provided,0,0,N/A,Not provided,Not provided,0,Not provided,0,Not provided,No database evidence,0.0,Unknown,0.000,Not provided,Not provided,Not provided,[],[],unknown,No,"{""PM2_Moderate"": 2}",2,VUS,"No ClinVar submissions | No HGMD entry | raw_total=0.000, applied=None",No ClinVar submissions,No HGMD entry,0.000,,,,,PM2_Moderate: gnomAD max AF=0 < threshold 0.0001 for MOI AD,,,,,,,,,,,,No,No,,,Filtered: VUS with <5 points excluded from all reporting paths (auto/manual/delins),,Yes
7043970,3900_2024,chr2,178542656,C,T,TTN,AD,c.92269+6G>A,Not provided,,,,NM_001256850.1,298/312,splice_region_variant&intron_variant,LOW,Het,49,0.340,Dilated cardiomyopathy (truncating variants only),Yes,RULES_PRESENT_NO_MATCH: Exclude if Impact is MODERATE;RULES_PRESENT_NO_MATCH: Exclude if Impact is MODERATE,No,"Autosomal recessive limb-girdle muscular dystrophy type 2J;CN230736:Cardiovascular phenotype;Tibial muscular dystrophy;Dilated cardiomyopathy 1G;Myopathy, myofibrillar, 9, with early respiratory failure;Early-onset myopathy with fatal cardiomyopathy",No,Not provided,"Autosomal recessive limb-girdle muscular dystrophy type 2J;CN230736:Cardiovascular phenotype;Tibial muscular dystrophy;Dilated cardiomyopathy 1G;Myopathy, myofibrillar, 9, with early respiratory failure;Early-onset myopathy with fatal cardiomyopathy",uncertain significance;uncertain significance;benign;uncertain significance;likely benign;uncertain significance,1;1;1;1;1;1,Uncertain significance,1,1,conditions_csv_phenotype_match,Not provided,Not provided,0,Not provided,0,Not provided,"ClinVar: Sig=uncertain significance;uncertain significance;benign;uncertain significance;likely benign;uncertain significance; ClinVar: Trait=Autosomal recessive limb-girdle muscular dystrophy type 2J;CN230736:Cardiovascular phenotype;Tibial muscular dystrophy;Dilated cardiomyopathy 1G;Myopathy, myofibrillar, 9, with early respiratory failure;Early-onset myopathy with fatal cardiomyopathy",0.000013,v3,0.000,Not provided,Not provided,Not provided,[],[],unknown,No,"{""PM2_Moderate"": 2, ""BP5ext_Supporting"": -1}",1,VUS,"sig=benign (-3 points), stars=1 (0.75 coef), clinvar_phenotype_match=No [PENALTY APPLIED], clin=-1.000 | No HGMD entry | raw_total=-1.000, applied=BP5ext_Supporting","sig=benign (-3 points), stars=1 (0.75 coef), clinvar_phenotype_match=No [PENALTY APPLIED], clin=-1.000",No HGMD entry,-1.000,BP5ext_Supporting,,,,PM2_Moderate: gnomAD max AF=1.31416e-05 < threshold 0.0001 for MOI AD,,,,,,,,,,,,No,No,,,Database conflict (ClinVar): Benign vs VUS detected -> conservative -1 point applied (info in comments).;Filtered: VUS with <5 points excluded from all reporting paths (auto/manual/delins),,Yes
7043970,3900_2024,chr2,178646104,T,TTATATATATATATA,TTN,AD,c.35375-88_35375-75dupTATATATATATATA,Not provided,,,,NM_001256850.1,166/312,intron_variant,MODIFIER,Hom,16,0.611,Dilated cardiomyopathy (truncating variants only),Yes,RULES_PRESENT_NO_MATCH: Exclude if Impact is MODERATE;RULES_PRESENT_NO_MATCH: Exclude if Impact is MODERATE,No,Not provided,No,Not provided,Not provided,Not provided,0,Not provided,0,0,N/A,Not provided,Not provided,0,Not provided,0,Not provided,No database evidence,0.0,Unknown,0.000,Not provided,0.000,Not provided,[],[],unknown,No,"{""PM2_Moderate"": 2}",2,VUS,"No ClinVar submissions | No HGMD entry | raw_total=0.000, applied=None",No ClinVar submissions,No HGMD entry,0.000,,,,,PM2_Moderate: gnomAD max AF=0 < threshold 0.0001 for MOI AD,,,,,,,,,,,,No,No,,,Filtered: VUS with <5 points excluded from all reporting paths (auto/manual/delins),,Yes
7043970,3900_2024,chr2,178696434,A,T,TTN,AD,c.29852-165T>A,Not provided,,,,NM_001256850.1,111/312,intron_variant,MODIFIER,Het,50,0.529,Dilated cardiomyopathy (truncating variants only),Yes,RULES_PRESENT_NO_MATCH: Exclude if Impact is MODERATE;RULES_PRESENT_NO_MATCH: Exclude if Impact is MODERATE,No,Not provided,No,Not provided,Not provided,Not provided,0,Not provided,0,0,N/A,Not provided,Not provided,0,Not provided,0,Not provided,No database evidence,0.0,Unknown,0.000,Not provided,Not provided,Not provided,[],[],unknown,No,"{""PM2_Moderate"": 2}",2,VUS,"No ClinVar submissions | No HGMD entry | raw_total=0.000, applied=None",No ClinVar submissions,No HGMD entry,0.000,,,,,PM2_Moderate: gnomAD max AF=0 < threshold 0.0001 for MOI AD,,,,,,,,,,,,No,No,,,Filtered: VUS with <5 points excluded from all reporting paths (auto/manual/delins),,Yes
7043970,3900_2024,chr2,178757157,A,G,TTN,AD,c.10303+1827T>C,Not provided,,,,NM_001256850.1,44/312,intron_variant,MODIFIER,Het,54,0.351,Dilated cardiomyopathy (truncating variants only),Yes,RULES_PRESENT_NO_MATCH: Exclude if Impact is MODERATE;RULES_PRESENT_NO_MATCH: Exclude if Impact is MODERATE,No,Not provided,No,Not provided,Not provided,Not provided,0,Not provided,0,0,N/A,Not provided,Not provided,0,Not provided,0,Not provided,No database evidence,0.0,Unknown,0.000,Not provided,Not provided,Not provided,[],[],unknown,No,"{""PM2_Moderate"": 2}",2,VUS,"No ClinVar submissions | No HGMD entry | raw_total=0.000, applied=None",No ClinVar submissions,No HGMD entry,0.000,,,,,PM2_Moderate: gnomAD max AF=0 < threshold 0.0001 for MOI AD,,,,,,,,,,,,No,No,,,Filtered: VUS with <5 points excluded from all reporting paths (auto/manual/delins),,Yes
7043970,3900_2024,chr2,189007660,G,T,COL3A1,AD,c.3363+53G>T,Not provided,,,,NM_000090.3,45/50,intron_variant,MODIFIER,Het,43,0.348,"Ehlers-Danlos syndrome, vascular type",No,,No,Not provided,No,Not provided,Not provided,Not provided,0,Not provided,0,0,N/A,Not provided,Not provided,0,Not provided,0,Not provided,No database evidence,0.0,Unknown,0.000,Not provided,Not provided,Not provided,[],[],unknown,No,"{""PM2_Moderate"": 2}",2,VUS,"No ClinVar submissions | No HGMD entry | raw_total=0.000, applied=None",No ClinVar submissions,No HGMD entry,0.000,,,,,PM2_Moderate: gnomAD max AF=0 < threshold 0.0001 for MOI AD,,,,,,,,,,,,No,No,,,Filtered: VUS with <5 points excluded from all reporting paths (auto/manual/delins),,Yes
7043970,3900_2024,chr2,218778348,CTTTTTTTTTTTTTTT,C,CYP27A1,AR,c.-3834_-3820delTTTTTTTTTTTTTTT,Not provided,,,,NM_000784.4,,upstream_gene_variant,MODIFIER,Het,10,0.833,Cerebrotendinous xanthomatosis,No,,No,Not provided,No,Not provided,Not provided,Not provided,0,Not provided,0,0,N/A,Not provided,Not provided,0,Not provided,0,Not provided,No database evidence,0.0,Unknown,0.000,Not provided,Not provided,Not provided,[],[],unknown,No,"{""PM2_Moderate"": 2}",2,VUS,"No ClinVar submissions | No HGMD entry | raw_total=0.000, applied=None",No ClinVar submissions,No HGMD entry,0.000,,,,,PM2_Moderate: gnomAD max AF=0 < threshold 0.005 for MOI AR,,,,,,,,,,,,No,No,,,Filtered: VUS with <5 points excluded from all reporting paths (auto/manual/delins),,Yes
7043970,3900_2024,chr2,218781222,A,C,CYP27A1,AR,c.-961A>C,Not provided,,,,NM_000784.4,,upstream_gene_variant,MODIFIER,Het,24,0.577,Cerebrotendinous xanthomatosis,No,,No,Not provided,No,Not provided,Not provided,Not provided,0,Not provided,0,0,N/A,Not provided,Not provided,0,Not provided,0,Not provided,No database evidence,0.0,Unknown,0.000,Not provided,Not provided,Not provided,[],[],unknown,No,"{""PM2_Moderate"": 2}",2,VUS,"No ClinVar submissions | No HGMD entry | raw_total=0.000, applied=None",No ClinVar submissions,No HGMD entry,0.000,,,,,PM2_Moderate: gnomAD max AF=0 < threshold 0.005 for MOI AR,,,,,,,,,,,,No,No,,,Filtered: VUS with <5 points excluded from all reporting paths (auto/manual/delins),,Yes
7043970,3900_2024,chr2,218802634,G,A,CYP27A1,AR,c.256-6943G>A,Not provided,,,,NM_000784.4,1/8,intron_variant,MODIFIER,Het,51,0.365,Cerebrotendinous xanthomatosis,No,,No,Not provided,No,Not provided,Not provided,Not provided,0,Not provided,0,0,N/A,Not provided,Not provided,0,Not provided,0,Not provided,No database evidence,0.0,Unknown,0.000,Not provided,Not provided,Not provided,[],[],unknown,No,"{""PM2_Moderate"": 2}",2,VUS,"No ClinVar submissions | No HGMD entry | raw_total=0.000, applied=None",No ClinVar submissions,No HGMD entry,0.000,,,,,PM2_Moderate: gnomAD max AF=0 < threshold 0.005 for MOI AR,,,,,,,,,,,,No,No,,,Filtered: VUS with <5 points excluded from all reporting paths (auto/manual/delins),,Yes
7043970,3900_2024,chr22,29640194,TAAA,T,NF2,AD,c.363+1005_363+1007delAAA,Not provided,,,,NM_016418.5,3/16,intron_variant,MODIFIER,Het,11,0.667,NF2-related schwannomatosis,No,,No,Not provided,No,Not provided,Not provided,Not provided,0,Not provided,0,0,N/A,Not provided,Not provided,0,Not provided,0,Not provided,No database evidence,0.0,Unknown,0.000,Not provided,Not provided,Not provided,[],[],unknown,No,"{""PM2_Moderate"": 2}",2,VUS,"No ClinVar submissions | No HGMD entry | raw_total=0.000, applied=None",No ClinVar submissions,No HGMD entry,0.000,,,,,PM2_Moderate: gnomAD max AF=0 < threshold 0.0001 for MOI AD,,,,,,,,,,,,No,No,,,Filtered: VUS with <5 points excluded from all reporting paths (auto/manual/delins),,Yes
7043970,3900_2024,chr22,29649564,A,T,NF2,AD,c.448-5093A>T,Not provided,,,,NM_016418.5,4/16,intron_variant,MODIFIER,Het,26,0.519,NF2-related schwannomatosis,No,,No,Not provided,No,Not provided,Not provided,Not provided,0,Not provided,0,0,N/A,Not provided,Not provided,0,Not provided,0,Not provided,No database evidence,0.0,Unknown,0.000,Not provided,Not provided,Not provided,[],[],unknown,No,"{""PM2_Moderate"": 2}",2,VUS,"No ClinVar submissions | No HGMD entry | raw_total=0.000, applied=None",No ClinVar submissions,No HGMD entry,0.000,,,,,PM2_Moderate: gnomAD max AF=0 < threshold 0.0001 for MOI AD,,,,,,,,,,,,No,No,,,Filtered: VUS with <5 points excluded from all reporting paths (auto/manual/delins),,Yes
7043970,3900_2024,chr3,14136975,C,T,TMEM43,AD,c.882+1067C>T,Not provided,,,,NM_024334.2,10/11,intron_variant,MODIFIER,Hom,12,1.000,Arrhythmogenic right ventricular cardiomyopathy,No,,No,Not provided,No,Not provided,Not provided,Not provided,0,Not provided,0,0,N/A,Not provided,Not provided,0,Not provided,0,Not provided,No database evidence,0.0,Unknown,0.000,Not provided,Not provided,Not provided,[],[],unknown,No,"{""PM2_Moderate"": 2}",2,VUS,"No ClinVar submissions | No HGMD entry | raw_total=0.000, applied=None",No ClinVar submissions,No HGMD entry,0.000,,,,,PM2_Moderate: gnomAD max AF=0 < threshold 0.0001 for MOI AD,,,,,,,,,,,,No,No,,,Filtered: VUS with <5 points excluded from all reporting paths (auto/manual/delins),,Yes
7043970,3900_2024,chr3,14146634,A,G,TMEM43,AD,c.*4839A>G,Not provided,,,,NM_024334.2,,downstream_gene_variant,MODIFIER,Het,40,0.500,Arrhythmogenic right ventricular cardiomyopathy,No,,No,Not provided,No,Not provided,Not provided,Not provided,0,Not provided,0,0,N/A,Not provided,Not provided,0,Not provided,0,Not provided,No database evidence,0.0,Unknown,0.000,Not provided,Not provided,Not provided,[],[],unknown,No,"{""PM2_Moderate"": 2}",2,VUS,"No ClinVar submissions | No HGMD entry | raw_total=0.000, applied=None",No ClinVar submissions,No HGMD entry,0.000,,,,,PM2_Moderate: gnomAD max AF=0 < threshold 0.0001 for MOI AD,,,,,,,,,,,,No,No,,,Filtered: VUS with <5 points excluded from all reporting paths (auto/manual/delins),,Yes
7043970,3900_2024,chr3,15606029,C,CT,BTD,AR,c.-17+4259_-17+4260insT,Not provided,,,,NM_001281723.3,1/3,intron_variant,MODIFIER,Het,16,0.688,Biotinidase deficiency,No,,No,Not provided,No,Not provided,Not provided,Not provided,0,Not provided,0,0,N/A,Not provided,Not provided,0,Not provided,0,Not provided,No database evidence,0.000048,v3,0.000,Not provided,Not provided,Not provided,[],[],unknown,No,"{""PM2_Moderate"": 2}",2,VUS,"No ClinVar submissions | No HGMD entry | raw_total=0.000, applied=None",No ClinVar submissions,No HGMD entry,0.000,,,,,PM2_Moderate: gnomAD max AF=4.79785e-05 < threshold 0.005 for MOI AR,,,,,,,,,,,,No,No,,,Cluster id=16 detected (members=chr3:15606029:C:CT:7043970;chr3:15606031:AGAC:A:7043970;chr3:15606030:G:C:7043970) - no Pathogenic/LP present; delins NOT flagged; requires P/LP to consider delins.;Delins/overlap cluster (id=16) detected but not all members meet P/LP or >5pts -> not auto-escalated (possible carrier).;Filtered: VUS with <5 points excluded from all reporting paths (auto/manual/delins),,Yes
7043970,3900_2024,chr3,15606030,G,C,BTD,AR,c.-17+4260G>C,Not provided,,,,NM_001281723.3,1/3,intron_variant,MODIFIER,Het,16,0.688,Biotinidase deficiency,No,,No,Not provided,No,Not provided,Not provided,Not provided,0,Not provided,0,0,N/A,Not provided,Not provided,0,Not provided,0,Not provided,No database evidence,0.0,Unknown,0.000,Not provided,Not provided,Not provided,[],[],unknown,No,"{""PM2_Moderate"": 2}",2,VUS,"No ClinVar submissions | No HGMD entry | raw_total=0.000, applied=None",No ClinVar submissions,No HGMD entry,0.000,,,,,PM2_Moderate: gnomAD max AF=0 < threshold 0.005 for MOI AR,,,,,,,,,,,,No,No,,,Cluster id=16 detected (members=chr3:15606029:C:CT:7043970;chr3:15606031:AGAC:A:7043970;chr3:15606030:G:C:7043970) - no Pathogenic/LP present; delins NOT flagged; requires P/LP to consider delins.;Delins/overlap cluster (id=16) detected but not all members meet P/LP or >5pts -> not auto-escalated (possible carrier).;Filtered: VUS with <5 points excluded from all reporting paths (auto/manual/delins),,Yes
7043970,3900_2024,chr3,15606031,AGAC,A,BTD,AR,c.-17+4262_-17+4264delGAC,Not provided,,,,NM_001281723.3,1/3,intron_variant,MODIFIER,Het,16,0.688,Biotinidase deficiency,No,,No,Not provided,No,Not provided,Not provided,Not provided,0,Not provided,0,0,N/A,Not provided,Not provided,0,Not provided,0,Not provided,No database evidence,0.000082,v3,0.000,Not provided,Not provided,Not provided,[],[],unknown,No,"{""PM2_Moderate"": 2}",2,VUS,"No ClinVar submissions | No HGMD entry | raw_total=0.000, applied=None",No ClinVar submissions,No HGMD entry,0.000,,,,,PM2_Moderate: gnomAD max AF=8.23339e-05 < threshold 0.005 for MOI AR,,,,,,,,,,,,No,No,,,Cluster id=16 detected (members=chr3:15606029:C:CT:7043970;chr3:15606031:AGAC:A:7043970;chr3:15606030:G:C:7043970) - no Pathogenic/LP present; delins NOT flagged; requires P/LP to consider delins.;Delins/overlap cluster (id=16) detected but not all members meet P/LP or >5pts -> not auto-escalated (possible carrier).;Filtered: VUS with <5 points excluded from all reporting paths (auto/manual/delins),,Yes
7043970,3900_2024,chr3,15632132,G,T,BTD,AR,c.-16-3292G>T,Not provided,,,,NM_001281723.3,1/3,intron_variant,MODIFIER,Het,21,0.545,Biotinidase deficiency,No,,No,Not provided,No,Not provided,Not provided,Not provided,0,Not provided,0,0,N/A,Not provided,Not provided,0,Not provided,0,Not provided,No database evidence,0.000007,v3,0.000,Not provided,Not provided,Not provided,[],[],unknown,No,"{""PM2_Moderate"": 2}",2,VUS,"No ClinVar submissions | No HGMD entry | raw_total=0.000, applied=None",No ClinVar submissions,No HGMD entry,0.000,,,,,PM2_Moderate: gnomAD max AF=6.57782e-06 < threshold 0.005 for MOI AR,,,,,,,,,,,,No,No,,,Filtered: VUS with <5 points excluded from all reporting paths (auto/manual/delins),,Yes
7043970,3900_2024,chr3,15634330,G,A,BTD,AR,c.-16-1094G>A,Not provided,,,,NM_001281723.3,1/3,intron_variant,MODIFIER,Het,43,0.511,Biotinidase deficiency,No,,No,Not provided,No,Not provided,Not provided,Not provided,0,Not provided,0,0,N/A,Not provided,Not provided,0,Not provided,0,Not provided,No database evidence,0.0,Unknown,0.000,Not provided,Not provided,Not provided,[],[],unknown,No,"{""PM2_Moderate"": 2}",2,VUS,"No ClinVar submissions | No HGMD entry | raw_total=0.000, applied=None",No ClinVar submissions,No HGMD entry,0.000,,,,,PM2_Moderate: gnomAD max AF=0 < threshold 0.005 for MOI AR,,,,,,,,,,,,No,No,,,Filtered: VUS with <5 points excluded from all reporting paths (auto/manual/delins),,Yes
7043970,3900_2024,chr3,15643046,A,AAAT,BTD,AR,c.399+991_399+992insTAA,Not provided,,,,NM_001281723.3,3/3,intron_variant,MODIFIER,Het,40,0.475,Biotinidase deficiency,No,,No,Not provided,No,Not provided,Not provided,Not provided,0,Not provided,0,0,N/A,Not provided,Not provided,0,Not provided,0,Not provided,No database evidence,0.000015,v3,0.000,Not provided,0.000,Not provided,[],[],unknown,No,"{""PM2_Moderate"": 2}",2,VUS,"No ClinVar submissions | No HGMD entry | raw_total=0.000, applied=None",No ClinVar submissions,No HGMD entry,0.000,,,,,PM2_Moderate: gnomAD max AF=1.51057e-05 < threshold 0.005 for MOI AR,,,,,,,,,,,,No,No,,,Filtered: VUS with <5 points excluded from all reporting paths (auto/manual/delins),,Yes
7043970,3900_2024,chr3,15662941,G,A,BTD,AR,c.1015+18010G>A,Not provided,,,,NM_001370752.1,4/4,intron_variant,MODIFIER,Het,25,0.320,Biotinidase deficiency,No,,No,Not provided,No,Not provided,Not provided,Not provided,0,Not provided,0,0,N/A,Not provided,Not provided,0,Not provided,0,Not provided,No database evidence,0.000007,v3,0.000,Not provided,Not provided,Not provided,[],[],unknown,No,"{""PM2_Moderate"": 2}",2,VUS,"No ClinVar submissions | No HGMD entry | raw_total=0.000, applied=None",No ClinVar submissions,No HGMD entry,0.000,,,,,PM2_Moderate: gnomAD max AF=6.87616e-06 < threshold 0.005 for MOI AR,,,,,,,,,,,,No,No,,,Filtered: VUS with <5 points excluded from all reporting paths (auto/manual/delins),,Yes
7043970,3900_2024,chr3,15672939,C,T,BTD,AR,c.1015+28008C>T,Not provided,,,,NM_001370752.1,4/4,intron_variant,MODIFIER,Het,40,0.450,Biotinidase deficiency,No,,No,Not provided,No,Not provided,Not provided,Not provided,0,Not provided,0,0,N/A,Not provided,Not provided,0,Not provided,0,Not provided,No database evidence,0.0,Unknown,0.000,Not provided,Not provided,Not provided,[],[],unknown,No,"{""PM2_Moderate"": 2}",2,VUS,"No ClinVar submissions | No HGMD entry | raw_total=0.000, applied=None",No ClinVar submissions,No HGMD entry,0.000,,,,,PM2_Moderate: gnomAD max AF=0 < threshold 0.005 for MOI AR,,,,,,,,,,,,No,No,,,Filtered: VUS with <5 points excluded from all reporting paths (auto/manual/delins),,Yes
7043970,3900_2024,chr3,30621277,TC,T,TGFBR2,AD,c.95-1921delC,Not provided,,,,NM_001024847.2,1/7,intron_variant,MODIFIER,Het,30,0.387,Loeys-Dietz syndrome,No,,No,Not provided,No,Not provided,Not provided,Not provided,0,Not provided,0,0,N/A,Not provided,Not provided,0,Not provided,0,Not provided,No database evidence,0.000010,v3,0.000,Not provided,Not provided,Not provided,[],[],unknown,No,"{""PM2_Moderate"": 2}",2,VUS,"No ClinVar submissions | No HGMD entry | raw_total=0.000, applied=None",No ClinVar submissions,No HGMD entry,0.000,,,,,PM2_Moderate: gnomAD max AF=1.0496e-05 < threshold 0.0001 for MOI AD,,,,,,,,,,,,No,No,,,Filtered: VUS with <5 points excluded from all reporting paths (auto/manual/delins),,Yes
7043970,3900_2024,chr3,37046608,TA,T,MLH1,AD,c.1732-910delA,Not provided,,,,NM_000249.3,15/18,intron_variant,MODIFIER,Het,29,0.645,Lynch syndrome,No,,No,Not provided,No,Not provided,Not provided,Not provided,0,Not provided,0,0,N/A,Not provided,Not provided,0,Not provided,0,Not provided,No database evidence,0.0,Unknown,0.000,Not provided,Not provided,Not provided,[],[],unknown,No,"{""PM2_Moderate"": 2}",2,VUS,"No ClinVar submissions | No HGMD entry | raw_total=0.000, applied=None",No ClinVar submissions,No HGMD entry,0.000,,,,,PM2_Moderate: gnomAD max AF=0 < threshold 0.0001 for MOI AD,,,,,,,,,,,,No,No,,,Filtered: VUS with <5 points excluded from all reporting paths (auto/manual/delins),,Yes
7043970,3900_2024,chr3,38555057,TTATATATATATATATATA,T,SCN5A,AD,c.4540-526_4540-509delTATATATATATATATATA,Not provided,,,,NM_000335.4,26/27,intron_variant,MODIFIER,Het,21,0.636,Long QT syndrome type 3; Brugada syndrome; Dilated cardiomyopathy,No,,No,Not provided,No,Not provided,Not provided,Not provided,0,Not provided,0,0,N/A,Not provided,Not provided,0,Not provided,0,Not provided,No database evidence,0.0,Unknown,0.000,Not provided,0.000,Not provided,[],[],unknown,No,"{""PM2_Moderate"": 2}",2,VUS,"No ClinVar submissions | No HGMD entry | raw_total=0.000, applied=None",No ClinVar submissions,No HGMD entry,0.000,,,,,PM2_Moderate: gnomAD max AF=0 < threshold 0.0001 for MOI AD,,,,,,,,,,,,No,No,,,Filtered: VUS with <5 points excluded from all reporting paths (auto/manual/delins),,Yes
7043970,3900_2024,chr3,38577783,T,TTG,SCN5A,AD,c.3388-1003_3388-1002insCA,Not provided,,,,NM_000335.4,18/27,intron_variant,MODIFIER,Hom,58,1.000,Long QT syndrome type 3; Brugada syndrome; Dilated cardiomyopathy,No,,No,Not provided,No,Not provided,Not provided,Not provided,0,Not provided,0,0,N/A,Not provided,Not provided,0,Not provided,0,Not provided,No database evidence,0.0,Unknown,0.000,Not provided,0.050,Not provided,[],[],unknown,No,"{""PM2_Moderate"": 2}",2,VUS,"No ClinVar submissions | No HGMD entry | raw_total=0.000, applied=None",No ClinVar submissions,No HGMD entry,0.000,,,,,PM2_Moderate: gnomAD max AF=0 < threshold 0.0001 for MOI AD,,,,,,,,,,,,No,No,,,Cluster id=17 detected (members=chr3:38577783:T:TTG:7043970;chr3:38577784:A:G:7043970;chr3:38577785:C:G:7043970) - no Pathogenic/LP present; delins NOT flagged; requires P/LP to consider delins.;Delins/overlap cluster (id=17) detected but not all members meet P/LP or >5pts -> not auto-escalated (possible carrier).;Filtered: VUS with <5 points excluded from all reporting paths (auto/manual/delins),,Yes
7043970,3900_2024,chr3,38577784,A,G,SCN5A,AD,c.3388-1003T>C,Not provided,,,,NM_000335.4,18/27,intron_variant,MODIFIER,Hom,58,1.000,Long QT syndrome type 3; Brugada syndrome; Dilated cardiomyopathy,No,,No,Not provided,No,Not provided,Not provided,Not provided,0,Not provided,0,0,N/A,Not provided,Not provided,0,Not provided,0,Not provided,No database evidence,0.0,Unknown,0.000,Not provided,Not provided,Not provided,[],[],unknown,No,"{""PM2_Moderate"": 2}",2,VUS,"No ClinVar submissions | No HGMD entry | raw_total=0.000, applied=None",No ClinVar submissions,No HGMD entry,0.000,,,,,PM2_Moderate: gnomAD max AF=0 < threshold 0.0001 for MOI AD,,,,,,,,,,,,No,No,,,Cluster id=17 detected (members=chr3:38577783:T:TTG:7043970;chr3:38577784:A:G:7043970;chr3:38577785:C:G:7043970) - no Pathogenic/LP present; delins NOT flagged; requires P/LP to consider delins.;Delins/overlap cluster (id=17) detected but not all members meet P/LP or >5pts -> not auto-escalated (possible carrier).;Filtered: VUS with <5 points excluded from all reporting paths (auto/manual/delins),,Yes
7043970,3900_2024,chr3,38577785,C,G,SCN5A,AD,c.3388-1004G>C,Not provided,,,,NM_000335.4,18/27,intron_variant,MODIFIER,Hom,59,1.000,Long QT syndrome type 3; Brugada syndrome; Dilated cardiomyopathy,No,,No,Not provided,No,Not provided,Not provided,Not provided,0,Not provided,0,0,N/A,Not provided,Not provided,0,Not provided,0,Not provided,No database evidence,0.0,Unknown,0.000,Not provided,Not provided,Not provided,[],[],unknown,No,"{""PM2_Moderate"": 2}",2,VUS,"No ClinVar submissions | No HGMD entry | raw_total=0.000, applied=None",No ClinVar submissions,No HGMD entry,0.000,,,,,PM2_Moderate: gnomAD max AF=0 < threshold 0.0001 for MOI AD,,,,,,,,,,,,No,No,,,Cluster id=17 detected (members=chr3:38577783:T:TTG:7043970;chr3:38577784:A:G:7043970;chr3:38577785:C:G:7043970) - no Pathogenic/LP present; delins NOT flagged; requires P/LP to consider delins.;Delins/overlap cluster (id=17) detected but not all members meet P/LP or >5pts -> not auto-escalated (possible carrier).;Filtered: VUS with <5 points excluded from all reporting paths (auto/manual/delins),,Yes
7043970,3900_2024,chr3,38583444,G,A,SCN5A,AD,c.2788-2073C>T,Not provided,,,,NM_000335.4,16/27,intron_variant,MODIFIER,Het,35,0.417,Long QT syndrome type 3; Brugada syndrome; Dilated cardiomyopathy,No,,No,Not provided,No,Not provided,Not provided,Not provided,0,Not provided,0,0,N/A,Not provided,Not provided,0,Not provided,0,Not provided,No database evidence,0.0,Unknown,0.000,Not provided,Not provided,Not provided,[],[],unknown,No,"{""PM2_Moderate"": 2}",2,VUS,"No ClinVar submissions | No HGMD entry | raw_total=0.000, applied=None",No ClinVar submissions,No HGMD entry,0.000,,,,,PM2_Moderate: gnomAD max AF=0 < threshold 0.0001 for MOI AD,,,,,,,,,,,,No,No,,,Filtered: VUS with <5 points excluded from all reporting paths (auto/manual/delins),,Yes
7043970,3900_2024,chr3,38590232,A,AAAC,SCN5A,AD,c.2263-2660_2263-2659insGTT,Not provided,,,,NM_000335.4,14/27,intron_variant,MODIFIER,Het,48,0.471,Long QT syndrome type 3; Brugada syndrome; Dilated cardiomyopathy,No,,No,Not provided,No,Not provided,Not provided,Not provided,0,Not provided,0,0,N/A,Not provided,Not provided,0,Not provided,0,Not provided,No database evidence,0.0,Unknown,0.000,Not provided,0.010,Not provided,[],[],unknown,No,"{""PM2_Moderate"": 2}",2,VUS,"No ClinVar submissions | No HGMD entry | raw_total=0.000, applied=None",No ClinVar submissions,No HGMD entry,0.000,,,,,PM2_Moderate: gnomAD max AF=0 < threshold 0.0001 for MOI AD,,,,,,,,,,,,No,No,,,Filtered: VUS with <5 points excluded from all reporting paths (auto/manual/delins),,Yes
7043970,3900_2024,chr3,46867665,C,T,MYL3,AD,c.-4275G>A,Not provided,,,,NM_000258.3,,upstream_gene_variant,MODIFIER,Het,18,0.429,Hypertrophic cardiomyopathy,No,,No,Not provided,No,Not provided,Not provided,Not provided,0,Not provided,0,0,N/A,Not provided,Not provided,0,Not provided,0,Not provided,No database evidence,0.000053,v3,0.000,Not provided,Not provided,Not provided,[],[],unknown,No,"{""PM2_Moderate"": 2}",2,VUS,"No ClinVar submissions | No HGMD entry | raw_total=0.000, applied=None",No ClinVar submissions,No HGMD entry,0.000,,,,,PM2_Moderate: gnomAD max AF=5.25493e-05 < threshold 0.0001 for MOI AD,,,,,,,,,,,,No,No,,,Filtered: VUS with <5 points excluded from all reporting paths (auto/manual/delins),,Yes
7043970,3900_2024,chr3,52458111,A,G,TNNC1,AD,c.-4096T>C,Not provided,,,,NM_003280.3,,upstream_gene_variant,MODIFIER,Het,40,0.450,Dilated cardiomyopathy,No,,No,Not provided,No,Not provided,Not provided,Not provided,0,Not provided,0,0,N/A,Not provided,Not provided,0,Not provided,0,Not provided,No database evidence,0.0,Unknown,0.000,Not provided,Not provided,Not provided,[],[],unknown,No,"{""PM2_Moderate"": 2}",2,VUS,"No ClinVar submissions | No HGMD entry | raw_total=0.000, applied=None",No ClinVar submissions,No HGMD entry,0.000,,,,,PM2_Moderate: gnomAD max AF=0 < threshold 0.0001 for MOI AD,,,,,,,,,,,,No,No,,,Filtered: VUS with <5 points excluded from all reporting paths (auto/manual/delins),,Yes
7043970,3900_2024,chr5,112734493,T,G,APC,AD,c.-3451T>G,Not provided,,,,NM_000038.6,,upstream_gene_variant,MODIFIER,Het,35,0.528,Familial adenomatous polyposis,Yes,"RULES_PRESENT_NO_MATCH: Exclude if Consequence contains ""5_prime_UTR_variant"";RULES_PRESENT_NO_MATCH: Exclude if Consequence contains ""5_prime_UTR_variant""",No,Not provided,No,Not provided,Not provided,Not provided,0,Not provided,0,0,N/A,Not provided,Not provided,0,Not provided,0,Not provided,No database evidence,0.0,Unknown,0.000,Not provided,Not provided,Not provided,[],[],unknown,No,"{""PM2_Moderate"": 2}",2,VUS,"No ClinVar submissions | No HGMD entry | raw_total=0.000, applied=None",No ClinVar submissions,No HGMD entry,0.000,,,,,PM2_Moderate: gnomAD max AF=0 < threshold 0.0001 for MOI AD,,,,,,,,,,,,No,No,,,Filtered: VUS with <5 points excluded from all reporting paths (auto/manual/delins),,Yes
7043970,3900_2024,chr5,112744042,A,G,APC,AD,c.-19+6117A>G,Not provided,,,,NM_000038.6,1/15,intron_variant,MODIFIER,Het,29,0.567,Familial adenomatous polyposis,Yes,"RULES_PRESENT_NO_MATCH: Exclude if Consequence contains ""5_prime_UTR_variant"";RULES_PRESENT_NO_MATCH: Exclude if Consequence contains ""5_prime_UTR_variant""",No,Not provided,No,Not provided,Not provided,Not provided,0,Not provided,0,0,N/A,Not provided,Not provided,0,Not provided,0,Not provided,No database evidence,0.000032,v2,0.000,Not provided,Not provided,Not provided,[],[],unknown,No,"{""PM2_Moderate"": 2}",2,VUS,"No ClinVar submissions | No HGMD entry | raw_total=0.000, applied=None",No ClinVar submissions,No HGMD entry,0.000,,,,,PM2_Moderate: gnomAD max AF=3.1841e-05 < threshold 0.0001 for MOI AD,,,,,,,,,,,,No,No,,,Filtered: VUS with <5 points excluded from all reporting paths (auto/manual/delins),,Yes
7043970,3900_2024,chr5,112770943,T,C,APC,AD,c.422+3553T>C,Not provided,,,,NM_000038.6,4/15,intron_variant,MODIFIER,Het,39,0.610,Familial adenomatous polyposis,Yes,"RULES_PRESENT_NO_MATCH: Exclude if Consequence contains ""5_prime_UTR_variant"";RULES_PRESENT_NO_MATCH: Exclude if Consequence contains ""5_prime_UTR_variant""",No,Not provided,No,Not provided,Not provided,Not provided,0,Not provided,0,0,N/A,Not provided,Not provided,0,Not provided,0,Not provided,No database evidence,0.0,Unknown,0.000,Not provided,Not provided,Not provided,[],[],unknown,No,"{""PM2_Moderate"": 2}",2,VUS,"No ClinVar submissions | No HGMD entry | raw_total=0.000, applied=None",No ClinVar submissions,No HGMD entry,0.000,,,,,PM2_Moderate: gnomAD max AF=0 < threshold 0.0001 for MOI AD,,,,,,,,,,,,No,No,,,Filtered: VUS with <5 points excluded from all reporting paths (auto/manual/delins),,Yes
7043970,3900_2024,chr5,112780279,T,A,APC,AD,c.532-511T>A,Not provided,,,,NM_000038.6,5/15,intron_variant,MODIFIER,Het,42,0.419,Familial adenomatous polyposis,Yes,"RULES_PRESENT_NO_MATCH: Exclude if Consequence contains ""5_prime_UTR_variant"";RULES_PRESENT_NO_MATCH: Exclude if Consequence contains ""5_prime_UTR_variant""",No,Not provided,No,Not provided,Not provided,Not provided,0,Not provided,0,0,N/A,Not provided,Not provided,0,Not provided,0,Not provided,No database evidence,0.0,Unknown,0.000,Not provided,Not provided,Not provided,[],[],unknown,No,"{""PM2_Moderate"": 2}",2,VUS,"No ClinVar submissions | No HGMD entry | raw_total=0.000, applied=None",No ClinVar submissions,No HGMD entry,0.000,,,,,PM2_Moderate: gnomAD max AF=0 < threshold 0.0001 for MOI AD,,,,,,,,,,,,No,No,,,Filtered: VUS with <5 points excluded from all reporting paths (auto/manual/delins),,Yes
7043970,3900_2024,chr5,112790564,A,C,APC,AD,c.646-1882A>C,Not provided,,,,NM_000038.6,6/15,intron_variant,MODIFIER,Het,36,0.757,Familial adenomatous polyposis,Yes,"RULES_PRESENT_NO_MATCH: Exclude if Consequence contains ""5_prime_UTR_variant"";RULES_PRESENT_NO_MATCH: Exclude if Consequence contains ""5_prime_UTR_variant""",No,Not provided,No,Not provided,Not provided,Not provided,0,Not provided,0,0,N/A,Not provided,Not provided,0,Not provided,0,Not provided,No database evidence,0.000007,v3,0.000,Not provided,Not provided,Not provided,[],[],unknown,No,"{""PM2_Moderate"": 2}",2,VUS,"No ClinVar submissions | No HGMD entry | raw_total=0.000, applied=None",No ClinVar submissions,No HGMD entry,0.000,,,,,PM2_Moderate: gnomAD max AF=6.57713e-06 < threshold 0.0001 for MOI AD,,,,,,,,,,,,No,No,,,Filtered: VUS with <5 points excluded from all reporting paths (auto/manual/delins),,Yes
7043970,3900_2024,chr5,112816798,G,GA,APC,AD,c.933+1215dupA,Not provided,,,,NM_000038.6,9/15,intron_variant,MODIFIER,Het,30,0.484,Familial adenomatous polyposis,Yes,"RULES_PRESENT_NO_MATCH: Exclude if Consequence contains ""5_prime_UTR_variant"";RULES_PRESENT_NO_MATCH: Exclude if Consequence contains ""5_prime_UTR_variant""",No,Not provided,No,Not provided,Not provided,Not provided,0,Not provided,0,0,N/A,Not provided,Not provided,0,Not provided,0,Not provided,No database evidence,0.0,Unknown,0.000,Not provided,Not provided,Not provided,[],[],unknown,No,"{""PM2_Moderate"": 2}",2,VUS,"No ClinVar submissions | No HGMD entry | raw_total=0.000, applied=None",No ClinVar submissions,No HGMD entry,0.000,,,,,PM2_Moderate: gnomAD max AF=0 < threshold 0.0001 for MOI AD,,,,,,,,,,,,No,No,,,Filtered: VUS with <5 points excluded from all reporting paths (auto/manual/delins),,Yes
7043970,3900_2024,chr5,112823887,G,GGGGAA,APC,AD,c.1408+1900_1408+1904dupAAGGG,Not provided,,,,NM_000038.6,11/15,intron_variant,MODIFIER,Het,41,0.455,Familial adenomatous polyposis,Yes,"RULES_PRESENT_NO_MATCH: Exclude if Consequence contains ""5_prime_UTR_variant"";RULES_PRESENT_NO_MATCH: Exclude if Consequence contains ""5_prime_UTR_variant""",No,Not provided,No,Not provided,Not provided,Not provided,0,Not provided,0,0,N/A,Not provided,Not provided,0,Not provided,0,Not provided,No database evidence,0.0,Unknown,0.000,Not provided,0.000,Not provided,[],[],unknown,No,"{""PM2_Moderate"": 2}",2,VUS,"No ClinVar submissions | No HGMD entry | raw_total=0.000, applied=None",No ClinVar submissions,No HGMD entry,0.000,,,,,PM2_Moderate: gnomAD max AF=0 < threshold 0.0001 for MOI AD,,,,,,,,,,,,No,No,,,Filtered: VUS with <5 points excluded from all reporting paths (auto/manual/delins),,Yes
7043970,3900_2024,chr5,112836009,C,T,APC,AD,c.1958+844C>T,Not provided,,,,NM_000038.6,15/15,intron_variant,MODIFIER,Het,12,0.250,Familial adenomatous polyposis,Yes,"RULES_PRESENT_NO_MATCH: Exclude if Consequence contains ""5_prime_UTR_variant"";RULES_PRESENT_NO_MATCH: Exclude if Consequence contains ""5_prime_UTR_variant""",No,Not provided,No,Not provided,Not provided,Not provided,0,Not provided,0,0,N/A,Not provided,Not provided,0,Not provided,0,Not provided,No database evidence,0.000085,v3,0.000,Not provided,Not provided,Not provided,[],[],unknown,No,"{""PM2_Moderate"": 2}",2,VUS,"No ClinVar submissions | No HGMD entry | raw_total=0.000, applied=None",No ClinVar submissions,No HGMD entry,0.000,,,,,PM2_Moderate: gnomAD max AF=8.46517e-05 < threshold 0.0001 for MOI AD,,,,,,,,,,,,No,No,,,Filtered: VUS with <5 points excluded from all reporting paths (auto/manual/delins),,Yes
7043970,3900_2024,chr5,112842263,A,G,APC,AD,c.6669A>G,p.Ser2223Ser,Ser,Ser,2223,NM_000038.6,16/16,synonymous_variant,LOW,Het,54,0.418,Familial adenomatous polyposis,Yes,"RULES_PRESENT_NO_MATCH: Exclude if Consequence contains ""5_prime_UTR_variant"";RULES_PRESENT_NO_MATCH: Exclude if Consequence contains ""5_prime_UTR_variant""",Yes,"Hereditary cancer-predisposing syndrome;Familial adenomatous polyposis 1;Desmoid disease, hereditary;C2713442:Familial adenomatous polyposis 1;CN372698:Classic or attenuated familial adenomatous polyposis;Hereditary cancer-predisposing syndrome;Familial adenomatous polyposis 1",No,Not provided,"Hereditary cancer-predisposing syndrome;Familial adenomatous polyposis 1;Desmoid disease, hereditary;C2713442:Familial adenomatous polyposis 1;CN372698:Classic or attenuated familial adenomatous polyposis;Hereditary cancer-predisposing syndrome;Familial adenomatous polyposis 1",likely benign;benign;likely benign;likely benign;benign;likely benign,2;2;2;2;2;2,Benign,2,2,conditions_csv_phenotype_match,Not provided,Not provided,0,Not provided,0,Not provided,"ClinVar: Sig=likely benign;benign;likely benign;likely benign;benign;likely benign; ClinVar: Trait=Hereditary cancer-predisposing syndrome;Familial adenomatous polyposis 1;Desmoid disease, hereditary;C2713442:Familial adenomatous polyposis 1;CN372698:Classic or attenuated familial adenomatous polyposis;Hereditary cancer-predisposing syndrome;Familial adenomatous polyposis 1",0.0,Unknown,0.000,Not provided,Not provided,Not provided,[],[],unknown,No,"{""PM2_Moderate"": 2, ""BP5ext_Moderate"": -2}",0,VUS,"sig=benign (-3 points), stars=2 (1.0 coef), clinvar_phenotype_match=Yes, clin=-3.000 | No HGMD entry | raw_total=-3.000, applied=BP5ext_Moderate","sig=benign (-3 points), stars=2 (1.0 coef), clinvar_phenotype_match=Yes, clin=-3.000",No HGMD entry,-3.000,BP5ext_Moderate,,,,PM2_Moderate: gnomAD max AF=0 < threshold 0.0001 for MOI AD,,,,,,,,,,,,No,No,,,Filtered: VUS with <5 points excluded from all reporting paths (auto/manual/delins),,Yes
7043970,3900_2024,chr6,7555676,T,C,DSP,AD,c.171-42T>C,Not provided,,,,NM_001008844.3,1/23,intron_variant,MODIFIER,Het,51,0.346,Arrhythmogenic right ventricular cardiomyopathy; Dilated cardiomyopathy,No,,No,Not provided,No,Not provided,Not provided,Not provided,0,Not provided,0,0,N/A,Not provided,Not provided,0,Not provided,0,Not provided,No database evidence,0.0,Unknown,0.000,Not provided,Not provided,Not provided,[],[],unknown,No,"{""PM2_Moderate"": 2}",2,VUS,"No ClinVar submissions | No HGMD entry | raw_total=0.000, applied=None",No ClinVar submissions,No HGMD entry,0.000,,,,,PM2_Moderate: gnomAD max AF=0 < threshold 0.0001 for MOI AD,,,,,,,,,,,,No,No,,,Filtered: VUS with <5 points excluded from all reporting paths (auto/manual/delins),,Yes
7043970,3900_2024,chr6,118558654,CACACACAGAG,C,PLN,AD,c.-97-169_-97-160delCACACAGAGA,Not provided,,,,NM_002667.5,1/1,intron_variant,MODIFIER,Het,20,0.650,Dilated cardiomyopathy,No,,No,Not provided,No,Not provided,Not provided,Not provided,0,Not provided,0,0,N/A,Not provided,Not provided,0,Not provided,0,Not provided,No database evidence,0.0,Unknown,0.000,Not provided,0.000,Not provided,[],[],unknown,No,"{""PM2_Moderate"": 2}",2,VUS,"No ClinVar submissions | No HGMD entry | raw_total=0.000, applied=None",No ClinVar submissions,No HGMD entry,0.000,,,,,PM2_Moderate: gnomAD max AF=0 < threshold 0.0001 for MOI AD,,,,,,,,,,,,No,No,,,Filtered: VUS with <5 points excluded from all reporting paths (auto/manual/delins),,Yes
7043970,3900_2024,chr6,123231763,G,C,TRDN,AR,c.1976-7632C>G,Not provided,,,,NM_006073.4,38/40,intron_variant,MODIFIER,Het,40,0.700,Catecholaminergic polymorphic ventricular tachycardia; Long QT syndrome,No,,No,Not provided,No,Not provided,Not provided,Not provided,0,Not provided,0,0,N/A,Not provided,Not provided,0,Not provided,0,Not provided,No database evidence,0.0,Unknown,0.000,Not provided,Not provided,Not provided,[],[],unknown,No,"{""PM2_Moderate"": 2}",2,VUS,"No ClinVar submissions | No HGMD entry | raw_total=0.000, applied=None",No ClinVar submissions,No HGMD entry,0.000,,,,,PM2_Moderate: gnomAD max AF=0 < threshold 0.005 for MOI AR,,,,,,,,,,,,No,No,,,Filtered: VUS with <5 points excluded from all reporting paths (auto/manual/delins),,Yes
7043970,3900_2024,chr6,123309139,T,C,TRDN,AR,c.1510+7318A>G,Not provided,,,,NM_006073.4,24/40,intron_variant,MODIFIER,Het,42,0.444,Catecholaminergic polymorphic ventricular tachycardia; Long QT syndrome,No,,No,Not provided,No,Not provided,Not provided,Not provided,0,Not provided,0,0,N/A,Not provided,Not provided,0,Not provided,0,Not provided,No database evidence,0.000033,v3,0.000,Not provided,Not provided,Not provided,[],[],unknown,No,"{""PM2_Moderate"": 2}",2,VUS,"No ClinVar submissions | No HGMD entry | raw_total=0.000, applied=None",No ClinVar submissions,No HGMD entry,0.000,,,,,PM2_Moderate: gnomAD max AF=3.28844e-05 < threshold 0.005 for MOI AR,,,,,,,,,,,,No,No,,,Filtered: VUS with <5 points excluded from all reporting paths (auto/manual/delins),,Yes
7043970,3900_2024,chr6,123356503,T,TTATATATATA,TRDN,AR,c.1325-3927_1325-3918dupTATATATATA,Not provided,,,,NM_001251987.2,20/20,intron_variant,MODIFIER,Het,15,0.316,Catecholaminergic polymorphic ventricular tachycardia; Long QT syndrome,No,,No,Not provided,No,Not provided,Not provided,Not provided,0,Not provided,0,0,N/A,Not provided,Not provided,0,Not provided,0,Not provided,No database evidence,0.0,Unknown,0.000,Not provided,0.000,Not provided,[],[],unknown,No,"{""PM2_Moderate"": 2}",2,VUS,"No ClinVar submissions | No HGMD entry | raw_total=0.000, applied=None",No ClinVar submissions,No HGMD entry,0.000,,,,,PM2_Moderate: gnomAD max AF=0 < threshold 0.005 for MOI AR,,,,,,,,,,,,No,No,,,Filtered: VUS with <5 points excluded from all reporting paths (auto/manual/delins),,Yes
7043970,3900_2024,chr6,123378945,T,A,TRDN,AR,c.1190-1047A>T,Not provided,,,,NM_001251987.2,16/20,intron_variant,MODIFIER,Het,52,0.473,Catecholaminergic polymorphic ventricular tachycardia; Long QT syndrome,No,,No,Not provided,No,Not provided,Not provided,Not provided,0,Not provided,0,0,N/A,Not provided,Not provided,0,Not provided,0,Not provided,No database evidence,0.0,Unknown,0.000,Not provided,Not provided,Not provided,[],[],unknown,No,"{""PM2_Moderate"": 2}",2,VUS,"No ClinVar submissions | No HGMD entry | raw_total=0.000, applied=None",No ClinVar submissions,No HGMD entry,0.000,,,,,PM2_Moderate: gnomAD max AF=0 < threshold 0.005 for MOI AR,,,,,,,,,,,,No,No,,,Filtered: VUS with <5 points excluded from all reporting paths (auto/manual/delins),,Yes
7043970,3900_2024,chr6,123388208,C,T,TRDN,AR,c.1138+314G>A,Not provided,,,,NM_001251987.2,14/20,intron_variant,MODIFIER,Het,36,0.514,Catecholaminergic polymorphic ventricular tachycardia; Long QT syndrome,No,,No,Not provided,No,Not provided,Not provided,Not provided,0,Not provided,0,0,N/A,Not provided,Not provided,0,Not provided,0,Not provided,No database evidence,0.0,Unknown,0.000,Not provided,Not provided,Not provided,[],[],unknown,No,"{""PM2_Moderate"": 2}",2,VUS,"No ClinVar submissions | No HGMD entry | raw_total=0.000, applied=None",No ClinVar submissions,No HGMD entry,0.000,,,,,PM2_Moderate: gnomAD max AF=0 < threshold 0.005 for MOI AR,,,,,,,,,,,,No,No,,,Filtered: VUS with <5 points excluded from all reporting paths (auto/manual/delins),,Yes
7043970,3900_2024,chr6,123408833,C,T,TRDN,AR,c.1055-15156G>A,Not provided,,,,NM_001251987.2,12/20,intron_variant,MODIFIER,Het,40,0.500,Catecholaminergic polymorphic ventricular tachycardia; Long QT syndrome,No,,No,Not provided,No,Not provided,Not provided,Not provided,0,Not provided,0,0,N/A,Not provided,Not provided,0,Not provided,0,Not provided,No database evidence,0.0,Unknown,0.000,Not provided,Not provided,Not provided,[],[],unknown,No,"{""PM2_Moderate"": 2}",2,VUS,"No ClinVar submissions | No HGMD entry | raw_total=0.000, applied=None",No ClinVar submissions,No HGMD entry,0.000,,,,,PM2_Moderate: gnomAD max AF=0 < threshold 0.005 for MOI AR,,,,,,,,,,,,No,No,,,Filtered: VUS with <5 points excluded from all reporting paths (auto/manual/delins),,Yes
7043970,3900_2024,chr6,123420389,T,TA,TRDN,AR,c.1054+17673_1054+17674insT,Not provided,,,,NM_001251987.2,12/20,intron_variant,MODIFIER,Hom,51,0.942,Catecholaminergic polymorphic ventricular tachycardia; Long QT syndrome,No,,No,Not provided,No,Not provided,Not provided,Not provided,0,Not provided,0,0,N/A,Not provided,Not provided,0,Not provided,0,Not provided,No database evidence,0.0,Unknown,0.000,Not provided,Not provided,Not provided,[],[],unknown,No,"{""PM2_Moderate"": 2, ""PM3_Supporting"": 1}",3,VUS,"No ClinVar submissions | No HGMD entry | raw_total=0.000, applied=None",No ClinVar submissions,No HGMD entry,0.000,,,,,PM2_Moderate: gnomAD max AF=0 < threshold 0.005 for MOI AR,,,,,,,,,,,,No,No,,,PM3 (PM3_Supporting): total=0.50 [homozygous: +0.5];Cluster id=18 detected (members=chr6:123420389:T:TA:7043970;chr6:123420391:T:A:7043970;chr6:123420390:T:A:7043970) - no Pathogenic/LP present; delins NOT flagged; requires P/LP to consider delins.;Delins/overlap cluster (id=18) detected but not all members meet P/LP or >5pts -> not auto-escalated (possible carrier).;Filtered: VUS with <5 points excluded from all reporting paths (auto/manual/delins),,Yes
7043970,3900_2024,chr6,123420390,T,A,TRDN,AR,c.1054+17673A>T,Not provided,,,,NM_001251987.2,12/20,intron_variant,MODIFIER,Hom,50,0.980,Catecholaminergic polymorphic ventricular tachycardia; Long QT syndrome,No,,No,Not provided,No,Not provided,Not provided,Not provided,0,Not provided,0,0,N/A,Not provided,Not provided,0,Not provided,0,Not provided,No database evidence,0.0,Unknown,0.000,Not provided,Not provided,Not provided,[],[],unknown,No,"{""PM2_Moderate"": 2, ""PM3_Supporting"": 1}",3,VUS,"No ClinVar submissions | No HGMD entry | raw_total=0.000, applied=None",No ClinVar submissions,No HGMD entry,0.000,,,,,PM2_Moderate: gnomAD max AF=0 < threshold 0.005 for MOI AR,,,,,,,,,,,,No,No,,,PM3 (PM3_Supporting): total=0.50 [homozygous: +0.5];Cluster id=18 detected (members=chr6:123420389:T:TA:7043970;chr6:123420391:T:A:7043970;chr6:123420390:T:A:7043970) - no Pathogenic/LP present; delins NOT flagged; requires P/LP to consider delins.;Delins/overlap cluster (id=18) detected but not all members meet P/LP or >5pts -> not auto-escalated (possible carrier).;Filtered: VUS with <5 points excluded from all reporting paths (auto/manual/delins),,Yes
7043970,3900_2024,chr6,123420391,T,A,TRDN,AR,c.1054+17672A>T,Not provided,,,,NM_001251987.2,12/20,intron_variant,MODIFIER,Hom,50,1.000,Catecholaminergic polymorphic ventricular tachycardia; Long QT syndrome,No,,No,Not provided,No,Not provided,Not provided,Not provided,0,Not provided,0,0,N/A,Not provided,Not provided,0,Not provided,0,Not provided,No database evidence,0.0,Unknown,0.000,Not provided,Not provided,Not provided,[],[],unknown,No,"{""PM2_Moderate"": 2, ""PM3_Supporting"": 1}",3,VUS,"No ClinVar submissions | No HGMD entry | raw_total=0.000, applied=None",No ClinVar submissions,No HGMD entry,0.000,,,,,PM2_Moderate: gnomAD max AF=0 < threshold 0.005 for MOI AR,,,,,,,,,,,,No,No,,,PM3 (PM3_Supporting): total=0.50 [homozygous: +0.5];Cluster id=18 detected (members=chr6:123420389:T:TA:7043970;chr6:123420391:T:A:7043970;chr6:123420390:T:A:7043970) - no Pathogenic/LP present; delins NOT flagged; requires P/LP to consider delins.;Delins/overlap cluster (id=18) detected but not all members meet P/LP or >5pts -> not auto-escalated (possible carrier).;Filtered: VUS with <5 points excluded from all reporting paths (auto/manual/delins),,Yes
7043970,3900_2024,chr6,123569345,T,C,TRDN,AR,c.232+1578A>G,Not provided,,,,NM_001251987.2,2/20,intron_variant,MODIFIER,Het,43,0.622,Catecholaminergic polymorphic ventricular tachycardia; Long QT syndrome,No,,No,Not provided,No,Not provided,Not provided,Not provided,0,Not provided,0,0,N/A,Not provided,Not provided,0,Not provided,0,Not provided,No database evidence,0.0,Unknown,0.000,Not provided,Not provided,Not provided,[],[],unknown,No,"{""PM2_Moderate"": 2}",2,VUS,"No ClinVar submissions | No HGMD entry | raw_total=0.000, applied=None",No ClinVar submissions,No HGMD entry,0.000,,,,,PM2_Moderate: gnomAD max AF=0 < threshold 0.005 for MOI AR,,,,,,,,,,,,No,No,,,Filtered: VUS with <5 points excluded from all reporting paths (auto/manual/delins),,Yes
7043970,3900_2024,chr6,123585048,T,G,TRDN,AR,c.23-13916A>C,Not provided,,,,NM_001251987.2,1/20,intron_variant,MODIFIER,Het,27,0.433,Catecholaminergic polymorphic ventricular tachycardia; Long QT syndrome,No,,No,Not provided,No,Not provided,Not provided,Not provided,0,Not provided,0,0,N/A,Not provided,Not provided,0,Not provided,0,Not provided,No database evidence,0.0,Unknown,0.000,Not provided,Not provided,Not provided,[],[],unknown,No,"{""PM2_Moderate"": 2}",2,VUS,"No ClinVar submissions | No HGMD entry | raw_total=0.000, applied=None",No ClinVar submissions,No HGMD entry,0.000,,,,,PM2_Moderate: gnomAD max AF=0 < threshold 0.005 for MOI AR,,,,,,,,,,,,No,No,,,Cluster id=19 detected (members=chr6:123585048:T:G:7043970;chr6:123585049:T:C:7043970;chr6:123585050:G:A:7043970) - no Pathogenic/LP present; delins NOT flagged; requires P/LP to consider delins.;Delins/overlap cluster (id=19) detected but not all members meet P/LP or >5pts -> not auto-escalated (possible carrier).;Filtered: VUS with <5 points excluded from all reporting paths (auto/manual/delins),,Yes
7043970,3900_2024,chr6,123585049,T,C,TRDN,AR,c.23-13917A>G,Not provided,,,,NM_001251987.2,1/20,intron_variant,MODIFIER,Het,28,0.448,Catecholaminergic polymorphic ventricular tachycardia; Long QT syndrome,No,,No,Not provided,No,Not provided,Not provided,Not provided,0,Not provided,0,0,N/A,Not provided,Not provided,0,Not provided,0,Not provided,No database evidence,0.0,Unknown,0.000,Not provided,Not provided,Not provided,[],[],unknown,No,"{""PM2_Moderate"": 2}",2,VUS,"No ClinVar submissions | No HGMD entry | raw_total=0.000, applied=None",No ClinVar submissions,No HGMD entry,0.000,,,,,PM2_Moderate: gnomAD max AF=0 < threshold 0.005 for MOI AR,,,,,,,,,,,,No,No,,,Cluster id=19 detected (members=chr6:123585048:T:G:7043970;chr6:123585049:T:C:7043970;chr6:123585050:G:A:7043970) - no Pathogenic/LP present; delins NOT flagged; requires P/LP to consider delins.;Delins/overlap cluster (id=19) detected but not all members meet P/LP or >5pts -> not auto-escalated (possible carrier).;Filtered: VUS with <5 points excluded from all reporting paths (auto/manual/delins),,Yes
7043970,3900_2024,chr6,123585050,G,A,TRDN,AR,c.23-13918C>T,Not provided,,,,NM_001251987.2,1/20,intron_variant,MODIFIER,Het,28,0.448,Catecholaminergic polymorphic ventricular tachycardia; Long QT syndrome,No,,No,Not provided,No,Not provided,Not provided,Not provided,0,Not provided,0,0,N/A,Not provided,Not provided,0,Not provided,0,Not provided,No database evidence,0.000026,v3,0.000,Not provided,Not provided,Not provided,[],[],unknown,No,"{""PM2_Moderate"": 2}",2,VUS,"No ClinVar submissions | No HGMD entry | raw_total=0.000, applied=None",No ClinVar submissions,No HGMD entry,0.000,,,,,PM2_Moderate: gnomAD max AF=2.64757e-05 < threshold 0.005 for MOI AR,,,,,,,,,,,,No,No,,,Cluster id=19 detected (members=chr6:123585048:T:G:7043970;chr6:123585049:T:C:7043970;chr6:123585050:G:A:7043970) - no Pathogenic/LP present; delins NOT flagged; requires P/LP to consider delins.;Delins/overlap cluster (id=19) detected but not all members meet P/LP or >5pts -> not auto-escalated (possible carrier).;Filtered: VUS with <5 points excluded from all reporting paths (auto/manual/delins),,Yes
7043970,3900_2024,chr6,123594252,TTAAA,T,TRDN,AR,c.23-23124_23-23121delTTTA,Not provided,,,,NM_001251987.2,1/20,intron_variant,MODIFIER,Het,45,0.587,Catecholaminergic polymorphic ventricular tachycardia; Long QT syndrome,No,,No,Not provided,No,Not provided,Not provided,Not provided,0,Not provided,0,0,N/A,Not provided,Not provided,0,Not provided,0,Not provided,No database evidence,0.0,Unknown,0.000,Not provided,0.000,Not provided,[],[],unknown,No,"{""PM2_Moderate"": 2}",2,VUS,"No ClinVar submissions | No HGMD entry | raw_total=0.000, applied=None",No ClinVar submissions,No HGMD entry,0.000,,,,,PM2_Moderate: gnomAD max AF=0 < threshold 0.005 for MOI AR,,,,,,,,,,,,No,No,,,Filtered: VUS with <5 points excluded from all reporting paths (auto/manual/delins),,Yes
7043970,3900_2024,chr6,123626876,C,T,TRDN,AR,c.22+9878G>A,Not provided,,,,NM_001251987.2,1/20,intron_variant,MODIFIER,Het,52,0.382,Catecholaminergic polymorphic ventricular tachycardia; Long QT syndrome,No,,No,Not provided,No,Not provided,Not provided,Not provided,0,Not provided,0,0,N/A,Not provided,Not provided,0,Not provided,0,Not provided,No database evidence,0.0,Unknown,0.000,Not provided,Not provided,Not provided,[],[],unknown,No,"{""PM2_Moderate"": 2}",2,VUS,"No ClinVar submissions | No HGMD entry | raw_total=0.000, applied=None",No ClinVar submissions,No HGMD entry,0.000,,,,,PM2_Moderate: gnomAD max AF=0 < threshold 0.005 for MOI AR,,,,,,,,,,,,No,No,,,Filtered: VUS with <5 points excluded from all reporting paths (auto/manual/delins),,Yes
7043970,3900_2024,chr7,6004893,T,A,PMS2,AD,c.164-835A>T,Not provided,,,,NM_000535.7,2/14,intron_variant,MODIFIER,Het,56,0.421,Lynch syndrome,No,,No,Not provided,No,Not provided,Not provided,Not provided,0,Not provided,0,0,N/A,Not provided,Not provided,0,Not provided,0,Not provided,No database evidence,0.0,Unknown,0.000,Not provided,Not provided,Not provided,[],[],unknown,No,"{""PM2_Moderate"": 2}",2,VUS,"No ClinVar submissions | No HGMD entry | raw_total=0.000, applied=None",No ClinVar submissions,No HGMD entry,0.000,,,,,PM2_Moderate: gnomAD max AF=0 < threshold 0.0001 for MOI AD,,,,,,,,,,,,No,No,,,Filtered: VUS with <5 points excluded from all reporting paths (auto/manual/delins),,Yes
7043970,3900_2024,chr7,6009974,A,AAAAAAATATATATATATAT,PMS2,AD,c.-956_-955insATATATATATATATTTTTT,Not provided,,,,NM_000535.7,,upstream_gene_variant,MODIFIER,Hom,6,0.571,Lynch syndrome,No,,No,Not provided,No,Not provided,Not provided,Not provided,0,Not provided,0,0,N/A,Not provided,Not provided,0,Not provided,0,Not provided,No database evidence,0.0,Unknown,0.000,Not provided,0.020,Not provided,[],[],unknown,No,"{""PM2_Moderate"": 2}",2,VUS,"No ClinVar submissions | No HGMD entry | raw_total=0.000, applied=None",No ClinVar submissions,No HGMD entry,0.000,,,,,PM2_Moderate: gnomAD max AF=0 < threshold 0.0001 for MOI AD,,,,,,,,,,,,No,No,,,Filtered: VUS with <5 points excluded from all reporting paths (auto/manual/delins),,Yes
7043970,3900_2024,chr7,128834311,G,C,FLNC,AD,c.353-1015G>C,Not provided,,,,NM_001458.4,1/47,intron_variant,MODIFIER,Het,13,0.214,Dilated cardiomyopathy; Hypertrophic cardiomyopathy; Myofibrillar myopathy,No,,No,Not provided,No,Not provided,Not provided,Not provided,0,Not provided,0,0,N/A,Not provided,Not provided,0,Not provided,0,Not provided,No database evidence,0.0,Unknown,0.000,Not provided,Not provided,Not provided,[],[],unknown,No,"{""PM2_Moderate"": 2}",2,VUS,"No ClinVar submissions | No HGMD entry | raw_total=0.000, applied=None",No ClinVar submissions,No HGMD entry,0.000,,,,,PM2_Moderate: gnomAD max AF=0 < threshold 0.0001 for MOI AD,,,,,,,,,,,,No,No,,,Filtered: VUS with <5 points excluded from all reporting paths (auto/manual/delins),,Yes
7043970,3900_2024,chr7,128842300,G,A,FLNC,AD,c.2191G>A,p.Val731Met,Val,Met,731,NM_001458.4,14/48,missense_variant,MODERATE,Het,32,0.429,Dilated cardiomyopathy; Hypertrophic cardiomyopathy; Myofibrillar myopathy,No,,Yes,"CN230736:Cardiovascular phenotype;Myofibrillar myopathy 5;C3279722:Distal myopathy with posterior leg and anterior hand involvement;C4310749:Hypertrophic cardiomyopathy 26;na:Dilated Cardiomyopathy, Dominant",No,Not provided,"CN230736:Cardiovascular phenotype;Myofibrillar myopathy 5;C3279722:Distal myopathy with posterior leg and anterior hand involvement;C4310749:Hypertrophic cardiomyopathy 26;na:Dilated Cardiomyopathy, Dominant",uncertain significance;likely benign,1;1,Uncertain significance,1,1,conditions_csv_phenotype_match,Not provided,Not provided,0,Not provided,0,Not provided,"ClinVar: Sig=uncertain significance;likely benign; ClinVar: Trait=CN230736:Cardiovascular phenotype;Myofibrillar myopathy 5;C3279722:Distal myopathy with posterior leg and anterior hand involvement;C4310749:Hypertrophic cardiomyopathy 26;na:Dilated Cardiomyopathy, Dominant",0.000013,v3,0.518,Not provided,Not provided,Not provided,[],[],unknown,No,"{""PM2_Moderate"": 2, ""BP5ext_Supporting"": -1}",1,VUS,"sig=likely benign (-2 points), stars=1 (0.75 coef), clinvar_phenotype_match=Yes, clin=-1.500 | No HGMD entry | raw_total=-1.500, applied=BP5ext_Supporting","sig=likely benign (-2 points), stars=1 (0.75 coef), clinvar_phenotype_match=Yes, clin=-1.500",No HGMD entry,-1.500,BP5ext_Supporting,,,,PM2_Moderate: gnomAD max AF=1.31391e-05 < threshold 0.0001 for MOI AD,,,,,,,,,,,,No,No,,,Database conflict (ClinVar): Benign vs VUS detected -> conservative -1 point applied (info in comments).;Filtered: VUS with <5 points excluded from all reporting paths (auto/manual/delins),,Yes
7043970,3900_2024,chr7,128859107,T,G,FLNC,AD,c.*584T>G,Not provided,,,,NM_001458.4,48/48,3_prime_UTR_variant,MODIFIER,Het,27,0.517,Dilated cardiomyopathy; Hypertrophic cardiomyopathy; Myofibrillar myopathy,No,,No,Not provided,No,Not provided,Not provided,Not provided,0,Not provided,0,0,N/A,Not provided,Not provided,0,Not provided,0,Not provided,No database evidence,0.0,Unknown,0.000,Not provided,Not provided,Not provided,[],[],unknown,No,"{""PM2_Moderate"": 2}",2,VUS,"No ClinVar submissions | No HGMD entry | raw_total=0.000, applied=None",No ClinVar submissions,No HGMD entry,0.000,,,,,PM2_Moderate: gnomAD max AF=0 < threshold 0.0001 for MOI AD,,,,,,,,,,,,No,No,,,Filtered: VUS with <5 points excluded from all reporting paths (auto/manual/delins),,Yes
7043970,3900_2024,chr7,151672702,C,T,PRKAG2,AD,c.552+2718G>A,Not provided,,,,NM_001040633.1,4/15,intron_variant,MODIFIER,Het,34,0.714,Hypertrophic cardiomyopathy,No,,No,Not provided,No,Not provided,Not provided,Not provided,0,Not provided,0,0,N/A,Not provided,Not provided,0,Not provided,0,Not provided,No database evidence,0.000053,v3,0.000,Not provided,Not provided,Not provided,[],[],unknown,No,"{""PM2_Moderate"": 2}",2,VUS,"No ClinVar submissions | No HGMD entry | raw_total=0.000, applied=None",No ClinVar submissions,No HGMD entry,0.000,,,,,PM2_Moderate: gnomAD max AF=5.25949e-05 < threshold 0.0001 for MOI AD,,,,,,,,,,,,No,No,,,Filtered: VUS with <5 points excluded from all reporting paths (auto/manual/delins),,Yes
7043970,3900_2024,chr7,151784219,C,T,PRKAG2,AD,c.54+2251G>A,Not provided,,,,NM_001040633.1,2/15,intron_variant,MODIFIER,Het,19,0.455,Hypertrophic cardiomyopathy,No,,No,Not provided,No,Not provided,Not provided,Not provided,0,Not provided,0,0,N/A,Not provided,Not provided,0,Not provided,0,Not provided,No database evidence,0.000007,v3,0.000,Not provided,Not provided,Not provided,[],[],unknown,No,"{""PM2_Moderate"": 2}",2,VUS,"No ClinVar submissions | No HGMD entry | raw_total=0.000, applied=None",No ClinVar submissions,No HGMD entry,0.000,,,,,PM2_Moderate: gnomAD max AF=6.57583e-06 < threshold 0.0001 for MOI AD,,,,,,,,,,,,No,No,,,Filtered: VUS with <5 points excluded from all reporting paths (auto/manual/delins),,Yes
7043970,3900_2024,chr7,151802790,C,T,PRKAG2,AD,c.-19+11626G>A,Not provided,,,,NM_001040633.1,1/15,intron_variant,MODIFIER,Het,32,0.606,Hypertrophic cardiomyopathy,No,,No,Not provided,No,Not provided,Not provided,Not provided,0,Not provided,0,0,N/A,Not provided,Not provided,0,Not provided,0,Not provided,No database evidence,0.0,Unknown,0.000,Not provided,Not provided,Not provided,[],[],unknown,No,"{""PM2_Moderate"": 2}",2,VUS,"No ClinVar submissions | No HGMD entry | raw_total=0.000, applied=None",No ClinVar submissions,No HGMD entry,0.000,,,,,PM2_Moderate: gnomAD max AF=0 < threshold 0.0001 for MOI AD,,,,,,,,,,,,No,No,,,Filtered: VUS with <5 points excluded from all reporting paths (auto/manual/delins),,Yes
7043970,3900_2024,chr7,151820620,C,G,PRKAG2,AD,c.115-34079G>C,Not provided,,,,NM_016203.4,1/15,intron_variant,MODIFIER,Het,17,0.737,Hypertrophic cardiomyopathy,No,,No,Not provided,No,Not provided,Not provided,Not provided,0,Not provided,0,0,N/A,Not provided,Not provided,0,Not provided,0,Not provided,No database evidence,0.0,Unknown,0.000,Not provided,Not provided,Not provided,[],[],unknown,No,"{""PM2_Moderate"": 2}",2,VUS,"No ClinVar submissions | No HGMD entry | raw_total=0.000, applied=None",No ClinVar submissions,No HGMD entry,0.000,,,,,PM2_Moderate: gnomAD max AF=0 < threshold 0.0001 for MOI AD,,,,,,,,,,,,No,No,,,Cluster id=20 detected (members=chr7:151820620:C:G:7043970;chr7:151820626:A:T:7043970) - no Pathogenic/LP present; delins NOT flagged; requires P/LP to consider delins.;Delins/overlap cluster (id=20) detected but not all members meet P/LP or >5pts -> not auto-escalated (possible carrier).;Filtered: VUS with <5 points excluded from all reporting paths (auto/manual/delins),,Yes
7043970,3900_2024,chr7,151820626,A,T,PRKAG2,AD,c.115-34085T>A,Not provided,,,,NM_016203.4,1/15,intron_variant,MODIFIER,Het,20,0.700,Hypertrophic cardiomyopathy,No,,No,Not provided,No,Not provided,Not provided,Not provided,0,Not provided,0,0,N/A,Not provided,Not provided,0,Not provided,0,Not provided,No database evidence,0.0,Unknown,0.000,Not provided,Not provided,Not provided,[],[],unknown,No,"{""PM2_Moderate"": 2}",2,VUS,"No ClinVar submissions | No HGMD entry | raw_total=0.000, applied=None",No ClinVar submissions,No HGMD entry,0.000,,,,,PM2_Moderate: gnomAD max AF=0 < threshold 0.0001 for MOI AD,,,,,,,,,,,,No,No,,,Cluster id=20 detected (members=chr7:151820620:C:G:7043970;chr7:151820626:A:T:7043970) - no Pathogenic/LP present; delins NOT flagged; requires P/LP to consider delins.;Delins/overlap cluster (id=20) detected but not all members meet P/LP or >5pts -> not auto-escalated (possible carrier).;Filtered: VUS with <5 points excluded from all reporting paths (auto/manual/delins),,Yes
7043970,3900_2024,chr7,151844626,T,C,PRKAG2,AD,c.114+31881A>G,Not provided,,,,NM_016203.4,1/15,intron_variant,MODIFIER,Het,40,0.585,Hypertrophic cardiomyopathy,No,,No,Not provided,No,Not provided,Not provided,Not provided,0,Not provided,0,0,N/A,Not provided,Not provided,0,Not provided,0,Not provided,No database evidence,0.000007,v3,0.000,Not provided,Not provided,Not provided,[],[],unknown,No,"{""PM2_Moderate"": 2}",2,VUS,"No ClinVar submissions | No HGMD entry | raw_total=0.000, applied=None",No ClinVar submissions,No HGMD entry,0.000,,,,,PM2_Moderate: gnomAD max AF=6.57056e-06 < threshold 0.0001 for MOI AD,,,,,,,,,,,,No,No,,,Filtered: VUS with <5 points excluded from all reporting paths (auto/manual/delins),,Yes
7043970,3900_2024,chr7,151865854,T,C,PRKAG2,AD,c.114+10653A>G,Not provided,,,,NM_016203.4,1/15,intron_variant,MODIFIER,Het,36,0.462,Hypertrophic cardiomyopathy,No,,No,Not provided,No,Not provided,Not provided,Not provided,0,Not provided,0,0,N/A,Not provided,Not provided,0,Not provided,0,Not provided,No database evidence,0.0,Unknown,0.000,Not provided,Not provided,Not provided,[],[],unknown,No,"{""PM2_Moderate"": 2}",2,VUS,"No ClinVar submissions | No HGMD entry | raw_total=0.000, applied=None",No ClinVar submissions,No HGMD entry,0.000,,,,,PM2_Moderate: gnomAD max AF=0 < threshold 0.0001 for MOI AD,,,,,,,,,,,,No,No,,,Filtered: VUS with <5 points excluded from all reporting paths (auto/manual/delins),,Yes
7043970,3900_2024,chr7,151866127,G,A,PRKAG2,AD,c.114+10380C>T,Not provided,,,,NM_016203.4,1/15,intron_variant,MODIFIER,Het,32,0.343,Hypertrophic cardiomyopathy,No,,No,Not provided,No,Not provided,Not provided,Not provided,0,Not provided,0,0,N/A,Not provided,Not provided,0,Not provided,0,Not provided,No database evidence,0.000007,v3,0.000,Not provided,Not provided,Not provided,[],[],unknown,No,"{""PM2_Moderate"": 2}",2,VUS,"No ClinVar submissions | No HGMD entry | raw_total=0.000, applied=None",No ClinVar submissions,No HGMD entry,0.000,,,,,PM2_Moderate: gnomAD max AF=6.56953e-06 < threshold 0.0001 for MOI AD,,,,,,,,,,,,No,No,,,Filtered: VUS with <5 points excluded from all reporting paths (auto/manual/delins),,Yes
7043970,3900_2024,chr9,99121681,A,G,TGFBR1,AD,c.98-7174A>G,Not provided,,,,NM_001130916.3,1/7,intron_variant,MODIFIER,Het,42,0.512,Loeys-Dietz syndrome,No,,No,Not provided,No,Not provided,Not provided,Not provided,0,Not provided,0,0,N/A,Not provided,Not provided,0,Not provided,0,Not provided,No database evidence,0.000013,v3,0.000,Not provided,Not provided,Not provided,[],[],unknown,No,"{""PM2_Moderate"": 2}",2,VUS,"No ClinVar submissions | No HGMD entry | raw_total=0.000, applied=None",No ClinVar submissions,No HGMD entry,0.000,,,,,PM2_Moderate: gnomAD max AF=1.31496e-05 < threshold 0.0001 for MOI AD,,,,,,,,,,,,No,No,,,Filtered: VUS with <5 points excluded from all reporting paths (auto/manual/delins),,Yes
7043970,3900_2024,chr9,99157945,G,GA,TGFBR1,AD,c.*8640_*8641insA,Not provided,,,,NM_001130916.3,,downstream_gene_variant,MODIFIER,Het,45,0.553,Loeys-Dietz syndrome,No,,No,Not provided,No,Not provided,Not provided,Not provided,0,Not provided,0,0,N/A,Not provided,Not provided,0,Not provided,0,Not provided,No database evidence,0.0,Unknown,0.000,Not provided,Not provided,Not provided,[],[],unknown,No,"{""PM2_Moderate"": 2}",2,VUS,"No ClinVar submissions | No HGMD entry | raw_total=0.000, applied=None",No ClinVar submissions,No HGMD entry,0.000,,,,,PM2_Moderate: gnomAD max AF=0 < threshold 0.0001 for MOI AD,,,,,,,,,,,,No,No,,,Filtered: VUS with <5 points excluded from all reporting paths (auto/manual/delins),,Yes
7043970,3900_2024,chr9,99158596,T,C,TGFBR1,AD,c.*9291T>C,Not provided,,,,NM_001130916.3,,downstream_gene_variant,MODIFIER,Het,37,0.553,Loeys-Dietz syndrome,No,,No,Not provided,No,Not provided,Not provided,Not provided,0,Not provided,0,0,N/A,Not provided,Not provided,0,Not provided,0,Not provided,No database evidence,0.0,Unknown,0.000,Not provided,Not provided,Not provided,[],[],unknown,No,"{""PM2_Moderate"": 2}",2,VUS,"No ClinVar submissions | No HGMD entry | raw_total=0.000, applied=None",No ClinVar submissions,No HGMD entry,0.000,,,,,PM2_Moderate: gnomAD max AF=0 < threshold 0.0001 for MOI AD,,,,,,,,,,,,No,No,,,Filtered: VUS with <5 points excluded from all reporting paths (auto/manual/delins),,Yes
7043970,3900_2024,chr9,132887138,T,TGTCC,TSC1,AD,c.*9096_*9097insGGAC,Not provided,,,,NM_001162426.2,,downstream_gene_variant,MODIFIER,Het,29,0.516,Tuberous sclerosis complex,No,,No,Not provided,No,Not provided,Not provided,Not provided,0,Not provided,0,0,N/A,Not provided,Not provided,0,Not provided,0,Not provided,No database evidence,0.000034,v3,0.000,Not provided,0.010,Not provided,[],[],unknown,No,"{""PM2_Moderate"": 2}",2,VUS,"No ClinVar submissions | No HGMD entry | raw_total=0.000, applied=None",No ClinVar submissions,No HGMD entry,0.000,,,,,PM2_Moderate: gnomAD max AF=3.35318e-05 < threshold 0.0001 for MOI AD,,,,,,,,,,,,No,No,,,Filtered: VUS with <5 points excluded from all reporting paths (auto/manual/delins),,Yes
7043970,3900_2024,chr9,132901462,C,A,TSC1,AD,c.2499+127G>T,Not provided,,,,NM_001162426.2,19/22,intron_variant,MODIFIER,Het,40,0.488,Tuberous sclerosis complex,No,,No,Not provided,No,Not provided,Not provided,Not provided,0,Not provided,0,0,N/A,Not provided,Not provided,0,Not provided,0,Not provided,No database evidence,0.0,Unknown,0.000,Not provided,Not provided,Not provided,[],[],unknown,No,"{""PM2_Moderate"": 2}",2,VUS,"No ClinVar submissions | No HGMD entry | raw_total=0.000, applied=None",No ClinVar submissions,No HGMD entry,0.000,,,,,PM2_Moderate: gnomAD max AF=0 < threshold 0.0001 for MOI AD,,,,,,,,,,,,No,No,,,Filtered: VUS with <5 points excluded from all reporting paths (auto/manual/delins),,Yes
7043970,3900_2024,chr9,132902546,C,G,TSC1,AD,c.2388+59G>C,Not provided,,,,NM_001162426.2,18/22,intron_variant,MODIFIER,Het,36,0.579,Tuberous sclerosis complex,No,,No,Not provided,No,Not provided,Not provided,Not provided,0,Not provided,0,0,N/A,Not provided,Not provided,0,Not provided,0,Not provided,No database evidence,0.0,Unknown,0.000,Not provided,Not provided,Not provided,[],[],unknown,No,"{""PM2_Moderate"": 2}",2,VUS,"No ClinVar submissions | No HGMD entry | raw_total=0.000, applied=None",No ClinVar submissions,No HGMD entry,0.000,,,,,PM2_Moderate: gnomAD max AF=0 < threshold 0.0001 for MOI AD,,,,,,,,,,,,No,No,,,Filtered: VUS with <5 points excluded from all reporting paths (auto/manual/delins),,Yes
7043970,3900_2024,chr9,132914966,G,C,TSC1,AD,c.738-2509C>G,Not provided,,,,NM_001162426.2,8/22,intron_variant,MODIFIER,Het,22,0.478,Tuberous sclerosis complex,No,,No,Not provided,No,Not provided,Not provided,Not provided,0,Not provided,0,0,N/A,Not provided,Not provided,0,Not provided,0,Not provided,No database evidence,0.0,Unknown,0.000,Not provided,Not provided,Not provided,[],[],unknown,No,"{""PM2_Moderate"": 2}",2,VUS,"No ClinVar submissions | No HGMD entry | raw_total=0.000, applied=None",No ClinVar submissions,No HGMD entry,0.000,,,,,PM2_Moderate: gnomAD max AF=0 < threshold 0.0001 for MOI AD,,,,,,,,,,,,No,No,,,Filtered: VUS with <5 points excluded from all reporting paths (auto/manual/delins),,Yes
7043970,3900_2024,chrX,38347683,T,C,OTC,XL,c.-5014T>C,Not provided,,,,NM_000531.6,,upstream_gene_variant,MODIFIER,Hemi,20,1.000,Ornithine transcarbamylase deficiency,No,,No,Not provided,No,Not provided,Not provided,Not provided,0,Not provided,0,0,N/A,Not provided,Not provided,0,Not provided,0,Not provided,No database evidence,0.0,Unknown,0.000,Not provided,Not provided,Not provided,[],[],unknown,No,"{""PM2_Moderate"": 2}",2,VUS,"No ClinVar submissions | No HGMD entry | raw_total=0.000, applied=None",No ClinVar submissions,No HGMD entry,0.000,,,,,PM2_Moderate: gnomAD max AF=0 < threshold 0.0001 for MOI XL,,,,,,,,,,,,No,No,,,Filtered: VUS with <5 points excluded from all reporting paths (auto/manual/delins),,Yes
7043970,3900_2024,chr1,45339205,A,TTT,MUTYH,AR,c.36+1014delTinsAAA,Not provided,,,,NM_001048171.1,1/15,intron_variant,MODIFIER,Het,8,0.250,MUTYH-associated polyposis,No,,No,Not provided,No,Not provided,Not provided,Not provided,0,Not provided,0,0,N/A,Not provided,Not provided,0,Not provided,0,Not provided,No database evidence,0.0,Unknown,0.000,Not provided,0.000,Not provided,[],[],unknown,No,"{""PM2_Moderate"": 2}",2,VUS,"No ClinVar submissions | No HGMD entry | raw_total=0.000, applied=None",No ClinVar submissions,No HGMD entry,0.000,,,,,PM2_Moderate: gnomAD max AF=0 < threshold 0.005 for MOI AR,,,,,,,,,,,,No,No,,,"Failed strict QC: heterozygous variant on chr1 with DP=8 (min=10), AF=0.250 (min=0.2);Filtered: VUS with <5 points excluded from all reporting paths (auto/manual/delins);Failed strict QC",,Yes
7043970,3900_2024,chr1,237148521,A,ATATATATATATAT,RYR2,AD,c.48+105952_48+105953insTATATATATATAT,Not provided,,,,NM_001035.3,1/104,intron_variant,MODIFIER,Het,8,0.455,Catecholaminergic polymorphic ventricular tachycardia,No,,No,Not provided,No,Not provided,Not provided,Not provided,0,Not provided,0,0,N/A,Not provided,Not provided,0,Not provided,0,Not provided,No database evidence,0.0,Unknown,0.000,Not provided,0.000,Not provided,[],[],unknown,No,"{""PM2_Moderate"": 2}",2,VUS,"No ClinVar submissions | No HGMD entry | raw_total=0.000, applied=None",No ClinVar submissions,No HGMD entry,0.000,,,,,PM2_Moderate: gnomAD max AF=0 < threshold 0.0001 for MOI AD,,,,,,,,,,,,No,No,,,"Failed strict QC: heterozygous variant on chr1 with DP=8 (min=10), AF=0.455 (min=0.2);Filtered: VUS with <5 points excluded from all reporting paths (auto/manual/delins);Failed strict QC",,Yes
7043970,3900_2024,chr1,237157318,AAAAGAAAG,A,RYR2,AD,c.49-113163_49-113156delGAAAGAAA,Not provided,,,,NM_001035.3,1/104,intron_variant,MODIFIER,Het,6,0.333,Catecholaminergic polymorphic ventricular tachycardia,No,,No,Not provided,No,Not provided,Not provided,Not provided,0,Not provided,0,0,N/A,Not provided,Not provided,0,Not provided,0,Not provided,No database evidence,0.0,Unknown,0.000,Not provided,0.000,Not provided,[],[],unknown,No,"{""PM2_Moderate"": 2}",2,VUS,"No ClinVar submissions | No HGMD entry | raw_total=0.000, applied=None",No ClinVar submissions,No HGMD entry,0.000,,,,,PM2_Moderate: gnomAD max AF=0 < threshold 0.0001 for MOI AD,,,,,,,,,,,,No,No,,,"Failed strict QC: heterozygous variant on chr1 with DP=6 (min=10), AF=0.333 (min=0.2);Filtered: VUS with <5 points excluded from all reporting paths (auto/manual/delins);Failed strict QC",,Yes
7043970,3900_2024,chr1,237350600,A,ATAT,RYR2,AD,c.274-5365_274-5364insTAT,Not provided,,,,NM_001035.3,3/104,intron_variant,MODIFIER,Het,8,0.455,Catecholaminergic polymorphic ventricular tachycardia,No,,No,Not provided,No,Not provided,Not provided,Not provided,0,Not provided,0,0,N/A,Not provided,Not provided,0,Not provided,0,Not provided,No database evidence,0.000071,v3,0.000,Not provided,0.000,Not provided,[],[],unknown,No,"{""PM2_Moderate"": 2}",2,VUS,"No ClinVar submissions | No HGMD entry | raw_total=0.000, applied=None",No ClinVar submissions,No HGMD entry,0.000,,,,,PM2_Moderate: gnomAD max AF=7.13857e-05 < threshold 0.0001 for MOI AD,,,,,,,,,,,,No,No,,,"Failed strict QC: heterozygous variant on chr1 with DP=8 (min=10), AF=0.455 (min=0.2);Filtered: VUS with <5 points excluded from all reporting paths (auto/manual/delins);Failed strict QC",,Yes
7043970,3900_2024,chr1,237452489,T,C,RYR2,AD,c.1293-1902T>C,Not provided,,,,NM_001035.3,14/104,intron_variant,MODIFIER,Het,7,0.273,Catecholaminergic polymorphic ventricular tachycardia,No,,No,Not provided,No,Not provided,Not provided,Not provided,0,Not provided,0,0,N/A,Not provided,Not provided,0,Not provided,0,Not provided,No database evidence,0.0,Unknown,0.000,Not provided,Not provided,Not provided,[],[],unknown,No,"{""PM2_Moderate"": 2}",2,VUS,"No ClinVar submissions | No HGMD entry | raw_total=0.000, applied=None",No ClinVar submissions,No HGMD entry,0.000,,,,,PM2_Moderate: gnomAD max AF=0 < threshold 0.0001 for MOI AD,,,,,,,,,,,,No,No,,,"Failed strict QC: heterozygous variant on chr1 with DP=7 (min=10), AF=0.273 (min=0.2);Filtered: VUS with <5 points excluded from all reporting paths (auto/manual/delins);Failed strict QC",,Yes
7043970,3900_2024,chr1,237623379,C,G,RYR2,AD,c.5917-386C>G,Not provided,,,,NM_001035.3,38/104,intron_variant,MODIFIER,Het,6,0.333,Catecholaminergic polymorphic ventricular tachycardia,No,,No,Not provided,No,Not provided,Not provided,Not provided,0,Not provided,0,0,N/A,Not provided,Not provided,0,Not provided,0,Not provided,No database evidence,0.0,Unknown,0.000,Not provided,Not provided,Not provided,[],[],unknown,No,"{""PM2_Moderate"": 2}",2,VUS,"No ClinVar submissions | No HGMD entry | raw_total=0.000, applied=None",No ClinVar submissions,No HGMD entry,0.000,,,,,PM2_Moderate: gnomAD max AF=0 < threshold 0.0001 for MOI AD,,,,,,,,,,,,No,No,,,"Failed strict QC: heterozygous variant on chr1 with DP=6 (min=10), AF=0.333 (min=0.2);Filtered: VUS with <5 points excluded from all reporting paths (auto/manual/delins);Failed strict QC",,Yes
7043970,3900_2024,chr1,237626553,C,T,RYR2,AD,c.6166+749C>T,Not provided,,,,NM_001035.3,40/104,intron_variant,MODIFIER,Het,5,0.400,Catecholaminergic polymorphic ventricular tachycardia,No,,No,Not provided,No,Not provided,Not provided,Not provided,0,Not provided,0,0,N/A,Not provided,Not provided,0,Not provided,0,Not provided,No database evidence,0.0,Unknown,0.000,Not provided,Not provided,Not provided,[],[],unknown,No,"{""PM2_Moderate"": 2}",2,VUS,"No ClinVar submissions | No HGMD entry | raw_total=0.000, applied=None",No ClinVar submissions,No HGMD entry,0.000,,,,,PM2_Moderate: gnomAD max AF=0 < threshold 0.0001 for MOI AD,,,,,,,,,,,,No,No,,,"Failed strict QC: heterozygous variant on chr1 with DP=5 (min=10), AF=0.400 (min=0.2);Filtered: VUS with <5 points excluded from all reporting paths (auto/manual/delins);Failed strict QC",,Yes
7043970,3900_2024,chr10,110767186,A,G,RBM20,AD,c.192-13615A>G,Not provided,,,,NM_001134363.3,1/13,intron_variant,MODIFIER,Het,6,0.500,Dliated cardiomyopathy,No,,No,Not provided,No,Not provided,Not provided,Not provided,0,Not provided,0,0,N/A,Not provided,Not provided,0,Not provided,0,Not provided,No database evidence,0.0,Unknown,0.000,Not provided,Not provided,Not provided,[],[],unknown,No,"{""PM2_Moderate"": 2}",2,VUS,"No ClinVar submissions | No HGMD entry | raw_total=0.000, applied=None",No ClinVar submissions,No HGMD entry,0.000,,,,,PM2_Moderate: gnomAD max AF=0 < threshold 0.0001 for MOI AD,,,,,,,,,,,,No,No,,,"Failed strict QC: heterozygous variant on chr10 with DP=6 (min=10), AF=0.500 (min=0.2);Filtered: VUS with <5 points excluded from all reporting paths (auto/manual/delins);Failed strict QC",,Yes
7043970,3900_2024,chr11,2648981,C,TT,KCNQ1,AD,c.1394-12980delCinsTT,Not provided,,,,NM_000218.3,10/15,intron_variant,MODIFIER,Het,5,0.400,Long-QT syndrome type 1,No,,No,Not provided,No,Not provided,Not provided,Not provided,0,Not provided,0,0,N/A,Not provided,Not provided,0,Not provided,0,Not provided,No database evidence,0.0,Unknown,0.000,Not provided,Not provided,Not provided,[],[],unknown,No,"{""PM2_Moderate"": 2}",2,VUS,"No ClinVar submissions | No HGMD entry | raw_total=0.000, applied=None",No ClinVar submissions,No HGMD entry,0.000,,,,,PM2_Moderate: gnomAD max AF=0 < threshold 0.0001 for MOI AD,,,,,,,,,,,,No,No,,,"Failed strict QC: heterozygous variant on chr11 with DP=5 (min=10), AF=0.400 (min=0.2);Filtered: VUS with <5 points excluded from all reporting paths (auto/manual/delins);Failed strict QC",,Yes
7043970,3900_2024,chr13,32368806,T,TTG,BRCA2,AD,c.8332-1595_8332-1594insGT,Not provided,,,,NM_000059.3,18/26,intron_variant,MODIFIER,Het,8,0.500,Hereditary breast and ovarian cancer,No,,No,Not provided,No,Not provided,Not provided,Not provided,0,Not provided,0,0,N/A,Not provided,Not provided,0,Not provided,0,Not provided,No database evidence,0.0,Unknown,0.000,Not provided,0.000,Not provided,[],[],unknown,No,"{""PM2_Moderate"": 2}",2,VUS,"No ClinVar submissions | No HGMD entry | raw_total=0.000, applied=None",No ClinVar submissions,No HGMD entry,0.000,,,,,PM2_Moderate: gnomAD max AF=0 < threshold 0.0001 for MOI AD,,,,,,,,,,,,No,No,,,"Cluster id=8 detected (members=chr13:32368806:T:TTG:7043970;chr13:32368808:TGG:T:7043970) - no Pathogenic/LP present; delins NOT flagged; requires P/LP to consider delins.;Delins/overlap cluster (id=8) detected but not all members meet P/LP or >5pts -> not auto-escalated (possible carrier).;Failed strict QC: heterozygous variant on chr13 with DP=8 (min=10), AF=0.500 (min=0.2);Filtered: VUS with <5 points excluded from all reporting paths (auto/manual/delins);Failed strict QC",,Yes
7043970,3900_2024,chr13,32368808,TGG,T,BRCA2,AD,c.8332-1593_8332-1592delGG,Not provided,,,,NM_000059.3,18/26,intron_variant,MODIFIER,Het,8,0.500,Hereditary breast and ovarian cancer,No,,No,Not provided,No,Not provided,Not provided,Not provided,0,Not provided,0,0,N/A,Not provided,Not provided,0,Not provided,0,Not provided,No database evidence,0.0,Unknown,0.000,Not provided,Not provided,Not provided,[],[],unknown,No,"{""PM2_Moderate"": 2}",2,VUS,"No ClinVar submissions | No HGMD entry | raw_total=0.000, applied=None",No ClinVar submissions,No HGMD entry,0.000,,,,,PM2_Moderate: gnomAD max AF=0 < threshold 0.0001 for MOI AD,,,,,,,,,,,,No,No,,,"Cluster id=8 detected (members=chr13:32368806:T:TTG:7043970;chr13:32368808:TGG:T:7043970) - no Pathogenic/LP present; delins NOT flagged; requires P/LP to consider delins.;Delins/overlap cluster (id=8) detected but not all members meet P/LP or >5pts -> not auto-escalated (possible carrier).;Failed strict QC: heterozygous variant on chr13 with DP=8 (min=10), AF=0.500 (min=0.2);Filtered: VUS with <5 points excluded from all reporting paths (auto/manual/delins);Failed strict QC",,Yes
7043970,3900_2024,chr16,23645139,T,TATATATA,PALB2,AD,c.-3983_-3982insTATATAT,Not provided,,,,NM_024675.4,,upstream_gene_variant,MODIFIER,Het,8,0.375,Hereditary breast cancer,No,,No,Not provided,No,Not provided,Not provided,Not provided,0,Not provided,0,0,N/A,Not provided,Not provided,0,Not provided,0,Not provided,No database evidence,0.000016,v3,0.000,Not provided,0.000,Not provided,[],[],unknown,No,"{""PM2_Moderate"": 2}",2,VUS,"No ClinVar submissions | No HGMD entry | raw_total=0.000, applied=None",No ClinVar submissions,No HGMD entry,0.000,,,,,PM2_Moderate: gnomAD max AF=1.56221e-05 < threshold 0.0001 for MOI AD,,,,,,,,,,,,No,No,,,"Cluster id=10 detected (members=chr16:23645138:T:TA:7043970;chr16:23645139:T:TATATATA:7043970) - no Pathogenic/LP present; delins NOT flagged; requires P/LP to consider delins.;Delins/overlap cluster (id=10) detected but not all members meet P/LP or >5pts -> not auto-escalated (possible carrier).;Failed strict QC: heterozygous variant on chr16 with DP=8 (min=10), AF=0.375 (min=0.2);Filtered: VUS with <5 points excluded from all reporting paths (auto/manual/delins);Failed strict QC",,Yes
7043970,3900_2024,chr19,55155945,A,T,TNNI3,AD,c.279+256T>A,Not provided,,,,NM_000363.5,4/6,intron_variant,MODIFIER,Het,5,0.400,Hypertrophic cardiomyopathy,No,,No,Not provided,No,Not provided,Not provided,Not provided,0,Not provided,0,0,N/A,Not provided,Not provided,0,Not provided,0,Not provided,No database evidence,0.0,Unknown,0.000,Not provided,Not provided,Not provided,[],[],unknown,No,"{""PM2_Moderate"": 2}",2,VUS,"No ClinVar submissions | No HGMD entry | raw_total=0.000, applied=None",No ClinVar submissions,No HGMD entry,0.000,,,,,PM2_Moderate: gnomAD max AF=0 < threshold 0.0001 for MOI AD,,,,,,,,,,,,No,No,,,"Failed strict QC: heterozygous variant on chr19 with DP=5 (min=10), AF=0.400 (min=0.2);Filtered: VUS with <5 points excluded from all reporting paths (auto/manual/delins);Failed strict QC",,Yes
7043970,3900_2024,chr3,10158210,G,A,VHL,AD,c.*8441G>A,Not provided,,,,NM_001354723.2,,downstream_gene_variant,MODIFIER,Het,5,0.400,Von Hippel-Lindau syndrome,No,,No,Not provided,No,Not provided,Not provided,Not provided,0,Not provided,0,0,N/A,Not provided,Not provided,0,Not provided,0,Not provided,No database evidence,0.000015,v3,0.000,Not provided,Not provided,Not provided,[],[],unknown,No,"{""PM2_Moderate"": 2}",2,VUS,"No ClinVar submissions | No HGMD entry | raw_total=0.000, applied=None",No ClinVar submissions,No HGMD entry,0.000,,,,,PM2_Moderate: gnomAD max AF=1.51465e-05 < threshold 0.0001 for MOI AD,,,,,,,,,,,,No,No,,,"Cluster id=15 detected (members=chr3:10158210:G:A:7043970;chr3:10158212:T:A:7043970) - no Pathogenic/LP present; delins NOT flagged; requires P/LP to consider delins.;Delins/overlap cluster (id=15) detected but not all members meet P/LP or >5pts -> not auto-escalated (possible carrier).;Failed strict QC: heterozygous variant on chr3 with DP=5 (min=10), AF=0.400 (min=0.2);Filtered: VUS with <5 points excluded from all reporting paths (auto/manual/delins);Failed strict QC",,Yes
7043970,3900_2024,chr3,10158212,T,A,VHL,AD,c.*8443T>A,Not provided,,,,NM_001354723.2,,downstream_gene_variant,MODIFIER,Het,5,0.400,Von Hippel-Lindau syndrome,No,,No,Not provided,No,Not provided,Not provided,Not provided,0,Not provided,0,0,N/A,Not provided,Not provided,0,Not provided,0,Not provided,No database evidence,0.000007,v3,0.000,Not provided,Not provided,Not provided,[],[],unknown,No,"{""PM2_Moderate"": 2}",2,VUS,"No ClinVar submissions | No HGMD entry | raw_total=0.000, applied=None",No ClinVar submissions,No HGMD entry,0.000,,,,,PM2_Moderate: gnomAD max AF=7.02968e-06 < threshold 0.0001 for MOI AD,,,,,,,,,,,,No,No,,,"Cluster id=15 detected (members=chr3:10158210:G:A:7043970;chr3:10158212:T:A:7043970) - no Pathogenic/LP present; delins NOT flagged; requires P/LP to consider delins.;Delins/overlap cluster (id=15) detected but not all members meet P/LP or >5pts -> not auto-escalated (possible carrier).;Failed strict QC: heterozygous variant on chr3 with DP=5 (min=10), AF=0.400 (min=0.2);Filtered: VUS with <5 points excluded from all reporting paths (auto/manual/delins);Failed strict QC",,Yes
7043970,3900_2024,chr6,123557065,T,C,TRDN,AR,c.233-8453A>G,Not provided,,,,NM_001251987.2,2/20,intron_variant,MODIFIER,Het,8,0.250,Catecholaminergic polymorphic ventricular tachycardia; Long QT syndrome,No,,No,Not provided,No,Not provided,Not provided,Not provided,0,Not provided,0,0,N/A,Not provided,Not provided,0,Not provided,0,Not provided,No database evidence,0.0,Unknown,0.000,Not provided,Not provided,Not provided,[],[],unknown,No,"{""PM2_Moderate"": 2}",2,VUS,"No ClinVar submissions | No HGMD entry | raw_total=0.000, applied=None",No ClinVar submissions,No HGMD entry,0.000,,,,,PM2_Moderate: gnomAD max AF=0 < threshold 0.005 for MOI AR,,,,,,,,,,,,No,No,,,"Failed strict QC: heterozygous variant on chr6 with DP=8 (min=10), AF=0.250 (min=0.2);Filtered: VUS with <5 points excluded from all reporting paths (auto/manual/delins);Failed strict QC",,Yes
7043970,3900_2024,chr7,151669887,T,C,PRKAG2,AD,c.552+5533A>G,Not provided,,,,NM_001040633.1,4/15,intron_variant,MODIFIER,Het,8,0.500,Hypertrophic cardiomyopathy,No,,No,Not provided,No,Not provided,Not provided,Not provided,0,Not provided,0,0,N/A,Not provided,Not provided,0,Not provided,0,Not provided,No database evidence,0.000015,v3,0.000,Not provided,Not provided,Not provided,[],[],unknown,No,"{""PM2_Moderate"": 2}",2,VUS,"No ClinVar submissions | No HGMD entry | raw_total=0.000, applied=None",No ClinVar submissions,No HGMD entry,0.000,,,,,PM2_Moderate: gnomAD max AF=1.50011e-05 < threshold 0.0001 for MOI AD,,,,,,,,,,,,No,No,,,"Failed strict QC: heterozygous variant on chr7 with DP=8 (min=10), AF=0.500 (min=0.2);Filtered: VUS with <5 points excluded from all reporting paths (auto/manual/delins);Failed strict QC",,Yes
7043970,3900_2024,chr7,151827745,T,TAAAAAAAAA,PRKAG2,AD,c.115-41213_115-41205dupTTTTTTTTT,Not provided,,,,NM_016203.4,1/15,intron_variant,MODIFIER,Het,8,0.778,Hypertrophic cardiomyopathy,No,,No,Not provided,No,Not provided,Not provided,Not provided,0,Not provided,0,0,N/A,Not provided,Not provided,0,Not provided,0,Not provided,No database evidence,0.0,Unknown,0.000,Not provided,0.020,Not provided,[],[],unknown,No,"{""PM2_Moderate"": 2}",2,VUS,"No ClinVar submissions | No HGMD entry | raw_total=0.000, applied=None",No ClinVar submissions,No HGMD entry,0.000,,,,,PM2_Moderate: gnomAD max AF=0 < threshold 0.0001 for MOI AD,,,,,,,,,,,,No,No,,,"Failed strict QC: heterozygous variant on chr7 with DP=8 (min=10), AF=0.778 (min=0.2);Filtered: VUS with <5 points excluded from all reporting paths (auto/manual/delins);Failed strict QC",,Yes
7043970,3900_2024,chr7,151855189,A,G,PRKAG2,AD,c.114+21318T>C,Not provided,,,,NM_016203.4,1/15,intron_variant,MODIFIER,Het,8,0.375,Hypertrophic cardiomyopathy,No,,No,Not provided,No,Not provided,Not provided,Not provided,0,Not provided,0,0,N/A,Not provided,Not provided,0,Not provided,0,Not provided,No database evidence,0.0,Unknown,0.000,Not provided,Not provided,Not provided,[],[],unknown,No,"{""PM2_Moderate"": 2}",2,VUS,"No ClinVar submissions | No HGMD entry | raw_total=0.000, applied=None",No ClinVar submissions,No HGMD entry,0.000,,,,,PM2_Moderate: gnomAD max AF=0 < threshold 0.0001 for MOI AD,,,,,,,,,,,,No,No,,,"Cluster id=21 detected (members=chr7:151855189:A:G:7043970;chr7:151855190:C:T:7043970) - no Pathogenic/LP present; delins NOT flagged; requires P/LP to consider delins.;Delins/overlap cluster (id=21) detected but not all members meet P/LP or >5pts -> not auto-escalated (possible carrier).;Failed strict QC: heterozygous variant on chr7 with DP=8 (min=10), AF=0.375 (min=0.2);Filtered: VUS with <5 points excluded from all reporting paths (auto/manual/delins);Failed strict QC",,Yes
7043970,3900_2024,chr7,151855190,C,T,PRKAG2,AD,c.114+21317G>A,Not provided,,,,NM_016203.4,1/15,intron_variant,MODIFIER,Het,8,0.250,Hypertrophic cardiomyopathy,No,,No,Not provided,No,Not provided,Not provided,Not provided,0,Not provided,0,0,N/A,Not provided,Not provided,0,Not provided,0,Not provided,No database evidence,0.0,Unknown,0.000,Not provided,Not provided,Not provided,[],[],unknown,No,"{""PM2_Moderate"": 2}",2,VUS,"No ClinVar submissions | No HGMD entry | raw_total=0.000, applied=None",No ClinVar submissions,No HGMD entry,0.000,,,,,PM2_Moderate: gnomAD max AF=0 < threshold 0.0001 for MOI AD,,,,,,,,,,,,No,No,,,"Cluster id=21 detected (members=chr7:151855189:A:G:7043970;chr7:151855190:C:T:7043970) - no Pathogenic/LP present; delins NOT flagged; requires P/LP to consider delins.;Delins/overlap cluster (id=21) detected but not all members meet P/LP or >5pts -> not auto-escalated (possible carrier).;Failed strict QC: heterozygous variant on chr7 with DP=8 (min=10), AF=0.250 (min=0.2);Filtered: VUS with <5 points excluded from all reporting paths (auto/manual/delins);Failed strict QC",,Yes
7043970,3900_2024,chr7,151855206,C,T,PRKAG2,AD,c.114+21301G>A,Not provided,,,,NM_016203.4,1/15,intron_variant,MODIFIER,Het,6,0.333,Hypertrophic cardiomyopathy,No,,No,Not provided,No,Not provided,Not provided,Not provided,0,Not provided,0,0,N/A,Not provided,Not provided,0,Not provided,0,Not provided,No database evidence,0.000065,v3,0.000,Not provided,Not provided,Not provided,[],[],unknown,No,"{""PM2_Moderate"": 2}",2,VUS,"No ClinVar submissions | No HGMD entry | raw_total=0.000, applied=None",No ClinVar submissions,No HGMD entry,0.000,,,,,PM2_Moderate: gnomAD max AF=6.4874e-05 < threshold 0.0001 for MOI AD,,,,,,,,,,,,No,No,,,"Cluster id=22 detected (members=chr7:151855206:C:T:7043970;chr7:151855207:C:G:7043970) - no Pathogenic/LP present; delins NOT flagged; requires P/LP to consider delins.;Delins/overlap cluster (id=22) detected but not all members meet P/LP or >5pts -> not auto-escalated (possible carrier).;Failed strict QC: heterozygous variant on chr7 with DP=6 (min=10), AF=0.333 (min=0.2);Filtered: VUS with <5 points excluded from all reporting paths (auto/manual/delins);Failed strict QC",,Yes
7043970,3900_2024,chr7,151855207,C,G,PRKAG2,AD,c.114+21300G>C,Not provided,,,,NM_016203.4,1/15,intron_variant,MODIFIER,Het,6,0.333,Hypertrophic cardiomyopathy,No,,No,Not provided,No,Not provided,Not provided,Not provided,0,Not provided,0,0,N/A,Not provided,Not provided,0,Not provided,0,Not provided,No database evidence,0.000019,v3,0.000,Not provided,Not provided,Not provided,[],[],unknown,No,"{""PM2_Moderate"": 2}",2,VUS,"No ClinVar submissions | No HGMD entry | raw_total=0.000, applied=None",No ClinVar submissions,No HGMD entry,0.000,,,,,PM2_Moderate: gnomAD max AF=1.85925e-05 < threshold 0.0001 for MOI AD,,,,,,,,,,,,No,No,,,"Cluster id=22 detected (members=chr7:151855206:C:T:7043970;chr7:151855207:C:G:7043970) - no Pathogenic/LP present; delins NOT flagged; requires P/LP to consider delins.;Delins/overlap cluster (id=22) detected but not all members meet P/LP or >5pts -> not auto-escalated (possible carrier).;Failed strict QC: heterozygous variant on chr7 with DP=6 (min=10), AF=0.333 (min=0.2);Filtered: VUS with <5 points excluded from all reporting paths (auto/manual/delins);Failed strict QC",,Yes
7043970,3900_2024,chr7,151855258,CCA,C,PRKAG2,AD,c.114+21247_114+21248delTG,Not provided,,,,NM_016203.4,1/15,intron_variant,MODIFIER,Het,7,0.273,Hypertrophic cardiomyopathy,No,,No,Not provided,No,Not provided,Not provided,Not provided,0,Not provided,0,0,N/A,Not provided,Not provided,0,Not provided,0,Not provided,No database evidence,0.0,Unknown,0.000,Not provided,Not provided,Not provided,[],[],unknown,No,"{""PM2_Moderate"": 2}",2,VUS,"No ClinVar submissions | No HGMD entry | raw_total=0.000, applied=None",No ClinVar submissions,No HGMD entry,0.000,,,,,PM2_Moderate: gnomAD max AF=0 < threshold 0.0001 for MOI AD,,,,,,,,,,,,No,No,,,"Cluster id=23 detected (members=chr7:151855258:CCA:C:7043970;chr7:151855270:C:T:7043970) - no Pathogenic/LP present; delins NOT flagged; requires P/LP to consider delins.;Delins/overlap cluster (id=23) detected but not all members meet P/LP or >5pts -> not auto-escalated (possible carrier).;Failed strict QC: heterozygous variant on chr7 with DP=7 (min=10), AF=0.273 (min=0.2);Filtered: VUS with <5 points excluded from all reporting paths (auto/manual/delins);Failed strict QC",,Yes
7043970,3900_2024,chr7,151855270,C,T,PRKAG2,AD,c.114+21237G>A,Not provided,,,,NM_016203.4,1/15,intron_variant,MODIFIER,Het,7,0.273,Hypertrophic cardiomyopathy,No,,No,Not provided,No,Not provided,Not provided,Not provided,0,Not provided,0,0,N/A,Not provided,Not provided,0,Not provided,0,Not provided,No database evidence,0.0,Unknown,0.000,Not provided,Not provided,Not provided,[],[],unknown,No,"{""PM2_Moderate"": 2}",2,VUS,"No ClinVar submissions | No HGMD entry | raw_total=0.000, applied=None",No ClinVar submissions,No HGMD entry,0.000,,,,,PM2_Moderate: gnomAD max AF=0 < threshold 0.0001 for MOI AD,,,,,,,,,,,,No,No,,,"Cluster id=23 detected (members=chr7:151855258:CCA:C:7043970;chr7:151855270:C:T:7043970) - no Pathogenic/LP present; delins NOT flagged; requires P/LP to consider delins.;Delins/overlap cluster (id=23) detected but not all members meet P/LP or >5pts -> not auto-escalated (possible carrier).;Failed strict QC: heterozygous variant on chr7 with DP=7 (min=10), AF=0.273 (min=0.2);Filtered: VUS with <5 points excluded from all reporting paths (auto/manual/delins);Failed strict QC",,Yes
7043970,3900_2024,chr7,151874486,TATGATGTATATGTATATG,T,PRKAG2,AD,c.114+2003_114+2020delCATATACATATACATCAT,Not provided,,,,NM_016203.4,1/15,intron_variant,MODIFIER,Het,5,0.400,Hypertrophic cardiomyopathy,No,,No,Not provided,No,Not provided,Not provided,Not provided,0,Not provided,0,0,N/A,Not provided,Not provided,0,Not provided,0,Not provided,No database evidence,0.0,Unknown,0.000,Not provided,0.010,Not provided,[],[],unknown,No,"{""PM2_Moderate"": 2}",2,VUS,"No ClinVar submissions | No HGMD entry | raw_total=0.000, applied=None",No ClinVar submissions,No HGMD entry,0.000,,,,,PM2_Moderate: gnomAD max AF=0 < threshold 0.0001 for MOI AD,,,,,,,,,,,,No,No,,,"Failed strict QC: heterozygous variant on chr7 with DP=5 (min=10), AF=0.400 (min=0.2);Filtered: VUS with <5 points excluded from all reporting paths (auto/manual/delins);Failed strict QC",,Yes
