sample,Family_ID,chrom,pos,ref,alt,gene,Inheritance,HGVSc,HGVSp,AA_ref,AA_alt,AA_pos,tid,Exon,Consequence,Impact,Zygosity,DP,Sample_AF,acmg_disease_association,Special_Guidance,Rules_applied,clinvar_phenotype_match,clinvar_phenotype_info,hgmd_phenotype_match,hgmd_phenotype_info,clinvar_trait,clinvar_sig,clinvar_stars,clinvar_consensus_class,clinvar_consensus_stars,clinvar_aggregate_stars,clinvar_phenotype_match_method,hgmd_class,hgmd_phenotype,hgmd_publication_count,hgmd_rankscore,hgmd_dmsupported,internal_db_sig,database_summary,gnomAD_AF,gnomAD_version,REVEL,CADD,SpliceAI,AlphaMissense,ps1_matches,pm5_matches,phase,is_delins_part,criteria_points_ext,total_ext_points,extended_class,PP5ext_BP5ext_expl,PP5_clin_block,PP5_hgmd_block,PP5_raw_total,PP5_applied,PVS1_expl,PS1_expl,PM1_expl,PM2_expl,PM3_expl,PM4_expl,PM5_expl,PP1_expl,PP3_expl,BA1_expl,BS1_expl,BS2_expl,BP4_expl,BP6_expl,BP7_expl,in_auto_report,in_manual_review,auto_report_reasons,manual_reasons,comments,filtered_reasons,filtered_out
27021230,14841_2024,chr1,17051185,C,T,SDHB,AD,c.72+2763G>A,Not provided,,,,NM_003000.3,1/7,intron_variant,MODIFIER,Het,73,0.493,Hereditary paraganglioma-pheochromocytoma syndrome,No,,No,Not provided,No,Not provided,Not provided,Not provided,0,Not provided,0,0,N/A,Not provided,Not provided,0,Not provided,0,Not provided,No database evidence,0.003672,v2,-1.000,Not provided,Not provided,Not provided,[],[],unknown,No,{},0,VUS,"No ClinVar submissions | No HGMD entry | raw_total=0.000, applied=None",No ClinVar submissions,No HGMD entry,0.000,,,,,,,,,,,,,,,,,No,No,,,Filtered: VUS with <5 points excluded from all reporting paths (auto/manual/delins),,Yes
27021230,14841_2024,chr1,45338417,C,T,MUTYH,AR,c.-7+1802G>A,Not provided,,,,NM_001048171.2,1/15,intron_variant,MODIFIER,Het,62,0.597,MUTYH-associated polyposis,No,,No,Not provided,No,Not provided,Not provided,Not provided,0,Not provided,0,0,N/A,Not provided,Not provided,0,Not provided,0,Not provided,No database evidence,0.0,Unknown,-1.000,Not provided,Not provided,Not provided,[],[],unknown,No,"{""PM2_Moderate"": 2}",2,VUS,"No ClinVar submissions | No HGMD entry | raw_total=0.000, applied=None",No ClinVar submissions,No HGMD entry,0.000,,,,,PM2_Moderate: gnomAD max AF=0 < threshold 0.005 for MOI AR,,,,,,,,,,,,No,No,,,Filtered: VUS with <5 points excluded from all reporting paths (auto/manual/delins),,Yes
27021230,14841_2024,chr1,55047630,T,C,PCSK9,AD,c.523+984T>C,Not provided,,,,NM_174936.4,3/11,intron_variant,MODIFIER,Het,61,0.443,Familial hypercholesterolemia,Yes,"No include rule matched; rules require explicit inclusion (whitelist);Include if Impact is ""MODERATE"" or ""LOW"";No include rule matched; rules require explicit inclusion (whitelist);Include if Impact is ""MODERATE"" or ""LOW"";No include rule matched; rules require explicit inclusion (whitelist);Include if Impact is ""MODERATE"" or ""LOW""",No,Not provided,No,Not provided,Not provided,Not provided,0,Not provided,0,0,N/A,Not provided,Not provided,0,Not provided,0,Not provided,No database evidence,0.000085,v3,-1.000,Not provided,Not provided,Not provided,[],[],unknown,No,"{""PM2_Moderate"": 2}",2,VUS,"No ClinVar submissions | No HGMD entry | raw_total=0.000, applied=None",No ClinVar submissions,No HGMD entry,0.000,,,,,PM2_Moderate: gnomAD max AF=8.54341e-05 < threshold 0.0001 for MOI AD,,,,,,,,,,,,No,No,,,"Filtered: VUS with <5 points excluded from all reporting paths (auto/manual/delins);Filtered by gene 'Rules' (exclude): No include rule matched; rules require explicit inclusion (whitelist); Include if Impact is ""MODERATE"" or ""LOW""","Filtered: VUS with <5 points excluded from all reporting paths (auto/manual/delins);Filtered by gene 'Rules' (exclude): No include rule matched; rules require explicit inclusion (whitelist); Include if Impact is ""MODERATE"" or ""LOW""",Yes
27021230,14841_2024,chr1,55063755,C,T,PCSK9,AD,c.*171C>T,Not provided,,,,NM_174936.4,12/12,3_prime_UTR_variant,MODIFIER,Het,63,0.476,Familial hypercholesterolemia,Yes,"No include rule matched; rules require explicit inclusion (whitelist);Include if Impact is ""MODERATE"" or ""LOW"";No include rule matched; rules require explicit inclusion (whitelist);Include if Impact is ""MODERATE"" or ""LOW"";No include rule matched; rules require explicit inclusion (whitelist);Include if Impact is ""MODERATE"" or ""LOW""",Yes,"Hypercholesterolemia, autosomal dominant, 3;Hypobetalipoproteinemia",Yes,Hypercholesterolaemia,"Hypercholesterolemia, autosomal dominant, 3;Hypobetalipoproteinemia",uncertain significance;likely benign,1;1,Uncertain significance,1,1,conditions_csv_phenotype_match,DM?,Hypercholesterolaemia,1,Not provided,1,Not provided,"ClinVar: Sig=uncertain significance;likely benign; ClinVar: Trait=Hypercholesterolemia, autosomal dominant, 3;Hypobetalipoproteinemia; HGMD: Phen=Hypercholesterolaemia",0.0,Unknown,-1.000,Not provided,Not provided,Not provided,[],[],unknown,No,"{""PM2_Moderate"": 2, ""PP5ext_Supporting"": 1}",3,VUS,"sig=likely benign (-2 points), stars=1 (0.75 coef), clinvar_phenotype_match=No [PENALTY APPLIED], clin=-1.000 | class=DM? (1 points), pubs=1, dm_supported=1 (1/1), coef=2.0, hgmd_phenotype_match=Yes, hgmd=2.000 | raw_total=1.000, applied=PP5ext_Supporting","sig=likely benign (-2 points), stars=1 (0.75 coef), clinvar_phenotype_match=No [PENALTY APPLIED], clin=-1.000","class=DM? (1 points), pubs=1, dm_supported=1 (1/1), coef=2.0, hgmd_phenotype_match=Yes, hgmd=2.000",1.000,PP5ext_Supporting,,,,PM2_Moderate: gnomAD max AF=0 < threshold 0.0001 for MOI AD,,,,,,,,,,,,No,No,,,"Filtered: VUS with <5 points excluded from all reporting paths (auto/manual/delins);Filtered by gene 'Rules' (exclude): No include rule matched; rules require explicit inclusion (whitelist); Include if Impact is ""MODERATE"" or ""LOW""","Filtered: VUS with <5 points excluded from all reporting paths (auto/manual/delins);Filtered by gene 'Rules' (exclude): No include rule matched; rules require explicit inclusion (whitelist); Include if Impact is ""MODERATE"" or ""LOW""",Yes
27021230,14841_2024,chr1,115710745,A,C,CASQ2,AR,c.839-5453T>G,Not provided,,,,NM_001232.4,8/10,intron_variant,MODIFIER,Het,77,0.442,Catecholaminergic polymorphic ventricular tachycardia,No,,No,Not provided,No,Not provided,Not provided,Not provided,0,Not provided,0,0,N/A,Not provided,Not provided,0,Not provided,0,Not provided,No database evidence,0.0,Unknown,-1.000,Not provided,Not provided,Not provided,[],[],unknown,No,"{""PM2_Moderate"": 2}",2,VUS,"No ClinVar submissions | No HGMD entry | raw_total=0.000, applied=None",No ClinVar submissions,No HGMD entry,0.000,,,,,PM2_Moderate: gnomAD max AF=0 < threshold 0.005 for MOI AR,,,,,,,,,,,,No,No,,,Filtered: VUS with <5 points excluded from all reporting paths (auto/manual/delins),,Yes
27021230,14841_2024,chr1,115736964,C,T,CASQ2,AR,c.532+1260G>A,Not provided,,,,NM_001232.4,4/10,intron_variant,MODIFIER,Het,87,0.460,Catecholaminergic polymorphic ventricular tachycardia,No,,No,Not provided,No,Not provided,Not provided,Not provided,0,Not provided,0,0,N/A,Not provided,Not provided,0,Not provided,0,Not provided,No database evidence,0.0,Unknown,-1.000,Not provided,Not provided,Not provided,[],[],unknown,No,"{""PM2_Moderate"": 2}",2,VUS,"No ClinVar submissions | No HGMD entry | raw_total=0.000, applied=None",No ClinVar submissions,No HGMD entry,0.000,,,,,PM2_Moderate: gnomAD max AF=0 < threshold 0.005 for MOI AR,,,,,,,,,,,,No,No,,,Filtered: VUS with <5 points excluded from all reporting paths (auto/manual/delins),,Yes
27021230,14841_2024,chr1,115739061,T,TA,CASQ2,AR,c.421-727_421-726insT,Not provided,,,,NM_001232.4,3/10,intron_variant,MODIFIER,Het,49,0.347,Catecholaminergic polymorphic ventricular tachycardia,No,,No,Not provided,No,Not provided,Not provided,Not provided,0,Not provided,0,0,N/A,Not provided,Not provided,0,Not provided,0,Not provided,No database evidence,0.0,Unknown,-1.000,Not provided,Not provided,Not provided,[],[],unknown,No,"{""PM2_Moderate"": 2}",2,VUS,"No ClinVar submissions | No HGMD entry | raw_total=0.000, applied=None",No ClinVar submissions,No HGMD entry,0.000,,,,,PM2_Moderate: gnomAD max AF=0 < threshold 0.005 for MOI AR,,,,,,,,,,,,No,No,,,Filtered: VUS with <5 points excluded from all reporting paths (auto/manual/delins),,Yes
27021230,14841_2024,chr1,115739288,TG,T,CASQ2,AR,c.421-954delC,Not provided,,,,NM_001232.4,3/10,intron_variant,MODIFIER,Het,57,0.421,Catecholaminergic polymorphic ventricular tachycardia,No,,No,Not provided,No,Not provided,Not provided,Not provided,0,Not provided,0,0,N/A,Not provided,Not provided,0,Not provided,0,Not provided,No database evidence,0.000048,v3,-1.000,Not provided,Not provided,Not provided,[],[],unknown,No,"{""PM2_Moderate"": 2}",2,VUS,"No ClinVar submissions | No HGMD entry | raw_total=0.000, applied=None",No ClinVar submissions,No HGMD entry,0.000,,,,,PM2_Moderate: gnomAD max AF=4.76197e-05 < threshold 0.005 for MOI AR,,,,,,,,,,,,No,No,,,Filtered: VUS with <5 points excluded from all reporting paths (auto/manual/delins),,Yes
27021230,14841_2024,chr1,161336775,TG,T,SDHC,AD,c.180-3817delG,Not provided,,,,NM_001035511.2,3/4,intron_variant,MODIFIER,Het,45,0.422,Hereditary paraganglioma-pheochromocytoma syndrome,No,,No,Not provided,No,Not provided,Not provided,Not provided,0,Not provided,0,0,N/A,Not provided,Not provided,0,Not provided,0,Not provided,No database evidence,0.000013,v3,-1.000,Not provided,Not provided,Not provided,[],[],unknown,No,"{""PM2_Moderate"": 2}",2,VUS,"No ClinVar submissions | No HGMD entry | raw_total=0.000, applied=None",No ClinVar submissions,No HGMD entry,0.000,,,,,PM2_Moderate: gnomAD max AF=1.31463e-05 < threshold 0.0001 for MOI AD,,,,,,,,,,,,No,No,,,Filtered: VUS with <5 points excluded from all reporting paths (auto/manual/delins),,Yes
27021230,14841_2024,chr1,201053538,C,T,CACNA1S,AD,c.3716G>A,p.Arg1239His,Arg,His,1239,NM_000069.3,30/44,missense_variant,MODERATE,Het,46,0.522,Malignant hyperthermia,No,,Yes,"Hypokalemic periodic paralysis, type 1;Malignant hyperthermia, susceptibility to, 5;Malignant hyperthermia, susceptibility to, 5;C3714580:Hypokalemic periodic paralysis, type 1",No,Hypokalaemic periodic paralysis,"Hypokalemic periodic paralysis, type 1;Malignant hyperthermia, susceptibility to, 5;Malignant hyperthermia, susceptibility to, 5;C3714580:Hypokalemic periodic paralysis, type 1",pathogenic;pathogenic;pathogenic,2;2;2,Pathogenic,2,2,conditions_csv_phenotype_match,DM,Hypokalaemic periodic paralysis,25,0.99,23,Not provided,"ClinVar: Sig=pathogenic;pathogenic;pathogenic; ClinVar: Trait=Hypokalemic periodic paralysis, type 1;Malignant hyperthermia, susceptibility to, 5;Malignant hyperthermia, susceptibility to, 5;C3714580:Hypokalemic periodic paralysis, type 1; HGMD: Phen=Hypokalaemic periodic paralysis",0.0,Unknown,0.971,Not provided,Not provided,Not provided,[],[],unknown,No,"{""PM2_Moderate"": 2, ""PP3_Moderate"": 2, ""PP5ext_Strong"": 4}",8,Likely pathogenic,"sig=pathogenic (3 points), stars=2 (1.0 coef), clinvar_phenotype_match=Yes, clin=3.000 | class=DM (3 points), pubs=25, dm_supported=23 (23/25), coef=2.0, hgmd_phenotype_match=No [PENALTY APPLIED], hgmd=1.000 | raw_total=4.000, applied=PP5ext_Strong","sig=pathogenic (3 points), stars=2 (1.0 coef), clinvar_phenotype_match=Yes, clin=3.000","class=DM (3 points), pubs=25, dm_supported=23 (23/25), coef=2.0, hgmd_phenotype_match=No [PENALTY APPLIED], hgmd=1.000",4.000,PP5ext_Strong,,,,PM2_Moderate: gnomAD max AF=0 < threshold 0.0001 for MOI AD,,,,,"PP3_Moderate: computational evidence (SpliceAI=0.000, REVEL=0.971, CADD=NA) met moderate thresholds",,,,,,,Yes,No,Extended score,,Extended score,,No
27021230,14841_2024,chr1,237056671,A,AG,RYR2,AD,c.48+14102_48+14103insG,Not provided,,,,NM_001035.3,1/104,intron_variant,MODIFIER,Hom,59,0.967,Catecholaminergic polymorphic ventricular tachycardia,No,,No,Not provided,No,Not provided,Not provided,Not provided,0,Not provided,0,0,N/A,Not provided,Not provided,0,Not provided,0,Not provided,No database evidence,0.0,Unknown,-1.000,Not provided,Not provided,Not provided,[],[],unknown,No,"{""PM2_Moderate"": 2}",2,VUS,"No ClinVar submissions | No HGMD entry | raw_total=0.000, applied=None",No ClinVar submissions,No HGMD entry,0.000,,,,,PM2_Moderate: gnomAD max AF=0 < threshold 0.0001 for MOI AD,,,,,,,,,,,,No,No,,,Cluster id=1 detected (members=chr1:237056671:A:AG:27021230;chr1:237056674:G:A:27021230;chr1:237056672:T:C:27021230) - no Pathogenic/LP present; delins NOT flagged; requires P/LP to consider delins.;Delins/overlap cluster (id=1) detected but not all members meet P/LP or >5pts -> not auto-escalated (possible carrier).;Filtered: VUS with <5 points excluded from all reporting paths (auto/manual/delins),,Yes
27021230,14841_2024,chr1,237056672,T,C,RYR2,AD,c.48+14103T>C,Not provided,,,,NM_001035.3,1/104,intron_variant,MODIFIER,Hom,58,1.000,Catecholaminergic polymorphic ventricular tachycardia,No,,No,Not provided,No,Not provided,Not provided,Not provided,0,Not provided,0,0,N/A,Not provided,Not provided,0,Not provided,0,Not provided,No database evidence,0.0,Unknown,-1.000,Not provided,Not provided,Not provided,[],[],unknown,No,"{""PM2_Moderate"": 2}",2,VUS,"No ClinVar submissions | No HGMD entry | raw_total=0.000, applied=None",No ClinVar submissions,No HGMD entry,0.000,,,,,PM2_Moderate: gnomAD max AF=0 < threshold 0.0001 for MOI AD,,,,,,,,,,,,No,No,,,Cluster id=1 detected (members=chr1:237056671:A:AG:27021230;chr1:237056674:G:A:27021230;chr1:237056672:T:C:27021230) - no Pathogenic/LP present; delins NOT flagged; requires P/LP to consider delins.;Delins/overlap cluster (id=1) detected but not all members meet P/LP or >5pts -> not auto-escalated (possible carrier).;Filtered: VUS with <5 points excluded from all reporting paths (auto/manual/delins),,Yes
27021230,14841_2024,chr1,237056674,G,A,RYR2,AD,c.48+14105G>A,Not provided,,,,NM_001035.3,1/104,intron_variant,MODIFIER,Hom,59,1.000,Catecholaminergic polymorphic ventricular tachycardia,No,,No,Not provided,No,Not provided,Not provided,Not provided,0,Not provided,0,0,N/A,Not provided,Not provided,0,Not provided,0,Not provided,No database evidence,0.0,Unknown,-1.000,Not provided,Not provided,Not provided,[],[],unknown,No,"{""PM2_Moderate"": 2}",2,VUS,"No ClinVar submissions | No HGMD entry | raw_total=0.000, applied=None",No ClinVar submissions,No HGMD entry,0.000,,,,,PM2_Moderate: gnomAD max AF=0 < threshold 0.0001 for MOI AD,,,,,,,,,,,,No,No,,,Cluster id=1 detected (members=chr1:237056671:A:AG:27021230;chr1:237056674:G:A:27021230;chr1:237056672:T:C:27021230) - no Pathogenic/LP present; delins NOT flagged; requires P/LP to consider delins.;Delins/overlap cluster (id=1) detected but not all members meet P/LP or >5pts -> not auto-escalated (possible carrier).;Filtered: VUS with <5 points excluded from all reporting paths (auto/manual/delins),,Yes
27021230,14841_2024,chr1,237061276,CAT,C,RYR2,AD,c.48+18708_48+18709delAT,Not provided,,,,NM_001035.3,1/104,intron_variant,MODIFIER,Het,57,0.316,Catecholaminergic polymorphic ventricular tachycardia,No,,No,Not provided,No,Not provided,Not provided,Not provided,0,Not provided,0,0,N/A,Not provided,Not provided,0,Not provided,0,Not provided,No database evidence,0.0,Unknown,-1.000,Not provided,Not provided,Not provided,[],[],unknown,No,"{""PM2_Moderate"": 2}",2,VUS,"No ClinVar submissions | No HGMD entry | raw_total=0.000, applied=None",No ClinVar submissions,No HGMD entry,0.000,,,,,PM2_Moderate: gnomAD max AF=0 < threshold 0.0001 for MOI AD,,,,,,,,,,,,No,No,,,Cluster id=2 detected (members=chr1:237061276:CAT:C:27021230;chr1:237061287:CTATCT:C:27021230;chr1:237061279:CT:C:27021230) - no Pathogenic/LP present; delins NOT flagged; requires P/LP to consider delins.;Delins/overlap cluster (id=2) detected but not all members meet P/LP or >5pts -> not auto-escalated (possible carrier).;Filtered: VUS with <5 points excluded from all reporting paths (auto/manual/delins),,Yes
27021230,14841_2024,chr1,237061279,CT,C,RYR2,AD,c.48+18711delT,Not provided,,,,NM_001035.3,1/104,intron_variant,MODIFIER,Het,55,0.327,Catecholaminergic polymorphic ventricular tachycardia,No,,No,Not provided,No,Not provided,Not provided,Not provided,0,Not provided,0,0,N/A,Not provided,Not provided,0,Not provided,0,Not provided,No database evidence,0.0,Unknown,-1.000,Not provided,Not provided,Not provided,[],[],unknown,No,"{""PM2_Moderate"": 2}",2,VUS,"No ClinVar submissions | No HGMD entry | raw_total=0.000, applied=None",No ClinVar submissions,No HGMD entry,0.000,,,,,PM2_Moderate: gnomAD max AF=0 < threshold 0.0001 for MOI AD,,,,,,,,,,,,No,No,,,Cluster id=2 detected (members=chr1:237061276:CAT:C:27021230;chr1:237061287:CTATCT:C:27021230;chr1:237061279:CT:C:27021230) - no Pathogenic/LP present; delins NOT flagged; requires P/LP to consider delins.;Delins/overlap cluster (id=2) detected but not all members meet P/LP or >5pts -> not auto-escalated (possible carrier).;Filtered: VUS with <5 points excluded from all reporting paths (auto/manual/delins),,Yes
27021230,14841_2024,chr1,237061287,CTATCT,C,RYR2,AD,c.48+18719_48+18723delTATCT,Not provided,,,,NM_001035.3,1/104,intron_variant,MODIFIER,Het,56,0.321,Catecholaminergic polymorphic ventricular tachycardia,No,,No,Not provided,No,Not provided,Not provided,Not provided,0,Not provided,0,0,N/A,Not provided,Not provided,0,Not provided,0,Not provided,No database evidence,0.0,Unknown,-1.000,Not provided,0.000,Not provided,[],[],unknown,No,"{""PM2_Moderate"": 2}",2,VUS,"No ClinVar submissions | No HGMD entry | raw_total=0.000, applied=None",No ClinVar submissions,No HGMD entry,0.000,,,,,PM2_Moderate: gnomAD max AF=0 < threshold 0.0001 for MOI AD,,,,,,,,,,,,No,No,,,Cluster id=2 detected (members=chr1:237061276:CAT:C:27021230;chr1:237061287:CTATCT:C:27021230;chr1:237061279:CT:C:27021230) - no Pathogenic/LP present; delins NOT flagged; requires P/LP to consider delins.;Delins/overlap cluster (id=2) detected but not all members meet P/LP or >5pts -> not auto-escalated (possible carrier).;Filtered: VUS with <5 points excluded from all reporting paths (auto/manual/delins),,Yes
27021230,14841_2024,chr1,237075317,G,A,RYR2,AD,c.48+32748G>A,Not provided,,,,NM_001035.3,1/104,intron_variant,MODIFIER,Het,65,0.554,Catecholaminergic polymorphic ventricular tachycardia,No,,No,Not provided,No,Not provided,Not provided,Not provided,0,Not provided,0,0,N/A,Not provided,Not provided,0,Not provided,0,Not provided,No database evidence,0.0,Unknown,-1.000,Not provided,Not provided,Not provided,[],[],unknown,No,"{""PM2_Moderate"": 2}",2,VUS,"No ClinVar submissions | No HGMD entry | raw_total=0.000, applied=None",No ClinVar submissions,No HGMD entry,0.000,,,,,PM2_Moderate: gnomAD max AF=0 < threshold 0.0001 for MOI AD,,,,,,,,,,,,No,No,,,Filtered: VUS with <5 points excluded from all reporting paths (auto/manual/delins),,Yes
27021230,14841_2024,chr1,237078611,G,A,RYR2,AD,c.48+36042G>A,Not provided,,,,NM_001035.3,1/104,intron_variant,MODIFIER,Het,12,0.500,Catecholaminergic polymorphic ventricular tachycardia,No,,No,Not provided,No,Not provided,Not provided,Not provided,0,Not provided,0,0,N/A,Not provided,Not provided,0,Not provided,0,Not provided,No database evidence,0.0,Unknown,-1.000,Not provided,Not provided,Not provided,[],[],unknown,No,"{""PM2_Moderate"": 2}",2,VUS,"No ClinVar submissions | No HGMD entry | raw_total=0.000, applied=None",No ClinVar submissions,No HGMD entry,0.000,,,,,PM2_Moderate: gnomAD max AF=0 < threshold 0.0001 for MOI AD,,,,,,,,,,,,No,No,,,Filtered: VUS with <5 points excluded from all reporting paths (auto/manual/delins),,Yes
27021230,14841_2024,chr1,237081572,G,T,RYR2,AD,c.48+39003G>T,Not provided,,,,NM_001035.3,1/104,intron_variant,MODIFIER,Het,41,0.488,Catecholaminergic polymorphic ventricular tachycardia,No,,No,Not provided,No,Not provided,Not provided,Not provided,0,Not provided,0,0,N/A,Not provided,Not provided,0,Not provided,0,Not provided,No database evidence,0.0,Unknown,-1.000,Not provided,Not provided,Not provided,[],[],unknown,No,"{""PM2_Moderate"": 2}",2,VUS,"No ClinVar submissions | No HGMD entry | raw_total=0.000, applied=None",No ClinVar submissions,No HGMD entry,0.000,,,,,PM2_Moderate: gnomAD max AF=0 < threshold 0.0001 for MOI AD,,,,,,,,,,,,No,No,,,Filtered: VUS with <5 points excluded from all reporting paths (auto/manual/delins),,Yes
27021230,14841_2024,chr1,237098633,G,A,RYR2,AD,c.48+56064G>A,Not provided,,,,NM_001035.3,1/104,intron_variant,MODIFIER,Het,71,0.408,Catecholaminergic polymorphic ventricular tachycardia,No,,No,Not provided,No,Not provided,Not provided,Not provided,0,Not provided,0,0,N/A,Not provided,Not provided,0,Not provided,0,Not provided,No database evidence,0.0,Unknown,-1.000,Not provided,Not provided,Not provided,[],[],unknown,No,"{""PM2_Moderate"": 2}",2,VUS,"No ClinVar submissions | No HGMD entry | raw_total=0.000, applied=None",No ClinVar submissions,No HGMD entry,0.000,,,,,PM2_Moderate: gnomAD max AF=0 < threshold 0.0001 for MOI AD,,,,,,,,,,,,No,No,,,Filtered: VUS with <5 points excluded from all reporting paths (auto/manual/delins),,Yes
27021230,14841_2024,chr1,237105424,C,T,RYR2,AD,c.48+62855C>T,Not provided,,,,NM_001035.3,1/104,intron_variant,MODIFIER,Het,58,0.525,Catecholaminergic polymorphic ventricular tachycardia,No,,No,Not provided,No,Not provided,Not provided,Not provided,0,Not provided,0,0,N/A,Not provided,Not provided,0,Not provided,0,Not provided,No database evidence,0.0,Unknown,-1.000,Not provided,Not provided,Not provided,[],[],unknown,No,"{""PM2_Moderate"": 2}",2,VUS,"No ClinVar submissions | No HGMD entry | raw_total=0.000, applied=None",No ClinVar submissions,No HGMD entry,0.000,,,,,PM2_Moderate: gnomAD max AF=0 < threshold 0.0001 for MOI AD,,,,,,,,,,,,No,No,,,Filtered: VUS with <5 points excluded from all reporting paths (auto/manual/delins),,Yes
27021230,14841_2024,chr1,237116885,C,G,RYR2,AD,c.48+74316C>G,Not provided,,,,NM_001035.3,1/104,intron_variant,MODIFIER,Het,67,0.358,Catecholaminergic polymorphic ventricular tachycardia,No,,No,Not provided,No,Not provided,Not provided,Not provided,0,Not provided,0,0,N/A,Not provided,Not provided,0,Not provided,0,Not provided,No database evidence,0.0,Unknown,-1.000,Not provided,Not provided,Not provided,[],[],unknown,No,"{""PM2_Moderate"": 2}",2,VUS,"No ClinVar submissions | No HGMD entry | raw_total=0.000, applied=None",No ClinVar submissions,No HGMD entry,0.000,,,,,PM2_Moderate: gnomAD max AF=0 < threshold 0.0001 for MOI AD,,,,,,,,,,,,No,No,,,Filtered: VUS with <5 points excluded from all reporting paths (auto/manual/delins),,Yes
27021230,14841_2024,chr1,237142688,C,T,RYR2,AD,c.48+100119C>T,Not provided,,,,NM_001035.3,1/104,intron_variant,MODIFIER,Het,71,0.465,Catecholaminergic polymorphic ventricular tachycardia,No,,No,Not provided,No,Not provided,Not provided,Not provided,0,Not provided,0,0,N/A,Not provided,Not provided,0,Not provided,0,Not provided,No database evidence,0.0,Unknown,-1.000,Not provided,Not provided,Not provided,[],[],unknown,No,"{""PM2_Moderate"": 2}",2,VUS,"No ClinVar submissions | No HGMD entry | raw_total=0.000, applied=None",No ClinVar submissions,No HGMD entry,0.000,,,,,PM2_Moderate: gnomAD max AF=0 < threshold 0.0001 for MOI AD,,,,,,,,,,,,No,No,,,Filtered: VUS with <5 points excluded from all reporting paths (auto/manual/delins),,Yes
27021230,14841_2024,chr1,237148553,T,TATATATATATACAC,RYR2,AD,c.48+105985_48+105986insTATATATATACACA,Not provided,,,,NM_001035.3,1/104,intron_variant,MODIFIER,Het,44,0.318,Catecholaminergic polymorphic ventricular tachycardia,No,,No,Not provided,No,Not provided,Not provided,Not provided,0,Not provided,0,0,N/A,Not provided,Not provided,0,Not provided,0,Not provided,No database evidence,0.0,Unknown,-1.000,Not provided,0.000,Not provided,[],[],unknown,No,"{""PM2_Moderate"": 2}",2,VUS,"No ClinVar submissions | No HGMD entry | raw_total=0.000, applied=None",No ClinVar submissions,No HGMD entry,0.000,,,,,PM2_Moderate: gnomAD max AF=0 < threshold 0.0001 for MOI AD,,,,,,,,,,,,No,No,,,Filtered: VUS with <5 points excluded from all reporting paths (auto/manual/delins),,Yes
27021230,14841_2024,chr1,237176242,G,GA,RYR2,AD,c.49-94248dupA,Not provided,,,,NM_001035.3,1/104,intron_variant,MODIFIER,Het,64,0.406,Catecholaminergic polymorphic ventricular tachycardia,No,,No,Not provided,No,Not provided,Not provided,Not provided,0,Not provided,0,0,N/A,Not provided,Not provided,0,Not provided,0,Not provided,No database evidence,0.0,Unknown,-1.000,Not provided,Not provided,Not provided,[],[],unknown,No,"{""PM2_Moderate"": 2}",2,VUS,"No ClinVar submissions | No HGMD entry | raw_total=0.000, applied=None",No ClinVar submissions,No HGMD entry,0.000,,,,,PM2_Moderate: gnomAD max AF=0 < threshold 0.0001 for MOI AD,,,,,,,,,,,,No,No,,,Filtered: VUS with <5 points excluded from all reporting paths (auto/manual/delins),,Yes
27021230,14841_2024,chr1,237208934,G,A,RYR2,AD,c.49-61563G>A,Not provided,,,,NM_001035.3,1/104,intron_variant,MODIFIER,Het,54,0.315,Catecholaminergic polymorphic ventricular tachycardia,No,,No,Not provided,No,Not provided,Not provided,Not provided,0,Not provided,0,0,N/A,Not provided,Not provided,0,Not provided,0,Not provided,No database evidence,0.0,Unknown,-1.000,Not provided,Not provided,Not provided,[],[],unknown,No,"{""PM2_Moderate"": 2}",2,VUS,"No ClinVar submissions | No HGMD entry | raw_total=0.000, applied=None",No ClinVar submissions,No HGMD entry,0.000,,,,,PM2_Moderate: gnomAD max AF=0 < threshold 0.0001 for MOI AD,,,,,,,,,,,,No,No,,,Cluster id=3 detected (members=chr1:237208934:G:A:27021230;chr1:237208944:A:ATGTG:27021230;chr1:237208936:G:A:27021230) - no Pathogenic/LP present; delins NOT flagged; requires P/LP to consider delins.;Delins/overlap cluster (id=3) detected but not all members meet P/LP or >5pts -> not auto-escalated (possible carrier).;Filtered: VUS with <5 points excluded from all reporting paths (auto/manual/delins),,Yes
27021230,14841_2024,chr1,237208936,G,A,RYR2,AD,c.49-61561G>A,Not provided,,,,NM_001035.3,1/104,intron_variant,MODIFIER,Het,53,0.377,Catecholaminergic polymorphic ventricular tachycardia,No,,No,Not provided,No,Not provided,Not provided,Not provided,0,Not provided,0,0,N/A,Not provided,Not provided,0,Not provided,0,Not provided,No database evidence,0.000022,v3,-1.000,Not provided,Not provided,Not provided,[],[],unknown,No,"{""PM2_Moderate"": 2}",2,VUS,"No ClinVar submissions | No HGMD entry | raw_total=0.000, applied=None",No ClinVar submissions,No HGMD entry,0.000,,,,,PM2_Moderate: gnomAD max AF=2.22544e-05 < threshold 0.0001 for MOI AD,,,,,,,,,,,,No,No,,,Cluster id=3 detected (members=chr1:237208934:G:A:27021230;chr1:237208944:A:ATGTG:27021230;chr1:237208936:G:A:27021230) - no Pathogenic/LP present; delins NOT flagged; requires P/LP to consider delins.;Delins/overlap cluster (id=3) detected but not all members meet P/LP or >5pts -> not auto-escalated (possible carrier).;Filtered: VUS with <5 points excluded from all reporting paths (auto/manual/delins),,Yes
27021230,14841_2024,chr1,237208944,A,ATGTG,RYR2,AD,c.49-61552_49-61551insGTGT,Not provided,,,,NM_001035.3,1/104,intron_variant,MODIFIER,Het,46,0.370,Catecholaminergic polymorphic ventricular tachycardia,No,,No,Not provided,No,Not provided,Not provided,Not provided,0,Not provided,0,0,N/A,Not provided,Not provided,0,Not provided,0,Not provided,No database evidence,0.0,Unknown,-1.000,Not provided,0.000,Not provided,[],[],unknown,No,"{""PM2_Moderate"": 2}",2,VUS,"No ClinVar submissions | No HGMD entry | raw_total=0.000, applied=None",No ClinVar submissions,No HGMD entry,0.000,,,,,PM2_Moderate: gnomAD max AF=0 < threshold 0.0001 for MOI AD,,,,,,,,,,,,No,No,,,Cluster id=3 detected (members=chr1:237208934:G:A:27021230;chr1:237208944:A:ATGTG:27021230;chr1:237208936:G:A:27021230) - no Pathogenic/LP present; delins NOT flagged; requires P/LP to consider delins.;Delins/overlap cluster (id=3) detected but not all members meet P/LP or >5pts -> not auto-escalated (possible carrier).;Filtered: VUS with <5 points excluded from all reporting paths (auto/manual/delins),,Yes
27021230,14841_2024,chr1,237219531,C,T,RYR2,AD,c.49-50966C>T,Not provided,,,,NM_001035.3,1/104,intron_variant,MODIFIER,Het,65,0.631,Catecholaminergic polymorphic ventricular tachycardia,No,,No,Not provided,No,Not provided,Not provided,Not provided,0,Not provided,0,0,N/A,Not provided,Not provided,0,Not provided,0,Not provided,No database evidence,0.0,Unknown,-1.000,Not provided,Not provided,Not provided,[],[],unknown,No,"{""PM2_Moderate"": 2}",2,VUS,"No ClinVar submissions | No HGMD entry | raw_total=0.000, applied=None",No ClinVar submissions,No HGMD entry,0.000,,,,,PM2_Moderate: gnomAD max AF=0 < threshold 0.0001 for MOI AD,,,,,,,,,,,,No,No,,,Filtered: VUS with <5 points excluded from all reporting paths (auto/manual/delins),,Yes
27021230,14841_2024,chr1,237250842,C,T,RYR2,AD,c.49-19655C>T,Not provided,,,,NM_001035.3,1/104,intron_variant,MODIFIER,Het,58,0.525,Catecholaminergic polymorphic ventricular tachycardia,No,,No,Not provided,No,Not provided,Not provided,Not provided,0,Not provided,0,0,N/A,Not provided,Not provided,0,Not provided,0,Not provided,No database evidence,0.000059,v3,-1.000,Not provided,Not provided,Not provided,[],[],unknown,No,"{""PM2_Moderate"": 2}",2,VUS,"No ClinVar submissions | No HGMD entry | raw_total=0.000, applied=None",No ClinVar submissions,No HGMD entry,0.000,,,,,PM2_Moderate: gnomAD max AF=5.91872e-05 < threshold 0.0001 for MOI AD,,,,,,,,,,,,No,No,,,Filtered: VUS with <5 points excluded from all reporting paths (auto/manual/delins),,Yes
27021230,14841_2024,chr1,237284677,T,TACACAC,RYR2,AD,c.168+14062_168+14063insCACACA,Not provided,,,,NM_001035.3,2/104,intron_variant,MODIFIER,Het,63,0.381,Catecholaminergic polymorphic ventricular tachycardia,No,,No,Not provided,No,Not provided,Not provided,Not provided,0,Not provided,0,0,N/A,Not provided,Not provided,0,Not provided,0,Not provided,No database evidence,0.0,Unknown,-1.000,Not provided,0.000,Not provided,[],[],unknown,No,"{""PM2_Moderate"": 2}",2,VUS,"No ClinVar submissions | No HGMD entry | raw_total=0.000, applied=None",No ClinVar submissions,No HGMD entry,0.000,,,,,PM2_Moderate: gnomAD max AF=0 < threshold 0.0001 for MOI AD,,,,,,,,,,,,No,No,,,Cluster id=4 detected (members=chr1:237284677:T:TACACAC:27021230;chr1:237284683:T:C:27021230;chr1:237284681:T:C:27021230;chr1:237284682:G:A:27021230) - no Pathogenic/LP present; delins NOT flagged; requires P/LP to consider delins.;Delins/overlap cluster (id=4) detected but not all members meet P/LP or >5pts -> not auto-escalated (possible carrier).;Filtered: VUS with <5 points excluded from all reporting paths (auto/manual/delins),,Yes
27021230,14841_2024,chr1,237284681,T,C,RYR2,AD,c.168+14065T>C,Not provided,,,,NM_001035.3,2/104,intron_variant,MODIFIER,Het,61,0.410,Catecholaminergic polymorphic ventricular tachycardia,No,,No,Not provided,No,Not provided,Not provided,Not provided,0,Not provided,0,0,N/A,Not provided,Not provided,0,Not provided,0,Not provided,No database evidence,0.0,Unknown,-1.000,Not provided,Not provided,Not provided,[],[],unknown,No,"{""PM2_Moderate"": 2}",2,VUS,"No ClinVar submissions | No HGMD entry | raw_total=0.000, applied=None",No ClinVar submissions,No HGMD entry,0.000,,,,,PM2_Moderate: gnomAD max AF=0 < threshold 0.0001 for MOI AD,,,,,,,,,,,,No,No,,,Cluster id=4 detected (members=chr1:237284677:T:TACACAC:27021230;chr1:237284683:T:C:27021230;chr1:237284681:T:C:27021230;chr1:237284682:G:A:27021230) - no Pathogenic/LP present; delins NOT flagged; requires P/LP to consider delins.;Delins/overlap cluster (id=4) detected but not all members meet P/LP or >5pts -> not auto-escalated (possible carrier).;Filtered: VUS with <5 points excluded from all reporting paths (auto/manual/delins),,Yes
27021230,14841_2024,chr1,237284682,G,A,RYR2,AD,c.168+14066G>A,Not provided,,,,NM_001035.3,2/104,intron_variant,MODIFIER,Het,60,0.433,Catecholaminergic polymorphic ventricular tachycardia,No,,No,Not provided,No,Not provided,Not provided,Not provided,0,Not provided,0,0,N/A,Not provided,Not provided,0,Not provided,0,Not provided,No database evidence,0.000072,v3,-1.000,Not provided,Not provided,Not provided,[],[],unknown,No,"{""PM2_Moderate"": 2}",2,VUS,"No ClinVar submissions | No HGMD entry | raw_total=0.000, applied=None",No ClinVar submissions,No HGMD entry,0.000,,,,,PM2_Moderate: gnomAD max AF=7.24743e-05 < threshold 0.0001 for MOI AD,,,,,,,,,,,,No,No,,,Cluster id=4 detected (members=chr1:237284677:T:TACACAC:27021230;chr1:237284683:T:C:27021230;chr1:237284681:T:C:27021230;chr1:237284682:G:A:27021230) - no Pathogenic/LP present; delins NOT flagged; requires P/LP to consider delins.;Delins/overlap cluster (id=4) detected but not all members meet P/LP or >5pts -> not auto-escalated (possible carrier).;Filtered: VUS with <5 points excluded from all reporting paths (auto/manual/delins),,Yes
27021230,14841_2024,chr1,237284683,T,C,RYR2,AD,c.168+14067T>C,Not provided,,,,NM_001035.3,2/104,intron_variant,MODIFIER,Het,60,0.417,Catecholaminergic polymorphic ventricular tachycardia,No,,No,Not provided,No,Not provided,Not provided,Not provided,0,Not provided,0,0,N/A,Not provided,Not provided,0,Not provided,0,Not provided,No database evidence,0.0,Unknown,-1.000,Not provided,Not provided,Not provided,[],[],unknown,No,"{""PM2_Moderate"": 2}",2,VUS,"No ClinVar submissions | No HGMD entry | raw_total=0.000, applied=None",No ClinVar submissions,No HGMD entry,0.000,,,,,PM2_Moderate: gnomAD max AF=0 < threshold 0.0001 for MOI AD,,,,,,,,,,,,No,No,,,Cluster id=4 detected (members=chr1:237284677:T:TACACAC:27021230;chr1:237284683:T:C:27021230;chr1:237284681:T:C:27021230;chr1:237284682:G:A:27021230) - no Pathogenic/LP present; delins NOT flagged; requires P/LP to consider delins.;Delins/overlap cluster (id=4) detected but not all members meet P/LP or >5pts -> not auto-escalated (possible carrier).;Filtered: VUS with <5 points excluded from all reporting paths (auto/manual/delins),,Yes
27021230,14841_2024,chr1,237286298,G,T,RYR2,AD,c.168+15682G>T,Not provided,,,,NM_001035.3,2/104,intron_variant,MODIFIER,Het,37,0.459,Catecholaminergic polymorphic ventricular tachycardia,No,,No,Not provided,No,Not provided,Not provided,Not provided,0,Not provided,0,0,N/A,Not provided,Not provided,0,Not provided,0,Not provided,No database evidence,0.0,Unknown,-1.000,Not provided,Not provided,Not provided,[],[],unknown,No,"{""PM2_Moderate"": 2}",2,VUS,"No ClinVar submissions | No HGMD entry | raw_total=0.000, applied=None",No ClinVar submissions,No HGMD entry,0.000,,,,,PM2_Moderate: gnomAD max AF=0 < threshold 0.0001 for MOI AD,,,,,,,,,,,,No,No,,,Filtered: VUS with <5 points excluded from all reporting paths (auto/manual/delins),,Yes
27021230,14841_2024,chr1,237316028,G,A,RYR2,AD,c.169-14850G>A,Not provided,,,,NM_001035.3,2/104,intron_variant,MODIFIER,Het,47,0.489,Catecholaminergic polymorphic ventricular tachycardia,No,,No,Not provided,No,Not provided,Not provided,Not provided,0,Not provided,0,0,N/A,Not provided,Not provided,0,Not provided,0,Not provided,No database evidence,0.0,Unknown,-1.000,Not provided,Not provided,Not provided,[],[],unknown,No,"{""PM2_Moderate"": 2}",2,VUS,"No ClinVar submissions | No HGMD entry | raw_total=0.000, applied=None",No ClinVar submissions,No HGMD entry,0.000,,,,,PM2_Moderate: gnomAD max AF=0 < threshold 0.0001 for MOI AD,,,,,,,,,,,,No,No,,,Filtered: VUS with <5 points excluded from all reporting paths (auto/manual/delins),,Yes
27021230,14841_2024,chr1,237350617,A,C,RYR2,AD,c.274-5348A>C,Not provided,,,,NM_001035.3,3/104,intron_variant,MODIFIER,Het,24,0.292,Catecholaminergic polymorphic ventricular tachycardia,No,,No,Not provided,No,Not provided,Not provided,Not provided,0,Not provided,0,0,N/A,Not provided,Not provided,0,Not provided,0,Not provided,No database evidence,0.0,Unknown,-1.000,Not provided,Not provided,Not provided,[],[],unknown,No,"{""PM2_Moderate"": 2}",2,VUS,"No ClinVar submissions | No HGMD entry | raw_total=0.000, applied=None",No ClinVar submissions,No HGMD entry,0.000,,,,,PM2_Moderate: gnomAD max AF=0 < threshold 0.0001 for MOI AD,,,,,,,,,,,,No,No,,,Filtered: VUS with <5 points excluded from all reporting paths (auto/manual/delins),,Yes
27021230,14841_2024,chr1,237353035,G,T,RYR2,AD,c.274-2930G>T,Not provided,,,,NM_001035.3,3/104,intron_variant,MODIFIER,Het,77,0.481,Catecholaminergic polymorphic ventricular tachycardia,No,,No,Not provided,No,Not provided,Not provided,Not provided,0,Not provided,0,0,N/A,Not provided,Not provided,0,Not provided,0,Not provided,No database evidence,0.0,Unknown,-1.000,Not provided,Not provided,Not provided,[],[],unknown,No,"{""PM2_Moderate"": 2}",2,VUS,"No ClinVar submissions | No HGMD entry | raw_total=0.000, applied=None",No ClinVar submissions,No HGMD entry,0.000,,,,,PM2_Moderate: gnomAD max AF=0 < threshold 0.0001 for MOI AD,,,,,,,,,,,,No,No,,,Filtered: VUS with <5 points excluded from all reporting paths (auto/manual/delins),,Yes
27021230,14841_2024,chr1,237366674,TCACACA,T,RYR2,AD,c.309+2332_309+2337delACACAC,Not provided,,,,NM_001035.3,5/104,intron_variant,MODIFIER,Het,47,0.468,Catecholaminergic polymorphic ventricular tachycardia,No,,No,Not provided,No,Not provided,Not provided,Not provided,0,Not provided,0,0,N/A,Not provided,Not provided,0,Not provided,0,Not provided,No database evidence,0.0,Unknown,-1.000,Not provided,0.000,Not provided,[],[],unknown,No,"{""PM2_Moderate"": 2}",2,VUS,"No ClinVar submissions | No HGMD entry | raw_total=0.000, applied=None",No ClinVar submissions,No HGMD entry,0.000,,,,,PM2_Moderate: gnomAD max AF=0 < threshold 0.0001 for MOI AD,,,,,,,,,,,,No,No,,,Filtered: VUS with <5 points excluded from all reporting paths (auto/manual/delins),,Yes
27021230,14841_2024,chr1,237369069,C,T,RYR2,AD,c.310-465C>T,Not provided,,,,NM_001035.3,5/104,intron_variant,MODIFIER,Het,67,0.537,Catecholaminergic polymorphic ventricular tachycardia,No,,No,Not provided,No,Not provided,Not provided,Not provided,0,Not provided,0,0,N/A,Not provided,Not provided,0,Not provided,0,Not provided,No database evidence,0.0,Unknown,-1.000,Not provided,Not provided,Not provided,[],[],unknown,No,"{""PM2_Moderate"": 2}",2,VUS,"No ClinVar submissions | No HGMD entry | raw_total=0.000, applied=None",No ClinVar submissions,No HGMD entry,0.000,,,,,PM2_Moderate: gnomAD max AF=0 < threshold 0.0001 for MOI AD,,,,,,,,,,,,No,No,,,Filtered: VUS with <5 points excluded from all reporting paths (auto/manual/delins),,Yes
27021230,14841_2024,chr1,237373166,A,G,RYR2,AD,c.385-1551A>G,Not provided,,,,NM_001035.3,6/104,intron_variant,MODIFIER,Het,74,0.527,Catecholaminergic polymorphic ventricular tachycardia,No,,No,Not provided,No,Not provided,Not provided,Not provided,0,Not provided,0,0,N/A,Not provided,Not provided,0,Not provided,0,Not provided,No database evidence,0.0,Unknown,-1.000,Not provided,Not provided,Not provided,[],[],unknown,No,"{""PM2_Moderate"": 2}",2,VUS,"No ClinVar submissions | No HGMD entry | raw_total=0.000, applied=None",No ClinVar submissions,No HGMD entry,0.000,,,,,PM2_Moderate: gnomAD max AF=0 < threshold 0.0001 for MOI AD,,,,,,,,,,,,No,No,,,Filtered: VUS with <5 points excluded from all reporting paths (auto/manual/delins),,Yes
27021230,14841_2024,chr1,237416155,G,A,RYR2,AD,c.774-894G>A,Not provided,,,,NM_001035.3,10/104,intron_variant,MODIFIER,Het,66,0.591,Catecholaminergic polymorphic ventricular tachycardia,No,,No,Not provided,No,Not provided,Not provided,Not provided,0,Not provided,0,0,N/A,Not provided,Not provided,0,Not provided,0,Not provided,No database evidence,0.0,Unknown,-1.000,Not provided,Not provided,Not provided,[],[],unknown,No,"{""PM2_Moderate"": 2}",2,VUS,"No ClinVar submissions | No HGMD entry | raw_total=0.000, applied=None",No ClinVar submissions,No HGMD entry,0.000,,,,,PM2_Moderate: gnomAD max AF=0 < threshold 0.0001 for MOI AD,,,,,,,,,,,,No,No,,,Filtered: VUS with <5 points excluded from all reporting paths (auto/manual/delins),,Yes
27021230,14841_2024,chr1,237437304,G,A,RYR2,AD,c.1006-4015G>A,Not provided,,,,NM_001035.3,12/104,intron_variant,MODIFIER,Het,35,0.486,Catecholaminergic polymorphic ventricular tachycardia,No,,No,Not provided,No,Not provided,Not provided,Not provided,0,Not provided,0,0,N/A,Not provided,Not provided,0,Not provided,0,Not provided,No database evidence,0.0,Unknown,-1.000,Not provided,Not provided,Not provided,[],[],unknown,No,"{""PM2_Moderate"": 2}",2,VUS,"No ClinVar submissions | No HGMD entry | raw_total=0.000, applied=None",No ClinVar submissions,No HGMD entry,0.000,,,,,PM2_Moderate: gnomAD max AF=0 < threshold 0.0001 for MOI AD,,,,,,,,,,,,No,No,,,Filtered: VUS with <5 points excluded from all reporting paths (auto/manual/delins),,Yes
27021230,14841_2024,chr1,237447288,A,AT,RYR2,AD,c.1292+1773dupT,Not provided,,,,NM_001035.3,14/104,intron_variant,MODIFIER,Het,64,0.562,Catecholaminergic polymorphic ventricular tachycardia,No,,No,Not provided,No,Not provided,Not provided,Not provided,0,Not provided,0,0,N/A,Not provided,Not provided,0,Not provided,0,Not provided,No database evidence,0.0,Unknown,-1.000,Not provided,Not provided,Not provided,[],[],unknown,No,"{""PM2_Moderate"": 2}",2,VUS,"No ClinVar submissions | No HGMD entry | raw_total=0.000, applied=None",No ClinVar submissions,No HGMD entry,0.000,,,,,PM2_Moderate: gnomAD max AF=0 < threshold 0.0001 for MOI AD,,,,,,,,,,,,No,No,,,Filtered: VUS with <5 points excluded from all reporting paths (auto/manual/delins),,Yes
27021230,14841_2024,chr1,237451976,GTGTA,G,RYR2,AD,c.1293-2411_1293-2408delATGT,Not provided,,,,NM_001035.3,14/104,intron_variant,MODIFIER,Het,19,0.474,Catecholaminergic polymorphic ventricular tachycardia,No,,No,Not provided,No,Not provided,Not provided,Not provided,0,Not provided,0,0,N/A,Not provided,Not provided,0,Not provided,0,Not provided,No database evidence,0.000025,v3,-1.000,Not provided,0.010,Not provided,[],[],unknown,No,"{""PM2_Moderate"": 2}",2,VUS,"No ClinVar submissions | No HGMD entry | raw_total=0.000, applied=None",No ClinVar submissions,No HGMD entry,0.000,,,,,PM2_Moderate: gnomAD max AF=2.4893e-05 < threshold 0.0001 for MOI AD,,,,,,,,,,,,No,No,,,Filtered: VUS with <5 points excluded from all reporting paths (auto/manual/delins),,Yes
27021230,14841_2024,chr1,237452074,AT,A,RYR2,AD,c.1293-2313delT,Not provided,,,,NM_001035.3,14/104,intron_variant,MODIFIER,Het,26,0.538,Catecholaminergic polymorphic ventricular tachycardia,No,,No,Not provided,No,Not provided,Not provided,Not provided,0,Not provided,0,0,N/A,Not provided,Not provided,0,Not provided,0,Not provided,No database evidence,0.000008,v3,-1.000,Not provided,Not provided,Not provided,[],[],unknown,No,"{""PM2_Moderate"": 2}",2,VUS,"No ClinVar submissions | No HGMD entry | raw_total=0.000, applied=None",No ClinVar submissions,No HGMD entry,0.000,,,,,PM2_Moderate: gnomAD max AF=8.23547e-06 < threshold 0.0001 for MOI AD,,,,,,,,,,,,No,No,,,Cluster id=5 detected (members=chr1:237452074:AT:A:27021230;chr1:237452075:T:TTGTGTGTG:27021230) - no Pathogenic/LP present; delins NOT flagged; requires P/LP to consider delins.;Delins/overlap cluster (id=5) detected but not all members meet P/LP or >5pts -> not auto-escalated (possible carrier).;Filtered: VUS with <5 points excluded from all reporting paths (auto/manual/delins),,Yes
27021230,14841_2024,chr1,237452075,T,TTGTGTGTG,RYR2,AD,c.1293-2315_1293-2314insGTGTGTGT,Not provided,,,,NM_001035.3,14/104,intron_variant,MODIFIER,Het,11,0.636,Catecholaminergic polymorphic ventricular tachycardia,No,,No,Not provided,No,Not provided,Not provided,Not provided,0,Not provided,0,0,N/A,Not provided,Not provided,0,Not provided,0,Not provided,No database evidence,0.0,Unknown,-1.000,Not provided,0.030,Not provided,[],[],unknown,No,"{""PM2_Moderate"": 2}",2,VUS,"No ClinVar submissions | No HGMD entry | raw_total=0.000, applied=None",No ClinVar submissions,No HGMD entry,0.000,,,,,PM2_Moderate: gnomAD max AF=0 < threshold 0.0001 for MOI AD,,,,,,,,,,,,No,No,,,Cluster id=5 detected (members=chr1:237452074:AT:A:27021230;chr1:237452075:T:TTGTGTGTG:27021230) - no Pathogenic/LP present; delins NOT flagged; requires P/LP to consider delins.;Delins/overlap cluster (id=5) detected but not all members meet P/LP or >5pts -> not auto-escalated (possible carrier).;Filtered: VUS with <5 points excluded from all reporting paths (auto/manual/delins),,Yes
27021230,14841_2024,chr1,237502275,G,C,RYR2,AD,c.2397-1014G>C,Not provided,,,,NM_001035.3,21/104,intron_variant,MODIFIER,Het,62,0.597,Catecholaminergic polymorphic ventricular tachycardia,No,,No,Not provided,No,Not provided,Not provided,Not provided,0,Not provided,0,0,N/A,Not provided,Not provided,0,Not provided,0,Not provided,No database evidence,0.0,Unknown,-1.000,Not provided,Not provided,Not provided,[],[],unknown,No,"{""PM2_Moderate"": 2}",2,VUS,"No ClinVar submissions | No HGMD entry | raw_total=0.000, applied=None",No ClinVar submissions,No HGMD entry,0.000,,,,,PM2_Moderate: gnomAD max AF=0 < threshold 0.0001 for MOI AD,,,,,,,,,,,,No,No,,,Filtered: VUS with <5 points excluded from all reporting paths (auto/manual/delins),,Yes
27021230,14841_2024,chr1,237528674,G,T,RYR2,AD,c.2823-1753G>T,Not provided,,,,NM_001035.3,24/104,intron_variant,MODIFIER,Het,90,0.544,Catecholaminergic polymorphic ventricular tachycardia,No,,No,Not provided,No,Not provided,Not provided,Not provided,0,Not provided,0,0,N/A,Not provided,Not provided,0,Not provided,0,Not provided,No database evidence,0.0,Unknown,-1.000,Not provided,Not provided,Not provided,[],[],unknown,No,"{""PM2_Moderate"": 2}",2,VUS,"No ClinVar submissions | No HGMD entry | raw_total=0.000, applied=None",No ClinVar submissions,No HGMD entry,0.000,,,,,PM2_Moderate: gnomAD max AF=0 < threshold 0.0001 for MOI AD,,,,,,,,,,,,No,No,,,Filtered: VUS with <5 points excluded from all reporting paths (auto/manual/delins),,Yes
27021230,14841_2024,chr1,237529126,A,G,RYR2,AD,c.2823-1301A>G,Not provided,,,,NM_001035.3,24/104,intron_variant,MODIFIER,Het,66,0.485,Catecholaminergic polymorphic ventricular tachycardia,No,,No,Not provided,No,Not provided,Not provided,Not provided,0,Not provided,0,0,N/A,Not provided,Not provided,0,Not provided,0,Not provided,No database evidence,0.0,Unknown,-1.000,Not provided,Not provided,Not provided,[],[],unknown,No,"{""PM2_Moderate"": 2}",2,VUS,"No ClinVar submissions | No HGMD entry | raw_total=0.000, applied=None",No ClinVar submissions,No HGMD entry,0.000,,,,,PM2_Moderate: gnomAD max AF=0 < threshold 0.0001 for MOI AD,,,,,,,,,,,,No,No,,,Filtered: VUS with <5 points excluded from all reporting paths (auto/manual/delins),,Yes
27021230,14841_2024,chr1,237538109,G,A,RYR2,AD,c.2906+7599G>A,Not provided,,,,NM_001035.3,25/104,intron_variant,MODIFIER,Het,32,0.500,Catecholaminergic polymorphic ventricular tachycardia,No,,No,Not provided,No,Not provided,Not provided,Not provided,0,Not provided,0,0,N/A,Not provided,Not provided,0,Not provided,0,Not provided,No database evidence,0.000637,v2,-1.000,Not provided,Not provided,Not provided,[],[],unknown,No,{},0,VUS,"No ClinVar submissions | No HGMD entry | raw_total=0.000, applied=None",No ClinVar submissions,No HGMD entry,0.000,,,,,,,,,,,,,,,,,No,No,,,Filtered: VUS with <5 points excluded from all reporting paths (auto/manual/delins),,Yes
27021230,14841_2024,chr1,237542058,CTTTATT,C,RYR2,AD,c.2907-6371_2907-6366delTTATTT,Not provided,,,,NM_001035.3,25/104,intron_variant,MODIFIER,Het,49,0.327,Catecholaminergic polymorphic ventricular tachycardia,No,,No,Not provided,No,Not provided,Not provided,Not provided,0,Not provided,0,0,N/A,Not provided,Not provided,0,Not provided,0,Not provided,No database evidence,0.0,Unknown,-1.000,Not provided,0.010,Not provided,[],[],unknown,No,"{""PM2_Moderate"": 2}",2,VUS,"No ClinVar submissions | No HGMD entry | raw_total=0.000, applied=None",No ClinVar submissions,No HGMD entry,0.000,,,,,PM2_Moderate: gnomAD max AF=0 < threshold 0.0001 for MOI AD,,,,,,,,,,,,No,No,,,Cluster id=6 detected (members=chr1:237542058:CTTTATT:C:27021230;chr1:237542066:ATTTATT:A:27021230) - no Pathogenic/LP present; delins NOT flagged; requires P/LP to consider delins.;Delins/overlap cluster (id=6) detected but not all members meet P/LP or >5pts -> not auto-escalated (possible carrier).;Filtered: VUS with <5 points excluded from all reporting paths (auto/manual/delins),,Yes
27021230,14841_2024,chr1,237542066,ATTTATT,A,RYR2,AD,c.2907-6363_2907-6358delTTATTT,Not provided,,,,NM_001035.3,25/104,intron_variant,MODIFIER,Het,49,0.327,Catecholaminergic polymorphic ventricular tachycardia,No,,No,Not provided,No,Not provided,Not provided,Not provided,0,Not provided,0,0,N/A,Not provided,Not provided,0,Not provided,0,Not provided,No database evidence,0.0,Unknown,-1.000,Not provided,0.010,Not provided,[],[],unknown,No,"{""PM2_Moderate"": 2}",2,VUS,"No ClinVar submissions | No HGMD entry | raw_total=0.000, applied=None",No ClinVar submissions,No HGMD entry,0.000,,,,,PM2_Moderate: gnomAD max AF=0 < threshold 0.0001 for MOI AD,,,,,,,,,,,,No,No,,,Cluster id=6 detected (members=chr1:237542058:CTTTATT:C:27021230;chr1:237542066:ATTTATT:A:27021230) - no Pathogenic/LP present; delins NOT flagged; requires P/LP to consider delins.;Delins/overlap cluster (id=6) detected but not all members meet P/LP or >5pts -> not auto-escalated (possible carrier).;Filtered: VUS with <5 points excluded from all reporting paths (auto/manual/delins),,Yes
27021230,14841_2024,chr1,237551932,G,C,RYR2,AD,c.3214+1241G>C,Not provided,,,,NM_001035.3,27/104,intron_variant,MODIFIER,Het,83,0.446,Catecholaminergic polymorphic ventricular tachycardia,No,,No,Not provided,No,Not provided,Not provided,Not provided,0,Not provided,0,0,N/A,Not provided,Not provided,0,Not provided,0,Not provided,No database evidence,0.0,Unknown,-1.000,Not provided,Not provided,Not provided,[],[],unknown,No,"{""PM2_Moderate"": 2}",2,VUS,"No ClinVar submissions | No HGMD entry | raw_total=0.000, applied=None",No ClinVar submissions,No HGMD entry,0.000,,,,,PM2_Moderate: gnomAD max AF=0 < threshold 0.0001 for MOI AD,,,,,,,,,,,,No,No,,,Filtered: VUS with <5 points excluded from all reporting paths (auto/manual/delins),,Yes
27021230,14841_2024,chr1,237579248,CTTTTTTTTT,C,RYR2,AD,c.3598+9946_3598+9954delTTTTTTTTT,Not provided,,,,NM_001035.3,29/104,intron_variant,MODIFIER,Het,31,0.645,Catecholaminergic polymorphic ventricular tachycardia,No,,No,Not provided,No,Not provided,Not provided,Not provided,0,Not provided,0,0,N/A,Not provided,Not provided,0,Not provided,0,Not provided,No database evidence,0.0,Unknown,-1.000,Not provided,0.000,Not provided,[],[],unknown,No,"{""PM2_Moderate"": 2}",2,VUS,"No ClinVar submissions | No HGMD entry | raw_total=0.000, applied=None",No ClinVar submissions,No HGMD entry,0.000,,,,,PM2_Moderate: gnomAD max AF=0 < threshold 0.0001 for MOI AD,,,,,,,,,,,,No,No,,,Filtered: VUS with <5 points excluded from all reporting paths (auto/manual/delins),,Yes
27021230,14841_2024,chr1,237590120,G,GT,RYR2,AD,c.3807+121dupT,Not provided,,,,NM_001035.3,30/104,intron_variant,MODIFIER,Het,62,0.468,Catecholaminergic polymorphic ventricular tachycardia,No,,No,Not provided,No,Not provided,Not provided,Not provided,0,Not provided,0,0,N/A,Not provided,Not provided,0,Not provided,0,Not provided,No database evidence,0.0,Unknown,-1.000,Not provided,Not provided,Not provided,[],[],unknown,No,"{""PM2_Moderate"": 2}",2,VUS,"No ClinVar submissions | No HGMD entry | raw_total=0.000, applied=None",No ClinVar submissions,No HGMD entry,0.000,,,,,PM2_Moderate: gnomAD max AF=0 < threshold 0.0001 for MOI AD,,,,,,,,,,,,No,No,,,Filtered: VUS with <5 points excluded from all reporting paths (auto/manual/delins),,Yes
27021230,14841_2024,chr1,237728693,A,G,RYR2,AD,c.10838+1494A>G,Not provided,,,,NM_001035.3,76/104,intron_variant,MODIFIER,Het,53,0.685,Catecholaminergic polymorphic ventricular tachycardia,No,,No,Not provided,No,Not provided,Not provided,Not provided,0,Not provided,0,0,N/A,Not provided,Not provided,0,Not provided,0,Not provided,No database evidence,0.0,Unknown,-1.000,Not provided,Not provided,Not provided,[],[],unknown,No,"{""PM2_Moderate"": 2}",2,VUS,"No ClinVar submissions | No HGMD entry | raw_total=0.000, applied=None",No ClinVar submissions,No HGMD entry,0.000,,,,,PM2_Moderate: gnomAD max AF=0 < threshold 0.0001 for MOI AD,,,,,,,,,,,,No,No,,,Filtered: VUS with <5 points excluded from all reporting paths (auto/manual/delins),,Yes
27021230,14841_2024,chr1,237771035,C,T,RYR2,AD,c.11557+148C>T,Not provided,,,,NM_001035.3,85/104,intron_variant,MODIFIER,Het,80,0.562,Catecholaminergic polymorphic ventricular tachycardia,No,,No,Not provided,No,Not provided,Not provided,Not provided,0,Not provided,0,0,N/A,Not provided,Not provided,0,Not provided,0,Not provided,No database evidence,0.000033,v3,-1.000,Not provided,Not provided,Not provided,[],[],unknown,No,"{""PM2_Moderate"": 2}",2,VUS,"No ClinVar submissions | No HGMD entry | raw_total=0.000, applied=None",No ClinVar submissions,No HGMD entry,0.000,,,,,PM2_Moderate: gnomAD max AF=3.28679e-05 < threshold 0.0001 for MOI AD,,,,,,,,,,,,No,No,,,Filtered: VUS with <5 points excluded from all reporting paths (auto/manual/delins),,Yes
27021230,14841_2024,chr10,86791711,CCCTT,C,BMPR1A,AD,c.-268+34811_-268+34814delTTCC,Not provided,,,,NM_004329.3,1/12,intron_variant,MODIFIER,Het,20,0.600,Juvenile polyposis syndrome,No,,No,Not provided,No,Not provided,Not provided,Not provided,0,Not provided,0,0,N/A,Not provided,Not provided,0,Not provided,0,Not provided,No database evidence,0.0,Unknown,-1.000,Not provided,0.000,Not provided,[],[],unknown,No,"{""PM2_Moderate"": 2}",2,VUS,"No ClinVar submissions | No HGMD entry | raw_total=0.000, applied=None",No ClinVar submissions,No HGMD entry,0.000,,,,,PM2_Moderate: gnomAD max AF=0 < threshold 0.0001 for MOI AD,,,,,,,,,,,,No,No,,,Filtered: VUS with <5 points excluded from all reporting paths (auto/manual/delins),,Yes
27021230,14841_2024,chr10,86813177,C,T,BMPR1A,AD,c.-267-25688C>T,Not provided,,,,NM_004329.3,1/12,intron_variant,MODIFIER,Het,62,0.532,Juvenile polyposis syndrome,No,,No,Not provided,No,Not provided,Not provided,Not provided,0,Not provided,0,0,N/A,Not provided,Not provided,0,Not provided,0,Not provided,No database evidence,0.0,Unknown,-1.000,Not provided,Not provided,Not provided,[],[],unknown,No,"{""PM2_Moderate"": 2}",2,VUS,"No ClinVar submissions | No HGMD entry | raw_total=0.000, applied=None",No ClinVar submissions,No HGMD entry,0.000,,,,,PM2_Moderate: gnomAD max AF=0 < threshold 0.0001 for MOI AD,,,,,,,,,,,,No,No,,,Filtered: VUS with <5 points excluded from all reporting paths (auto/manual/delins),,Yes
27021230,14841_2024,chr10,86825101,T,TTTTG,BMPR1A,AD,c.-267-13748_-267-13745dupGTTT,Not provided,,,,NM_004329.3,1/12,intron_variant,MODIFIER,Het,45,0.444,Juvenile polyposis syndrome,No,,No,Not provided,No,Not provided,Not provided,Not provided,0,Not provided,0,0,N/A,Not provided,Not provided,0,Not provided,0,Not provided,No database evidence,0.0,Unknown,-1.000,Not provided,0.040,Not provided,[],[],unknown,No,"{""PM2_Moderate"": 2}",2,VUS,"No ClinVar submissions | No HGMD entry | raw_total=0.000, applied=None",No ClinVar submissions,No HGMD entry,0.000,,,,,PM2_Moderate: gnomAD max AF=0 < threshold 0.0001 for MOI AD,,,,,,,,,,,,No,No,,,Filtered: VUS with <5 points excluded from all reporting paths (auto/manual/delins),,Yes
27021230,14841_2024,chr10,86851467,C,T,BMPR1A,AD,c.-153+12488C>T,Not provided,,,,NM_004329.3,2/12,intron_variant,MODIFIER,Het,72,0.514,Juvenile polyposis syndrome,No,,No,Not provided,No,Not provided,Not provided,Not provided,0,Not provided,0,0,N/A,Not provided,Not provided,0,Not provided,0,Not provided,No database evidence,0.0,Unknown,-1.000,Not provided,Not provided,Not provided,[],[],unknown,No,"{""PM2_Moderate"": 2}",2,VUS,"No ClinVar submissions | No HGMD entry | raw_total=0.000, applied=None",No ClinVar submissions,No HGMD entry,0.000,,,,,PM2_Moderate: gnomAD max AF=0 < threshold 0.0001 for MOI AD,,,,,,,,,,,,No,No,,,Filtered: VUS with <5 points excluded from all reporting paths (auto/manual/delins),,Yes
27021230,14841_2024,chr10,86906723,C,CAAAAAAAA,BMPR1A,AD,c.531-5485_531-5478dupAAAAAAAA,Not provided,,,,NM_004329.3,7/12,intron_variant,MODIFIER,Het,13,0.308,Juvenile polyposis syndrome,No,,No,Not provided,No,Not provided,Not provided,Not provided,0,Not provided,0,0,N/A,Not provided,Not provided,0,Not provided,0,Not provided,No database evidence,0.0,Unknown,-1.000,Not provided,0.000,Not provided,[],[],unknown,No,"{""PM2_Moderate"": 2}",2,VUS,"No ClinVar submissions | No HGMD entry | raw_total=0.000, applied=None",No ClinVar submissions,No HGMD entry,0.000,,,,,PM2_Moderate: gnomAD max AF=0 < threshold 0.0001 for MOI AD,,,,,,,,,,,,No,No,,,Filtered: VUS with <5 points excluded from all reporting paths (auto/manual/delins),,Yes
27021230,14841_2024,chr10,87969248,C,T,PTEN,AD,c.*3776C>T,Not provided,,,,NM_001304717.5,10/10,3_prime_UTR_variant,MODIFIER,Het,46,0.522,PTEN hamartoma tumor syndrome,No,,No,Not provided,No,Not provided,Not provided,Not provided,0,Not provided,0,0,N/A,Not provided,Not provided,0,Not provided,0,Not provided,No database evidence,0.0,Unknown,-1.000,Not provided,Not provided,Not provided,[],[],unknown,No,"{""PM2_Moderate"": 2}",2,VUS,"No ClinVar submissions | No HGMD entry | raw_total=0.000, applied=None",No ClinVar submissions,No HGMD entry,0.000,,,,,PM2_Moderate: gnomAD max AF=0 < threshold 0.0001 for MOI AD,,,,,,,,,,,,No,No,,,Filtered: VUS with <5 points excluded from all reporting paths (auto/manual/delins),,Yes
27021230,14841_2024,chr10,88946916,G,T,ACTA2,AD,c.258+342C>A,Not provided,,,,NM_001613.4,3/8,intron_variant,MODIFIER,Het,28,0.571,Familial thoracic aortic aneurysm,Yes,"No include rule matched; rules require explicit inclusion (whitelist);Include if Impact is ""MODERATE"" or ""LOW"";No include rule matched; rules require explicit inclusion (whitelist);Include if Impact is ""MODERATE"" or ""LOW"";No include rule matched; rules require explicit inclusion (whitelist);Include if Impact is ""MODERATE"" or ""LOW""",No,Not provided,No,Not provided,Not provided,Not provided,0,Not provided,0,0,N/A,Not provided,Not provided,0,Not provided,0,Not provided,No database evidence,0.0,Unknown,-1.000,Not provided,Not provided,Not provided,[],[],unknown,No,"{""PM2_Moderate"": 2}",2,VUS,"No ClinVar submissions | No HGMD entry | raw_total=0.000, applied=None",No ClinVar submissions,No HGMD entry,0.000,,,,,PM2_Moderate: gnomAD max AF=0 < threshold 0.0001 for MOI AD,,,,,,,,,,,,No,No,,,"Filtered: VUS with <5 points excluded from all reporting paths (auto/manual/delins);Filtered by gene 'Rules' (exclude): No include rule matched; rules require explicit inclusion (whitelist); Include if Impact is ""MODERATE"" or ""LOW""","Filtered: VUS with <5 points excluded from all reporting paths (auto/manual/delins);Filtered by gene 'Rules' (exclude): No include rule matched; rules require explicit inclusion (whitelist); Include if Impact is ""MODERATE"" or ""LOW""",Yes
27021230,14841_2024,chr10,88980051,G,C,ACTA2,AD,c.-24+10888C>G,Not provided,,,,NM_001141945.2,1/8,intron_variant,MODIFIER,Het,67,0.522,Familial thoracic aortic aneurysm,Yes,"No include rule matched; rules require explicit inclusion (whitelist);Include if Impact is ""MODERATE"" or ""LOW"";No include rule matched; rules require explicit inclusion (whitelist);Include if Impact is ""MODERATE"" or ""LOW"";No include rule matched; rules require explicit inclusion (whitelist);Include if Impact is ""MODERATE"" or ""LOW""",No,Not provided,No,Not provided,Not provided,Not provided,0,Not provided,0,0,N/A,Not provided,Not provided,0,Not provided,0,Not provided,No database evidence,0.0,Unknown,-1.000,Not provided,Not provided,Not provided,[],[],unknown,No,"{""PM2_Moderate"": 2}",2,VUS,"No ClinVar submissions | No HGMD entry | raw_total=0.000, applied=None",No ClinVar submissions,No HGMD entry,0.000,,,,,PM2_Moderate: gnomAD max AF=0 < threshold 0.0001 for MOI AD,,,,,,,,,,,,No,No,,,"Filtered: VUS with <5 points excluded from all reporting paths (auto/manual/delins);Filtered by gene 'Rules' (exclude): No include rule matched; rules require explicit inclusion (whitelist); Include if Impact is ""MODERATE"" or ""LOW""","Filtered: VUS with <5 points excluded from all reporting paths (auto/manual/delins);Filtered by gene 'Rules' (exclude): No include rule matched; rules require explicit inclusion (whitelist); Include if Impact is ""MODERATE"" or ""LOW""",Yes
27021230,14841_2024,chr10,110663917,CATA,C,RBM20,AD,c.191+19277_191+19279delTAA,Not provided,,,,NM_001134363.3,1/13,intron_variant,MODIFIER,Het,55,0.564,Dliated cardiomyopathy,No,,No,Not provided,No,Not provided,Not provided,Not provided,0,Not provided,0,0,N/A,Not provided,Not provided,0,Not provided,0,Not provided,No database evidence,0.0,Unknown,-1.000,Not provided,Not provided,Not provided,[],[],unknown,No,"{""PM2_Moderate"": 2}",2,VUS,"No ClinVar submissions | No HGMD entry | raw_total=0.000, applied=None",No ClinVar submissions,No HGMD entry,0.000,,,,,PM2_Moderate: gnomAD max AF=0 < threshold 0.0001 for MOI AD,,,,,,,,,,,,No,No,,,Filtered: VUS with <5 points excluded from all reporting paths (auto/manual/delins),,Yes
27021230,14841_2024,chr10,110667404,A,AT,RBM20,AD,c.191+22765dupT,Not provided,,,,NM_001134363.3,1/13,intron_variant,MODIFIER,Het,73,0.548,Dliated cardiomyopathy,No,,No,Not provided,No,Not provided,Not provided,Not provided,0,Not provided,0,0,N/A,Not provided,Not provided,0,Not provided,0,Not provided,No database evidence,0.0,Unknown,-1.000,Not provided,Not provided,Not provided,[],[],unknown,No,"{""PM2_Moderate"": 2}",2,VUS,"No ClinVar submissions | No HGMD entry | raw_total=0.000, applied=None",No ClinVar submissions,No HGMD entry,0.000,,,,,PM2_Moderate: gnomAD max AF=0 < threshold 0.0001 for MOI AD,,,,,,,,,,,,No,No,,,Filtered: VUS with <5 points excluded from all reporting paths (auto/manual/delins),,Yes
27021230,14841_2024,chr10,110694609,G,A,RBM20,AD,c.191+49964G>A,Not provided,,,,NM_001134363.3,1/13,intron_variant,MODIFIER,Het,55,0.618,Dliated cardiomyopathy,No,,No,Not provided,No,Not provided,Not provided,Not provided,0,Not provided,0,0,N/A,Not provided,Not provided,0,Not provided,0,Not provided,No database evidence,0.0,Unknown,-1.000,Not provided,Not provided,Not provided,[],[],unknown,No,"{""PM2_Moderate"": 2}",2,VUS,"No ClinVar submissions | No HGMD entry | raw_total=0.000, applied=None",No ClinVar submissions,No HGMD entry,0.000,,,,,PM2_Moderate: gnomAD max AF=0 < threshold 0.0001 for MOI AD,,,,,,,,,,,,No,No,,,Filtered: VUS with <5 points excluded from all reporting paths (auto/manual/delins),,Yes
27021230,14841_2024,chr10,110727400,A,AAAAAT,RBM20,AD,c.192-53397_192-53396insTAAAA,Not provided,,,,NM_001134363.3,1/13,intron_variant,MODIFIER,Het,40,0.550,Dliated cardiomyopathy,No,,No,Not provided,No,Not provided,Not provided,Not provided,0,Not provided,0,0,N/A,Not provided,Not provided,0,Not provided,0,Not provided,No database evidence,0.0,Unknown,-1.000,Not provided,0.000,Not provided,[],[],unknown,No,"{""PM2_Moderate"": 2}",2,VUS,"No ClinVar submissions | No HGMD entry | raw_total=0.000, applied=None",No ClinVar submissions,No HGMD entry,0.000,,,,,PM2_Moderate: gnomAD max AF=0 < threshold 0.0001 for MOI AD,,,,,,,,,,,,No,No,,,Filtered: VUS with <5 points excluded from all reporting paths (auto/manual/delins),,Yes
27021230,14841_2024,chr10,110727419,A,AAAAAATAAAAAAAAT,RBM20,AD,c.192-53379_192-53378insAATAAAAAAAATAAA,Not provided,,,,NM_001134363.3,1/13,intron_variant,MODIFIER,Het,49,0.469,Dliated cardiomyopathy,No,,No,Not provided,No,Not provided,Not provided,Not provided,0,Not provided,0,0,N/A,Not provided,Not provided,0,Not provided,0,Not provided,No database evidence,0.0,Unknown,-1.000,Not provided,0.000,Not provided,[],[],unknown,No,"{""PM2_Moderate"": 2}",2,VUS,"No ClinVar submissions | No HGMD entry | raw_total=0.000, applied=None",No ClinVar submissions,No HGMD entry,0.000,,,,,PM2_Moderate: gnomAD max AF=0 < threshold 0.0001 for MOI AD,,,,,,,,,,,,No,No,,,Filtered: VUS with <5 points excluded from all reporting paths (auto/manual/delins),,Yes
27021230,14841_2024,chr10,110767207,G,A,RBM20,AD,c.192-13594G>A,Not provided,,,,NM_001134363.3,1/13,intron_variant,MODIFIER,Het,24,0.375,Dliated cardiomyopathy,No,,No,Not provided,No,Not provided,Not provided,Not provided,0,Not provided,0,0,N/A,Not provided,Not provided,0,Not provided,0,Not provided,No database evidence,0.0,Unknown,-1.000,Not provided,Not provided,Not provided,[],[],unknown,No,"{""PM2_Moderate"": 2}",2,VUS,"No ClinVar submissions | No HGMD entry | raw_total=0.000, applied=None",No ClinVar submissions,No HGMD entry,0.000,,,,,PM2_Moderate: gnomAD max AF=0 < threshold 0.0001 for MOI AD,,,,,,,,,,,,No,No,,,Filtered: VUS with <5 points excluded from all reporting paths (auto/manual/delins),,Yes
27021230,14841_2024,chr11,2460165,C,G,KCNQ1,AD,c.-1545C>G,Not provided,,,,NM_181798.1,,upstream_gene_variant,MODIFIER,Het,57,0.526,Long-QT syndrome type 1,No,,No,Not provided,No,Not provided,Not provided,Not provided,0,Not provided,0,0,N/A,Not provided,Not provided,0,Not provided,0,Not provided,No database evidence,0.0,Unknown,-1.000,Not provided,Not provided,Not provided,[],[],unknown,No,"{""PM2_Moderate"": 2}",2,VUS,"No ClinVar submissions | No HGMD entry | raw_total=0.000, applied=None",No ClinVar submissions,No HGMD entry,0.000,,,,,PM2_Moderate: gnomAD max AF=0 < threshold 0.0001 for MOI AD,,,,,,,,,,,,No,No,,,Filtered: VUS with <5 points excluded from all reporting paths (auto/manual/delins),,Yes
27021230,14841_2024,chr11,2496495,C,CTTTTTTTTTT,KCNQ1,AD,c.6-31417_6-31408dupTTTTTTTTTT,Not provided,,,,NM_181798.1,1/15,intron_variant,MODIFIER,Het,29,0.621,Long-QT syndrome type 1,No,,No,Not provided,No,Not provided,Not provided,Not provided,0,Not provided,0,0,N/A,Not provided,Not provided,0,Not provided,0,Not provided,No database evidence,0.0,Unknown,-1.000,Not provided,0.000,Not provided,[],[],unknown,No,"{""PM2_Moderate"": 2}",2,VUS,"No ClinVar submissions | No HGMD entry | raw_total=0.000, applied=None",No ClinVar submissions,No HGMD entry,0.000,,,,,PM2_Moderate: gnomAD max AF=0 < threshold 0.0001 for MOI AD,,,,,,,,,,,,No,No,,,Filtered: VUS with <5 points excluded from all reporting paths (auto/manual/delins),,Yes
27021230,14841_2024,chr11,2499533,C,CA,KCNQ1,AD,c.6-28388dupA,Not provided,,,,NM_181798.1,1/15,intron_variant,MODIFIER,Het,16,0.625,Long-QT syndrome type 1,No,,No,Not provided,No,Not provided,Not provided,Not provided,0,Not provided,0,0,N/A,Not provided,Not provided,0,Not provided,0,Not provided,No database evidence,0.0,Unknown,-1.000,Not provided,Not provided,Not provided,[],[],unknown,No,"{""PM2_Moderate"": 2}",2,VUS,"No ClinVar submissions | No HGMD entry | raw_total=0.000, applied=None",No ClinVar submissions,No HGMD entry,0.000,,,,,PM2_Moderate: gnomAD max AF=0 < threshold 0.0001 for MOI AD,,,,,,,,,,,,No,No,,,Filtered: VUS with <5 points excluded from all reporting paths (auto/manual/delins),,Yes
27021230,14841_2024,chr11,2556345,C,T,KCNQ1,AD,c.97-14283C>T,Not provided,,,,NM_181798.1,2/15,intron_variant,MODIFIER,Het,63,0.508,Long-QT syndrome type 1,No,,No,Not provided,No,Not provided,Not provided,Not provided,0,Not provided,0,0,N/A,Not provided,Not provided,0,Not provided,0,Not provided,No database evidence,0.0,Unknown,-1.000,Not provided,Not provided,Not provided,[],[],unknown,No,"{""PM2_Moderate"": 2}",2,VUS,"No ClinVar submissions | No HGMD entry | raw_total=0.000, applied=None",No ClinVar submissions,No HGMD entry,0.000,,,,,PM2_Moderate: gnomAD max AF=0 < threshold 0.0001 for MOI AD,,,,,,,,,,,,No,No,,,Filtered: VUS with <5 points excluded from all reporting paths (auto/manual/delins),,Yes
27021230,14841_2024,chr11,2711313,G,A,KCNQ1,AD,c.1133+49232G>A,Not provided,,,,NM_181798.1,11/15,intron_variant,MODIFIER,Het,70,0.429,Long-QT syndrome type 1,No,,No,Not provided,No,Not provided,Not provided,Not provided,0,Not provided,0,0,N/A,Not provided,Not provided,0,Not provided,0,Not provided,No database evidence,0.000066,v3,-1.000,Not provided,Not provided,Not provided,[],[],unknown,No,"{""PM2_Moderate"": 2}",2,VUS,"No ClinVar submissions | No HGMD entry | raw_total=0.000, applied=None",No ClinVar submissions,No HGMD entry,0.000,,,,,PM2_Moderate: gnomAD max AF=6.57384e-05 < threshold 0.0001 for MOI AD,,,,,,,,,,,,No,No,,,Filtered: VUS with <5 points excluded from all reporting paths (auto/manual/delins),,Yes
27021230,14841_2024,chr11,2730229,G,A,KCNQ1,AD,c.1134-38615G>A,Not provided,,,,NM_181798.1,11/15,intron_variant,MODIFIER,Het,72,0.472,Long-QT syndrome type 1,No,,No,Not provided,No,Not provided,Not provided,Not provided,0,Not provided,0,0,N/A,Not provided,Not provided,0,Not provided,0,Not provided,No database evidence,0.0,Unknown,-1.000,Not provided,Not provided,Not provided,[],[],unknown,No,"{""PM2_Moderate"": 2}",2,VUS,"No ClinVar submissions | No HGMD entry | raw_total=0.000, applied=None",No ClinVar submissions,No HGMD entry,0.000,,,,,PM2_Moderate: gnomAD max AF=0 < threshold 0.0001 for MOI AD,,,,,,,,,,,,No,No,,,Filtered: VUS with <5 points excluded from all reporting paths (auto/manual/delins),,Yes
27021230,14841_2024,chr11,2752223,T,A,KCNQ1,AD,c.1134-16621T>A,Not provided,,,,NM_181798.1,11/15,intron_variant,MODIFIER,Het,81,0.432,Long-QT syndrome type 1,No,,No,Not provided,No,Not provided,Not provided,Not provided,0,Not provided,0,0,N/A,Not provided,Not provided,0,Not provided,0,Not provided,No database evidence,0.0,Unknown,-1.000,Not provided,Not provided,Not provided,[],[],unknown,No,"{""PM2_Moderate"": 2}",2,VUS,"No ClinVar submissions | No HGMD entry | raw_total=0.000, applied=None",No ClinVar submissions,No HGMD entry,0.000,,,,,PM2_Moderate: gnomAD max AF=0 < threshold 0.0001 for MOI AD,,,,,,,,,,,,No,No,,,Filtered: VUS with <5 points excluded from all reporting paths (auto/manual/delins),,Yes
27021230,14841_2024,chr11,2777674,T,C,KCNQ1,AD,c.1352-302T>C,Not provided,,,,NM_181798.1,14/15,intron_variant,MODIFIER,Het,45,0.556,Long-QT syndrome type 1,No,,No,Not provided,No,Not provided,Not provided,Not provided,0,Not provided,0,0,N/A,Not provided,Not provided,0,Not provided,0,Not provided,No database evidence,0.0,Unknown,-1.000,Not provided,Not provided,Not provided,[],[],unknown,No,"{""PM2_Moderate"": 2}",2,VUS,"No ClinVar submissions | No HGMD entry | raw_total=0.000, applied=None",No ClinVar submissions,No HGMD entry,0.000,,,,,PM2_Moderate: gnomAD max AF=0 < threshold 0.0001 for MOI AD,,,,,,,,,,,,No,No,,,Filtered: VUS with <5 points excluded from all reporting paths (auto/manual/delins),,Yes
27021230,14841_2024,chr11,2791194,G,A,KCNQ1,AD,c.1413+13157G>A,Not provided,,,,NM_181798.1,15/15,intron_variant,MODIFIER,Het,55,0.545,Long-QT syndrome type 1,No,,No,Not provided,No,Not provided,Not provided,Not provided,0,Not provided,0,0,N/A,Not provided,Not provided,0,Not provided,0,Not provided,No database evidence,0.0,Unknown,-1.000,Not provided,Not provided,Not provided,[],[],unknown,No,"{""PM2_Moderate"": 2}",2,VUS,"No ClinVar submissions | No HGMD entry | raw_total=0.000, applied=None",No ClinVar submissions,No HGMD entry,0.000,,,,,PM2_Moderate: gnomAD max AF=0 < threshold 0.0001 for MOI AD,,,,,,,,,,,,No,No,,,Filtered: VUS with <5 points excluded from all reporting paths (auto/manual/delins),,Yes
27021230,14841_2024,chr11,2813185,G,A,KCNQ1,AD,c.1414-34582G>A,Not provided,,,,NM_181798.1,15/15,intron_variant,MODIFIER,Het,57,0.474,Long-QT syndrome type 1,No,,No,Not provided,No,Not provided,Not provided,Not provided,0,Not provided,0,0,N/A,Not provided,Not provided,0,Not provided,0,Not provided,No database evidence,0.0,Unknown,-1.000,Not provided,Not provided,Not provided,[],[],unknown,No,"{""PM2_Moderate"": 2}",2,VUS,"No ClinVar submissions | No HGMD entry | raw_total=0.000, applied=None",No ClinVar submissions,No HGMD entry,0.000,,,,,PM2_Moderate: gnomAD max AF=0 < threshold 0.0001 for MOI AD,,,,,,,,,,,,No,No,,,Filtered: VUS with <5 points excluded from all reporting paths (auto/manual/delins),,Yes
27021230,14841_2024,chr11,2825703,G,A,KCNQ1,AD,c.1414-22064G>A,Not provided,,,,NM_181798.1,15/15,intron_variant,MODIFIER,Het,76,0.539,Long-QT syndrome type 1,No,,No,Not provided,No,Not provided,Not provided,Not provided,0,Not provided,0,0,N/A,Not provided,Not provided,0,Not provided,0,Not provided,No database evidence,0.0,Unknown,-1.000,Not provided,Not provided,Not provided,[],[],unknown,No,"{""PM2_Moderate"": 2}",2,VUS,"No ClinVar submissions | No HGMD entry | raw_total=0.000, applied=None",No ClinVar submissions,No HGMD entry,0.000,,,,,PM2_Moderate: gnomAD max AF=0 < threshold 0.0001 for MOI AD,,,,,,,,,,,,No,No,,,Filtered: VUS with <5 points excluded from all reporting paths (auto/manual/delins),,Yes
27021230,14841_2024,chr11,2846214,C,G,KCNQ1,AD,c.1414-1553C>G,Not provided,,,,NM_181798.1,15/15,intron_variant,MODIFIER,Het,52,0.385,Long-QT syndrome type 1,No,,No,Not provided,No,Not provided,Not provided,Not provided,0,Not provided,0,0,N/A,Not provided,Not provided,0,Not provided,0,Not provided,No database evidence,0.000072,v3,-1.000,Not provided,Not provided,Not provided,[],[],unknown,No,"{""PM2_Moderate"": 2}",2,VUS,"No ClinVar submissions | No HGMD entry | raw_total=0.000, applied=None",No ClinVar submissions,No HGMD entry,0.000,,,,,PM2_Moderate: gnomAD max AF=7.22733e-05 < threshold 0.0001 for MOI AD,,,,,,,,,,,,No,No,,,Filtered: VUS with <5 points excluded from all reporting paths (auto/manual/delins),,Yes
27021230,14841_2024,chr11,64811366,T,A,MEN1,AD,c.-760A>T,Not provided,,,,NM_130799.3,,upstream_gene_variant,MODIFIER,Het,20,0.550,Multiple endocrine neoplasia type 1,No,,No,Not provided,No,Not provided,Not provided,Not provided,0,Not provided,0,0,N/A,Not provided,Not provided,0,Not provided,0,Not provided,No database evidence,0.0,Unknown,-1.000,Not provided,Not provided,Not provided,[],[],unknown,No,"{""PM2_Moderate"": 2}",2,VUS,"No ClinVar submissions | No HGMD entry | raw_total=0.000, applied=None",No ClinVar submissions,No HGMD entry,0.000,,,,,PM2_Moderate: gnomAD max AF=0 < threshold 0.0001 for MOI AD,,,,,,,,,,,,No,No,,,Filtered: VUS with <5 points excluded from all reporting paths (auto/manual/delins),,Yes
27021230,14841_2024,chr11,112087053,TGAG,T,SDHD,AD,c.52+98_52+100delGAG,Not provided,,,,NM_003002.4,1/3,intron_variant,MODIFIER,Het,80,0.463,Hereditary paraganglioma-pheochromocytoma syndrome,No,,No,Not provided,No,Not provided,Not provided,Not provided,0,Not provided,0,0,N/A,Not provided,Not provided,0,Not provided,0,Not provided,No database evidence,0.000020,v3,-1.000,Not provided,Not provided,Not provided,[],[],unknown,No,"{""PM2_Moderate"": 2}",2,VUS,"No ClinVar submissions | No HGMD entry | raw_total=0.000, applied=None",No ClinVar submissions,No HGMD entry,0.000,,,,,PM2_Moderate: gnomAD max AF=1.97272e-05 < threshold 0.0001 for MOI AD,,,,,,,,,,,,No,No,,,Filtered: VUS with <5 points excluded from all reporting paths (auto/manual/delins),,Yes
27021230,14841_2024,chr12,32858080,AAAAAATATAT,A,PKP2,AD,c.1171-7117_1171-7108delATATATTTTT,Not provided,,,,NM_004572.4,4/13,intron_variant,MODIFIER,Het,31,0.774,Arrhythmogenic right ventricular cardiomyopathy,No,,No,Not provided,No,Not provided,Not provided,Not provided,0,Not provided,0,0,N/A,Not provided,Not provided,0,Not provided,0,Not provided,No database evidence,0.0,Unknown,-1.000,Not provided,0.010,Not provided,[],[],unknown,No,"{""PM2_Moderate"": 2}",2,VUS,"No ClinVar submissions | No HGMD entry | raw_total=0.000, applied=None",No ClinVar submissions,No HGMD entry,0.000,,,,,PM2_Moderate: gnomAD max AF=0 < threshold 0.0001 for MOI AD,,,,,,,,,,,,No,No,,,Filtered: VUS with <5 points excluded from all reporting paths (auto/manual/delins),,Yes
27021230,14841_2024,chr12,32876826,G,A,PKP2,AD,c.1034+1020C>T,Not provided,,,,NM_004572.4,3/13,intron_variant,MODIFIER,Het,73,0.479,Arrhythmogenic right ventricular cardiomyopathy,No,,No,Not provided,No,Not provided,Not provided,Not provided,0,Not provided,0,0,N/A,Not provided,Not provided,0,Not provided,0,Not provided,No database evidence,0.0,Unknown,-1.000,Not provided,Not provided,Not provided,[],[],unknown,No,"{""PM2_Moderate"": 2}",2,VUS,"No ClinVar submissions | No HGMD entry | raw_total=0.000, applied=None",No ClinVar submissions,No HGMD entry,0.000,,,,,PM2_Moderate: gnomAD max AF=0 < threshold 0.0001 for MOI AD,,,,,,,,,,,,No,No,,,Filtered: VUS with <5 points excluded from all reporting paths (auto/manual/delins),,Yes
27021230,14841_2024,chr12,51913290,G,A,ACVRL1,AD,c.253G>A,p.Val85Ile,Val,Ile,85,NM_001077401.2,2/9,missense_variant,MODERATE,Het,50,0.580,Hereditary hemorrhagic telangiectasia,No,,No,"CN230736:Cardiovascular phenotype;Telangiectasia, hereditary hemorrhagic, type 2",No,Not provided,"CN230736:Cardiovascular phenotype;Telangiectasia, hereditary hemorrhagic, type 2",benign;uncertain significance,1;1,Benign,1,1,conditions_csv_phenotype_match,Not provided,Not provided,0,Not provided,0,Not provided,"ClinVar: Sig=benign;uncertain significance; ClinVar: Trait=CN230736:Cardiovascular phenotype;Telangiectasia, hereditary hemorrhagic, type 2",0.000020,v3,0.074,Not provided,Not provided,Not provided,[],[],unknown,No,"{""PM2_Moderate"": 2, ""BP5ext_Supporting"": -1}",1,VUS,"sig=benign (-3 points), stars=1 (0.75 coef), clinvar_phenotype_match=No [PENALTY APPLIED], clin=-1.000 | No HGMD entry | raw_total=-1.000, applied=BP5ext_Supporting","sig=benign (-3 points), stars=1 (0.75 coef), clinvar_phenotype_match=No [PENALTY APPLIED], clin=-1.000",No HGMD entry,-1.000,BP5ext_Supporting,,,,PM2_Moderate: gnomAD max AF=1.97192e-05 < threshold 0.0001 for MOI AD,,,,,,,,,,,,No,No,,,Database conflict (ClinVar): Benign vs VUS detected -> conservative -1 point applied (info in comments).;Filtered: VUS with <5 points excluded from all reporting paths (auto/manual/delins),,Yes
27021230,14841_2024,chr12,110905991,T,TA,MYL2,AD,c.*5085_*5086insT,Not provided,,,,NM_000432.4,,downstream_gene_variant,MODIFIER,Het,34,0.235,Hypertrophic cardiomyopathy,No,,No,Not provided,No,Not provided,Not provided,Not provided,0,Not provided,0,0,N/A,Not provided,Not provided,0,Not provided,0,Not provided,No database evidence,0.0,Unknown,-1.000,Not provided,Not provided,Not provided,[],[],unknown,No,"{""PM2_Moderate"": 2}",2,VUS,"No ClinVar submissions | No HGMD entry | raw_total=0.000, applied=None",No ClinVar submissions,No HGMD entry,0.000,,,,,PM2_Moderate: gnomAD max AF=0 < threshold 0.0001 for MOI AD,,,,,,,,,,,,No,No,,,Filtered: VUS with <5 points excluded from all reporting paths (auto/manual/delins),,Yes
27021230,14841_2024,chr13,32349772,G,A,BRCA2,AD,c.7007+2876G>A,Not provided,,,,NM_000059.4,13/26,intron_variant,MODIFIER,Het,31,0.387,Hereditary breast and ovarian cancer,No,,No,Not provided,No,Not provided,Not provided,Not provided,0,Not provided,0,0,N/A,Not provided,Not provided,0,Not provided,0,Not provided,No database evidence,0.0,Unknown,-1.000,Not provided,Not provided,Not provided,[],[],unknown,No,"{""PM2_Moderate"": 2}",2,VUS,"No ClinVar submissions | No HGMD entry | raw_total=0.000, applied=None",No ClinVar submissions,No HGMD entry,0.000,,,,,PM2_Moderate: gnomAD max AF=0 < threshold 0.0001 for MOI AD,,,,,,,,,,,,No,No,,,Filtered: VUS with <5 points excluded from all reporting paths (auto/manual/delins),,Yes
27021230,14841_2024,chr13,32353467,CTA,C,BRCA2,AD,c.7008-1393_7008-1392delTA,Not provided,,,,NM_000059.4,13/26,intron_variant,MODIFIER,Het,60,0.541,Hereditary breast and ovarian cancer,No,,Yes,"Breast-ovarian cancer, familial, susceptibility to, 2",No,Not provided,"Breast-ovarian cancer, familial, susceptibility to, 2",benign,3,Benign,3,3,conditions_csv_phenotype_match,Not provided,Not provided,0,Not provided,0,Not provided,"ClinVar: Sig=benign; ClinVar: Trait=Breast-ovarian cancer, familial, susceptibility to, 2",0.000007,v3,-1.000,Not provided,Not provided,Not provided,[],[],unknown,No,"{""PM2_Moderate"": 2, ""BP5ext_Moderate"": -2}",0,VUS,"sig=benign (-3 points), stars=3 (1.25 coef), clinvar_phenotype_match=Yes, clin=-3.750 | No HGMD entry | raw_total=-3.750, applied=BP5ext_Moderate","sig=benign (-3 points), stars=3 (1.25 coef), clinvar_phenotype_match=Yes, clin=-3.750",No HGMD entry,-3.750,BP5ext_Moderate,,,,PM2_Moderate: gnomAD max AF=6.57713e-06 < threshold 0.0001 for MOI AD,,,,,,,,,,,,No,No,,,Filtered: VUS with <5 points excluded from all reporting paths (auto/manual/delins);Filtered: HQ Benign (ClinVar≥2★ or HGMD benign or Internal DB benign),Filtered: VUS with <5 points excluded from all reporting paths (auto/manual/delins);Filtered: HQ Benign (ClinVar≥2★ or HGMD benign or Internal DB benign),Yes
27021230,14841_2024,chr13,32353471,A,G,BRCA2,AD,c.7008-1390A>G,Not provided,,,,NM_000059.4,13/26,intron_variant,MODIFIER,Het,61,0.557,Hereditary breast and ovarian cancer,No,,Yes,"Breast-ovarian cancer, familial, susceptibility to, 2",No,Not provided,"Breast-ovarian cancer, familial, susceptibility to, 2",benign,3,Benign,3,3,conditions_csv_phenotype_match,Not provided,Not provided,0,Not provided,0,Not provided,"ClinVar: Sig=benign; ClinVar: Trait=Breast-ovarian cancer, familial, susceptibility to, 2",0.000007,v3,-1.000,Not provided,Not provided,Not provided,[],[],unknown,No,"{""PM2_Moderate"": 2, ""BP5ext_Moderate"": -2}",0,VUS,"sig=benign (-3 points), stars=3 (1.25 coef), clinvar_phenotype_match=Yes, clin=-3.750 | No HGMD entry | raw_total=-3.750, applied=BP5ext_Moderate","sig=benign (-3 points), stars=3 (1.25 coef), clinvar_phenotype_match=Yes, clin=-3.750",No HGMD entry,-3.750,BP5ext_Moderate,,,,PM2_Moderate: gnomAD max AF=6.57903e-06 < threshold 0.0001 for MOI AD,,,,,,,,,,,,No,No,,,Filtered: VUS with <5 points excluded from all reporting paths (auto/manual/delins);Filtered: HQ Benign (ClinVar≥2★ or HGMD benign or Internal DB benign),Filtered: VUS with <5 points excluded from all reporting paths (auto/manual/delins);Filtered: HQ Benign (ClinVar≥2★ or HGMD benign or Internal DB benign),Yes
27021230,14841_2024,chr13,32353473,G,GTA,BRCA2,AD,c.7008-1388_7008-1387insTA,Not provided,,,,NM_000059.4,13/26,intron_variant,MODIFIER,Het,61,0.492,Hereditary breast and ovarian cancer,No,,Yes,"Breast-ovarian cancer, familial, susceptibility to, 2",No,Not provided,"Breast-ovarian cancer, familial, susceptibility to, 2",benign,3,Benign,3,3,conditions_csv_phenotype_match,Not provided,Not provided,0,Not provided,0,Not provided,"ClinVar: Sig=benign; ClinVar: Trait=Breast-ovarian cancer, familial, susceptibility to, 2",0.0,Unknown,-1.000,Not provided,0.000,Not provided,[],[],unknown,No,"{""PM2_Moderate"": 2, ""BP5ext_Moderate"": -2}",0,VUS,"sig=benign (-3 points), stars=3 (1.25 coef), clinvar_phenotype_match=Yes, clin=-3.750 | No HGMD entry | raw_total=-3.750, applied=BP5ext_Moderate","sig=benign (-3 points), stars=3 (1.25 coef), clinvar_phenotype_match=Yes, clin=-3.750",No HGMD entry,-3.750,BP5ext_Moderate,,,,PM2_Moderate: gnomAD max AF=0 < threshold 0.0001 for MOI AD,,,,,,,,,,,,No,No,,,Filtered: VUS with <5 points excluded from all reporting paths (auto/manual/delins);Filtered: HQ Benign (ClinVar≥2★ or HGMD benign or Internal DB benign),Filtered: VUS with <5 points excluded from all reporting paths (auto/manual/delins);Filtered: HQ Benign (ClinVar≥2★ or HGMD benign or Internal DB benign),Yes
27021230,14841_2024,chr13,32353474,C,CA,BRCA2,AD,c.7008-1387_7008-1386insA,Not provided,,,,NM_000059.4,13/26,intron_variant,MODIFIER,Het,57,0.517,Hereditary breast and ovarian cancer,No,,Yes,"Breast-ovarian cancer, familial, susceptibility to, 2",No,Not provided,"Breast-ovarian cancer, familial, susceptibility to, 2",benign,3,Benign,3,3,conditions_csv_phenotype_match,Not provided,Not provided,0,Not provided,0,Not provided,"ClinVar: Sig=benign; ClinVar: Trait=Breast-ovarian cancer, familial, susceptibility to, 2",0.000011,v3,-1.000,Not provided,Not provided,Not provided,[],[],unknown,No,"{""PM2_Moderate"": 2, ""BP5ext_Moderate"": -2}",0,VUS,"sig=benign (-3 points), stars=3 (1.25 coef), clinvar_phenotype_match=Yes, clin=-3.750 | No HGMD entry | raw_total=-3.750, applied=BP5ext_Moderate","sig=benign (-3 points), stars=3 (1.25 coef), clinvar_phenotype_match=Yes, clin=-3.750",No HGMD entry,-3.750,BP5ext_Moderate,,,,PM2_Moderate: gnomAD max AF=1.09524e-05 < threshold 0.0001 for MOI AD,,,,,,,,,,,,No,No,,,Filtered: VUS with <5 points excluded from all reporting paths (auto/manual/delins);Filtered: HQ Benign (ClinVar≥2★ or HGMD benign or Internal DB benign),Filtered: VUS with <5 points excluded from all reporting paths (auto/manual/delins);Filtered: HQ Benign (ClinVar≥2★ or HGMD benign or Internal DB benign),Yes
27021230,14841_2024,chr13,32358163,T,TA,BRCA2,AD,c.7805+237dupA,Not provided,,,,NM_000059.4,16/26,intron_variant,MODIFIER,Het,39,0.513,Hereditary breast and ovarian cancer,No,,No,Not provided,No,Not provided,Not provided,Not provided,0,Not provided,0,0,N/A,Not provided,Not provided,0,Not provided,0,Not provided,No database evidence,0.0,Unknown,-1.000,Not provided,Not provided,Not provided,[],[],unknown,No,"{""PM2_Moderate"": 2}",2,VUS,"No ClinVar submissions | No HGMD entry | raw_total=0.000, applied=None",No ClinVar submissions,No HGMD entry,0.000,,,,,PM2_Moderate: gnomAD max AF=0 < threshold 0.0001 for MOI AD,,,,,,,,,,,,No,No,,,Filtered: VUS with <5 points excluded from all reporting paths (auto/manual/delins),,Yes
27021230,14841_2024,chr13,32402508,T,A,BRCA2,AD,c.*3738T>A,Not provided,,,,NM_000059.4,,downstream_gene_variant,MODIFIER,Het,59,0.542,Hereditary breast and ovarian cancer,No,,No,Not provided,No,Not provided,Not provided,Not provided,0,Not provided,0,0,N/A,Not provided,Not provided,0,Not provided,0,Not provided,No database evidence,0.0,Unknown,-1.000,Not provided,Not provided,Not provided,[],[],unknown,No,"{""PM2_Moderate"": 2}",2,VUS,"No ClinVar submissions | No HGMD entry | raw_total=0.000, applied=None",No ClinVar submissions,No HGMD entry,0.000,,,,,PM2_Moderate: gnomAD max AF=0 < threshold 0.0001 for MOI AD,,,,,,,,,,,,No,No,,,Cluster id=9 detected (members=chr13:32402508:T:A:27021230;chr13:32402513:A:T:27021230;chr13:32402514:G:C:27021230;chr13:32402510:A:ACT:27021230;chr13:32402515:CAA:C:27021230;chr13:32402511:G:T:27021230) - no Pathogenic/LP present; delins NOT flagged; requires P/LP to consider delins.;Delins/overlap cluster (id=9) detected but not all members meet P/LP or >5pts -> not auto-escalated (possible carrier).;Filtered: VUS with <5 points excluded from all reporting paths (auto/manual/delins),,Yes
27021230,14841_2024,chr13,32402510,A,ACT,BRCA2,AD,c.*3740_*3741insCT,Not provided,,,,NM_000059.4,,downstream_gene_variant,MODIFIER,Het,59,0.508,Hereditary breast and ovarian cancer,No,,No,Not provided,No,Not provided,Not provided,Not provided,0,Not provided,0,0,N/A,Not provided,Not provided,0,Not provided,0,Not provided,No database evidence,0.0,Unknown,-1.000,Not provided,0.000,Not provided,[],[],unknown,No,"{""PM2_Moderate"": 2}",2,VUS,"No ClinVar submissions | No HGMD entry | raw_total=0.000, applied=None",No ClinVar submissions,No HGMD entry,0.000,,,,,PM2_Moderate: gnomAD max AF=0 < threshold 0.0001 for MOI AD,,,,,,,,,,,,No,No,,,Cluster id=9 detected (members=chr13:32402508:T:A:27021230;chr13:32402513:A:T:27021230;chr13:32402514:G:C:27021230;chr13:32402510:A:ACT:27021230;chr13:32402515:CAA:C:27021230;chr13:32402511:G:T:27021230) - no Pathogenic/LP present; delins NOT flagged; requires P/LP to consider delins.;Delins/overlap cluster (id=9) detected but not all members meet P/LP or >5pts -> not auto-escalated (possible carrier).;Filtered: VUS with <5 points excluded from all reporting paths (auto/manual/delins),,Yes
27021230,14841_2024,chr13,32402511,G,T,BRCA2,AD,c.*3741G>T,Not provided,,,,NM_000059.4,,downstream_gene_variant,MODIFIER,Het,61,0.492,Hereditary breast and ovarian cancer,No,,No,Not provided,No,Not provided,Not provided,Not provided,0,Not provided,0,0,N/A,Not provided,Not provided,0,Not provided,0,Not provided,No database evidence,0.0,Unknown,-1.000,Not provided,Not provided,Not provided,[],[],unknown,No,"{""PM2_Moderate"": 2}",2,VUS,"No ClinVar submissions | No HGMD entry | raw_total=0.000, applied=None",No ClinVar submissions,No HGMD entry,0.000,,,,,PM2_Moderate: gnomAD max AF=0 < threshold 0.0001 for MOI AD,,,,,,,,,,,,No,No,,,Cluster id=9 detected (members=chr13:32402508:T:A:27021230;chr13:32402513:A:T:27021230;chr13:32402514:G:C:27021230;chr13:32402510:A:ACT:27021230;chr13:32402515:CAA:C:27021230;chr13:32402511:G:T:27021230) - no Pathogenic/LP present; delins NOT flagged; requires P/LP to consider delins.;Delins/overlap cluster (id=9) detected but not all members meet P/LP or >5pts -> not auto-escalated (possible carrier).;Filtered: VUS with <5 points excluded from all reporting paths (auto/manual/delins),,Yes
27021230,14841_2024,chr13,32402513,A,T,BRCA2,AD,c.*3743A>T,Not provided,,,,NM_000059.4,,downstream_gene_variant,MODIFIER,Het,61,0.475,Hereditary breast and ovarian cancer,No,,No,Not provided,No,Not provided,Not provided,Not provided,0,Not provided,0,0,N/A,Not provided,Not provided,0,Not provided,0,Not provided,No database evidence,0.0,Unknown,-1.000,Not provided,Not provided,Not provided,[],[],unknown,No,"{""PM2_Moderate"": 2}",2,VUS,"No ClinVar submissions | No HGMD entry | raw_total=0.000, applied=None",No ClinVar submissions,No HGMD entry,0.000,,,,,PM2_Moderate: gnomAD max AF=0 < threshold 0.0001 for MOI AD,,,,,,,,,,,,No,No,,,Cluster id=9 detected (members=chr13:32402508:T:A:27021230;chr13:32402513:A:T:27021230;chr13:32402514:G:C:27021230;chr13:32402510:A:ACT:27021230;chr13:32402515:CAA:C:27021230;chr13:32402511:G:T:27021230) - no Pathogenic/LP present; delins NOT flagged; requires P/LP to consider delins.;Delins/overlap cluster (id=9) detected but not all members meet P/LP or >5pts -> not auto-escalated (possible carrier).;Filtered: VUS with <5 points excluded from all reporting paths (auto/manual/delins),,Yes
27021230,14841_2024,chr13,32402514,G,C,BRCA2,AD,c.*3744G>C,Not provided,,,,NM_000059.4,,downstream_gene_variant,MODIFIER,Het,59,0.508,Hereditary breast and ovarian cancer,No,,No,Not provided,No,Not provided,Not provided,Not provided,0,Not provided,0,0,N/A,Not provided,Not provided,0,Not provided,0,Not provided,No database evidence,0.0,Unknown,-1.000,Not provided,Not provided,Not provided,[],[],unknown,No,"{""PM2_Moderate"": 2}",2,VUS,"No ClinVar submissions | No HGMD entry | raw_total=0.000, applied=None",No ClinVar submissions,No HGMD entry,0.000,,,,,PM2_Moderate: gnomAD max AF=0 < threshold 0.0001 for MOI AD,,,,,,,,,,,,No,No,,,Cluster id=9 detected (members=chr13:32402508:T:A:27021230;chr13:32402513:A:T:27021230;chr13:32402514:G:C:27021230;chr13:32402510:A:ACT:27021230;chr13:32402515:CAA:C:27021230;chr13:32402511:G:T:27021230) - no Pathogenic/LP present; delins NOT flagged; requires P/LP to consider delins.;Delins/overlap cluster (id=9) detected but not all members meet P/LP or >5pts -> not auto-escalated (possible carrier).;Filtered: VUS with <5 points excluded from all reporting paths (auto/manual/delins),,Yes
27021230,14841_2024,chr13,32402515,CAA,C,BRCA2,AD,c.*3746_*3747delAA,Not provided,,,,NM_000059.4,,downstream_gene_variant,MODIFIER,Het,63,0.460,Hereditary breast and ovarian cancer,No,,No,Not provided,No,Not provided,Not provided,Not provided,0,Not provided,0,0,N/A,Not provided,Not provided,0,Not provided,0,Not provided,No database evidence,0.0,Unknown,-1.000,Not provided,Not provided,Not provided,[],[],unknown,No,"{""PM2_Moderate"": 2}",2,VUS,"No ClinVar submissions | No HGMD entry | raw_total=0.000, applied=None",No ClinVar submissions,No HGMD entry,0.000,,,,,PM2_Moderate: gnomAD max AF=0 < threshold 0.0001 for MOI AD,,,,,,,,,,,,No,No,,,Cluster id=9 detected (members=chr13:32402508:T:A:27021230;chr13:32402513:A:T:27021230;chr13:32402514:G:C:27021230;chr13:32402510:A:ACT:27021230;chr13:32402515:CAA:C:27021230;chr13:32402511:G:T:27021230) - no Pathogenic/LP present; delins NOT flagged; requires P/LP to consider delins.;Delins/overlap cluster (id=9) detected but not all members meet P/LP or >5pts -> not auto-escalated (possible carrier).;Filtered: VUS with <5 points excluded from all reporting paths (auto/manual/delins),,Yes
27021230,14841_2024,chr13,48306859,A,G,RB1,AD,c.138-421A>G,Not provided,,,,NM_000321.3,1/26,intron_variant,MODIFIER,Het,73,0.493,Retinoblastoma,No,,No,Not provided,No,Not provided,Not provided,Not provided,0,Not provided,0,0,N/A,Not provided,Not provided,0,Not provided,0,Not provided,No database evidence,0.000032,v2,-1.000,Not provided,Not provided,Not provided,[],[],unknown,No,"{""PM2_Moderate"": 2}",2,VUS,"No ClinVar submissions | No HGMD entry | raw_total=0.000, applied=None",No ClinVar submissions,No HGMD entry,0.000,,,,,PM2_Moderate: gnomAD max AF=3.18573e-05 < threshold 0.0001 for MOI AD,,,,,,,,,,,,No,No,,,Filtered: VUS with <5 points excluded from all reporting paths (auto/manual/delins),,Yes
27021230,14841_2024,chr13,48321765,A,G,RB1,AD,c.264+14359A>G,Not provided,,,,NM_000321.3,2/26,intron_variant,MODIFIER,Het,40,0.575,Retinoblastoma,No,,No,Not provided,No,Not provided,Not provided,Not provided,0,Not provided,0,0,N/A,Not provided,Not provided,0,Not provided,0,Not provided,No database evidence,0.0,Unknown,-1.000,Not provided,Not provided,Not provided,[],[],unknown,No,"{""PM2_Moderate"": 2}",2,VUS,"No ClinVar submissions | No HGMD entry | raw_total=0.000, applied=None",No ClinVar submissions,No HGMD entry,0.000,,,,,PM2_Moderate: gnomAD max AF=0 < threshold 0.0001 for MOI AD,,,,,,,,,,,,No,No,,,Filtered: VUS with <5 points excluded from all reporting paths (auto/manual/delins),,Yes
27021230,14841_2024,chr13,48338280,A,G,RB1,AD,c.265-4319A>G,Not provided,,,,NM_000321.3,2/26,intron_variant,MODIFIER,Het,44,0.523,Retinoblastoma,No,,No,Not provided,No,Not provided,Not provided,Not provided,0,Not provided,0,0,N/A,Not provided,Not provided,0,Not provided,0,Not provided,No database evidence,0.0,Unknown,-1.000,Not provided,Not provided,Not provided,[],[],unknown,No,"{""PM2_Moderate"": 2}",2,VUS,"No ClinVar submissions | No HGMD entry | raw_total=0.000, applied=None",No ClinVar submissions,No HGMD entry,0.000,,,,,PM2_Moderate: gnomAD max AF=0 < threshold 0.0001 for MOI AD,,,,,,,,,,,,No,No,,,Filtered: VUS with <5 points excluded from all reporting paths (auto/manual/delins),,Yes
27021230,14841_2024,chr13,48340039,G,A,RB1,AD,c.265-2560G>A,Not provided,,,,NM_000321.3,2/26,intron_variant,MODIFIER,Het,64,0.469,Retinoblastoma,No,,No,Not provided,No,Not provided,Not provided,Not provided,0,Not provided,0,0,N/A,Not provided,Not provided,0,Not provided,0,Not provided,No database evidence,0.0,Unknown,-1.000,Not provided,Not provided,Not provided,[],[],unknown,No,"{""PM2_Moderate"": 2}",2,VUS,"No ClinVar submissions | No HGMD entry | raw_total=0.000, applied=None",No ClinVar submissions,No HGMD entry,0.000,,,,,PM2_Moderate: gnomAD max AF=0 < threshold 0.0001 for MOI AD,,,,,,,,,,,,No,No,,,Filtered: VUS with <5 points excluded from all reporting paths (auto/manual/delins),,Yes
27021230,14841_2024,chr13,48381973,G,A,RB1,AD,c.1695+530G>A,Not provided,,,,NM_000321.3,17/26,intron_variant,MODIFIER,Het,67,0.522,Retinoblastoma,No,,No,Not provided,No,Not provided,Not provided,Not provided,0,Not provided,0,0,N/A,Not provided,Not provided,0,Not provided,0,Not provided,No database evidence,0.0,Unknown,-1.000,Not provided,Not provided,Not provided,[],[],unknown,No,"{""PM2_Moderate"": 2}",2,VUS,"No ClinVar submissions | No HGMD entry | raw_total=0.000, applied=None",No ClinVar submissions,No HGMD entry,0.000,,,,,PM2_Moderate: gnomAD max AF=0 < threshold 0.0001 for MOI AD,,,,,,,,,,,,No,No,,,Filtered: VUS with <5 points excluded from all reporting paths (auto/manual/delins),,Yes
27021230,14841_2024,chr13,48394731,A,G,RB1,AD,c.1695+13288A>G,Not provided,,,,NM_000321.3,17/26,intron_variant,MODIFIER,Het,72,0.431,Retinoblastoma,No,,No,Not provided,No,Not provided,Not provided,Not provided,0,Not provided,0,0,N/A,Not provided,Not provided,0,Not provided,0,Not provided,No database evidence,0.0,Unknown,-1.000,Not provided,Not provided,Not provided,[],[],unknown,No,"{""PM2_Moderate"": 2}",2,VUS,"No ClinVar submissions | No HGMD entry | raw_total=0.000, applied=None",No ClinVar submissions,No HGMD entry,0.000,,,,,PM2_Moderate: gnomAD max AF=0 < threshold 0.0001 for MOI AD,,,,,,,,,,,,No,No,,,Filtered: VUS with <5 points excluded from all reporting paths (auto/manual/delins),,Yes
27021230,14841_2024,chr13,48422003,A,C,RB1,AD,c.1696-30990A>C,Not provided,,,,NM_000321.3,17/26,intron_variant,MODIFIER,Het,61,0.557,Retinoblastoma,No,,No,Not provided,No,Not provided,Not provided,Not provided,0,Not provided,0,0,N/A,Not provided,Not provided,0,Not provided,0,Not provided,No database evidence,0.0,Unknown,-1.000,Not provided,Not provided,Not provided,[],[],unknown,No,"{""PM2_Moderate"": 2}",2,VUS,"No ClinVar submissions | No HGMD entry | raw_total=0.000, applied=None",No ClinVar submissions,No HGMD entry,0.000,,,,,PM2_Moderate: gnomAD max AF=0 < threshold 0.0001 for MOI AD,,,,,,,,,,,,No,No,,,Cluster id=10 detected (members=chr13:48422003:A:C:27021230;chr13:48422005:G:T:27021230) - no Pathogenic/LP present; delins NOT flagged; requires P/LP to consider delins.;Delins/overlap cluster (id=10) detected but not all members meet P/LP or >5pts -> not auto-escalated (possible carrier).;Filtered: VUS with <5 points excluded from all reporting paths (auto/manual/delins),,Yes
27021230,14841_2024,chr13,48422005,G,T,RB1,AD,c.1696-30988G>T,Not provided,,,,NM_000321.3,17/26,intron_variant,MODIFIER,Het,61,0.525,Retinoblastoma,No,,No,Not provided,No,Not provided,Not provided,Not provided,0,Not provided,0,0,N/A,Not provided,Not provided,0,Not provided,0,Not provided,No database evidence,0.0,Unknown,-1.000,Not provided,Not provided,Not provided,[],[],unknown,No,"{""PM2_Moderate"": 2}",2,VUS,"No ClinVar submissions | No HGMD entry | raw_total=0.000, applied=None",No ClinVar submissions,No HGMD entry,0.000,,,,,PM2_Moderate: gnomAD max AF=0 < threshold 0.0001 for MOI AD,,,,,,,,,,,,No,No,,,Cluster id=10 detected (members=chr13:48422003:A:C:27021230;chr13:48422005:G:T:27021230) - no Pathogenic/LP present; delins NOT flagged; requires P/LP to consider delins.;Delins/overlap cluster (id=10) detected but not all members meet P/LP or >5pts -> not auto-escalated (possible carrier).;Filtered: VUS with <5 points excluded from all reporting paths (auto/manual/delins),,Yes
27021230,14841_2024,chr13,48451022,T,G,RB1,AD,c.1696-1971T>G,Not provided,,,,NM_000321.3,17/26,intron_variant,MODIFIER,Het,53,0.537,Retinoblastoma,No,,No,Not provided,No,Not provided,Not provided,Not provided,0,Not provided,0,0,N/A,Not provided,Not provided,0,Not provided,0,Not provided,No database evidence,0.0,Unknown,-1.000,Not provided,Not provided,Not provided,[],[],unknown,No,"{""PM2_Moderate"": 2}",2,VUS,"No ClinVar submissions | No HGMD entry | raw_total=0.000, applied=None",No ClinVar submissions,No HGMD entry,0.000,,,,,PM2_Moderate: gnomAD max AF=0 < threshold 0.0001 for MOI AD,,,,,,,,,,,,No,No,,,Filtered: VUS with <5 points excluded from all reporting paths (auto/manual/delins),,Yes
27021230,14841_2024,chr13,48452033,A,G,RB1,AD,c.1696-960A>G,Not provided,,,,NM_000321.3,17/26,intron_variant,MODIFIER,Het,17,0.588,Retinoblastoma,No,,No,Not provided,No,Not provided,Not provided,Not provided,0,Not provided,0,0,N/A,Not provided,Not provided,0,Not provided,0,Not provided,No database evidence,0.0,Unknown,-1.000,Not provided,Not provided,Not provided,[],[],unknown,No,"{""PM2_Moderate"": 2}",2,VUS,"No ClinVar submissions | No HGMD entry | raw_total=0.000, applied=None",No ClinVar submissions,No HGMD entry,0.000,,,,,PM2_Moderate: gnomAD max AF=0 < threshold 0.0001 for MOI AD,,,,,,,,,,,,No,No,,,Filtered: VUS with <5 points excluded from all reporting paths (auto/manual/delins),,Yes
27021230,14841_2024,chr13,48468027,A,G,RB1,AD,c.2489+2659A>G,Not provided,,,,NM_000321.3,23/26,intron_variant,MODIFIER,Hom,12,0.750,Retinoblastoma,No,,No,Not provided,No,Not provided,Not provided,Not provided,0,Not provided,0,0,N/A,Not provided,Not provided,0,Not provided,0,Not provided,No database evidence,0.0,Unknown,-1.000,Not provided,Not provided,Not provided,[],[],unknown,No,"{""PM2_Moderate"": 2}",2,VUS,"No ClinVar submissions | No HGMD entry | raw_total=0.000, applied=None",No ClinVar submissions,No HGMD entry,0.000,,,,,PM2_Moderate: gnomAD max AF=0 < threshold 0.0001 for MOI AD,,,,,,,,,,,,No,No,,,Filtered: VUS with <5 points excluded from all reporting paths (auto/manual/delins),,Yes
27021230,14841_2024,chr13,48469543,T,C,RB1,AD,c.2490-3817T>C,Not provided,,,,NM_000321.3,23/26,intron_variant,MODIFIER,Het,10,0.400,Retinoblastoma,No,,No,Not provided,No,Not provided,Not provided,Not provided,0,Not provided,0,0,N/A,Not provided,Not provided,0,Not provided,0,Not provided,No database evidence,0.0,Unknown,-1.000,Not provided,Not provided,Not provided,[],[],unknown,No,"{""PM2_Moderate"": 2}",2,VUS,"No ClinVar submissions | No HGMD entry | raw_total=0.000, applied=None",No ClinVar submissions,No HGMD entry,0.000,,,,,PM2_Moderate: gnomAD max AF=0 < threshold 0.0001 for MOI AD,,,,,,,,,,,,No,No,,,Filtered: VUS with <5 points excluded from all reporting paths (auto/manual/delins),,Yes
27021230,14841_2024,chr13,48479653,G,T,RB1,AD,c.2714-345G>T,Not provided,,,,NM_000321.3,26/26,intron_variant,MODIFIER,Het,65,0.523,Retinoblastoma,No,,No,Not provided,No,Not provided,Not provided,Not provided,0,Not provided,0,0,N/A,Not provided,Not provided,0,Not provided,0,Not provided,No database evidence,0.0,Unknown,-1.000,Not provided,Not provided,Not provided,[],[],unknown,No,"{""PM2_Moderate"": 2}",2,VUS,"No ClinVar submissions | No HGMD entry | raw_total=0.000, applied=None",No ClinVar submissions,No HGMD entry,0.000,,,,,PM2_Moderate: gnomAD max AF=0 < threshold 0.0001 for MOI AD,,,,,,,,,,,,No,No,,,Filtered: VUS with <5 points excluded from all reporting paths (auto/manual/delins),,Yes
27021230,14841_2024,chr13,51986987,C,G,ATP7B,AR,c.52-11819G>C,Not provided,,,,NM_000053.4,1/20,intron_variant,MODIFIER,Het,53,0.528,Wilson disease,No,,No,Not provided,No,Not provided,Not provided,Not provided,0,Not provided,0,0,N/A,Not provided,Not provided,0,Not provided,0,Not provided,No database evidence,0.0,Unknown,-1.000,Not provided,Not provided,Not provided,[],[],unknown,No,"{""PM2_Moderate"": 2}",2,VUS,"No ClinVar submissions | No HGMD entry | raw_total=0.000, applied=None",No ClinVar submissions,No HGMD entry,0.000,,,,,PM2_Moderate: gnomAD max AF=0 < threshold 0.005 for MOI AR,,,,,,,,,,,,No,No,,,Filtered: VUS with <5 points excluded from all reporting paths (auto/manual/delins),,Yes
27021230,14841_2024,chr15,34787440,G,A,ACTC1,AD,c.*2972C>T,Not provided,,,,NM_005159.5,,downstream_gene_variant,MODIFIER,Het,87,0.494,Hypertrophic cardiomyopathy,Yes,"No include rule matched; rules require explicit inclusion (whitelist);Include if Impact is ""MODERATE"" or ""LOW"";No include rule matched; rules require explicit inclusion (whitelist);Include if Impact is ""MODERATE"" or ""LOW"";No include rule matched; rules require explicit inclusion (whitelist);Include if Impact is ""MODERATE"" or ""LOW""",No,Not provided,No,Not provided,Not provided,Not provided,0,Not provided,0,0,N/A,Not provided,Not provided,0,Not provided,0,Not provided,No database evidence,0.0,Unknown,-1.000,Not provided,Not provided,Not provided,[],[],unknown,No,"{""PM2_Moderate"": 2}",2,VUS,"No ClinVar submissions | No HGMD entry | raw_total=0.000, applied=None",No ClinVar submissions,No HGMD entry,0.000,,,,,PM2_Moderate: gnomAD max AF=0 < threshold 0.0001 for MOI AD,,,,,,,,,,,,No,No,,,"Filtered: VUS with <5 points excluded from all reporting paths (auto/manual/delins);Filtered by gene 'Rules' (exclude): No include rule matched; rules require explicit inclusion (whitelist); Include if Impact is ""MODERATE"" or ""LOW""","Filtered: VUS with <5 points excluded from all reporting paths (auto/manual/delins);Filtered by gene 'Rules' (exclude): No include rule matched; rules require explicit inclusion (whitelist); Include if Impact is ""MODERATE"" or ""LOW""",Yes
27021230,14841_2024,chr15,48502254,C,G,FBN1,AD,c.2113+1533G>C,Not provided,,,,NM_000138.5,17/65,intron_variant,MODIFIER,Het,42,0.429,Marfan syndrome,No,,No,Not provided,No,Not provided,Not provided,Not provided,0,Not provided,0,0,N/A,Not provided,Not provided,0,Not provided,0,Not provided,No database evidence,0.0,Unknown,-1.000,Not provided,Not provided,Not provided,[],[],unknown,No,"{""PM2_Moderate"": 2}",2,VUS,"No ClinVar submissions | No HGMD entry | raw_total=0.000, applied=None",No ClinVar submissions,No HGMD entry,0.000,,,,,PM2_Moderate: gnomAD max AF=0 < threshold 0.0001 for MOI AD,,,,,,,,,,,,No,No,,,Filtered: VUS with <5 points excluded from all reporting paths (auto/manual/delins),,Yes
27021230,14841_2024,chr15,48510497,C,T,FBN1,AD,c.1589-328G>A,Not provided,,,,NM_000138.5,13/65,intron_variant,MODIFIER,Het,57,0.474,Marfan syndrome,No,,No,Not provided,No,Not provided,Not provided,Not provided,0,Not provided,0,0,N/A,Not provided,Not provided,0,Not provided,0,Not provided,No database evidence,0.0,Unknown,-1.000,Not provided,Not provided,Not provided,[],[],unknown,No,"{""PM2_Moderate"": 2}",2,VUS,"No ClinVar submissions | No HGMD entry | raw_total=0.000, applied=None",No ClinVar submissions,No HGMD entry,0.000,,,,,PM2_Moderate: gnomAD max AF=0 < threshold 0.0001 for MOI AD,,,,,,,,,,,,No,No,,,Filtered: VUS with <5 points excluded from all reporting paths (auto/manual/delins),,Yes
27021230,14841_2024,chr15,48523256,G,A,FBN1,AD,c.989-2439C>T,Not provided,,,,NM_000138.5,9/65,intron_variant,MODIFIER,Het,56,0.482,Marfan syndrome,No,,No,Not provided,No,Not provided,Not provided,Not provided,0,Not provided,0,0,N/A,Not provided,Not provided,0,Not provided,0,Not provided,No database evidence,0.0,Unknown,-1.000,Not provided,Not provided,Not provided,[],[],unknown,No,"{""PM2_Moderate"": 2}",2,VUS,"No ClinVar submissions | No HGMD entry | raw_total=0.000, applied=None",No ClinVar submissions,No HGMD entry,0.000,,,,,PM2_Moderate: gnomAD max AF=0 < threshold 0.0001 for MOI AD,,,,,,,,,,,,No,No,,,Filtered: VUS with <5 points excluded from all reporting paths (auto/manual/delins),,Yes
27021230,14841_2024,chr15,48524615,A,T,FBN1,AD,c.988+1515T>A,Not provided,,,,NM_000138.5,9/65,intron_variant,MODIFIER,Het,72,0.458,Marfan syndrome,No,,No,Not provided,No,Not provided,Not provided,Not provided,0,Not provided,0,0,N/A,Not provided,Not provided,0,Not provided,0,Not provided,No database evidence,0.0,Unknown,-1.000,Not provided,Not provided,Not provided,[],[],unknown,No,"{""PM2_Moderate"": 2}",2,VUS,"No ClinVar submissions | No HGMD entry | raw_total=0.000, applied=None",No ClinVar submissions,No HGMD entry,0.000,,,,,PM2_Moderate: gnomAD max AF=0 < threshold 0.0001 for MOI AD,,,,,,,,,,,,No,No,,,Filtered: VUS with <5 points excluded from all reporting paths (auto/manual/delins),,Yes
27021230,14841_2024,chr15,48544391,C,T,FBN1,AD,c.539-6583G>A,Not provided,,,,NM_000138.5,6/65,intron_variant,MODIFIER,Het,69,0.449,Marfan syndrome,No,,No,Not provided,No,Not provided,Not provided,Not provided,0,Not provided,0,0,N/A,Not provided,Not provided,0,Not provided,0,Not provided,No database evidence,0.0,Unknown,-1.000,Not provided,Not provided,Not provided,[],[],unknown,No,"{""PM2_Moderate"": 2}",2,VUS,"No ClinVar submissions | No HGMD entry | raw_total=0.000, applied=None",No ClinVar submissions,No HGMD entry,0.000,,,,,PM2_Moderate: gnomAD max AF=0 < threshold 0.0001 for MOI AD,,,,,,,,,,,,No,No,,,Filtered: VUS with <5 points excluded from all reporting paths (auto/manual/delins),,Yes
27021230,14841_2024,chr15,48554938,T,C,FBN1,AD,c.539-17130A>G,Not provided,,,,NM_000138.5,6/65,intron_variant,MODIFIER,Het,89,0.449,Marfan syndrome,No,,No,Not provided,No,Not provided,Not provided,Not provided,0,Not provided,0,0,N/A,Not provided,Not provided,0,Not provided,0,Not provided,No database evidence,0.0,Unknown,-1.000,Not provided,Not provided,Not provided,[],[],unknown,No,"{""PM2_Moderate"": 2}",2,VUS,"No ClinVar submissions | No HGMD entry | raw_total=0.000, applied=None",No ClinVar submissions,No HGMD entry,0.000,,,,,PM2_Moderate: gnomAD max AF=0 < threshold 0.0001 for MOI AD,,,,,,,,,,,,No,No,,,Filtered: VUS with <5 points excluded from all reporting paths (auto/manual/delins),,Yes
27021230,14841_2024,chr15,48590419,C,T,FBN1,AD,c.538+5864G>A,Not provided,,,,NM_000138.5,6/65,intron_variant,MODIFIER,Het,71,0.493,Marfan syndrome,No,,No,Not provided,No,Not provided,Not provided,Not provided,0,Not provided,0,0,N/A,Not provided,Not provided,0,Not provided,0,Not provided,No database evidence,0.000072,v3,-1.000,Not provided,Not provided,Not provided,[],[],unknown,No,"{""PM2_Moderate"": 2}",2,VUS,"No ClinVar submissions | No HGMD entry | raw_total=0.000, applied=None",No ClinVar submissions,No HGMD entry,0.000,,,,,PM2_Moderate: gnomAD max AF=7.22695e-05 < threshold 0.0001 for MOI AD,,,,,,,,,,,,No,No,,,Filtered: VUS with <5 points excluded from all reporting paths (auto/manual/delins),,Yes
27021230,14841_2024,chr15,48634857,CCACACACACACACACA,C,FBN1,AD,c.164+9733_164+9748delTGTGTGTGTGTGTGTG,Not provided,,,,NM_000138.5,2/65,intron_variant,MODIFIER,Het,10,0.300,Marfan syndrome,No,,No,Not provided,No,Not provided,Not provided,Not provided,0,Not provided,0,0,N/A,Not provided,Not provided,0,Not provided,0,Not provided,No database evidence,0.0,Unknown,-1.000,Not provided,0.000,Not provided,[],[],unknown,No,"{""PM2_Moderate"": 2}",2,VUS,"No ClinVar submissions | No HGMD entry | raw_total=0.000, applied=None",No ClinVar submissions,No HGMD entry,0.000,,,,,PM2_Moderate: gnomAD max AF=0 < threshold 0.0001 for MOI AD,,,,,,,,,,,,No,No,,,Filtered: VUS with <5 points excluded from all reporting paths (auto/manual/delins),,Yes
27021230,14841_2024,chr15,48638037,CT,C,FBN1,AD,c.164+6568delA,Not provided,,,,NM_000138.5,2/65,intron_variant,MODIFIER,Het,69,0.493,Marfan syndrome,No,,No,Not provided,No,Not provided,Not provided,Not provided,0,Not provided,0,0,N/A,Not provided,Not provided,0,Not provided,0,Not provided,No database evidence,0.0,Unknown,-1.000,Not provided,Not provided,Not provided,[],[],unknown,No,"{""PM2_Moderate"": 2}",2,VUS,"No ClinVar submissions | No HGMD entry | raw_total=0.000, applied=None",No ClinVar submissions,No HGMD entry,0.000,,,,,PM2_Moderate: gnomAD max AF=0 < threshold 0.0001 for MOI AD,,,,,,,,,,,,No,No,,,Filtered: VUS with <5 points excluded from all reporting paths (auto/manual/delins),,Yes
27021230,14841_2024,chr15,48638554,A,T,FBN1,AD,c.164+6052T>A,Not provided,,,,NM_000138.5,2/65,intron_variant,MODIFIER,Het,85,0.553,Marfan syndrome,No,,No,Not provided,No,Not provided,Not provided,Not provided,0,Not provided,0,0,N/A,Not provided,Not provided,0,Not provided,0,Not provided,No database evidence,0.0,Unknown,-1.000,Not provided,Not provided,Not provided,[],[],unknown,No,"{""PM2_Moderate"": 2}",2,VUS,"No ClinVar submissions | No HGMD entry | raw_total=0.000, applied=None",No ClinVar submissions,No HGMD entry,0.000,,,,,PM2_Moderate: gnomAD max AF=0 < threshold 0.0001 for MOI AD,,,,,,,,,,,,No,No,,,Filtered: VUS with <5 points excluded from all reporting paths (auto/manual/delins),,Yes
27021230,14841_2024,chr15,48640102,G,A,FBN1,AD,c.164+4504C>T,Not provided,,,,NM_000138.5,2/65,intron_variant,MODIFIER,Het,70,0.557,Marfan syndrome,No,,No,Not provided,No,Not provided,Not provided,Not provided,0,Not provided,0,0,N/A,Not provided,Not provided,0,Not provided,0,Not provided,No database evidence,0.0,Unknown,-1.000,Not provided,Not provided,Not provided,[],[],unknown,No,"{""PM2_Moderate"": 2}",2,VUS,"No ClinVar submissions | No HGMD entry | raw_total=0.000, applied=None",No ClinVar submissions,No HGMD entry,0.000,,,,,PM2_Moderate: gnomAD max AF=0 < threshold 0.0001 for MOI AD,,,,,,,,,,,,No,No,,,Filtered: VUS with <5 points excluded from all reporting paths (auto/manual/delins),,Yes
27021230,14841_2024,chr15,63048783,T,TC,TPM1,AD,c.240+4639dupC,Not provided,,,,NM_000366.6,2/9,intron_variant,MODIFIER,Het,41,0.488,Hypertrophic cardiomyopathy,No,,No,Not provided,No,Not provided,Not provided,Not provided,0,Not provided,0,0,N/A,Not provided,Not provided,0,Not provided,0,Not provided,No database evidence,0.0,Unknown,-1.000,Not provided,Not provided,Not provided,[],[],unknown,No,"{""PM2_Moderate"": 2}",2,VUS,"No ClinVar submissions | No HGMD entry | raw_total=0.000, applied=None",No ClinVar submissions,No HGMD entry,0.000,,,,,PM2_Moderate: gnomAD max AF=0 < threshold 0.0001 for MOI AD,,,,,,,,,,,,No,No,,,Filtered: VUS with <5 points excluded from all reporting paths (auto/manual/delins),,Yes
27021230,14841_2024,chr15,67072302,C,T,SMAD3,AD,c.206+5942C>T,Not provided,,,,NM_005902.4,1/8,intron_variant,MODIFIER,Het,73,0.425,Loeys-Dietz syndrome,No,,No,Not provided,No,Not provided,Not provided,Not provided,0,Not provided,0,0,N/A,Not provided,Not provided,0,Not provided,0,Not provided,No database evidence,0.0,Unknown,-1.000,Not provided,Not provided,Not provided,[],[],unknown,No,"{""PM2_Moderate"": 2}",2,VUS,"No ClinVar submissions | No HGMD entry | raw_total=0.000, applied=None",No ClinVar submissions,No HGMD entry,0.000,,,,,PM2_Moderate: gnomAD max AF=0 < threshold 0.0001 for MOI AD,,,,,,,,,,,,No,No,,,Filtered: VUS with <5 points excluded from all reporting paths (auto/manual/delins),,Yes
27021230,14841_2024,chr15,67091597,C,A,SMAD3,AD,c.206+25237C>A,Not provided,,,,NM_005902.4,1/8,intron_variant,MODIFIER,Het,66,0.470,Loeys-Dietz syndrome,No,,No,Not provided,No,Not provided,Not provided,Not provided,0,Not provided,0,0,N/A,Not provided,Not provided,0,Not provided,0,Not provided,No database evidence,0.000007,v3,-1.000,Not provided,Not provided,Not provided,[],[],unknown,No,"{""PM2_Moderate"": 2}",2,VUS,"No ClinVar submissions | No HGMD entry | raw_total=0.000, applied=None",No ClinVar submissions,No HGMD entry,0.000,,,,,PM2_Moderate: gnomAD max AF=6.57324e-06 < threshold 0.0001 for MOI AD,,,,,,,,,,,,No,No,,,Filtered: VUS with <5 points excluded from all reporting paths (auto/manual/delins),,Yes
27021230,14841_2024,chr15,67099654,A,G,SMAD3,AD,c.206+33294A>G,Not provided,,,,NM_005902.4,1/8,intron_variant,MODIFIER,Het,79,0.481,Loeys-Dietz syndrome,No,,No,Not provided,No,Not provided,Not provided,Not provided,0,Not provided,0,0,N/A,Not provided,Not provided,0,Not provided,0,Not provided,No database evidence,0.0,Unknown,-1.000,Not provided,Not provided,Not provided,[],[],unknown,No,"{""PM2_Moderate"": 2}",2,VUS,"No ClinVar submissions | No HGMD entry | raw_total=0.000, applied=None",No ClinVar submissions,No HGMD entry,0.000,,,,,PM2_Moderate: gnomAD max AF=0 < threshold 0.0001 for MOI AD,,,,,,,,,,,,No,No,,,Filtered: VUS with <5 points excluded from all reporting paths (auto/manual/delins),,Yes
27021230,14841_2024,chr15,67165834,G,C,SMAD3,AD,c.400+450G>C,Not provided,,,,NM_001145103.2,3/8,intron_variant,MODIFIER,Het,55,0.473,Loeys-Dietz syndrome,No,,No,Not provided,No,Not provided,Not provided,Not provided,0,Not provided,0,0,N/A,Not provided,Not provided,0,Not provided,0,Not provided,No database evidence,0.000066,v3,-1.000,Not provided,Not provided,Not provided,[],[],unknown,No,"{""PM2_Moderate"": 2}",2,VUS,"No ClinVar submissions | No HGMD entry | raw_total=0.000, applied=None",No ClinVar submissions,No HGMD entry,0.000,,,,,PM2_Moderate: gnomAD max AF=6.56875e-05 < threshold 0.0001 for MOI AD,,,,,,,,,,,,No,No,,,Filtered: VUS with <5 points excluded from all reporting paths (auto/manual/delins),,Yes
27021230,14841_2024,chr15,67183031,ATTTTTT,A,SMAD3,AD,c.739+1593_739+1598delTTTTTT,Not provided,,,,NM_001145103.2,6/8,intron_variant,MODIFIER,Het,33,0.364,Loeys-Dietz syndrome,No,,No,Not provided,No,Not provided,Not provided,Not provided,0,Not provided,0,0,N/A,Not provided,Not provided,0,Not provided,0,Not provided,No database evidence,0.0,Unknown,-1.000,Not provided,0.000,Not provided,[],[],unknown,No,"{""PM2_Moderate"": 2}",2,VUS,"No ClinVar submissions | No HGMD entry | raw_total=0.000, applied=None",No ClinVar submissions,No HGMD entry,0.000,,,,,PM2_Moderate: gnomAD max AF=0 < threshold 0.0001 for MOI AD,,,,,,,,,,,,No,No,,,Filtered: VUS with <5 points excluded from all reporting paths (auto/manual/delins),,Yes
27021230,14841_2024,chr16,2075467,C,T,TSC2,AD,c.2579-332C>T,Not provided,,,,NM_001318832.2,22/39,intron_variant,MODIFIER,Het,17,0.353,Tuberous sclerosis complex,No,,No,Not provided,No,Not provided,Not provided,Not provided,0,Not provided,0,0,N/A,Not provided,Not provided,0,Not provided,0,Not provided,No database evidence,0.0,Unknown,-1.000,Not provided,Not provided,Not provided,[],[],unknown,No,"{""PM2_Moderate"": 2}",2,VUS,"No ClinVar submissions | No HGMD entry | raw_total=0.000, applied=None",No ClinVar submissions,No HGMD entry,0.000,,,,,PM2_Moderate: gnomAD max AF=0 < threshold 0.0001 for MOI AD,,,,,,,,,,,,No,No,,,Filtered: VUS with <5 points excluded from all reporting paths (auto/manual/delins),,Yes
27021230,14841_2024,chr16,15701624,C,T,MYH11,AD,c.*2508G>A,Not provided,,,,NM_022844.3,,downstream_gene_variant,MODIFIER,Het,50,0.500,Familial thoracic aortic aneurysm,No,,No,Not provided,No,Not provided,Not provided,Not provided,0,Not provided,0,0,N/A,Not provided,Not provided,0,Not provided,0,Not provided,No database evidence,0.0,Unknown,-1.000,Not provided,Not provided,Not provided,[],[],unknown,No,"{""PM2_Moderate"": 2}",2,VUS,"No ClinVar submissions | No HGMD entry | raw_total=0.000, applied=None",No ClinVar submissions,No HGMD entry,0.000,,,,,PM2_Moderate: gnomAD max AF=0 < threshold 0.0001 for MOI AD,,,,,,,,,,,,No,No,,,Filtered: VUS with <5 points excluded from all reporting paths (auto/manual/delins),,Yes
27021230,14841_2024,chr16,15722726,C,G,MYH11,AD,c.4366-1092G>C,Not provided,,,,NM_022844.3,31/41,intron_variant,MODIFIER,Het,64,0.453,Familial thoracic aortic aneurysm,No,,No,Not provided,No,Not provided,Not provided,Not provided,0,Not provided,0,0,N/A,Not provided,Not provided,0,Not provided,0,Not provided,No database evidence,0.0,Unknown,-1.000,Not provided,Not provided,Not provided,[],[],unknown,No,"{""PM2_Moderate"": 2}",2,VUS,"No ClinVar submissions | No HGMD entry | raw_total=0.000, applied=None",No ClinVar submissions,No HGMD entry,0.000,,,,,PM2_Moderate: gnomAD max AF=0 < threshold 0.0001 for MOI AD,,,,,,,,,,,,No,No,,,Filtered: VUS with <5 points excluded from all reporting paths (auto/manual/delins),,Yes
27021230,14841_2024,chr16,15788339,TAA,T,MYH11,AD,c.531-1609_531-1608delTT,Not provided,,,,NM_022844.3,4/41,intron_variant,MODIFIER,Het,45,0.587,Familial thoracic aortic aneurysm,No,,No,Not provided,No,Not provided,Not provided,Not provided,0,Not provided,0,0,N/A,Not provided,Not provided,0,Not provided,0,Not provided,No database evidence,0.000040,v3,-1.000,Not provided,Not provided,Not provided,[],[],unknown,No,"{""PM2_Moderate"": 2}",2,VUS,"No ClinVar submissions | No HGMD entry | raw_total=0.000, applied=None",No ClinVar submissions,No HGMD entry,0.000,,,,,PM2_Moderate: gnomAD max AF=3.9508e-05 < threshold 0.0001 for MOI AD,,,,,,,,,,,,No,No,,,Filtered: VUS with <5 points excluded from all reporting paths (auto/manual/delins),,Yes
27021230,14841_2024,chr16,15812208,G,A,MYH11,AD,c.502+11047C>T,Not provided,,,,NM_022844.3,3/41,intron_variant,MODIFIER,Het,76,0.513,Familial thoracic aortic aneurysm,No,,No,Not provided,No,Not provided,Not provided,Not provided,0,Not provided,0,0,N/A,Not provided,Not provided,0,Not provided,0,Not provided,No database evidence,0.0,Unknown,-1.000,Not provided,Not provided,Not provided,[],[],unknown,No,"{""PM2_Moderate"": 2}",2,VUS,"No ClinVar submissions | No HGMD entry | raw_total=0.000, applied=None",No ClinVar submissions,No HGMD entry,0.000,,,,,PM2_Moderate: gnomAD max AF=0 < threshold 0.0001 for MOI AD,,,,,,,,,,,,No,No,,,Filtered: VUS with <5 points excluded from all reporting paths (auto/manual/delins),,Yes
27021230,14841_2024,chr16,15833381,G,A,MYH11,AD,c.345+4527C>T,Not provided,,,,NM_022844.3,2/41,intron_variant,MODIFIER,Het,10,0.300,Familial thoracic aortic aneurysm,No,,No,Not provided,No,Not provided,Not provided,Not provided,0,Not provided,0,0,N/A,Not provided,Not provided,0,Not provided,0,Not provided,No database evidence,0.000073,v3,-1.000,Not provided,Not provided,Not provided,[],[],unknown,No,"{""PM2_Moderate"": 2}",2,VUS,"No ClinVar submissions | No HGMD entry | raw_total=0.000, applied=None",No ClinVar submissions,No HGMD entry,0.000,,,,,PM2_Moderate: gnomAD max AF=7.31261e-05 < threshold 0.0001 for MOI AD,,,,,,,,,,,,No,No,,,Filtered: VUS with <5 points excluded from all reporting paths (auto/manual/delins),,Yes
27021230,14841_2024,chr16,15833397,A,G,MYH11,AD,c.345+4511T>C,Not provided,,,,NM_022844.3,2/41,intron_variant,MODIFIER,Het,12,0.250,Familial thoracic aortic aneurysm,No,,No,Not provided,No,Not provided,Not provided,Not provided,0,Not provided,0,0,N/A,Not provided,Not provided,0,Not provided,0,Not provided,No database evidence,0.000086,v3,-1.000,Not provided,Not provided,Not provided,[],[],unknown,No,"{""PM2_Moderate"": 2}",2,VUS,"No ClinVar submissions | No HGMD entry | raw_total=0.000, applied=None",No ClinVar submissions,No HGMD entry,0.000,,,,,PM2_Moderate: gnomAD max AF=8.55534e-05 < threshold 0.0001 for MOI AD,,,,,,,,,,,,No,No,,,Filtered: VUS with <5 points excluded from all reporting paths (auto/manual/delins),,Yes
27021230,14841_2024,chr16,15833409,AAGGG,A,MYH11,AD,c.345+4495_345+4498delCCCT,Not provided,,,,NM_022844.3,2/41,intron_variant,MODIFIER,Het,13,0.231,Familial thoracic aortic aneurysm,No,,No,Not provided,No,Not provided,Not provided,Not provided,0,Not provided,0,0,N/A,Not provided,Not provided,0,Not provided,0,Not provided,No database evidence,0.0,Unknown,-1.000,Not provided,0.010,Not provided,[],[],unknown,No,"{""PM2_Moderate"": 2}",2,VUS,"No ClinVar submissions | No HGMD entry | raw_total=0.000, applied=None",No ClinVar submissions,No HGMD entry,0.000,,,,,PM2_Moderate: gnomAD max AF=0 < threshold 0.0001 for MOI AD,,,,,,,,,,,,No,No,,,Filtered: VUS with <5 points excluded from all reporting paths (auto/manual/delins),,Yes
27021230,14841_2024,chr16,15843461,C,T,MYH11,AD,c.-17-5192G>A,Not provided,,,,NM_022844.3,1/41,intron_variant,MODIFIER,Het,20,0.450,Familial thoracic aortic aneurysm,No,,No,Not provided,No,Not provided,Not provided,Not provided,0,Not provided,0,0,N/A,Not provided,Not provided,0,Not provided,0,Not provided,No database evidence,0.0,Unknown,-1.000,Not provided,Not provided,Not provided,[],[],unknown,No,"{""PM2_Moderate"": 2}",2,VUS,"No ClinVar submissions | No HGMD entry | raw_total=0.000, applied=None",No ClinVar submissions,No HGMD entry,0.000,,,,,PM2_Moderate: gnomAD max AF=0 < threshold 0.0001 for MOI AD,,,,,,,,,,,,No,No,,,Filtered: VUS with <5 points excluded from all reporting paths (auto/manual/delins),,Yes
27021230,14841_2024,chr16,23611459,T,C,PALB2,AD,c.3201+2545A>G,Not provided,,,,NM_024675.4,11/12,intron_variant,MODIFIER,Het,23,0.391,Hereditary breast cancer,No,,No,Not provided,No,Not provided,Not provided,Not provided,0,Not provided,0,0,N/A,Not provided,Not provided,0,Not provided,0,Not provided,No database evidence,0.0,Unknown,-1.000,Not provided,Not provided,Not provided,[],[],unknown,No,"{""PM2_Moderate"": 2}",2,VUS,"No ClinVar submissions | No HGMD entry | raw_total=0.000, applied=None",No ClinVar submissions,No HGMD entry,0.000,,,,,PM2_Moderate: gnomAD max AF=0 < threshold 0.0001 for MOI AD,,,,,,,,,,,,No,No,,,Filtered: VUS with <5 points excluded from all reporting paths (auto/manual/delins),,Yes
27021230,14841_2024,chr16,23612273,A,G,PALB2,AD,c.3201+1731T>C,Not provided,,,,NM_024675.4,11/12,intron_variant,MODIFIER,Het,58,0.466,Hereditary breast cancer,No,,No,Not provided,No,Not provided,Not provided,Not provided,0,Not provided,0,0,N/A,Not provided,Not provided,0,Not provided,0,Not provided,No database evidence,0.0,Unknown,-1.000,Not provided,Not provided,Not provided,[],[],unknown,No,"{""PM2_Moderate"": 2}",2,VUS,"No ClinVar submissions | No HGMD entry | raw_total=0.000, applied=None",No ClinVar submissions,No HGMD entry,0.000,,,,,PM2_Moderate: gnomAD max AF=0 < threshold 0.0001 for MOI AD,,,,,,,,,,,,No,No,,,Filtered: VUS with <5 points excluded from all reporting paths (auto/manual/delins),,Yes
27021230,14841_2024,chr16,23645137,A,ATATAT,PALB2,AD,c.-3981_-3980insATATA,Not provided,,,,NM_024675.4,,upstream_gene_variant,MODIFIER,Het,18,0.444,Hereditary breast cancer,No,,No,Not provided,No,Not provided,Not provided,Not provided,0,Not provided,0,0,N/A,Not provided,Not provided,0,Not provided,0,Not provided,No database evidence,0.0,Unknown,-1.000,Not provided,0.010,Not provided,[],[],unknown,No,"{""PM2_Moderate"": 2}",2,VUS,"No ClinVar submissions | No HGMD entry | raw_total=0.000, applied=None",No ClinVar submissions,No HGMD entry,0.000,,,,,PM2_Moderate: gnomAD max AF=0 < threshold 0.0001 for MOI AD,,,,,,,,,,,,No,No,,,Cluster id=11 detected (members=chr16:23645137:A:ATATAT:27021230;chr16:23645137:A:TTTTTT:27021230) - no Pathogenic/LP present; delins NOT flagged; requires P/LP to consider delins.;Delins/overlap cluster (id=11) detected but not all members meet P/LP or >5pts -> not auto-escalated (possible carrier).;Filtered: VUS with <5 points excluded from all reporting paths (auto/manual/delins),,Yes
27021230,14841_2024,chr16,23645137,A,TTTTTT,PALB2,AD,c.-3980delTinsAAAAAA,Not provided,,,,NM_024675.4,,upstream_gene_variant,MODIFIER,Het,18,0.333,Hereditary breast cancer,No,,No,Not provided,No,Not provided,Not provided,Not provided,0,Not provided,0,0,N/A,Not provided,Not provided,0,Not provided,0,Not provided,No database evidence,0.0,Unknown,-1.000,Not provided,0.020,Not provided,[],[],unknown,No,"{""PM2_Moderate"": 2}",2,VUS,"No ClinVar submissions | No HGMD entry | raw_total=0.000, applied=None",No ClinVar submissions,No HGMD entry,0.000,,,,,PM2_Moderate: gnomAD max AF=0 < threshold 0.0001 for MOI AD,,,,,,,,,,,,No,No,,,Cluster id=11 detected (members=chr16:23645137:A:ATATAT:27021230;chr16:23645137:A:TTTTTT:27021230) - no Pathogenic/LP present; delins NOT flagged; requires P/LP to consider delins.;Delins/overlap cluster (id=11) detected but not all members meet P/LP or >5pts -> not auto-escalated (possible carrier).;Filtered: VUS with <5 points excluded from all reporting paths (auto/manual/delins),,Yes
27021230,14841_2024,chr17,7669458,G,A,TP53,AD,c.*151C>T,Not provided,,,,NM_000546.6,11/11,3_prime_UTR_variant,MODIFIER,Het,73,0.630,Li-Fraumeni syndrome,No,,No,Not provided,No,Not provided,Not provided,Not provided,0,Not provided,0,0,N/A,Not provided,Not provided,0,Not provided,0,Not provided,No database evidence,0.000007,v3,-1.000,Not provided,Not provided,Not provided,[],[],unknown,No,"{""PM2_Moderate"": 2}",2,VUS,"No ClinVar submissions | No HGMD entry | raw_total=0.000, applied=None",No ClinVar submissions,No HGMD entry,0.000,,,,,PM2_Moderate: gnomAD max AF=6.57168e-06 < threshold 0.0001 for MOI AD,,,,,,,,,,,,No,No,,,Filtered: VUS with <5 points excluded from all reporting paths (auto/manual/delins),,Yes
27021230,14841_2024,chr17,7679754,A,G,TP53,AD,c.-28-3132T>C,Not provided,,,,NM_000546.6,1/10,intron_variant,MODIFIER,Het,57,0.368,Li-Fraumeni syndrome,No,,No,Not provided,No,Breast and/or ovarian cancer,Not provided,Not provided,0,Not provided,0,0,N/A,DM?,Breast and/or ovarian cancer,1,Not provided,0,Not provided,HGMD: Phen=Breast and/or ovarian cancer,0.0,Unknown,-1.000,Not provided,Not provided,Not provided,[],[],unknown,No,"{""PM2_Moderate"": 2}",2,VUS,"No ClinVar submissions | class=DM? (1 points), pubs=1, dm_supported=0 (0/1), coef=0.5, hgmd_phenotype_match=No, hgmd=0.500 | raw_total=0.500, applied=None",No ClinVar submissions,"class=DM? (1 points), pubs=1, dm_supported=0 (0/1), coef=0.5, hgmd_phenotype_match=No, hgmd=0.500",0.500,,,,,PM2_Moderate: gnomAD max AF=0 < threshold 0.0001 for MOI AD,,,,,,,,,,,,No,No,,,Filtered: VUS with <5 points excluded from all reporting paths (auto/manual/delins),,Yes
27021230,14841_2024,chr17,43064827,ATT,A,BRCA1,AD,c.5138-878_5138-877delAA,Not provided,,,,NM_007300.4,17/23,intron_variant,MODIFIER,Het,20,0.550,Hereditary breast and ovarian cancer,No,,No,Not provided,No,Not provided,Not provided,Not provided,0,Not provided,0,0,N/A,Not provided,Not provided,0,Not provided,0,Not provided,No database evidence,0.0,Unknown,-1.000,Not provided,Not provided,Not provided,[],[],unknown,No,"{""PM2_Moderate"": 2}",2,VUS,"No ClinVar submissions | No HGMD entry | raw_total=0.000, applied=None",No ClinVar submissions,No HGMD entry,0.000,,,,,PM2_Moderate: gnomAD max AF=0 < threshold 0.0001 for MOI AD,,,,,,,,,,,,No,No,,,Filtered: VUS with <5 points excluded from all reporting paths (auto/manual/delins),,Yes
27021230,14841_2024,chr17,43075565,T,C,BRCA1,AD,c.4547+923A>G,Not provided,,,,NM_007300.4,14/23,intron_variant,MODIFIER,Het,69,0.420,Hereditary breast and ovarian cancer,No,,No,Not provided,No,Not provided,Not provided,Not provided,0,Not provided,0,0,N/A,Not provided,Not provided,0,Not provided,0,Not provided,No database evidence,0.000014,v3,-1.000,Not provided,Not provided,Not provided,[],[],unknown,No,"{""PM2_Moderate"": 2}",2,VUS,"No ClinVar submissions | No HGMD entry | raw_total=0.000, applied=None",No ClinVar submissions,No HGMD entry,0.000,,,,,PM2_Moderate: gnomAD max AF=1.37906e-05 < threshold 0.0001 for MOI AD,,,,,,,,,,,,No,No,,,Filtered: VUS with <5 points excluded from all reporting paths (auto/manual/delins),,Yes
27021230,14841_2024,chr17,43088868,T,G,BRCA1,AD,c.4185+2076A>C,Not provided,,,,NM_007300.4,11/23,intron_variant,MODIFIER,Het,54,0.648,Hereditary breast and ovarian cancer,No,,No,Not provided,No,Not provided,Not provided,Not provided,0,Not provided,0,0,N/A,Not provided,Not provided,0,Not provided,0,Not provided,No database evidence,0.000013,v3,-1.000,Not provided,Not provided,Not provided,[],[],unknown,No,"{""PM2_Moderate"": 2}",2,VUS,"No ClinVar submissions | No HGMD entry | raw_total=0.000, applied=None",No ClinVar submissions,No HGMD entry,0.000,,,,,PM2_Moderate: gnomAD max AF=1.31394e-05 < threshold 0.0001 for MOI AD,,,,,,,,,,,,No,No,,,Filtered: VUS with <5 points excluded from all reporting paths (auto/manual/delins),,Yes
27021230,14841_2024,chr17,43111593,G,A,BRCA1,AD,c.134+4133C>T,Not provided,,,,NM_007300.4,3/23,intron_variant,MODIFIER,Het,37,0.595,Hereditary breast and ovarian cancer,No,,Yes,"Breast-ovarian cancer, familial, susceptibility to, 1",No,Not provided,"Breast-ovarian cancer, familial, susceptibility to, 1",benign,3,Benign,3,3,conditions_csv_phenotype_match,Not provided,Not provided,0,Not provided,0,Not provided,"ClinVar: Sig=benign; ClinVar: Trait=Breast-ovarian cancer, familial, susceptibility to, 1",0.0,Unknown,-1.000,Not provided,Not provided,Not provided,[],[],unknown,No,"{""PM2_Moderate"": 2, ""BP5ext_Moderate"": -2}",0,VUS,"sig=benign (-3 points), stars=3 (1.25 coef), clinvar_phenotype_match=Yes, clin=-3.750 | No HGMD entry | raw_total=-3.750, applied=BP5ext_Moderate","sig=benign (-3 points), stars=3 (1.25 coef), clinvar_phenotype_match=Yes, clin=-3.750",No HGMD entry,-3.750,BP5ext_Moderate,,,,PM2_Moderate: gnomAD max AF=0 < threshold 0.0001 for MOI AD,,,,,,,,,,,,No,No,,,Filtered: VUS with <5 points excluded from all reporting paths (auto/manual/delins);Filtered: HQ Benign (ClinVar≥2★ or HGMD benign or Internal DB benign),Filtered: VUS with <5 points excluded from all reporting paths (auto/manual/delins);Filtered: HQ Benign (ClinVar≥2★ or HGMD benign or Internal DB benign),Yes
27021230,14841_2024,chr17,43128198,G,A,BRCA1,AD,c.-2947C>T,Not provided,,,,NM_007300.4,,upstream_gene_variant,MODIFIER,Het,82,0.585,Hereditary breast and ovarian cancer,No,,No,Not provided,No,Not provided,Not provided,Not provided,0,Not provided,0,0,N/A,Not provided,Not provided,0,Not provided,0,Not provided,No database evidence,0.000066,v3,-1.000,Not provided,Not provided,Not provided,[],[],unknown,No,"{""PM2_Moderate"": 2}",2,VUS,"No ClinVar submissions | No HGMD entry | raw_total=0.000, applied=None",No ClinVar submissions,No HGMD entry,0.000,,,,,PM2_Moderate: gnomAD max AF=6.64099e-05 < threshold 0.0001 for MOI AD,,,,,,,,,,,,No,No,,,Filtered: VUS with <5 points excluded from all reporting paths (auto/manual/delins),,Yes
27021230,14841_2024,chr17,80097523,G,A,GAA,AR,c.-4215G>A,Not provided,,,,NM_001079803.3,,upstream_gene_variant,MODIFIER,Het,63,0.492,Pompe disease,No,,No,Not provided,No,Not provided,Not provided,Not provided,0,Not provided,0,0,N/A,Not provided,Not provided,0,Not provided,0,Not provided,No database evidence,0.0,Unknown,-1.000,Not provided,Not provided,Not provided,[],[],unknown,No,"{""PM2_Moderate"": 2}",2,VUS,"No ClinVar submissions | No HGMD entry | raw_total=0.000, applied=None",No ClinVar submissions,No HGMD entry,0.000,,,,,PM2_Moderate: gnomAD max AF=0 < threshold 0.005 for MOI AR,,,,,,,,,,,,No,No,,,Filtered: VUS with <5 points excluded from all reporting paths (auto/manual/delins),,Yes
27021230,14841_2024,chr17,80122345,C,T,GAA,AR,c.*3014C>T,Not provided,,,,NM_001079803.3,,downstream_gene_variant,MODIFIER,Het,73,0.452,Pompe disease,No,,No,Not provided,No,Not provided,Not provided,Not provided,0,Not provided,0,0,N/A,Not provided,Not provided,0,Not provided,0,Not provided,No database evidence,0.0,Unknown,-1.000,Not provided,Not provided,Not provided,[],[],unknown,No,"{""PM2_Moderate"": 2}",2,VUS,"No ClinVar submissions | No HGMD entry | raw_total=0.000, applied=None",No ClinVar submissions,No HGMD entry,0.000,,,,,PM2_Moderate: gnomAD max AF=0 < threshold 0.005 for MOI AR,,,,,,,,,,,,No,No,,,Filtered: VUS with <5 points excluded from all reporting paths (auto/manual/delins),,Yes
27021230,14841_2024,chr18,31500433,G,A,DSG2,AD,c.45+2137G>A,Not provided,,,,NM_001943.5,1/14,intron_variant,MODIFIER,Het,73,0.521,Arrhythmogenic right ventricular cardiomyopathy,No,,No,Not provided,No,Not provided,Not provided,Not provided,0,Not provided,0,0,N/A,Not provided,Not provided,0,Not provided,0,Not provided,No database evidence,0.0,Unknown,-1.000,Not provided,Not provided,Not provided,[],[],unknown,No,"{""PM2_Moderate"": 2}",2,VUS,"No ClinVar submissions | No HGMD entry | raw_total=0.000, applied=None",No ClinVar submissions,No HGMD entry,0.000,,,,,PM2_Moderate: gnomAD max AF=0 < threshold 0.0001 for MOI AD,,,,,,,,,,,,No,No,,,Filtered: VUS with <5 points excluded from all reporting paths (auto/manual/delins),,Yes
27021230,14841_2024,chr18,31600065,T,G,TTR,AD,c.*1390T>G,Not provided,,,,NM_000371.4,,downstream_gene_variant,MODIFIER,Het,71,0.423,Hereditary transthyretin-related amyloidosis,No,,No,Not provided,No,Not provided,Not provided,Not provided,0,Not provided,0,0,N/A,Not provided,Not provided,0,Not provided,0,Not provided,No database evidence,0.0,Unknown,-1.000,Not provided,Not provided,Not provided,[],[],unknown,No,"{""PM2_Moderate"": 2}",2,VUS,"No ClinVar submissions | No HGMD entry | raw_total=0.000, applied=None",No ClinVar submissions,No HGMD entry,0.000,,,,,PM2_Moderate: gnomAD max AF=0 < threshold 0.0001 for MOI AD,,,,,,,,,,,,No,No,,,Filtered: VUS with <5 points excluded from all reporting paths (auto/manual/delins),,Yes
27021230,14841_2024,chr18,51073388,T,TATATATATACACACACACACACAC,SMAD4,AD,c.1309-3249_1309-3248insTATATATACACACACACACACACA,Not provided,,,,NM_005359.6,10/11,intron_variant,MODIFIER,Het,48,0.229,Juvenile polyposis syndrome; Hereditary hemorrhagic telangiectasia,Yes,"RULES_PRESENT_NO_MATCH: Exclude if HGVSp contains any of: [""p.Arg496Cys"", ""p.Ile500Val"", ""p.Ile500Thr"", ""p.Ile500Met""];RULES_PRESENT_NO_MATCH: Exclude if HGVSp contains any of: [""p.Arg496Cys"", ""p.Ile500Val"", ""p.Ile500Thr"", ""p.Ile500Met""]",No,Not provided,No,Not provided,Not provided,Not provided,0,Not provided,0,0,N/A,Not provided,Not provided,0,Not provided,0,Not provided,No database evidence,0.000016,v3,-1.000,Not provided,0.000,Not provided,[],[],unknown,No,"{""PM2_Moderate"": 2}",2,VUS,"No ClinVar submissions | No HGMD entry | raw_total=0.000, applied=None",No ClinVar submissions,No HGMD entry,0.000,,,,,PM2_Moderate: gnomAD max AF=1.55797e-05 < threshold 0.0001 for MOI AD,,,,,,,,,,,,No,No,,,Cluster id=12 detected (members=chr18:51073388:T:TATATATATACACACACACACACAC:27021230;chr18:51073388:T:TATATATATACACACACAC:27021230) - no Pathogenic/LP present; delins NOT flagged; requires P/LP to consider delins.;Delins/overlap cluster (id=12) detected but not all members meet P/LP or >5pts -> not auto-escalated (possible carrier).;Filtered: VUS with <5 points excluded from all reporting paths (auto/manual/delins),,Yes
27021230,14841_2024,chr18,51073388,T,TATATATATACACACACAC,SMAD4,AD,c.1309-3249_1309-3248insTATATATACACACACACA,Not provided,,,,NM_005359.6,10/11,intron_variant,MODIFIER,Het,48,0.500,Juvenile polyposis syndrome; Hereditary hemorrhagic telangiectasia,Yes,"RULES_PRESENT_NO_MATCH: Exclude if HGVSp contains any of: [""p.Arg496Cys"", ""p.Ile500Val"", ""p.Ile500Thr"", ""p.Ile500Met""];RULES_PRESENT_NO_MATCH: Exclude if HGVSp contains any of: [""p.Arg496Cys"", ""p.Ile500Val"", ""p.Ile500Thr"", ""p.Ile500Met""]",No,Not provided,No,Not provided,Not provided,Not provided,0,Not provided,0,0,N/A,Not provided,Not provided,0,Not provided,0,Not provided,No database evidence,0.0,Unknown,-1.000,Not provided,0.000,Not provided,[],[],unknown,No,"{""PM2_Moderate"": 2}",2,VUS,"No ClinVar submissions | No HGMD entry | raw_total=0.000, applied=None",No ClinVar submissions,No HGMD entry,0.000,,,,,PM2_Moderate: gnomAD max AF=0 < threshold 0.0001 for MOI AD,,,,,,,,,,,,No,No,,,Cluster id=12 detected (members=chr18:51073388:T:TATATATATACACACACACACACAC:27021230;chr18:51073388:T:TATATATATACACACACAC:27021230) - no Pathogenic/LP present; delins NOT flagged; requires P/LP to consider delins.;Delins/overlap cluster (id=12) detected but not all members meet P/LP or >5pts -> not auto-escalated (possible carrier).;Filtered: VUS with <5 points excluded from all reporting paths (auto/manual/delins),,Yes
27021230,14841_2024,chr19,38441402,C,T,RYR1,AD,c.165+538C>T,Not provided,,,,NM_000540.3,2/105,intron_variant,MODIFIER,Het,11,0.727,Malignant hyperthermia,No,,No,Not provided,No,Not provided,Not provided,Not provided,0,Not provided,0,0,N/A,Not provided,Not provided,0,Not provided,0,Not provided,No database evidence,0.0,Unknown,-1.000,Not provided,Not provided,Not provided,[],[],unknown,No,"{""PM2_Moderate"": 2}",2,VUS,"No ClinVar submissions | No HGMD entry | raw_total=0.000, applied=None",No ClinVar submissions,No HGMD entry,0.000,,,,,PM2_Moderate: gnomAD max AF=0 < threshold 0.0001 for MOI AD,,,,,,,,,,,,No,No,,,Filtered: VUS with <5 points excluded from all reporting paths (auto/manual/delins),,Yes
27021230,14841_2024,chr19,38496183,C,T,RYR1,AD,c.6549-32C>T,Not provided,,,,NM_000540.3,39/105,intron_variant,MODIFIER,Het,57,0.456,Malignant hyperthermia,No,,No,Not provided,No,Not provided,Not provided,Not provided,0,Not provided,0,0,N/A,Not provided,Not provided,0,Not provided,0,Not provided,No database evidence,0.0,Unknown,-1.000,Not provided,Not provided,Not provided,[],[],unknown,No,"{""PM2_Moderate"": 2}",2,VUS,"No ClinVar submissions | No HGMD entry | raw_total=0.000, applied=None",No ClinVar submissions,No HGMD entry,0.000,,,,,PM2_Moderate: gnomAD max AF=0 < threshold 0.0001 for MOI AD,,,,,,,,,,,,No,No,,,Filtered: VUS with <5 points excluded from all reporting paths (auto/manual/delins),,Yes
27021230,14841_2024,chr19,38518420,A,G,RYR1,AD,c.10018+729A>G,Not provided,,,,NM_000540.3,66/105,intron_variant,MODIFIER,Het,18,0.722,Malignant hyperthermia,No,,No,Not provided,No,Not provided,Not provided,Not provided,0,Not provided,0,0,N/A,Not provided,Not provided,0,Not provided,0,Not provided,No database evidence,0.0,Unknown,-1.000,Not provided,Not provided,Not provided,[],[],unknown,No,"{""PM2_Moderate"": 2}",2,VUS,"No ClinVar submissions | No HGMD entry | raw_total=0.000, applied=None",No ClinVar submissions,No HGMD entry,0.000,,,,,PM2_Moderate: gnomAD max AF=0 < threshold 0.0001 for MOI AD,,,,,,,,,,,,No,No,,,Filtered: VUS with <5 points excluded from all reporting paths (auto/manual/delins),,Yes
27021230,14841_2024,chr19,38571753,A,G,RYR1,AD,c.13747-266A>G,Not provided,,,,NM_000540.3,94/105,intron_variant,MODIFIER,Het,79,0.481,Malignant hyperthermia,No,,No,Not provided,No,Not provided,Not provided,Not provided,0,Not provided,0,0,N/A,Not provided,Not provided,0,Not provided,0,Not provided,No database evidence,0.0,Unknown,-1.000,Not provided,Not provided,Not provided,[],[],unknown,No,"{""PM2_Moderate"": 2}",2,VUS,"No ClinVar submissions | No HGMD entry | raw_total=0.000, applied=None",No ClinVar submissions,No HGMD entry,0.000,,,,,PM2_Moderate: gnomAD max AF=0 < threshold 0.0001 for MOI AD,,,,,,,,,,,,No,No,,,Filtered: VUS with <5 points excluded from all reporting paths (auto/manual/delins),,Yes
27021230,14841_2024,chr19,38578063,C,T,RYR1,AD,c.14303+15C>T,Not provided,,,,NM_000540.3,98/105,intron_variant,MODIFIER,Het,61,0.590,Malignant hyperthermia,No,,No,CN239331:RYR1-related disorder,No,Not provided,CN239331:RYR1-related disorder,likely benign,1,Likely benign,1,1,conditions_csv_phenotype_match,Not provided,Not provided,0,Not provided,0,Not provided,ClinVar: Sig=likely benign; ClinVar: Trait=CN239331:RYR1-related disorder,0.000013,v3,-1.000,Not provided,Not provided,Not provided,[],[],unknown,No,"{""PM2_Moderate"": 2, ""BP5ext_Supporting"": -1}",1,VUS,"sig=likely benign (-2 points), stars=1 (0.75 coef), clinvar_phenotype_match=No [PENALTY APPLIED], clin=-1.000 | No HGMD entry | raw_total=-1.000, applied=BP5ext_Supporting","sig=likely benign (-2 points), stars=1 (0.75 coef), clinvar_phenotype_match=No [PENALTY APPLIED], clin=-1.000",No HGMD entry,-1.000,BP5ext_Supporting,,,,PM2_Moderate: gnomAD max AF=1.31427e-05 < threshold 0.0001 for MOI AD,,,,,,,,,,,,No,No,,,Filtered: VUS with <5 points excluded from all reporting paths (auto/manual/delins),,Yes
27021230,14841_2024,chr19,38590391,A,AT,RYR1,AD,c.*2971_*2972insT,Not provided,,,,NM_000540.3,,downstream_gene_variant,MODIFIER,Het,32,0.656,Malignant hyperthermia,No,,No,Not provided,No,Not provided,Not provided,Not provided,0,Not provided,0,0,N/A,Not provided,Not provided,0,Not provided,0,Not provided,No database evidence,0.0,Unknown,-1.000,Not provided,Not provided,Not provided,[],[],unknown,No,"{""PM2_Moderate"": 2}",2,VUS,"No ClinVar submissions | No HGMD entry | raw_total=0.000, applied=None",No ClinVar submissions,No HGMD entry,0.000,,,,,PM2_Moderate: gnomAD max AF=0 < threshold 0.0001 for MOI AD,,,,,,,,,,,,No,No,,,Cluster id=13 detected (members=chr19:38590391:A:AT:27021230;chr19:38590392:A:ATAT:27021230) - no Pathogenic/LP present; delins NOT flagged; requires P/LP to consider delins.;Delins/overlap cluster (id=13) detected but not all members meet P/LP or >5pts -> not auto-escalated (possible carrier).;Filtered: VUS with <5 points excluded from all reporting paths (auto/manual/delins),,Yes
27021230,14841_2024,chr19,38590392,A,ATAT,RYR1,AD,c.*2972_*2973insTAT,Not provided,,,,NM_000540.3,,downstream_gene_variant,MODIFIER,Het,32,0.656,Malignant hyperthermia,No,,No,Not provided,No,Not provided,Not provided,Not provided,0,Not provided,0,0,N/A,Not provided,Not provided,0,Not provided,0,Not provided,No database evidence,0.0,Unknown,-1.000,Not provided,0.000,Not provided,[],[],unknown,No,"{""PM2_Moderate"": 2}",2,VUS,"No ClinVar submissions | No HGMD entry | raw_total=0.000, applied=None",No ClinVar submissions,No HGMD entry,0.000,,,,,PM2_Moderate: gnomAD max AF=0 < threshold 0.0001 for MOI AD,,,,,,,,,,,,No,No,,,Cluster id=13 detected (members=chr19:38590391:A:AT:27021230;chr19:38590392:A:ATAT:27021230) - no Pathogenic/LP present; delins NOT flagged; requires P/LP to consider delins.;Delins/overlap cluster (id=13) detected but not all members meet P/LP or >5pts -> not auto-escalated (possible carrier).;Filtered: VUS with <5 points excluded from all reporting paths (auto/manual/delins),,Yes
27021230,14841_2024,chr19,46602834,C,T,CALM3,AD,c.3+1397C>T,Not provided,,,,NM_005184.4,1/5,intron_variant,MODIFIER,Het,56,0.536,Long-QT syndrome type 16; Catecholaminergic polymorphic ventricular tachycardia,No,,No,Not provided,No,Not provided,Not provided,Not provided,0,Not provided,0,0,N/A,Not provided,Not provided,0,Not provided,0,Not provided,No database evidence,0.0,Unknown,-1.000,Not provided,Not provided,Not provided,[],[],unknown,No,"{""PM2_Moderate"": 2}",2,VUS,"No ClinVar submissions | No HGMD entry | raw_total=0.000, applied=None",No ClinVar submissions,No HGMD entry,0.000,,,,,PM2_Moderate: gnomAD max AF=0 < threshold 0.0001 for MOI AD,,,,,,,,,,,,No,No,,,Filtered: VUS with <5 points excluded from all reporting paths (auto/manual/delins),,Yes
27021230,14841_2024,chr19,46606373,C,T,CALM3,AD,c.34+516C>T,Not provided,,,,NM_005184.4,2/5,intron_variant,MODIFIER,Het,78,0.487,Long-QT syndrome type 16; Catecholaminergic polymorphic ventricular tachycardia,No,,No,Not provided,No,Not provided,Not provided,Not provided,0,Not provided,0,0,N/A,Not provided,Not provided,0,Not provided,0,Not provided,No database evidence,0.0,Unknown,-1.000,Not provided,Not provided,Not provided,[],[],unknown,No,"{""PM2_Moderate"": 2}",2,VUS,"No ClinVar submissions | No HGMD entry | raw_total=0.000, applied=None",No ClinVar submissions,No HGMD entry,0.000,,,,,PM2_Moderate: gnomAD max AF=0 < threshold 0.0001 for MOI AD,,,,,,,,,,,,No,No,,,Filtered: VUS with <5 points excluded from all reporting paths (auto/manual/delins),,Yes
27021230,14841_2024,chr2,21024492,G,A,APOB,AD,c.2436+441C>T,Not provided,,,,NM_000384.3,16/28,intron_variant,MODIFIER,Het,46,0.574,Familial hypercholesterolemia,Yes,"No include rule matched; rules require explicit inclusion (whitelist);Include if Impact is ""MODERATE"" or ""LOW"";No include rule matched; rules require explicit inclusion (whitelist);Include if Impact is ""MODERATE"" or ""LOW"";No include rule matched; rules require explicit inclusion (whitelist);Include if Impact is ""MODERATE"" or ""LOW""",No,Not provided,No,Not provided,Not provided,Not provided,0,Not provided,0,0,N/A,Not provided,Not provided,0,Not provided,0,Not provided,No database evidence,0.0,Unknown,-1.000,Not provided,Not provided,Not provided,[],[],unknown,No,"{""PM2_Moderate"": 2}",2,VUS,"No ClinVar submissions | No HGMD entry | raw_total=0.000, applied=None",No ClinVar submissions,No HGMD entry,0.000,,,,,PM2_Moderate: gnomAD max AF=0 < threshold 0.0001 for MOI AD,,,,,,,,,,,,No,No,,,"Filtered: VUS with <5 points excluded from all reporting paths (auto/manual/delins);Filtered by gene 'Rules' (exclude): No include rule matched; rules require explicit inclusion (whitelist); Include if Impact is ""MODERATE"" or ""LOW""","Filtered: VUS with <5 points excluded from all reporting paths (auto/manual/delins);Filtered by gene 'Rules' (exclude): No include rule matched; rules require explicit inclusion (whitelist); Include if Impact is ""MODERATE"" or ""LOW""",Yes
27021230,14841_2024,chr2,47440187,C,CT,MSH2,AD,c.1277-5348dupT,Not provided,,,,NM_000251.3,7/15,intron_variant,MODIFIER,Het,33,0.606,Lynch syndrome,No,,No,Not provided,No,Not provided,Not provided,Not provided,0,Not provided,0,0,N/A,Not provided,Not provided,0,Not provided,0,Not provided,No database evidence,0.0,Unknown,-1.000,Not provided,Not provided,Not provided,[],[],unknown,No,"{""PM2_Moderate"": 2}",2,VUS,"No ClinVar submissions | No HGMD entry | raw_total=0.000, applied=None",No ClinVar submissions,No HGMD entry,0.000,,,,,PM2_Moderate: gnomAD max AF=0 < threshold 0.0001 for MOI AD,,,,,,,,,,,,No,No,,,Filtered: VUS with <5 points excluded from all reporting paths (auto/manual/delins),,Yes
27021230,14841_2024,chr2,47457762,T,A,MSH2,AD,c.1387-5269T>A,Not provided,,,,NM_000251.3,8/15,intron_variant,MODIFIER,Het,54,0.593,Lynch syndrome,No,,No,Not provided,No,Not provided,Not provided,Not provided,0,Not provided,0,0,N/A,Not provided,Not provided,0,Not provided,0,Not provided,No database evidence,0.0,Unknown,-1.000,Not provided,Not provided,Not provided,[],[],unknown,No,"{""PM2_Moderate"": 2}",2,VUS,"No ClinVar submissions | No HGMD entry | raw_total=0.000, applied=None",No ClinVar submissions,No HGMD entry,0.000,,,,,PM2_Moderate: gnomAD max AF=0 < threshold 0.0001 for MOI AD,,,,,,,,,,,,No,No,,,Filtered: VUS with <5 points excluded from all reporting paths (auto/manual/delins),,Yes
27021230,14841_2024,chr2,47483175,A,G,MSH2,AD,c.*226A>G,Not provided,,,,NM_000251.3,16/16,3_prime_UTR_variant,MODIFIER,Het,72,0.542,Lynch syndrome,No,,Yes,Lynch syndrome 1;Lynch syndrome;Hereditary cancer-predisposing syndrome;Hereditary nonpolyposis colorectal neoplasms,No,"Colorectal cancer, non-polyposis",Lynch syndrome 1;Lynch syndrome;Hereditary cancer-predisposing syndrome;Hereditary nonpolyposis colorectal neoplasms,likely benign;likely benign;likely benign;benign,2;2;2;2,Likely benign,2,2,conditions_csv_phenotype_match,DM,"Colorectal cancer, non-polyposis",2,Not provided,1,Not provided,"ClinVar: Sig=likely benign;likely benign;likely benign;benign; ClinVar: Trait=Lynch syndrome 1;Lynch syndrome;Hereditary cancer-predisposing syndrome;Hereditary nonpolyposis colorectal neoplasms; HGMD: Phen=Colorectal cancer, non-polyposis",0.0,Unknown,-1.000,Not provided,Not provided,Not provided,[],[],unknown,No,"{""PM2_Moderate"": 2, ""BP5ext_Supporting"": -1}",1,VUS,"sig=likely benign (-2 points), stars=2 (1.0 coef), clinvar_phenotype_match=Yes, clin=-2.000 | class=DM (3 points), pubs=2, dm_supported=1 (1/2), coef=1.0, hgmd_phenotype_match=No [PENALTY APPLIED], hgmd=1.000 | raw_total=-1.000, applied=BP5ext_Supporting","sig=likely benign (-2 points), stars=2 (1.0 coef), clinvar_phenotype_match=Yes, clin=-2.000","class=DM (3 points), pubs=2, dm_supported=1 (1/2), coef=1.0, hgmd_phenotype_match=No [PENALTY APPLIED], hgmd=1.000",-1.000,BP5ext_Supporting,,,,PM2_Moderate: gnomAD max AF=0 < threshold 0.0001 for MOI AD,,,,,,,,,,,,No,No,,,Filtered: VUS with <5 points excluded from all reporting paths (auto/manual/delins),,Yes
27021230,14841_2024,chr2,47486228,G,A,MSH2,AD,c.*3279G>A,Not provided,,,,NM_000251.3,,downstream_gene_variant,MODIFIER,Het,60,0.433,Lynch syndrome,No,,No,Not provided,No,Not provided,Not provided,Not provided,0,Not provided,0,0,N/A,Not provided,Not provided,0,Not provided,0,Not provided,No database evidence,0.000099,v3,-1.000,Not provided,Not provided,Not provided,[],[],unknown,No,"{""PM2_Moderate"": 2}",2,VUS,"No ClinVar submissions | No HGMD entry | raw_total=0.000, applied=None",No ClinVar submissions,No HGMD entry,0.000,,,,,PM2_Moderate: gnomAD max AF=9.85714e-05 < threshold 0.0001 for MOI AD,,,,,,,,,,,,No,No,,,Filtered: VUS with <5 points excluded from all reporting paths (auto/manual/delins),,Yes
27021230,14841_2024,chr2,47780090,C,T,MSH6,AD,c.-3144C>T,Not provided,,,,NM_000179.3,,upstream_gene_variant,MODIFIER,Het,63,0.381,Lynch syndrome,No,,No,Not provided,No,Not provided,Not provided,Not provided,0,Not provided,0,0,N/A,Not provided,Not provided,0,Not provided,0,Not provided,No database evidence,0.0,Unknown,-1.000,Not provided,Not provided,Not provided,[],[],unknown,No,"{""PM2_Moderate"": 2}",2,VUS,"No ClinVar submissions | No HGMD entry | raw_total=0.000, applied=None",No ClinVar submissions,No HGMD entry,0.000,,,,,PM2_Moderate: gnomAD max AF=0 < threshold 0.0001 for MOI AD,,,,,,,,,,,,No,No,,,Filtered: VUS with <5 points excluded from all reporting paths (auto/manual/delins),,Yes
27021230,14841_2024,chr2,47804087,C,G,MSH6,AD,c.3438+402C>G,Not provided,,,,NM_000179.3,5/9,intron_variant,MODIFIER,Het,52,0.404,Lynch syndrome,No,,No,Not provided,No,Not provided,Not provided,Not provided,0,Not provided,0,0,N/A,Not provided,Not provided,0,Not provided,0,Not provided,No database evidence,0.000092,v3,-1.000,Not provided,Not provided,Not provided,[],[],unknown,No,"{""PM2_Moderate"": 2}",2,VUS,"No ClinVar submissions | No HGMD entry | raw_total=0.000, applied=None",No ClinVar submissions,No HGMD entry,0.000,,,,,PM2_Moderate: gnomAD max AF=9.21198e-05 < threshold 0.0001 for MOI AD,,,,,,,,,,,,No,No,,,Filtered: VUS with <5 points excluded from all reporting paths (auto/manual/delins),,Yes
27021230,14841_2024,chr2,178566881,C,G,TTN,AD,c.71547G>C,p.Glu23849Asp,Glu,Asp,23849,NM_133378.4,275/312,missense_variant,MODERATE,Het,83,0.554,Dilated cardiomyopathy (truncating variants only),Yes,Exclude if Impact is MODERATE;Exclude if Impact is MODERATE;Exclude if Impact is MODERATE,Yes,Cardiomyopathy;Autosomal recessive limb-girdle muscular dystrophy type 2J;C1858763:Dilated cardiomyopathy 1G,No,Not provided,Cardiomyopathy;Autosomal recessive limb-girdle muscular dystrophy type 2J;C1858763:Dilated cardiomyopathy 1G,uncertain significance;uncertain significance,1;1,Uncertain significance,1,1,conditions_csv_phenotype_match,Not provided,Not provided,0,Not provided,0,Not provided,ClinVar: Sig=uncertain significance;uncertain significance; ClinVar: Trait=Cardiomyopathy;Autosomal recessive limb-girdle muscular dystrophy type 2J;C1858763:Dilated cardiomyopathy 1G,0.000033,v3,0.034,Not provided,Not provided,Not provided,[],[],unknown,No,"{""PM2_Moderate"": 2, ""BP5ext_Supporting"": -1}",1,VUS,"sig=uncertain significance (-1 points), stars=1 (0.75 coef), clinvar_phenotype_match=Yes, clin=-0.750 | No HGMD entry | raw_total=-0.750, applied=BP5ext_Supporting","sig=uncertain significance (-1 points), stars=1 (0.75 coef), clinvar_phenotype_match=Yes, clin=-0.750",No HGMD entry,-0.750,BP5ext_Supporting,,,,PM2_Moderate: gnomAD max AF=3.28735e-05 < threshold 0.0001 for MOI AD,,,,,,,,,,,,No,No,,,Filtered: VUS with <5 points excluded from all reporting paths (auto/manual/delins);Filtered by gene 'Rules' (exclude): Exclude if Impact is MODERATE,Filtered: VUS with <5 points excluded from all reporting paths (auto/manual/delins);Filtered by gene 'Rules' (exclude): Exclude if Impact is MODERATE,Yes
27021230,14841_2024,chr2,178582161,C,T,TTN,AD,c.58504G>A,p.Asp19502Asn,Asp,Asn,19502,NM_133378.4,264/312,missense_variant,MODERATE,Het,73,0.493,Dilated cardiomyopathy (truncating variants only),Yes,Exclude if Impact is MODERATE;Exclude if Impact is MODERATE;Exclude if Impact is MODERATE,No,Not provided,No,Not provided,Not provided,Not provided,0,Not provided,0,0,N/A,Not provided,Not provided,0,Not provided,0,Not provided,No database evidence,0.0,Unknown,0.150,Not provided,Not provided,Not provided,[],[],unknown,No,"{""PM2_Moderate"": 2}",2,VUS,"No ClinVar submissions | No HGMD entry | raw_total=0.000, applied=None",No ClinVar submissions,No HGMD entry,0.000,,,,,PM2_Moderate: gnomAD max AF=0 < threshold 0.0001 for MOI AD,,,,,,,,,,,,No,No,,,Filtered: VUS with <5 points excluded from all reporting paths (auto/manual/delins);Filtered by gene 'Rules' (exclude): Exclude if Impact is MODERATE,Filtered: VUS with <5 points excluded from all reporting paths (auto/manual/delins);Filtered by gene 'Rules' (exclude): Exclude if Impact is MODERATE,Yes
27021230,14841_2024,chr2,178589120,T,G,TTN,AD,c.54901A>C,p.Arg18301Arg,Arg,Arg,18301,NM_133378.4,253/312,synonymous_variant,LOW,Het,64,0.500,Dilated cardiomyopathy (truncating variants only),Yes,RULES_PRESENT_NO_MATCH: Exclude if Impact is MODERATE;RULES_PRESENT_NO_MATCH: Exclude if Impact is MODERATE,No,Not provided,No,Not provided,Not provided,Not provided,0,Not provided,0,0,N/A,Not provided,Not provided,0,Not provided,0,Not provided,No database evidence,0.0,Unknown,-1.000,Not provided,Not provided,Not provided,[],[],unknown,No,"{""PM2_Moderate"": 2}",2,VUS,"No ClinVar submissions | No HGMD entry | raw_total=0.000, applied=None",No ClinVar submissions,No HGMD entry,0.000,,,,,PM2_Moderate: gnomAD max AF=0 < threshold 0.0001 for MOI AD,,,,,,,,,,,,No,No,,,Filtered: VUS with <5 points excluded from all reporting paths (auto/manual/delins),,Yes
27021230,14841_2024,chr2,178590625,C,T,TTN,AD,c.53396G>A,p.Arg17799Gln,Arg,Gln,17799,NM_133378.4,253/312,missense_variant,MODERATE,Het,79,0.506,Dilated cardiomyopathy (truncating variants only),Yes,Exclude if Impact is MODERATE;Exclude if Impact is MODERATE;Exclude if Impact is MODERATE,Yes,"CN230736:Cardiovascular phenotype;Autosomal recessive limb-girdle muscular dystrophy type 2J;Autosomal recessive limb-girdle muscular dystrophy type 2J;C1858763:Dilated cardiomyopathy 1G;Dilated cardiomyopathy 1G;Early-onset myopathy with fatal cardiomyopathy;Cardiomyopathy;Myopathy, myofibrillar, 9, with early respiratory failure;Tibial muscular dystrophy;na:TTN-related disorder",No,Not provided,"CN230736:Cardiovascular phenotype;Autosomal recessive limb-girdle muscular dystrophy type 2J;Autosomal recessive limb-girdle muscular dystrophy type 2J;C1858763:Dilated cardiomyopathy 1G;Dilated cardiomyopathy 1G;Early-onset myopathy with fatal cardiomyopathy;Cardiomyopathy;Myopathy, myofibrillar, 9, with early respiratory failure;Tibial muscular dystrophy;na:TTN-related disorder",likely benign;uncertain significance;benign;likely benign;uncertain significance;benign;benign;benign;likely benign,1;1;1;1;1;1;1;1;1,Likely benign,1,1,conditions_csv_phenotype_match,Not provided,Not provided,0,Not provided,0,Not provided,"ClinVar: Sig=likely benign;uncertain significance;benign;likely benign;uncertain significance;benign;benign;benign;likely benign; ClinVar: Trait=CN230736:Cardiovascular phenotype;Autosomal recessive limb-girdle muscular dystrophy type 2J;Autosomal recessive limb-girdle muscular dystrophy type 2J;C1858763:Dilated cardiomyopathy 1G;Dilated cardiomyopathy 1G;Early-onset myopathy with fatal cardiomyopathy;Cardiomyopathy;Myopathy, myofibrillar, 9, with early respiratory failure;Tibial muscular dystrophy;na:TTN-related disorder",0.0,Unknown,0.310,Not provided,Not provided,Not provided,[],[],unknown,No,"{""PM2_Moderate"": 2, ""BP5ext_Moderate"": -2}",0,VUS,"sig=benign (-3 points), stars=1 (0.75 coef), clinvar_phenotype_match=Yes, clin=-2.250 | No HGMD entry | raw_total=-2.250, applied=BP5ext_Moderate","sig=benign (-3 points), stars=1 (0.75 coef), clinvar_phenotype_match=Yes, clin=-2.250",No HGMD entry,-2.250,BP5ext_Moderate,,,,PM2_Moderate: gnomAD max AF=0 < threshold 0.0001 for MOI AD,,,,,,,,,,,,No,No,,,Filtered: VUS with <5 points excluded from all reporting paths (auto/manual/delins);Filtered by gene 'Rules' (exclude): Exclude if Impact is MODERATE,Filtered: VUS with <5 points excluded from all reporting paths (auto/manual/delins);Filtered by gene 'Rules' (exclude): Exclude if Impact is MODERATE,Yes
27021230,14841_2024,chr2,178621438,GT,G,TTN,AD,c.37645+36delA,Not provided,,,,NM_133378.4,194/311,intron_variant,MODIFIER,Het,81,0.457,Dilated cardiomyopathy (truncating variants only),Yes,RULES_PRESENT_NO_MATCH: Exclude if Impact is MODERATE;RULES_PRESENT_NO_MATCH: Exclude if Impact is MODERATE,No,Not provided,No,Not provided,Not provided,Not provided,0,Not provided,0,0,N/A,Not provided,Not provided,0,Not provided,0,Not provided,No database evidence,0.0,Unknown,-1.000,Not provided,Not provided,Not provided,[],[],unknown,No,"{""PM2_Moderate"": 2}",2,VUS,"No ClinVar submissions | No HGMD entry | raw_total=0.000, applied=None",No ClinVar submissions,No HGMD entry,0.000,,,,,PM2_Moderate: gnomAD max AF=0 < threshold 0.0001 for MOI AD,,,,,,,,,,,,No,No,,,Cluster id=14 detected (members=chr2:178621438:GT:G:27021230;chr2:178621442:GAAA:G:27021230;chr2:178621446:TAAAAG:T:27021230) - no Pathogenic/LP present; delins NOT flagged; requires P/LP to consider delins.;Delins/overlap cluster (id=14) detected but not all members meet P/LP or >5pts -> not auto-escalated (possible carrier).;Filtered: VUS with <5 points excluded from all reporting paths (auto/manual/delins),,Yes
27021230,14841_2024,chr2,178621442,GAAA,G,TTN,AD,c.37645+30_37645+32delTTT,Not provided,,,,NM_133378.4,194/311,intron_variant,MODIFIER,Het,81,0.432,Dilated cardiomyopathy (truncating variants only),Yes,RULES_PRESENT_NO_MATCH: Exclude if Impact is MODERATE;RULES_PRESENT_NO_MATCH: Exclude if Impact is MODERATE,No,Not provided,No,Not provided,Not provided,Not provided,0,Not provided,0,0,N/A,Not provided,Not provided,0,Not provided,0,Not provided,No database evidence,0.0,Unknown,-1.000,Not provided,Not provided,Not provided,[],[],unknown,No,"{""PM2_Moderate"": 2}",2,VUS,"No ClinVar submissions | No HGMD entry | raw_total=0.000, applied=None",No ClinVar submissions,No HGMD entry,0.000,,,,,PM2_Moderate: gnomAD max AF=0 < threshold 0.0001 for MOI AD,,,,,,,,,,,,No,No,,,Cluster id=14 detected (members=chr2:178621438:GT:G:27021230;chr2:178621442:GAAA:G:27021230;chr2:178621446:TAAAAG:T:27021230) - no Pathogenic/LP present; delins NOT flagged; requires P/LP to consider delins.;Delins/overlap cluster (id=14) detected but not all members meet P/LP or >5pts -> not auto-escalated (possible carrier).;Filtered: VUS with <5 points excluded from all reporting paths (auto/manual/delins),,Yes
27021230,14841_2024,chr2,178621446,TAAAAG,T,TTN,AD,c.37645+24_37645+28delCTTTT,Not provided,,,,NM_133378.4,194/311,intron_variant,MODIFIER,Het,80,0.438,Dilated cardiomyopathy (truncating variants only),Yes,RULES_PRESENT_NO_MATCH: Exclude if Impact is MODERATE;RULES_PRESENT_NO_MATCH: Exclude if Impact is MODERATE,No,Not provided,No,Not provided,Not provided,Not provided,0,Not provided,0,0,N/A,Not provided,Not provided,0,Not provided,0,Not provided,No database evidence,0.0,Unknown,-1.000,Not provided,0.000,Not provided,[],[],unknown,No,"{""PM2_Moderate"": 2}",2,VUS,"No ClinVar submissions | No HGMD entry | raw_total=0.000, applied=None",No ClinVar submissions,No HGMD entry,0.000,,,,,PM2_Moderate: gnomAD max AF=0 < threshold 0.0001 for MOI AD,,,,,,,,,,,,No,No,,,Cluster id=14 detected (members=chr2:178621438:GT:G:27021230;chr2:178621442:GAAA:G:27021230;chr2:178621446:TAAAAG:T:27021230) - no Pathogenic/LP present; delins NOT flagged; requires P/LP to consider delins.;Delins/overlap cluster (id=14) detected but not all members meet P/LP or >5pts -> not auto-escalated (possible carrier).;Filtered: VUS with <5 points excluded from all reporting paths (auto/manual/delins),,Yes
27021230,14841_2024,chr2,178646104,T,TTTTATATATATATATATATATA,TTN,AD,c.32594-75_32594-74insTATATATATATATATATATAAA,Not provided,,,,NM_133378.4,165/311,intron_variant,MODIFIER,Het,41,0.268,Dilated cardiomyopathy (truncating variants only),Yes,RULES_PRESENT_NO_MATCH: Exclude if Impact is MODERATE;RULES_PRESENT_NO_MATCH: Exclude if Impact is MODERATE,No,Not provided,No,Not provided,Not provided,Not provided,0,Not provided,0,0,N/A,Not provided,Not provided,0,Not provided,0,Not provided,No database evidence,0.0,Unknown,-1.000,Not provided,0.000,Not provided,[],[],unknown,No,"{""PM2_Moderate"": 2}",2,VUS,"No ClinVar submissions | No HGMD entry | raw_total=0.000, applied=None",No ClinVar submissions,No HGMD entry,0.000,,,,,PM2_Moderate: gnomAD max AF=0 < threshold 0.0001 for MOI AD,,,,,,,,,,,,No,No,,,Filtered: VUS with <5 points excluded from all reporting paths (auto/manual/delins),,Yes
27021230,14841_2024,chr2,178668663,C,T,TTN,AD,c.31483+1555G>A,Not provided,,,,NM_133378.4,152/311,intron_variant,MODIFIER,Het,25,0.520,Dilated cardiomyopathy (truncating variants only),Yes,RULES_PRESENT_NO_MATCH: Exclude if Impact is MODERATE;RULES_PRESENT_NO_MATCH: Exclude if Impact is MODERATE,No,Not provided,No,Not provided,Not provided,Not provided,0,Not provided,0,0,N/A,Not provided,Not provided,0,Not provided,0,Not provided,No database evidence,0.0,Unknown,-1.000,Not provided,Not provided,Not provided,[],[],unknown,No,"{""PM2_Moderate"": 2}",2,VUS,"No ClinVar submissions | No HGMD entry | raw_total=0.000, applied=None",No ClinVar submissions,No HGMD entry,0.000,,,,,PM2_Moderate: gnomAD max AF=0 < threshold 0.0001 for MOI AD,,,,,,,,,,,,No,No,,,Filtered: VUS with <5 points excluded from all reporting paths (auto/manual/delins),,Yes
27021230,14841_2024,chr2,178672473,C,T,TTN,AD,c.30961G>A,p.Val10321Ile,Val,Ile,10321,NM_133378.4,149/312,missense_variant,MODERATE,Het,54,0.407,Dilated cardiomyopathy (truncating variants only),Yes,Exclude if Impact is MODERATE;Exclude if Impact is MODERATE;Exclude if Impact is MODERATE,Yes,"CN230736:Cardiovascular phenotype;Autosomal recessive limb-girdle muscular dystrophy type 2J;C1858763:Dilated cardiomyopathy 1G;Early-onset myopathy with fatal cardiomyopathy;Autosomal recessive limb-girdle muscular dystrophy type 2J;Dilated cardiomyopathy 1G;Cardiomyopathy;na:TTN-related disorder;Myopathy, myofibrillar, 9, with early respiratory failure;Tibial muscular dystrophy",No,Not provided,"CN230736:Cardiovascular phenotype;Autosomal recessive limb-girdle muscular dystrophy type 2J;C1858763:Dilated cardiomyopathy 1G;Early-onset myopathy with fatal cardiomyopathy;Autosomal recessive limb-girdle muscular dystrophy type 2J;Dilated cardiomyopathy 1G;Cardiomyopathy;na:TTN-related disorder;Myopathy, myofibrillar, 9, with early respiratory failure;Tibial muscular dystrophy",uncertain significance;benign;uncertain significance;uncertain significance;likely benign;benign;likely benign;benign;benign,1;1;1;1;1;1;1;1;1,Uncertain significance,1,1,conditions_csv_phenotype_match,Not provided,Not provided,0,Not provided,0,Not provided,"ClinVar: Sig=uncertain significance;benign;uncertain significance;uncertain significance;likely benign;benign;likely benign;benign;benign; ClinVar: Trait=CN230736:Cardiovascular phenotype;Autosomal recessive limb-girdle muscular dystrophy type 2J;C1858763:Dilated cardiomyopathy 1G;Early-onset myopathy with fatal cardiomyopathy;Autosomal recessive limb-girdle muscular dystrophy type 2J;Dilated cardiomyopathy 1G;Cardiomyopathy;na:TTN-related disorder;Myopathy, myofibrillar, 9, with early respiratory failure;Tibial muscular dystrophy",0.0,Unknown,0.096,Not provided,Not provided,Not provided,[],[],unknown,No,"{""PM2_Moderate"": 2, ""BP5ext_Moderate"": -2}",0,VUS,"sig=benign (-3 points), stars=1 (0.75 coef), clinvar_phenotype_match=Yes, clin=-2.250 | No HGMD entry | raw_total=-2.250, applied=BP5ext_Moderate","sig=benign (-3 points), stars=1 (0.75 coef), clinvar_phenotype_match=Yes, clin=-2.250",No HGMD entry,-2.250,BP5ext_Moderate,,,,PM2_Moderate: gnomAD max AF=0 < threshold 0.0001 for MOI AD,,,,,,,,,,,,No,No,,,Filtered: VUS with <5 points excluded from all reporting paths (auto/manual/delins);Filtered by gene 'Rules' (exclude): Exclude if Impact is MODERATE,Filtered: VUS with <5 points excluded from all reporting paths (auto/manual/delins);Filtered by gene 'Rules' (exclude): Exclude if Impact is MODERATE,Yes
27021230,14841_2024,chr2,178699383,CTTTTTTTTTTT,C,TTN,AD,c.26951-480_26951-470delAAAAAAAAAAA,Not provided,,,,NM_133378.4,108/311,intron_variant,MODIFIER,Het,17,0.706,Dilated cardiomyopathy (truncating variants only),Yes,RULES_PRESENT_NO_MATCH: Exclude if Impact is MODERATE;RULES_PRESENT_NO_MATCH: Exclude if Impact is MODERATE,No,Not provided,No,Not provided,Not provided,Not provided,0,Not provided,0,0,N/A,Not provided,Not provided,0,Not provided,0,Not provided,No database evidence,0.0,Unknown,-1.000,Not provided,0.000,Not provided,[],[],unknown,No,"{""PM2_Moderate"": 2}",2,VUS,"No ClinVar submissions | No HGMD entry | raw_total=0.000, applied=None",No ClinVar submissions,No HGMD entry,0.000,,,,,PM2_Moderate: gnomAD max AF=0 < threshold 0.0001 for MOI AD,,,,,,,,,,,,No,No,,,Filtered: VUS with <5 points excluded from all reporting paths (auto/manual/delins),,Yes
27021230,14841_2024,chr2,178747082,A,ATATCGCTCTAGAGTCTCTCCTGGGGGTGTGGAG,TTN,AD,c.10360+6009_10360+6041dupCTCCACACCCCCAGGAGAGACTCTAGAGCGATA,Not provided,,,,NM_133378.4,45/311,intron_variant,MODIFIER,Het,84,0.250,Dilated cardiomyopathy (truncating variants only),Yes,RULES_PRESENT_NO_MATCH: Exclude if Impact is MODERATE;RULES_PRESENT_NO_MATCH: Exclude if Impact is MODERATE,Yes,"Autosomal recessive limb-girdle muscular dystrophy type 2J;C1838244:Tibial muscular dystrophy;C1858763:Dilated cardiomyopathy 1G;C1861065:Hypertrophic cardiomyopathy 9;C1863599:Myopathy, myofibrillar, 9, with early respiratory failure;C2673677:Early-onset myopathy with fatal cardiomyopathy;na:TTN-related disorder;Autosomal recessive limb-girdle muscular dystrophy type 2J;C1838244:Tibial muscular dystrophy;C1858763:Dilated cardiomyopathy 1G;C1861065:Hypertrophic cardiomyopathy 9;C1863599:Myopathy, myofibrillar, 9, with early respiratory failure;C2673677:Early-onset myopathy with fatal cardiomyopathy",No,Not provided,"Autosomal recessive limb-girdle muscular dystrophy type 2J;C1838244:Tibial muscular dystrophy;C1858763:Dilated cardiomyopathy 1G;C1861065:Hypertrophic cardiomyopathy 9;C1863599:Myopathy, myofibrillar, 9, with early respiratory failure;C2673677:Early-onset myopathy with fatal cardiomyopathy;na:TTN-related disorder;Autosomal recessive limb-girdle muscular dystrophy type 2J;C1838244:Tibial muscular dystrophy;C1858763:Dilated cardiomyopathy 1G;C1861065:Hypertrophic cardiomyopathy 9;C1863599:Myopathy, myofibrillar, 9, with early respiratory failure;C2673677:Early-onset myopathy with fatal cardiomyopathy",benign;likely benign;likely benign,2;2;2,Benign,2,2,conditions_csv_phenotype_match,Not provided,Not provided,0,Not provided,0,Not provided,"ClinVar: Sig=benign;likely benign;likely benign; ClinVar: Trait=Autosomal recessive limb-girdle muscular dystrophy type 2J;C1838244:Tibial muscular dystrophy;C1858763:Dilated cardiomyopathy 1G;C1861065:Hypertrophic cardiomyopathy 9;C1863599:Myopathy, myofibrillar, 9, with early respiratory failure;C2673677:Early-onset myopathy with fatal cardiomyopathy;na:TTN-related disorder;Autosomal recessive limb-girdle muscular dystrophy type 2J;C1838244:Tibial muscular dystrophy;C1858763:Dilated cardiomyopathy 1G;C1861065:Hypertrophic cardiomyopathy 9;C1863599:Myopathy, myofibrillar, 9, with early respiratory failure;C2673677:Early-onset myopathy with fatal cardiomyopathy",0.0,Unknown,-1.000,Not provided,0.000,Not provided,[],[],unknown,No,"{""PM2_Moderate"": 2, ""BP5ext_Moderate"": -2}",0,VUS,"sig=benign (-3 points), stars=2 (1.0 coef), clinvar_phenotype_match=Yes, clin=-3.000 | No HGMD entry | raw_total=-3.000, applied=BP5ext_Moderate","sig=benign (-3 points), stars=2 (1.0 coef), clinvar_phenotype_match=Yes, clin=-3.000",No HGMD entry,-3.000,BP5ext_Moderate,,,,PM2_Moderate: gnomAD max AF=0 < threshold 0.0001 for MOI AD,,,,,,,,,,,,No,No,,,Filtered: VUS with <5 points excluded from all reporting paths (auto/manual/delins),,Yes
27021230,14841_2024,chr2,178752874,AT,A,TTN,AD,c.10360+249delA,Not provided,,,,NM_133378.4,45/311,intron_variant,MODIFIER,Het,52,0.654,Dilated cardiomyopathy (truncating variants only),Yes,RULES_PRESENT_NO_MATCH: Exclude if Impact is MODERATE;RULES_PRESENT_NO_MATCH: Exclude if Impact is MODERATE,No,Not provided,No,Not provided,Not provided,Not provided,0,Not provided,0,0,N/A,Not provided,Not provided,0,Not provided,0,Not provided,No database evidence,0.0,Unknown,-1.000,Not provided,Not provided,Not provided,[],[],unknown,No,"{""PM2_Moderate"": 2}",2,VUS,"No ClinVar submissions | No HGMD entry | raw_total=0.000, applied=None",No ClinVar submissions,No HGMD entry,0.000,,,,,PM2_Moderate: gnomAD max AF=0 < threshold 0.0001 for MOI AD,,,,,,,,,,,,No,No,,,Filtered: VUS with <5 points excluded from all reporting paths (auto/manual/delins),,Yes
27021230,14841_2024,chr2,178812254,C,T,TTN,AD,c.-5056G>A,Not provided,,,,NM_133378.4,,upstream_gene_variant,MODIFIER,Het,63,0.476,Dilated cardiomyopathy (truncating variants only),Yes,RULES_PRESENT_NO_MATCH: Exclude if Impact is MODERATE;RULES_PRESENT_NO_MATCH: Exclude if Impact is MODERATE,No,Not provided,No,Not provided,Not provided,Not provided,0,Not provided,0,0,N/A,Not provided,Not provided,0,Not provided,0,Not provided,No database evidence,0.0,Unknown,-1.000,Not provided,Not provided,Not provided,[],[],unknown,No,"{""PM2_Moderate"": 2}",2,VUS,"No ClinVar submissions | No HGMD entry | raw_total=0.000, applied=None",No ClinVar submissions,No HGMD entry,0.000,,,,,PM2_Moderate: gnomAD max AF=0 < threshold 0.0001 for MOI AD,,,,,,,,,,,,No,No,,,Filtered: VUS with <5 points excluded from all reporting paths (auto/manual/delins),,Yes
27021230,14841_2024,chr2,218779566,G,A,CYP27A1,AR,c.-2617G>A,Not provided,,,,NM_000784.4,,upstream_gene_variant,MODIFIER,Het,37,0.595,Cerebrotendinous xanthomatosis,No,,No,Not provided,No,Not provided,Not provided,Not provided,0,Not provided,0,0,N/A,Not provided,Not provided,0,Not provided,0,Not provided,No database evidence,0.0,Unknown,-1.000,Not provided,Not provided,Not provided,[],[],unknown,No,"{""PM2_Moderate"": 2}",2,VUS,"No ClinVar submissions | No HGMD entry | raw_total=0.000, applied=None",No ClinVar submissions,No HGMD entry,0.000,,,,,PM2_Moderate: gnomAD max AF=0 < threshold 0.005 for MOI AR,,,,,,,,,,,,No,No,,,Filtered: VUS with <5 points excluded from all reporting paths (auto/manual/delins),,Yes
27021230,14841_2024,chr2,218785674,C,T,CYP27A1,AR,c.255+3237C>T,Not provided,,,,NM_000784.4,1/8,intron_variant,MODIFIER,Het,65,0.446,Cerebrotendinous xanthomatosis,No,,No,Not provided,No,Not provided,Not provided,Not provided,0,Not provided,0,0,N/A,Not provided,Not provided,0,Not provided,0,Not provided,No database evidence,0.0,Unknown,-1.000,Not provided,Not provided,Not provided,[],[],unknown,No,"{""PM2_Moderate"": 2}",2,VUS,"No ClinVar submissions | No HGMD entry | raw_total=0.000, applied=None",No ClinVar submissions,No HGMD entry,0.000,,,,,PM2_Moderate: gnomAD max AF=0 < threshold 0.005 for MOI AR,,,,,,,,,,,,No,No,,,Filtered: VUS with <5 points excluded from all reporting paths (auto/manual/delins),,Yes
27021230,14841_2024,chr2,219422226,C,T,DES,AD,c.1244+666C>T,Not provided,,,,NM_001382712.1,6/8,intron_variant,MODIFIER,Het,45,0.511,Dliated cardiomyopathy; Myofibrillar myopathy,No,,No,Not provided,No,Not provided,Not provided,Not provided,0,Not provided,0,0,N/A,Not provided,Not provided,0,Not provided,0,Not provided,No database evidence,0.0,Unknown,-1.000,Not provided,Not provided,Not provided,[],[],unknown,No,"{""PM2_Moderate"": 2}",2,VUS,"No ClinVar submissions | No HGMD entry | raw_total=0.000, applied=None",No ClinVar submissions,No HGMD entry,0.000,,,,,PM2_Moderate: gnomAD max AF=0 < threshold 0.0001 for MOI AD,,,,,,,,,,,,No,No,,,Filtered: VUS with <5 points excluded from all reporting paths (auto/manual/delins),,Yes
27021230,14841_2024,chr22,29653172,G,A,NF2,AD,c.448-1485G>A,Not provided,,,,NM_181825.3,4/15,intron_variant,MODIFIER,Het,53,0.491,NF2-related schwannomatosis,No,,No,Not provided,No,Not provided,Not provided,Not provided,0,Not provided,0,0,N/A,Not provided,Not provided,0,Not provided,0,Not provided,No database evidence,0.0,Unknown,-1.000,Not provided,Not provided,Not provided,[],[],unknown,No,"{""PM2_Moderate"": 2}",2,VUS,"No ClinVar submissions | No HGMD entry | raw_total=0.000, applied=None",No ClinVar submissions,No HGMD entry,0.000,,,,,PM2_Moderate: gnomAD max AF=0 < threshold 0.0001 for MOI AD,,,,,,,,,,,,No,No,,,Filtered: VUS with <5 points excluded from all reporting paths (auto/manual/delins),,Yes
27021230,14841_2024,chr22,29666136,A,G,NF2,AD,c.885+1072A>G,Not provided,,,,NM_181825.3,9/15,intron_variant,MODIFIER,Het,45,0.511,NF2-related schwannomatosis,No,,No,Not provided,No,Not provided,Not provided,Not provided,0,Not provided,0,0,N/A,Not provided,Not provided,0,Not provided,0,Not provided,No database evidence,0.0,Unknown,-1.000,Not provided,Not provided,Not provided,[],[],unknown,No,"{""PM2_Moderate"": 2}",2,VUS,"No ClinVar submissions | No HGMD entry | raw_total=0.000, applied=None",No ClinVar submissions,No HGMD entry,0.000,,,,,PM2_Moderate: gnomAD max AF=0 < threshold 0.0001 for MOI AD,,,,,,,,,,,,No,No,,,Filtered: VUS with <5 points excluded from all reporting paths (auto/manual/delins),,Yes
27021230,14841_2024,chr3,14124463,C,A,TMEM43,AD,c.-731C>A,Not provided,,,,NM_024334.3,,upstream_gene_variant,MODIFIER,Het,40,0.575,Arrhythmogenic right ventricular cardiomyopathy,No,,No,Not provided,No,Not provided,Not provided,Not provided,0,Not provided,0,0,N/A,Not provided,Not provided,0,Not provided,0,Not provided,No database evidence,0.0,Unknown,-1.000,Not provided,Not provided,Not provided,[],[],unknown,No,"{""PM2_Moderate"": 2}",2,VUS,"No ClinVar submissions | No HGMD entry | raw_total=0.000, applied=None",No ClinVar submissions,No HGMD entry,0.000,,,,,PM2_Moderate: gnomAD max AF=0 < threshold 0.0001 for MOI AD,,,,,,,,,,,,No,No,,,Filtered: VUS with <5 points excluded from all reporting paths (auto/manual/delins),,Yes
27021230,14841_2024,chr3,14134322,A,G,TMEM43,AD,c.584-448A>G,Not provided,,,,NM_024334.3,7/11,intron_variant,MODIFIER,Het,65,0.554,Arrhythmogenic right ventricular cardiomyopathy,No,,No,Not provided,No,Not provided,Not provided,Not provided,0,Not provided,0,0,N/A,Not provided,Not provided,0,Not provided,0,Not provided,No database evidence,0.027719,v2,-1.000,Not provided,Not provided,Not provided,[],[],unknown,No,"{""BS1"": -4}",-4,Likely benign,"No ClinVar submissions | No HGMD entry | raw_total=0.000, applied=None",No ClinVar submissions,No HGMD entry,0.000,,,,,,,,,,,,BS1: gnomAD max AF=0.0277194 >= BS1 threshold 0.01,,,,,No,No,,,,,Yes
27021230,14841_2024,chr3,15606029,C,CT,BTD,AR,c.-17+4135_-17+4136insT,Not provided,,,,NM_001370658.1,1/3,intron_variant,MODIFIER,Het,37,0.432,Biotinidase deficiency,No,,No,Not provided,No,Not provided,Not provided,Not provided,0,Not provided,0,0,N/A,Not provided,Not provided,0,Not provided,0,Not provided,No database evidence,0.000048,v3,-1.000,Not provided,Not provided,Not provided,[],[],unknown,No,"{""PM2_Moderate"": 2}",2,VUS,"No ClinVar submissions | No HGMD entry | raw_total=0.000, applied=None",No ClinVar submissions,No HGMD entry,0.000,,,,,PM2_Moderate: gnomAD max AF=4.79785e-05 < threshold 0.005 for MOI AR,,,,,,,,,,,,No,No,,,Cluster id=15 detected (members=chr3:15606029:C:CT:27021230;chr3:15606031:AGAC:A:27021230;chr3:15606030:G:C:27021230) - no Pathogenic/LP present; delins NOT flagged; requires P/LP to consider delins.;Delins/overlap cluster (id=15) detected but not all members meet P/LP or >5pts -> not auto-escalated (possible carrier).;Filtered: VUS with <5 points excluded from all reporting paths (auto/manual/delins),,Yes
27021230,14841_2024,chr3,15606030,G,C,BTD,AR,c.-17+4136G>C,Not provided,,,,NM_001370658.1,1/3,intron_variant,MODIFIER,Het,38,0.447,Biotinidase deficiency,No,,No,Not provided,No,Not provided,Not provided,Not provided,0,Not provided,0,0,N/A,Not provided,Not provided,0,Not provided,0,Not provided,No database evidence,0.0,Unknown,-1.000,Not provided,Not provided,Not provided,[],[],unknown,No,"{""PM2_Moderate"": 2}",2,VUS,"No ClinVar submissions | No HGMD entry | raw_total=0.000, applied=None",No ClinVar submissions,No HGMD entry,0.000,,,,,PM2_Moderate: gnomAD max AF=0 < threshold 0.005 for MOI AR,,,,,,,,,,,,No,No,,,Cluster id=15 detected (members=chr3:15606029:C:CT:27021230;chr3:15606031:AGAC:A:27021230;chr3:15606030:G:C:27021230) - no Pathogenic/LP present; delins NOT flagged; requires P/LP to consider delins.;Delins/overlap cluster (id=15) detected but not all members meet P/LP or >5pts -> not auto-escalated (possible carrier).;Filtered: VUS with <5 points excluded from all reporting paths (auto/manual/delins),,Yes
27021230,14841_2024,chr3,15606031,AGAC,A,BTD,AR,c.-17+4138_-17+4140delGAC,Not provided,,,,NM_001370658.1,1/3,intron_variant,MODIFIER,Het,37,0.432,Biotinidase deficiency,No,,No,Not provided,No,Not provided,Not provided,Not provided,0,Not provided,0,0,N/A,Not provided,Not provided,0,Not provided,0,Not provided,No database evidence,0.000082,v3,-1.000,Not provided,Not provided,Not provided,[],[],unknown,No,"{""PM2_Moderate"": 2}",2,VUS,"No ClinVar submissions | No HGMD entry | raw_total=0.000, applied=None",No ClinVar submissions,No HGMD entry,0.000,,,,,PM2_Moderate: gnomAD max AF=8.23339e-05 < threshold 0.005 for MOI AR,,,,,,,,,,,,No,No,,,Cluster id=15 detected (members=chr3:15606029:C:CT:27021230;chr3:15606031:AGAC:A:27021230;chr3:15606030:G:C:27021230) - no Pathogenic/LP present; delins NOT flagged; requires P/LP to consider delins.;Delins/overlap cluster (id=15) detected but not all members meet P/LP or >5pts -> not auto-escalated (possible carrier).;Filtered: VUS with <5 points excluded from all reporting paths (auto/manual/delins),,Yes
27021230,14841_2024,chr3,37000857,A,AT,MLH1,AD,c.208-89dupT,Not provided,,,,NM_000249.4,2/18,intron_variant,MODIFIER,Het,38,0.447,Lynch syndrome,No,,No,Not provided,No,Not provided,Not provided,Not provided,0,Not provided,0,0,N/A,Not provided,Not provided,0,Not provided,0,Not provided,No database evidence,0.0,Unknown,-1.000,Not provided,Not provided,Not provided,[],[],unknown,No,"{""PM2_Moderate"": 2}",2,VUS,"No ClinVar submissions | No HGMD entry | raw_total=0.000, applied=None",No ClinVar submissions,No HGMD entry,0.000,,,,,PM2_Moderate: gnomAD max AF=0 < threshold 0.0001 for MOI AD,,,,,,,,,,,,No,No,,,Filtered: VUS with <5 points excluded from all reporting paths (auto/manual/delins),,Yes
27021230,14841_2024,chr3,37010123,CTTTTTTTTTTT,C,MLH1,AD,c.545+1236_545+1246delTTTTTTTTTTT,Not provided,,,,NM_000249.4,6/18,intron_variant,MODIFIER,Het,12,0.833,Lynch syndrome,No,,No,Not provided,No,Not provided,Not provided,Not provided,0,Not provided,0,0,N/A,Not provided,Not provided,0,Not provided,0,Not provided,No database evidence,0.0,Unknown,-1.000,Not provided,0.010,Not provided,[],[],unknown,No,"{""PM2_Moderate"": 2}",2,VUS,"No ClinVar submissions | No HGMD entry | raw_total=0.000, applied=None",No ClinVar submissions,No HGMD entry,0.000,,,,,PM2_Moderate: gnomAD max AF=0 < threshold 0.0001 for MOI AD,,,,,,,,,,,,No,No,,,Filtered: VUS with <5 points excluded from all reporting paths (auto/manual/delins),,Yes
27021230,14841_2024,chr3,37046608,TA,T,MLH1,AD,c.1732-910delA,Not provided,,,,NM_000249.4,15/18,intron_variant,MODIFIER,Het,39,0.487,Lynch syndrome,No,,No,Not provided,No,Not provided,Not provided,Not provided,0,Not provided,0,0,N/A,Not provided,Not provided,0,Not provided,0,Not provided,No database evidence,0.0,Unknown,-1.000,Not provided,Not provided,Not provided,[],[],unknown,No,"{""PM2_Moderate"": 2}",2,VUS,"No ClinVar submissions | No HGMD entry | raw_total=0.000, applied=None",No ClinVar submissions,No HGMD entry,0.000,,,,,PM2_Moderate: gnomAD max AF=0 < threshold 0.0001 for MOI AD,,,,,,,,,,,,No,No,,,Filtered: VUS with <5 points excluded from all reporting paths (auto/manual/delins),,Yes
27021230,14841_2024,chr3,38555057,TTATATATATA,T,SCN5A,AD,c.4543-518_4543-509delTATATATATA,Not provided,,,,NM_198056.3,26/27,intron_variant,MODIFIER,Het,13,0.769,Long QT syndrome type 3; Brugada syndrome; Dilated cardiomyopathy,No,,No,Not provided,No,Not provided,Not provided,Not provided,0,Not provided,0,0,N/A,Not provided,Not provided,0,Not provided,0,Not provided,No database evidence,0.0,Unknown,-1.000,Not provided,0.000,Not provided,[],[],unknown,No,"{""PM2_Moderate"": 2}",2,VUS,"No ClinVar submissions | No HGMD entry | raw_total=0.000, applied=None",No ClinVar submissions,No HGMD entry,0.000,,,,,PM2_Moderate: gnomAD max AF=0 < threshold 0.0001 for MOI AD,,,,,,,,,,,,No,No,,,Filtered: VUS with <5 points excluded from all reporting paths (auto/manual/delins),,Yes
27021230,14841_2024,chr3,38577783,T,TTG,SCN5A,AD,c.3391-1003_3391-1002insCA,Not provided,,,,NM_198056.3,18/27,intron_variant,MODIFIER,Het,72,0.486,Long QT syndrome type 3; Brugada syndrome; Dilated cardiomyopathy,No,,No,Not provided,No,Not provided,Not provided,Not provided,0,Not provided,0,0,N/A,Not provided,Not provided,0,Not provided,0,Not provided,No database evidence,0.0,Unknown,-1.000,Not provided,0.050,Not provided,[],[],unknown,No,"{""PM2_Moderate"": 2}",2,VUS,"No ClinVar submissions | No HGMD entry | raw_total=0.000, applied=None",No ClinVar submissions,No HGMD entry,0.000,,,,,PM2_Moderate: gnomAD max AF=0 < threshold 0.0001 for MOI AD,,,,,,,,,,,,No,No,,,Cluster id=16 detected (members=chr3:38577783:T:TTG:27021230;chr3:38577784:A:G:27021230;chr3:38577785:C:G:27021230) - no Pathogenic/LP present; delins NOT flagged; requires P/LP to consider delins.;Delins/overlap cluster (id=16) detected but not all members meet P/LP or >5pts -> not auto-escalated (possible carrier).;Filtered: VUS with <5 points excluded from all reporting paths (auto/manual/delins),,Yes
27021230,14841_2024,chr3,38577784,A,G,SCN5A,AD,c.3391-1003T>C,Not provided,,,,NM_198056.3,18/27,intron_variant,MODIFIER,Het,74,0.568,Long QT syndrome type 3; Brugada syndrome; Dilated cardiomyopathy,No,,No,Not provided,No,Not provided,Not provided,Not provided,0,Not provided,0,0,N/A,Not provided,Not provided,0,Not provided,0,Not provided,No database evidence,0.0,Unknown,-1.000,Not provided,Not provided,Not provided,[],[],unknown,No,"{""PM2_Moderate"": 2}",2,VUS,"No ClinVar submissions | No HGMD entry | raw_total=0.000, applied=None",No ClinVar submissions,No HGMD entry,0.000,,,,,PM2_Moderate: gnomAD max AF=0 < threshold 0.0001 for MOI AD,,,,,,,,,,,,No,No,,,Cluster id=16 detected (members=chr3:38577783:T:TTG:27021230;chr3:38577784:A:G:27021230;chr3:38577785:C:G:27021230) - no Pathogenic/LP present; delins NOT flagged; requires P/LP to consider delins.;Delins/overlap cluster (id=16) detected but not all members meet P/LP or >5pts -> not auto-escalated (possible carrier).;Filtered: VUS with <5 points excluded from all reporting paths (auto/manual/delins),,Yes
27021230,14841_2024,chr3,38577785,C,G,SCN5A,AD,c.3391-1004G>C,Not provided,,,,NM_198056.3,18/27,intron_variant,MODIFIER,Het,74,0.581,Long QT syndrome type 3; Brugada syndrome; Dilated cardiomyopathy,No,,No,Not provided,No,Not provided,Not provided,Not provided,0,Not provided,0,0,N/A,Not provided,Not provided,0,Not provided,0,Not provided,No database evidence,0.0,Unknown,-1.000,Not provided,Not provided,Not provided,[],[],unknown,No,"{""PM2_Moderate"": 2}",2,VUS,"No ClinVar submissions | No HGMD entry | raw_total=0.000, applied=None",No ClinVar submissions,No HGMD entry,0.000,,,,,PM2_Moderate: gnomAD max AF=0 < threshold 0.0001 for MOI AD,,,,,,,,,,,,No,No,,,Cluster id=16 detected (members=chr3:38577783:T:TTG:27021230;chr3:38577784:A:G:27021230;chr3:38577785:C:G:27021230) - no Pathogenic/LP present; delins NOT flagged; requires P/LP to consider delins.;Delins/overlap cluster (id=16) detected but not all members meet P/LP or >5pts -> not auto-escalated (possible carrier).;Filtered: VUS with <5 points excluded from all reporting paths (auto/manual/delins),,Yes
27021230,14841_2024,chr3,38579873,ACGCG,A,SCN5A,AD,c.3229-382_3229-379delCGCG,Not provided,,,,NM_198056.3,17/27,intron_variant,MODIFIER,Het,52,0.442,Long QT syndrome type 3; Brugada syndrome; Dilated cardiomyopathy,No,,No,Not provided,No,Not provided,Not provided,Not provided,0,Not provided,0,0,N/A,Not provided,Not provided,0,Not provided,0,Not provided,No database evidence,0.0,Unknown,-1.000,Not provided,0.000,Not provided,[],[],unknown,No,"{""PM2_Moderate"": 2}",2,VUS,"No ClinVar submissions | No HGMD entry | raw_total=0.000, applied=None",No ClinVar submissions,No HGMD entry,0.000,,,,,PM2_Moderate: gnomAD max AF=0 < threshold 0.0001 for MOI AD,,,,,,,,,,,,No,No,,,Cluster id=17 detected (members=chr3:38579873:ACGCG:A:27021230;chr3:38579879:G:A:27021230) - no Pathogenic/LP present; delins NOT flagged; requires P/LP to consider delins.;Delins/overlap cluster (id=17) detected but not all members meet P/LP or >5pts -> not auto-escalated (possible carrier).;Filtered: VUS with <5 points excluded from all reporting paths (auto/manual/delins),,Yes
27021230,14841_2024,chr3,38579879,G,A,SCN5A,AD,c.3229-384C>T,Not provided,,,,NM_198056.3,17/27,intron_variant,MODIFIER,Het,51,0.431,Long QT syndrome type 3; Brugada syndrome; Dilated cardiomyopathy,No,,No,Not provided,No,Not provided,Not provided,Not provided,0,Not provided,0,0,N/A,Not provided,Not provided,0,Not provided,0,Not provided,No database evidence,0.0,Unknown,-1.000,Not provided,Not provided,Not provided,[],[],unknown,No,"{""PM2_Moderate"": 2}",2,VUS,"No ClinVar submissions | No HGMD entry | raw_total=0.000, applied=None",No ClinVar submissions,No HGMD entry,0.000,,,,,PM2_Moderate: gnomAD max AF=0 < threshold 0.0001 for MOI AD,,,,,,,,,,,,No,No,,,Cluster id=17 detected (members=chr3:38579873:ACGCG:A:27021230;chr3:38579879:G:A:27021230) - no Pathogenic/LP present; delins NOT flagged; requires P/LP to consider delins.;Delins/overlap cluster (id=17) detected but not all members meet P/LP or >5pts -> not auto-escalated (possible carrier).;Filtered: VUS with <5 points excluded from all reporting paths (auto/manual/delins),,Yes
27021230,14841_2024,chr3,38579891,A,C,SCN5A,AD,c.3229-396T>G,Not provided,,,,NM_198056.3,17/27,intron_variant,MODIFIER,Het,54,0.426,Long QT syndrome type 3; Brugada syndrome; Dilated cardiomyopathy,No,,No,Not provided,No,Not provided,Not provided,Not provided,0,Not provided,0,0,N/A,Not provided,Not provided,0,Not provided,0,Not provided,No database evidence,0.000060,v3,-1.000,Not provided,Not provided,Not provided,[],[],unknown,No,"{""PM2_Moderate"": 2}",2,VUS,"No ClinVar submissions | No HGMD entry | raw_total=0.000, applied=None",No ClinVar submissions,No HGMD entry,0.000,,,,,PM2_Moderate: gnomAD max AF=6.01604e-05 < threshold 0.0001 for MOI AD,,,,,,,,,,,,No,No,,,Filtered: VUS with <5 points excluded from all reporting paths (auto/manual/delins),,Yes
27021230,14841_2024,chr3,38583922,C,G,SCN5A,AD,c.2787+1769G>C,Not provided,,,,NM_198056.3,16/27,intron_variant,MODIFIER,Het,103,0.553,Long QT syndrome type 3; Brugada syndrome; Dilated cardiomyopathy,No,,No,Not provided,No,Not provided,Not provided,Not provided,0,Not provided,0,0,N/A,Not provided,Not provided,0,Not provided,0,Not provided,No database evidence,0.0,Unknown,-1.000,Not provided,Not provided,Not provided,[],[],unknown,No,"{""PM2_Moderate"": 2}",2,VUS,"No ClinVar submissions | No HGMD entry | raw_total=0.000, applied=None",No ClinVar submissions,No HGMD entry,0.000,,,,,PM2_Moderate: gnomAD max AF=0 < threshold 0.0001 for MOI AD,,,,,,,,,,,,No,No,,,Filtered: VUS with <5 points excluded from all reporting paths (auto/manual/delins),,Yes
27021230,14841_2024,chr3,38632513,A,G,SCN5A,AD,c.273+522T>C,Not provided,,,,NM_198056.3,2/27,intron_variant,MODIFIER,Het,61,0.574,Long QT syndrome type 3; Brugada syndrome; Dilated cardiomyopathy,No,,No,Not provided,No,Not provided,Not provided,Not provided,0,Not provided,0,0,N/A,Not provided,Not provided,0,Not provided,0,Not provided,No database evidence,0.0,Unknown,-1.000,Not provided,Not provided,Not provided,[],[],unknown,No,"{""PM2_Moderate"": 2}",2,VUS,"No ClinVar submissions | No HGMD entry | raw_total=0.000, applied=None",No ClinVar submissions,No HGMD entry,0.000,,,,,PM2_Moderate: gnomAD max AF=0 < threshold 0.0001 for MOI AD,,,,,,,,,,,,No,No,,,Filtered: VUS with <5 points excluded from all reporting paths (auto/manual/delins),,Yes
27021230,14841_2024,chr5,112713170,C,CAAAA,APC,AD,c.165+5301_165+5304dupAAAA,Not provided,,,,NM_001127511.3,1/13,intron_variant,MODIFIER,Het,32,0.312,Familial adenomatous polyposis,Yes,"RULES_PRESENT_NO_MATCH: Exclude if Consequence contains ""5_prime_UTR_variant"";RULES_PRESENT_NO_MATCH: Exclude if Consequence contains ""5_prime_UTR_variant""",No,Not provided,No,Not provided,Not provided,Not provided,0,Not provided,0,0,N/A,Not provided,Not provided,0,Not provided,0,Not provided,No database evidence,0.0,Unknown,-1.000,Not provided,Not provided,Not provided,[],[],unknown,No,"{""PM2_Moderate"": 2}",2,VUS,"No ClinVar submissions | No HGMD entry | raw_total=0.000, applied=None",No ClinVar submissions,No HGMD entry,0.000,,,,,PM2_Moderate: gnomAD max AF=0 < threshold 0.0001 for MOI AD,,,,,,,,,,,,No,No,,,Filtered: VUS with <5 points excluded from all reporting paths (auto/manual/delins),,Yes
27021230,14841_2024,chr6,123258362,CA,C,TRDN,AR,c.1870+1261delT,Not provided,,,,NM_006073.4,35/40,intron_variant,MODIFIER,Het,49,0.449,Catecholaminergic polymorphic ventricular tachycardia; Long QT syndrome,No,,No,Not provided,No,Not provided,Not provided,Not provided,0,Not provided,0,0,N/A,Not provided,Not provided,0,Not provided,0,Not provided,No database evidence,0.0,Unknown,-1.000,Not provided,Not provided,Not provided,[],[],unknown,No,"{""PM2_Moderate"": 2}",2,VUS,"No ClinVar submissions | No HGMD entry | raw_total=0.000, applied=None",No ClinVar submissions,No HGMD entry,0.000,,,,,PM2_Moderate: gnomAD max AF=0 < threshold 0.005 for MOI AR,,,,,,,,,,,,No,No,,,Filtered: VUS with <5 points excluded from all reporting paths (auto/manual/delins),,Yes
27021230,14841_2024,chr6,123265849,T,TA,TRDN,AR,c.1784-512dupT,Not provided,,,,NM_006073.4,32/40,intron_variant,MODIFIER,Het,45,0.533,Catecholaminergic polymorphic ventricular tachycardia; Long QT syndrome,No,,No,Not provided,No,Not provided,Not provided,Not provided,0,Not provided,0,0,N/A,Not provided,Not provided,0,Not provided,0,Not provided,No database evidence,0.0,Unknown,-1.000,Not provided,Not provided,Not provided,[],[],unknown,No,"{""PM2_Moderate"": 2}",2,VUS,"No ClinVar submissions | No HGMD entry | raw_total=0.000, applied=None",No ClinVar submissions,No HGMD entry,0.000,,,,,PM2_Moderate: gnomAD max AF=0 < threshold 0.005 for MOI AR,,,,,,,,,,,,No,No,,,Filtered: VUS with <5 points excluded from all reporting paths (auto/manual/delins),,Yes
27021230,14841_2024,chr6,123266185,ATT,A,TRDN,AR,c.1784-849_1784-848delAA,Not provided,,,,NM_006073.4,32/40,intron_variant,MODIFIER,Het,20,0.250,Catecholaminergic polymorphic ventricular tachycardia; Long QT syndrome,No,,No,Not provided,No,Not provided,Not provided,Not provided,0,Not provided,0,0,N/A,Not provided,Not provided,0,Not provided,0,Not provided,No database evidence,0.0,Unknown,-1.000,Not provided,Not provided,Not provided,[],[],unknown,No,"{""PM2_Moderate"": 2}",2,VUS,"No ClinVar submissions | No HGMD entry | raw_total=0.000, applied=None",No ClinVar submissions,No HGMD entry,0.000,,,,,PM2_Moderate: gnomAD max AF=0 < threshold 0.005 for MOI AR,,,,,,,,,,,,No,No,,,Cluster id=18 detected (members=chr6:123266185:ATT:A:27021230;chr6:123266188:A:G:27021230) - no Pathogenic/LP present; delins NOT flagged; requires P/LP to consider delins.;Delins/overlap cluster (id=18) detected but not all members meet P/LP or >5pts -> not auto-escalated (possible carrier).;Filtered: VUS with <5 points excluded from all reporting paths (auto/manual/delins),,Yes
27021230,14841_2024,chr6,123266188,A,G,TRDN,AR,c.1784-850T>C,Not provided,,,,NM_006073.4,32/40,intron_variant,MODIFIER,Het,19,0.263,Catecholaminergic polymorphic ventricular tachycardia; Long QT syndrome,No,,No,Not provided,No,Not provided,Not provided,Not provided,0,Not provided,0,0,N/A,Not provided,Not provided,0,Not provided,0,Not provided,No database evidence,0.0,Unknown,-1.000,Not provided,Not provided,Not provided,[],[],unknown,No,"{""PM2_Moderate"": 2}",2,VUS,"No ClinVar submissions | No HGMD entry | raw_total=0.000, applied=None",No ClinVar submissions,No HGMD entry,0.000,,,,,PM2_Moderate: gnomAD max AF=0 < threshold 0.005 for MOI AR,,,,,,,,,,,,No,No,,,Cluster id=18 detected (members=chr6:123266185:ATT:A:27021230;chr6:123266188:A:G:27021230) - no Pathogenic/LP present; delins NOT flagged; requires P/LP to consider delins.;Delins/overlap cluster (id=18) detected but not all members meet P/LP or >5pts -> not auto-escalated (possible carrier).;Filtered: VUS with <5 points excluded from all reporting paths (auto/manual/delins),,Yes
27021230,14841_2024,chr6,123266483,A,AAT,TRDN,AR,c.1784-1147_1784-1146dupAT,Not provided,,,,NM_006073.4,32/40,intron_variant,MODIFIER,Het,23,0.391,Catecholaminergic polymorphic ventricular tachycardia; Long QT syndrome,No,,No,Not provided,No,Not provided,Not provided,Not provided,0,Not provided,0,0,N/A,Not provided,Not provided,0,Not provided,0,Not provided,No database evidence,0.0,Unknown,-1.000,Not provided,0.000,Not provided,[],[],unknown,No,"{""PM2_Moderate"": 2}",2,VUS,"No ClinVar submissions | No HGMD entry | raw_total=0.000, applied=None",No ClinVar submissions,No HGMD entry,0.000,,,,,PM2_Moderate: gnomAD max AF=0 < threshold 0.005 for MOI AR,,,,,,,,,,,,No,No,,,Filtered: VUS with <5 points excluded from all reporting paths (auto/manual/delins),,Yes
27021230,14841_2024,chr6,123266529,AAT,A,TRDN,AR,c.1783+1176_1783+1177delAT,Not provided,,,,NM_006073.4,32/40,intron_variant,MODIFIER,Het,25,0.240,Catecholaminergic polymorphic ventricular tachycardia; Long QT syndrome,No,,No,Not provided,No,Not provided,Not provided,Not provided,0,Not provided,0,0,N/A,Not provided,Not provided,0,Not provided,0,Not provided,No database evidence,0.000074,v3,-1.000,Not provided,Not provided,Not provided,[],[],unknown,No,"{""PM2_Moderate"": 2}",2,VUS,"No ClinVar submissions | No HGMD entry | raw_total=0.000, applied=None",No ClinVar submissions,No HGMD entry,0.000,,,,,PM2_Moderate: gnomAD max AF=7.36269e-05 < threshold 0.005 for MOI AR,,,,,,,,,,,,No,No,,,Filtered: VUS with <5 points excluded from all reporting paths (auto/manual/delins),,Yes
27021230,14841_2024,chr6,123266615,AT,A,TRDN,AR,c.1783+1091delA,Not provided,,,,NM_006073.4,32/40,intron_variant,MODIFIER,Het,35,0.257,Catecholaminergic polymorphic ventricular tachycardia; Long QT syndrome,No,,No,Not provided,No,Not provided,Not provided,Not provided,0,Not provided,0,0,N/A,Not provided,Not provided,0,Not provided,0,Not provided,No database evidence,0.0,Unknown,-1.000,Not provided,Not provided,Not provided,[],[],unknown,No,"{""PM2_Moderate"": 2}",2,VUS,"No ClinVar submissions | No HGMD entry | raw_total=0.000, applied=None",No ClinVar submissions,No HGMD entry,0.000,,,,,PM2_Moderate: gnomAD max AF=0 < threshold 0.005 for MOI AR,,,,,,,,,,,,No,No,,,Cluster id=19 detected (members=chr6:123266615:AT:A:27021230;chr6:123266619:A:AAT:27021230;chr6:123266618:TA:T:27021230) - no Pathogenic/LP present; delins NOT flagged; requires P/LP to consider delins.;Delins/overlap cluster (id=19) detected but not all members meet P/LP or >5pts -> not auto-escalated (possible carrier).;Filtered: VUS with <5 points excluded from all reporting paths (auto/manual/delins),,Yes
27021230,14841_2024,chr6,123266618,TA,T,TRDN,AR,c.1783+1088delT,Not provided,,,,NM_006073.4,32/40,intron_variant,MODIFIER,Het,30,0.290,Catecholaminergic polymorphic ventricular tachycardia; Long QT syndrome,No,,No,Not provided,No,Not provided,Not provided,Not provided,0,Not provided,0,0,N/A,Not provided,Not provided,0,Not provided,0,Not provided,No database evidence,0.0,Unknown,-1.000,Not provided,Not provided,Not provided,[],[],unknown,No,"{""PM2_Moderate"": 2}",2,VUS,"No ClinVar submissions | No HGMD entry | raw_total=0.000, applied=None",No ClinVar submissions,No HGMD entry,0.000,,,,,PM2_Moderate: gnomAD max AF=0 < threshold 0.005 for MOI AR,,,,,,,,,,,,No,No,,,Cluster id=19 detected (members=chr6:123266615:AT:A:27021230;chr6:123266619:A:AAT:27021230;chr6:123266618:TA:T:27021230) - no Pathogenic/LP present; delins NOT flagged; requires P/LP to consider delins.;Delins/overlap cluster (id=19) detected but not all members meet P/LP or >5pts -> not auto-escalated (possible carrier).;Filtered: VUS with <5 points excluded from all reporting paths (auto/manual/delins),,Yes
27021230,14841_2024,chr6,123266619,A,AAT,TRDN,AR,c.1783+1086_1783+1087dupAT,Not provided,,,,NM_006073.4,32/40,intron_variant,MODIFIER,Het,24,0.542,Catecholaminergic polymorphic ventricular tachycardia; Long QT syndrome,No,,No,Not provided,No,Not provided,Not provided,Not provided,0,Not provided,0,0,N/A,Not provided,Not provided,0,Not provided,0,Not provided,No database evidence,0.0,Unknown,-1.000,Not provided,0.000,Not provided,[],[],unknown,No,"{""PM2_Moderate"": 2}",2,VUS,"No ClinVar submissions | No HGMD entry | raw_total=0.000, applied=None",No ClinVar submissions,No HGMD entry,0.000,,,,,PM2_Moderate: gnomAD max AF=0 < threshold 0.005 for MOI AR,,,,,,,,,,,,No,No,,,Cluster id=19 detected (members=chr6:123266615:AT:A:27021230;chr6:123266619:A:AAT:27021230;chr6:123266618:TA:T:27021230) - no Pathogenic/LP present; delins NOT flagged; requires P/LP to consider delins.;Delins/overlap cluster (id=19) detected but not all members meet P/LP or >5pts -> not auto-escalated (possible carrier).;Filtered: VUS with <5 points excluded from all reporting paths (auto/manual/delins),,Yes
27021230,14841_2024,chr6,123266642,TA,T,TRDN,AR,c.1783+1064delT,Not provided,,,,NM_006073.4,32/40,intron_variant,MODIFIER,Het,35,0.514,Catecholaminergic polymorphic ventricular tachycardia; Long QT syndrome,No,,No,Not provided,No,Not provided,Not provided,Not provided,0,Not provided,0,0,N/A,Not provided,Not provided,0,Not provided,0,Not provided,No database evidence,0.0,Unknown,-1.000,Not provided,Not provided,Not provided,[],[],unknown,No,"{""PM2_Moderate"": 2}",2,VUS,"No ClinVar submissions | No HGMD entry | raw_total=0.000, applied=None",No ClinVar submissions,No HGMD entry,0.000,,,,,PM2_Moderate: gnomAD max AF=0 < threshold 0.005 for MOI AR,,,,,,,,,,,,No,No,,,Filtered: VUS with <5 points excluded from all reporting paths (auto/manual/delins),,Yes
27021230,14841_2024,chr6,123308495,T,C,TRDN,AR,c.1510+7962A>G,Not provided,,,,NM_006073.4,24/40,intron_variant,MODIFIER,Het,65,0.385,Catecholaminergic polymorphic ventricular tachycardia; Long QT syndrome,No,,No,Not provided,No,Not provided,Not provided,Not provided,0,Not provided,0,0,N/A,Not provided,Not provided,0,Not provided,0,Not provided,No database evidence,0.0,Unknown,-1.000,Not provided,Not provided,Not provided,[],[],unknown,No,"{""PM2_Moderate"": 2}",2,VUS,"No ClinVar submissions | No HGMD entry | raw_total=0.000, applied=None",No ClinVar submissions,No HGMD entry,0.000,,,,,PM2_Moderate: gnomAD max AF=0 < threshold 0.005 for MOI AR,,,,,,,,,,,,No,No,,,Filtered: VUS with <5 points excluded from all reporting paths (auto/manual/delins),,Yes
27021230,14841_2024,chr6,123328349,G,A,TRDN,AR,c.1471+3530C>T,Not provided,,,,NM_006073.4,23/40,intron_variant,MODIFIER,Het,55,0.364,Catecholaminergic polymorphic ventricular tachycardia; Long QT syndrome,No,,No,Not provided,No,Not provided,Not provided,Not provided,0,Not provided,0,0,N/A,Not provided,Not provided,0,Not provided,0,Not provided,No database evidence,0.0,Unknown,-1.000,Not provided,Not provided,Not provided,[],[],unknown,No,"{""PM2_Moderate"": 2}",2,VUS,"No ClinVar submissions | No HGMD entry | raw_total=0.000, applied=None",No ClinVar submissions,No HGMD entry,0.000,,,,,PM2_Moderate: gnomAD max AF=0 < threshold 0.005 for MOI AR,,,,,,,,,,,,No,No,,,Filtered: VUS with <5 points excluded from all reporting paths (auto/manual/delins),,Yes
27021230,14841_2024,chr6,123511989,A,ATTTT,TRDN,AR,c.610+310_610+313dupAAAA,Not provided,,,,NM_001256020.2,7/8,intron_variant,MODIFIER,Het,41,0.244,Catecholaminergic polymorphic ventricular tachycardia; Long QT syndrome,No,,No,Not provided,No,Not provided,Not provided,Not provided,0,Not provided,0,0,N/A,Not provided,Not provided,0,Not provided,0,Not provided,No database evidence,0.0,Unknown,-1.000,Not provided,0.000,Not provided,[],[],unknown,No,"{""PM2_Moderate"": 2}",2,VUS,"No ClinVar submissions | No HGMD entry | raw_total=0.000, applied=None",No ClinVar submissions,No HGMD entry,0.000,,,,,PM2_Moderate: gnomAD max AF=0 < threshold 0.005 for MOI AR,,,,,,,,,,,,No,No,,,Filtered: VUS with <5 points excluded from all reporting paths (auto/manual/delins),,Yes
27021230,14841_2024,chr6,123521462,T,C,TRDN,AR,c.485-5256A>G,Not provided,,,,NM_001256020.2,5/8,intron_variant,MODIFIER,Het,39,0.513,Catecholaminergic polymorphic ventricular tachycardia; Long QT syndrome,No,,No,Not provided,No,Not provided,Not provided,Not provided,0,Not provided,0,0,N/A,Not provided,Not provided,0,Not provided,0,Not provided,No database evidence,0.0,Unknown,-1.000,Not provided,Not provided,Not provided,[],[],unknown,No,"{""PM2_Moderate"": 2}",2,VUS,"No ClinVar submissions | No HGMD entry | raw_total=0.000, applied=None",No ClinVar submissions,No HGMD entry,0.000,,,,,PM2_Moderate: gnomAD max AF=0 < threshold 0.005 for MOI AR,,,,,,,,,,,,No,No,,,Filtered: VUS with <5 points excluded from all reporting paths (auto/manual/delins),,Yes
27021230,14841_2024,chr6,123542458,C,G,TRDN,AR,c.424+4882G>C,Not provided,,,,NM_001256020.2,4/8,intron_variant,MODIFIER,Het,61,0.565,Catecholaminergic polymorphic ventricular tachycardia; Long QT syndrome,No,,No,Not provided,No,Not provided,Not provided,Not provided,0,Not provided,0,0,N/A,Not provided,Not provided,0,Not provided,0,Not provided,No database evidence,0.0,Unknown,-1.000,Not provided,Not provided,Not provided,[],[],unknown,No,"{""PM2_Moderate"": 2}",2,VUS,"No ClinVar submissions | No HGMD entry | raw_total=0.000, applied=None",No ClinVar submissions,No HGMD entry,0.000,,,,,PM2_Moderate: gnomAD max AF=0 < threshold 0.005 for MOI AR,,,,,,,,,,,,No,No,,,Filtered: VUS with <5 points excluded from all reporting paths (auto/manual/delins),,Yes
27021230,14841_2024,chr6,123584366,TGGCAGCAGCCGCTGCACGGAGACATGATG,T,TRDN,AR,c.23-13263_23-13235delCATCATGTCTCCGTGCAGCGGCTGCTGCC,Not provided,,,,NM_001256020.2,1/8,intron_variant,MODIFIER,Het,35,0.229,Catecholaminergic polymorphic ventricular tachycardia; Long QT syndrome,No,,No,Not provided,No,Not provided,Not provided,Not provided,0,Not provided,0,0,N/A,Not provided,Not provided,0,Not provided,0,Not provided,No database evidence,0.0,Unknown,-1.000,Not provided,0.000,Not provided,[],[],unknown,No,"{""PM2_Moderate"": 2}",2,VUS,"No ClinVar submissions | No HGMD entry | raw_total=0.000, applied=None",No ClinVar submissions,No HGMD entry,0.000,,,,,PM2_Moderate: gnomAD max AF=0 < threshold 0.005 for MOI AR,,,,,,,,,,,,No,No,,,Cluster id=20 detected (members=chr6:123584366:TGGCAGCAGCCGCTGCACGGAGACATGATG:T:27021230;chr6:123584396:C:T:27021230) - no Pathogenic/LP present; delins NOT flagged; requires P/LP to consider delins.;Delins/overlap cluster (id=20) detected but not all members meet P/LP or >5pts -> not auto-escalated (possible carrier).;Filtered: VUS with <5 points excluded from all reporting paths (auto/manual/delins),,Yes
27021230,14841_2024,chr6,123584396,C,T,TRDN,AR,c.23-13264G>A,Not provided,,,,NM_001256020.2,1/8,intron_variant,MODIFIER,Het,41,0.220,Catecholaminergic polymorphic ventricular tachycardia; Long QT syndrome,No,,No,Not provided,No,Not provided,Not provided,Not provided,0,Not provided,0,0,N/A,Not provided,Not provided,0,Not provided,0,Not provided,No database evidence,0.000027,v3,-1.000,Not provided,Not provided,Not provided,[],[],unknown,No,"{""PM2_Moderate"": 2}",2,VUS,"No ClinVar submissions | No HGMD entry | raw_total=0.000, applied=None",No ClinVar submissions,No HGMD entry,0.000,,,,,PM2_Moderate: gnomAD max AF=2.6747e-05 < threshold 0.005 for MOI AR,,,,,,,,,,,,No,No,,,Cluster id=20 detected (members=chr6:123584366:TGGCAGCAGCCGCTGCACGGAGACATGATG:T:27021230;chr6:123584396:C:T:27021230) - no Pathogenic/LP present; delins NOT flagged; requires P/LP to consider delins.;Delins/overlap cluster (id=20) detected but not all members meet P/LP or >5pts -> not auto-escalated (possible carrier).;Filtered: VUS with <5 points excluded from all reporting paths (auto/manual/delins),,Yes
27021230,14841_2024,chr7,5992569,C,T,PMS2,AD,c.586-512G>A,Not provided,,,,NM_001322008.2,6/12,intron_variant,MODIFIER,Het,74,0.554,Lynch syndrome,No,,No,Not provided,No,Not provided,Not provided,Not provided,0,Not provided,0,0,N/A,Not provided,Not provided,0,Not provided,0,Not provided,No database evidence,0.0,Unknown,-1.000,Not provided,Not provided,Not provided,[],[],unknown,No,"{""PM2_Moderate"": 2}",2,VUS,"No ClinVar submissions | No HGMD entry | raw_total=0.000, applied=None",No ClinVar submissions,No HGMD entry,0.000,,,,,PM2_Moderate: gnomAD max AF=0 < threshold 0.0001 for MOI AD,,,,,,,,,,,,No,No,,,Filtered: VUS with <5 points excluded from all reporting paths (auto/manual/delins),,Yes
27021230,14841_2024,chr7,151615538,T,C,PRKAG2,AD,c.382+16531A>G,Not provided,,,,NM_001304527.2,3/13,intron_variant,MODIFIER,Het,75,0.467,Hypertrophic cardiomyopathy,No,,No,Not provided,No,Not provided,Not provided,Not provided,0,Not provided,0,0,N/A,Not provided,Not provided,0,Not provided,0,Not provided,No database evidence,0.0,Unknown,-1.000,Not provided,Not provided,Not provided,[],[],unknown,No,"{""PM2_Moderate"": 2}",2,VUS,"No ClinVar submissions | No HGMD entry | raw_total=0.000, applied=None",No ClinVar submissions,No HGMD entry,0.000,,,,,PM2_Moderate: gnomAD max AF=0 < threshold 0.0001 for MOI AD,,,,,,,,,,,,No,No,,,Filtered: VUS with <5 points excluded from all reporting paths (auto/manual/delins),,Yes
27021230,14841_2024,chr7,151643715,G,A,PRKAG2,AD,c.313-11577C>T,Not provided,,,,NM_001304527.2,2/13,intron_variant,MODIFIER,Het,73,0.575,Hypertrophic cardiomyopathy,No,,No,Not provided,No,Not provided,Not provided,Not provided,0,Not provided,0,0,N/A,Not provided,Not provided,0,Not provided,0,Not provided,No database evidence,0.000046,v3,-1.000,Not provided,Not provided,Not provided,[],[],unknown,No,"{""PM2_Moderate"": 2}",2,VUS,"No ClinVar submissions | No HGMD entry | raw_total=0.000, applied=None",No ClinVar submissions,No HGMD entry,0.000,,,,,PM2_Moderate: gnomAD max AF=4.59812e-05 < threshold 0.0001 for MOI AD,,,,,,,,,,,,No,No,,,Filtered: VUS with <5 points excluded from all reporting paths (auto/manual/delins),,Yes
27021230,14841_2024,chr7,151663984,G,A,PRKAG2,AD,c.312+11436C>T,Not provided,,,,NM_001304527.2,2/13,intron_variant,MODIFIER,Het,55,0.518,Hypertrophic cardiomyopathy,No,,No,Not provided,No,Not provided,Not provided,Not provided,0,Not provided,0,0,N/A,Not provided,Not provided,0,Not provided,0,Not provided,No database evidence,0.000059,v3,-1.000,Not provided,Not provided,Not provided,[],[],unknown,No,"{""PM2_Moderate"": 2}",2,VUS,"No ClinVar submissions | No HGMD entry | raw_total=0.000, applied=None",No ClinVar submissions,No HGMD entry,0.000,,,,,PM2_Moderate: gnomAD max AF=5.91257e-05 < threshold 0.0001 for MOI AD,,,,,,,,,,,,No,No,,,Filtered: VUS with <5 points excluded from all reporting paths (auto/manual/delins),,Yes
27021230,14841_2024,chr7,151684049,C,T,PRKAG2,AD,c.95-8412G>A,Not provided,,,,NM_001304527.2,1/13,intron_variant,MODIFIER,Het,66,0.409,Hypertrophic cardiomyopathy,No,,No,Not provided,No,Not provided,Not provided,Not provided,0,Not provided,0,0,N/A,Not provided,Not provided,0,Not provided,0,Not provided,No database evidence,0.000026,v3,-1.000,Not provided,Not provided,Not provided,[],[],unknown,No,"{""PM2_Moderate"": 2}",2,VUS,"No ClinVar submissions | No HGMD entry | raw_total=0.000, applied=None",No ClinVar submissions,No HGMD entry,0.000,,,,,PM2_Moderate: gnomAD max AF=2.62764e-05 < threshold 0.0001 for MOI AD,,,,,,,,,,,,No,No,,,Filtered: VUS with <5 points excluded from all reporting paths (auto/manual/delins),,Yes
27021230,14841_2024,chr7,151686805,C,T,PRKAG2,AD,c.95-11168G>A,Not provided,,,,NM_001304527.2,1/13,intron_variant,MODIFIER,Het,57,0.579,Hypertrophic cardiomyopathy,No,,No,Not provided,No,Not provided,Not provided,Not provided,0,Not provided,0,0,N/A,Not provided,Not provided,0,Not provided,0,Not provided,No database evidence,0.0,Unknown,-1.000,Not provided,Not provided,Not provided,[],[],unknown,No,"{""PM2_Moderate"": 2}",2,VUS,"No ClinVar submissions | No HGMD entry | raw_total=0.000, applied=None",No ClinVar submissions,No HGMD entry,0.000,,,,,PM2_Moderate: gnomAD max AF=0 < threshold 0.0001 for MOI AD,,,,,,,,,,,,No,No,,,Filtered: VUS with <5 points excluded from all reporting paths (auto/manual/delins),,Yes
27021230,14841_2024,chr7,151809092,G,A,PRKAG2,AD,c.115-22551C>T,Not provided,,,,NM_016203.4,1/15,intron_variant,MODIFIER,Het,73,0.411,Hypertrophic cardiomyopathy,No,,No,Not provided,No,Not provided,Not provided,Not provided,0,Not provided,0,0,N/A,Not provided,Not provided,0,Not provided,0,Not provided,No database evidence,0.0,Unknown,-1.000,Not provided,Not provided,Not provided,[],[],unknown,No,"{""PM2_Moderate"": 2}",2,VUS,"No ClinVar submissions | No HGMD entry | raw_total=0.000, applied=None",No ClinVar submissions,No HGMD entry,0.000,,,,,PM2_Moderate: gnomAD max AF=0 < threshold 0.0001 for MOI AD,,,,,,,,,,,,No,No,,,Filtered: VUS with <5 points excluded from all reporting paths (auto/manual/delins),,Yes
27021230,14841_2024,chr7,151820620,C,G,PRKAG2,AD,c.115-34079G>C,Not provided,,,,NM_016203.4,1/15,intron_variant,MODIFIER,Het,46,0.413,Hypertrophic cardiomyopathy,No,,No,Not provided,No,Not provided,Not provided,Not provided,0,Not provided,0,0,N/A,Not provided,Not provided,0,Not provided,0,Not provided,No database evidence,0.0,Unknown,-1.000,Not provided,Not provided,Not provided,[],[],unknown,No,"{""PM2_Moderate"": 2}",2,VUS,"No ClinVar submissions | No HGMD entry | raw_total=0.000, applied=None",No ClinVar submissions,No HGMD entry,0.000,,,,,PM2_Moderate: gnomAD max AF=0 < threshold 0.0001 for MOI AD,,,,,,,,,,,,No,No,,,Cluster id=21 detected (members=chr7:151820620:C:G:27021230;chr7:151820626:A:T:27021230) - no Pathogenic/LP present; delins NOT flagged; requires P/LP to consider delins.;Delins/overlap cluster (id=21) detected but not all members meet P/LP or >5pts -> not auto-escalated (possible carrier).;Filtered: VUS with <5 points excluded from all reporting paths (auto/manual/delins),,Yes
27021230,14841_2024,chr7,151820626,A,T,PRKAG2,AD,c.115-34085T>A,Not provided,,,,NM_016203.4,1/15,intron_variant,MODIFIER,Het,50,0.460,Hypertrophic cardiomyopathy,No,,No,Not provided,No,Not provided,Not provided,Not provided,0,Not provided,0,0,N/A,Not provided,Not provided,0,Not provided,0,Not provided,No database evidence,0.0,Unknown,-1.000,Not provided,Not provided,Not provided,[],[],unknown,No,"{""PM2_Moderate"": 2}",2,VUS,"No ClinVar submissions | No HGMD entry | raw_total=0.000, applied=None",No ClinVar submissions,No HGMD entry,0.000,,,,,PM2_Moderate: gnomAD max AF=0 < threshold 0.0001 for MOI AD,,,,,,,,,,,,No,No,,,Cluster id=21 detected (members=chr7:151820620:C:G:27021230;chr7:151820626:A:T:27021230) - no Pathogenic/LP present; delins NOT flagged; requires P/LP to consider delins.;Delins/overlap cluster (id=21) detected but not all members meet P/LP or >5pts -> not auto-escalated (possible carrier).;Filtered: VUS with <5 points excluded from all reporting paths (auto/manual/delins),,Yes
27021230,14841_2024,chr7,151874234,GATGTAT,G,PRKAG2,AD,c.114+2267_114+2272delATACAT,Not provided,,,,NM_016203.4,1/15,intron_variant,MODIFIER,Het,35,0.229,Hypertrophic cardiomyopathy,No,,No,Not provided,No,Not provided,Not provided,Not provided,0,Not provided,0,0,N/A,Not provided,Not provided,0,Not provided,0,Not provided,No database evidence,0.0,Unknown,-1.000,Not provided,0.000,Not provided,[],[],unknown,No,"{""PM2_Moderate"": 2}",2,VUS,"No ClinVar submissions | No HGMD entry | raw_total=0.000, applied=None",No ClinVar submissions,No HGMD entry,0.000,,,,,PM2_Moderate: gnomAD max AF=0 < threshold 0.0001 for MOI AD,,,,,,,,,,,,No,No,,,Filtered: VUS with <5 points excluded from all reporting paths (auto/manual/delins),,Yes
27021230,14841_2024,chr7,151874474,G,GATGTAT,PRKAG2,AD,c.114+2027_114+2032dupATACAT,Not provided,,,,NM_016203.4,1/15,intron_variant,MODIFIER,Het,31,0.323,Hypertrophic cardiomyopathy,No,,No,Not provided,No,Not provided,Not provided,Not provided,0,Not provided,0,0,N/A,Not provided,Not provided,0,Not provided,0,Not provided,No database evidence,0.0,Unknown,-1.000,Not provided,0.010,Not provided,[],[],unknown,No,"{""PM2_Moderate"": 2}",2,VUS,"No ClinVar submissions | No HGMD entry | raw_total=0.000, applied=None",No ClinVar submissions,No HGMD entry,0.000,,,,,PM2_Moderate: gnomAD max AF=0 < threshold 0.0001 for MOI AD,,,,,,,,,,,,No,No,,,Filtered: VUS with <5 points excluded from all reporting paths (auto/manual/delins),,Yes
27021230,14841_2024,chr9,99134802,T,TTATATATA,TGFBR1,AD,c.574+2107_574+2114dupATATATAT,Not provided,,,,NM_004612.4,3/8,intron_variant,MODIFIER,Het,68,0.353,Loeys-Dietz syndrome,No,,No,Not provided,No,Not provided,Not provided,Not provided,0,Not provided,0,0,N/A,Not provided,Not provided,0,Not provided,0,Not provided,No database evidence,0.0,Unknown,-1.000,Not provided,0.000,Not provided,[],[],unknown,No,"{""PM2_Moderate"": 2}",2,VUS,"No ClinVar submissions | No HGMD entry | raw_total=0.000, applied=None",No ClinVar submissions,No HGMD entry,0.000,,,,,PM2_Moderate: gnomAD max AF=0 < threshold 0.0001 for MOI AD,,,,,,,,,,,,No,No,,,Filtered: VUS with <5 points excluded from all reporting paths (auto/manual/delins),,Yes
27021230,14841_2024,chr9,132947431,G,A,TSC1,AD,c.-3032C>T,Not provided,,,,NM_000368.5,,upstream_gene_variant,MODIFIER,Het,12,0.917,Tuberous sclerosis complex,No,,No,Not provided,No,Not provided,Not provided,Not provided,0,Not provided,0,0,N/A,Not provided,Not provided,0,Not provided,0,Not provided,No database evidence,0.0,Unknown,-1.000,Not provided,Not provided,Not provided,[],[],unknown,No,"{""PM2_Moderate"": 2}",2,VUS,"No ClinVar submissions | No HGMD entry | raw_total=0.000, applied=None",No ClinVar submissions,No HGMD entry,0.000,,,,,PM2_Moderate: gnomAD max AF=0 < threshold 0.0001 for MOI AD,,,,,,,,,,,,No,No,,,Filtered: VUS with <5 points excluded from all reporting paths (auto/manual/delins),,Yes
27021230,14841_2024,chrX,38348541,CTT,C,OTC,XL,c.-4155_-4154delTT,Not provided,,,,NM_000531.6,,upstream_gene_variant,MODIFIER,Hemi,16,1.000,Ornithine transcarbamylase deficiency,No,,No,Not provided,No,Not provided,Not provided,Not provided,0,Not provided,0,0,N/A,Not provided,Not provided,0,Not provided,0,Not provided,No database evidence,0.0,Unknown,-1.000,Not provided,Not provided,Not provided,[],[],unknown,No,"{""PM2_Moderate"": 2}",2,VUS,"No ClinVar submissions | No HGMD entry | raw_total=0.000, applied=None",No ClinVar submissions,No HGMD entry,0.000,,,,,PM2_Moderate: gnomAD max AF=0 < threshold 0.0001 for MOI XL,,,,,,,,,,,,No,No,,,Filtered: VUS with <5 points excluded from all reporting paths (auto/manual/delins),,Yes
27021230,14841_2024,chrX,38401719,A,C,OTC,XL,c.540+291A>C,Not provided,,,,NM_000531.6,5/9,intron_variant,MODIFIER,Hemi,37,1.000,Ornithine transcarbamylase deficiency,No,,No,Not provided,No,Not provided,Not provided,Not provided,0,Not provided,0,0,N/A,Not provided,Not provided,0,Not provided,0,Not provided,No database evidence,0.0,Unknown,-1.000,Not provided,Not provided,Not provided,[],[],unknown,No,"{""PM2_Moderate"": 2}",2,VUS,"No ClinVar submissions | No HGMD entry | raw_total=0.000, applied=None",No ClinVar submissions,No HGMD entry,0.000,,,,,PM2_Moderate: gnomAD max AF=0 < threshold 0.0001 for MOI XL,,,,,,,,,,,,No,No,,,Filtered: VUS with <5 points excluded from all reporting paths (auto/manual/delins),,Yes
27021230,14841_2024,chrX,153720367,C,CT,ABCD1,XL,c.-4900_-4899insT,Not provided,,,,NM_000033.4,,upstream_gene_variant,MODIFIER,Hemi,28,0.893,X-linked adrenoleukodystrophy,No,,No,Not provided,No,Not provided,Not provided,Not provided,0,Not provided,0,0,N/A,Not provided,Not provided,0,Not provided,0,Not provided,No database evidence,0.0,Unknown,-1.000,Not provided,Not provided,Not provided,[],[],unknown,No,"{""PM2_Moderate"": 2}",2,VUS,"No ClinVar submissions | No HGMD entry | raw_total=0.000, applied=None",No ClinVar submissions,No HGMD entry,0.000,,,,,PM2_Moderate: gnomAD max AF=0 < threshold 0.0001 for MOI XL,,,,,,,,,,,,No,No,,,Filtered: VUS with <5 points excluded from all reporting paths (auto/manual/delins),,Yes
27021230,14841_2024,chr1,237075632,C,G,RYR2,AD,c.48+33063C>G,Not provided,,,,NM_001035.3,1/104,intron_variant,MODIFIER,Het,8,0.250,Catecholaminergic polymorphic ventricular tachycardia,No,,No,Not provided,No,Not provided,Not provided,Not provided,0,Not provided,0,0,N/A,Not provided,Not provided,0,Not provided,0,Not provided,No database evidence,0.000099,v3,-1.000,Not provided,Not provided,Not provided,[],[],unknown,No,"{""PM2_Moderate"": 2}",2,VUS,"No ClinVar submissions | No HGMD entry | raw_total=0.000, applied=None",No ClinVar submissions,No HGMD entry,0.000,,,,,PM2_Moderate: gnomAD max AF=9.88142e-05 < threshold 0.0001 for MOI AD,,,,,,,,,,,,No,No,,,"Failed strict QC: heterozygous variant on chr1 with DP=8 (min=10), AF=0.250 (min=0.2);Filtered: VUS with <5 points excluded from all reporting paths (auto/manual/delins);Failed strict QC",,Yes
27021230,14841_2024,chr1,237107514,C,T,RYR2,AD,c.48+64945C>T,Not provided,,,,NM_001035.3,1/104,intron_variant,MODIFIER,Het,8,0.500,Catecholaminergic polymorphic ventricular tachycardia,No,,No,Not provided,No,Not provided,Not provided,Not provided,0,Not provided,0,0,N/A,Not provided,Not provided,0,Not provided,0,Not provided,No database evidence,0.0,Unknown,-1.000,Not provided,Not provided,Not provided,[],[],unknown,No,"{""PM2_Moderate"": 2}",2,VUS,"No ClinVar submissions | No HGMD entry | raw_total=0.000, applied=None",No ClinVar submissions,No HGMD entry,0.000,,,,,PM2_Moderate: gnomAD max AF=0 < threshold 0.0001 for MOI AD,,,,,,,,,,,,No,No,,,"Failed strict QC: heterozygous variant on chr1 with DP=8 (min=10), AF=0.500 (min=0.2);Filtered: VUS with <5 points excluded from all reporting paths (auto/manual/delins);Failed strict QC",,Yes
27021230,14841_2024,chr1,237492870,AGAAG,A,RYR2,AD,c.1828-82_1828-79delAAGG,Not provided,,,,NM_001035.3,18/104,intron_variant,MODIFIER,Het,9,0.222,Catecholaminergic polymorphic ventricular tachycardia,No,,No,Not provided,No,Not provided,Not provided,Not provided,0,Not provided,0,0,N/A,Not provided,Not provided,0,Not provided,0,Not provided,No database evidence,0.0,Unknown,-1.000,Not provided,0.020,Not provided,[],[],unknown,No,"{""PM2_Moderate"": 2}",2,VUS,"No ClinVar submissions | No HGMD entry | raw_total=0.000, applied=None",No ClinVar submissions,No HGMD entry,0.000,,,,,PM2_Moderate: gnomAD max AF=0 < threshold 0.0001 for MOI AD,,,,,,,,,,,,No,No,,,"Failed strict QC: heterozygous variant on chr1 with DP=9 (min=10), AF=0.222 (min=0.2);Filtered: VUS with <5 points excluded from all reporting paths (auto/manual/delins);Failed strict QC",,Yes
27021230,14841_2024,chr1,237623375,C,G,RYR2,AD,c.5917-390C>G,Not provided,,,,NM_001035.3,38/104,intron_variant,MODIFIER,Het,8,0.375,Catecholaminergic polymorphic ventricular tachycardia,No,,No,Not provided,No,Not provided,Not provided,Not provided,0,Not provided,0,0,N/A,Not provided,Not provided,0,Not provided,0,Not provided,No database evidence,0.0,Unknown,-1.000,Not provided,Not provided,Not provided,[],[],unknown,No,"{""PM2_Moderate"": 2}",2,VUS,"No ClinVar submissions | No HGMD entry | raw_total=0.000, applied=None",No ClinVar submissions,No HGMD entry,0.000,,,,,PM2_Moderate: gnomAD max AF=0 < threshold 0.0001 for MOI AD,,,,,,,,,,,,No,No,,,"Cluster id=7 detected (members=chr1:237623375:C:G:27021230;chr1:237623379:C:G:27021230) - no Pathogenic/LP present; delins NOT flagged; requires P/LP to consider delins.;Delins/overlap cluster (id=7) detected but not all members meet P/LP or >5pts -> not auto-escalated (possible carrier).;Failed strict QC: heterozygous variant on chr1 with DP=8 (min=10), AF=0.375 (min=0.2);Filtered: VUS with <5 points excluded from all reporting paths (auto/manual/delins);Failed strict QC",,Yes
27021230,14841_2024,chr1,237623379,C,G,RYR2,AD,c.5917-386C>G,Not provided,,,,NM_001035.3,38/104,intron_variant,MODIFIER,Het,8,0.375,Catecholaminergic polymorphic ventricular tachycardia,No,,No,Not provided,No,Not provided,Not provided,Not provided,0,Not provided,0,0,N/A,Not provided,Not provided,0,Not provided,0,Not provided,No database evidence,0.0,Unknown,-1.000,Not provided,Not provided,Not provided,[],[],unknown,No,"{""PM2_Moderate"": 2}",2,VUS,"No ClinVar submissions | No HGMD entry | raw_total=0.000, applied=None",No ClinVar submissions,No HGMD entry,0.000,,,,,PM2_Moderate: gnomAD max AF=0 < threshold 0.0001 for MOI AD,,,,,,,,,,,,No,No,,,"Cluster id=7 detected (members=chr1:237623375:C:G:27021230;chr1:237623379:C:G:27021230) - no Pathogenic/LP present; delins NOT flagged; requires P/LP to consider delins.;Delins/overlap cluster (id=7) detected but not all members meet P/LP or >5pts -> not auto-escalated (possible carrier).;Failed strict QC: heterozygous variant on chr1 with DP=8 (min=10), AF=0.375 (min=0.2);Filtered: VUS with <5 points excluded from all reporting paths (auto/manual/delins);Failed strict QC",,Yes
27021230,14841_2024,chr1,237626580,C,T,RYR2,AD,c.6166+776C>T,Not provided,,,,NM_001035.3,40/104,intron_variant,MODIFIER,Het,9,0.222,Catecholaminergic polymorphic ventricular tachycardia,No,,No,Not provided,No,Not provided,Not provided,Not provided,0,Not provided,0,0,N/A,Not provided,Not provided,0,Not provided,0,Not provided,No database evidence,0.0,Unknown,-1.000,Not provided,Not provided,Not provided,[],[],unknown,No,"{""PM2_Moderate"": 2}",2,VUS,"No ClinVar submissions | No HGMD entry | raw_total=0.000, applied=None",No ClinVar submissions,No HGMD entry,0.000,,,,,PM2_Moderate: gnomAD max AF=0 < threshold 0.0001 for MOI AD,,,,,,,,,,,,No,No,,,"Failed strict QC: heterozygous variant on chr1 with DP=9 (min=10), AF=0.222 (min=0.2);Filtered: VUS with <5 points excluded from all reporting paths (auto/manual/delins);Failed strict QC",,Yes
27021230,14841_2024,chr10,119675915,T,TCCTTCCTCCCTC,BAG3,AD,c.910-545_910-534dupTCCTCCCTCCCT,Not provided,,,,NM_004281.4,3/3,intron_variant,MODIFIER,Het,9,0.444,Dilated cardiomyopathy; Myofibrillar myopathy,No,,No,Not provided,No,Not provided,Not provided,Not provided,0,Not provided,0,0,N/A,Not provided,Not provided,0,Not provided,0,Not provided,No database evidence,0.0,Unknown,-1.000,Not provided,0.030,Not provided,[],[],unknown,No,"{""PM2_Moderate"": 2}",2,VUS,"No ClinVar submissions | No HGMD entry | raw_total=0.000, applied=None",No ClinVar submissions,No HGMD entry,0.000,,,,,PM2_Moderate: gnomAD max AF=0 < threshold 0.0001 for MOI AD,,,,,,,,,,,,No,No,,,"Failed strict QC: heterozygous variant on chr10 with DP=9 (min=10), AF=0.444 (min=0.2);Filtered: VUS with <5 points excluded from all reporting paths (auto/manual/delins);Failed strict QC",,Yes
27021230,14841_2024,chr11,2561208,A,G,KCNQ1,AD,c.97-9420A>G,Not provided,,,,NM_181798.1,2/15,intron_variant,MODIFIER,Het,8,0.250,Long-QT syndrome type 1,No,,No,Not provided,No,Not provided,Not provided,Not provided,0,Not provided,0,0,N/A,Not provided,Not provided,0,Not provided,0,Not provided,No database evidence,0.0,Unknown,-1.000,Not provided,Not provided,Not provided,[],[],unknown,No,"{""PM2_Moderate"": 2}",2,VUS,"No ClinVar submissions | No HGMD entry | raw_total=0.000, applied=None",No ClinVar submissions,No HGMD entry,0.000,,,,,PM2_Moderate: gnomAD max AF=0 < threshold 0.0001 for MOI AD,,,,,,,,,,,,No,No,,,"Failed strict QC: heterozygous variant on chr11 with DP=8 (min=10), AF=0.250 (min=0.2);Filtered: VUS with <5 points excluded from all reporting paths (auto/manual/delins);Failed strict QC",,Yes
27021230,14841_2024,chr12,120988261,C,T,HNF1A,AD,c.327-572C>T,Not provided,,,,NM_001306179.2,1/9,intron_variant,MODIFIER,Het,5,0.800,Maturity-Onset of Diabetes of the Young,No,,No,Not provided,No,Not provided,Not provided,Not provided,0,Not provided,0,0,N/A,Not provided,Not provided,0,Not provided,0,Not provided,No database evidence,0.0,Unknown,-1.000,Not provided,Not provided,Not provided,[],[],unknown,No,"{""PM2_Moderate"": 2}",2,VUS,"No ClinVar submissions | No HGMD entry | raw_total=0.000, applied=None",No ClinVar submissions,No HGMD entry,0.000,,,,,PM2_Moderate: gnomAD max AF=0 < threshold 0.0001 for MOI AD,,,,,,,,,,,,No,No,,,"Failed strict QC: heterozygous variant on chr12 with DP=5 (min=10), AF=0.800 (min=0.2);Filtered: VUS with <5 points excluded from all reporting paths (auto/manual/delins);Failed strict QC",,Yes
27021230,14841_2024,chr13,32368790,GTTTTTTTGTTTTTTTTTTGGT,G,BRCA2,AD,c.8332-1593_8332-1573delGGTTTTTTTTGTTTTTTTTTT,Not provided,,,,NM_000059.4,18/26,intron_variant,MODIFIER,Het,6,0.833,Hereditary breast and ovarian cancer,No,,No,Not provided,No,Not provided,Not provided,Not provided,0,Not provided,0,0,N/A,Not provided,Not provided,0,Not provided,0,Not provided,No database evidence,0.000009,v3,-1.000,Not provided,0.000,Not provided,[],[],unknown,No,"{""PM2_Moderate"": 2}",2,VUS,"No ClinVar submissions | No HGMD entry | raw_total=0.000, applied=None",No ClinVar submissions,No HGMD entry,0.000,,,,,PM2_Moderate: gnomAD max AF=8.88494e-06 < threshold 0.0001 for MOI AD,,,,,,,,,,,,No,No,,,"Failed strict QC: heterozygous variant on chr13 with DP=6 (min=10), AF=0.833 (min=0.2);Filtered: VUS with <5 points excluded from all reporting paths (auto/manual/delins);Failed strict QC",,Yes
27021230,14841_2024,chr13,48470764,C,CTTCT,RB1,AD,c.2490-2595_2490-2592dupTTCT,Not provided,,,,NM_000321.3,23/26,intron_variant,MODIFIER,Het,5,0.400,Retinoblastoma,No,,No,Not provided,No,Not provided,Not provided,Not provided,0,Not provided,0,0,N/A,Not provided,Not provided,0,Not provided,0,Not provided,No database evidence,0.0,Unknown,-1.000,Not provided,0.000,Not provided,[],[],unknown,No,"{""PM2_Moderate"": 2}",2,VUS,"No ClinVar submissions | No HGMD entry | raw_total=0.000, applied=None",No ClinVar submissions,No HGMD entry,0.000,,,,,PM2_Moderate: gnomAD max AF=0 < threshold 0.0001 for MOI AD,,,,,,,,,,,,No,No,,,"Failed strict QC: heterozygous variant on chr13 with DP=5 (min=10), AF=0.400 (min=0.2);Filtered: VUS with <5 points excluded from all reporting paths (auto/manual/delins);Failed strict QC",,Yes
27021230,14841_2024,chr2,178661530,TG,T,TTN,AD,c.31573+1435delC,Not provided,,,,NM_133378.4,153/311,intron_variant,MODIFIER,Het,5,0.600,Dilated cardiomyopathy (truncating variants only),Yes,RULES_PRESENT_NO_MATCH: Exclude if Impact is MODERATE,No,Not provided,No,Not provided,Not provided,Not provided,0,Not provided,0,0,N/A,Not provided,Not provided,0,Not provided,0,Not provided,No database evidence,0.0,Unknown,-1.000,Not provided,Not provided,Not provided,[],[],unknown,No,"{""PM2_Moderate"": 2}",2,VUS,"No ClinVar submissions | No HGMD entry | raw_total=0.000, applied=None",No ClinVar submissions,No HGMD entry,0.000,,,,,PM2_Moderate: gnomAD max AF=0 < threshold 0.0001 for MOI AD,,,,,,,,,,,,No,No,,,"Failed strict QC: heterozygous variant on chr2 with DP=5 (min=10), AF=0.600 (min=0.2);Filtered: VUS with <5 points excluded from all reporting paths (auto/manual/delins);Failed strict QC",,Yes
27021230,14841_2024,chr7,5979779,C,G,PMS2,AD,c.1857-1083G>C,Not provided,,,,NM_001322008.2,10/12,intron_variant,MODIFIER,Het,8,0.250,Lynch syndrome,No,,No,Not provided,No,Not provided,Not provided,Not provided,0,Not provided,0,0,N/A,Not provided,Not provided,0,Not provided,0,Not provided,No database evidence,0.0,Unknown,-1.000,Not provided,Not provided,Not provided,[],[],unknown,No,"{""PM2_Moderate"": 2}",2,VUS,"No ClinVar submissions | No HGMD entry | raw_total=0.000, applied=None",No ClinVar submissions,No HGMD entry,0.000,,,,,PM2_Moderate: gnomAD max AF=0 < threshold 0.0001 for MOI AD,,,,,,,,,,,,No,No,,,"Failed strict QC: heterozygous variant on chr7 with DP=8 (min=10), AF=0.250 (min=0.2);Filtered: VUS with <5 points excluded from all reporting paths (auto/manual/delins);Failed strict QC",,Yes
27021230,14841_2024,chr7,151855185,C,CCACCCTCT,PRKAG2,AD,c.114+21321_114+21322insAGAGGGTG,Not provided,,,,NM_016203.4,1/15,intron_variant,MODIFIER,Het,5,0.400,Hypertrophic cardiomyopathy,No,,No,Not provided,No,Not provided,Not provided,Not provided,0,Not provided,0,0,N/A,Not provided,Not provided,0,Not provided,0,Not provided,No database evidence,0.0,Unknown,-1.000,Not provided,0.000,Not provided,[],[],unknown,No,"{""PM2_Moderate"": 2}",2,VUS,"No ClinVar submissions | No HGMD entry | raw_total=0.000, applied=None",No ClinVar submissions,No HGMD entry,0.000,,,,,PM2_Moderate: gnomAD max AF=0 < threshold 0.0001 for MOI AD,,,,,,,,,,,,No,No,,,"Cluster id=22 detected (members=chr7:151855185:C:CCACCCTCT:27021230;chr7:151855194:CCA:C:27021230) - no Pathogenic/LP present; delins NOT flagged; requires P/LP to consider delins.;Delins/overlap cluster (id=22) detected but not all members meet P/LP or >5pts -> not auto-escalated (possible carrier).;Failed strict QC: heterozygous variant on chr7 with DP=5 (min=10), AF=0.400 (min=0.2);Filtered: VUS with <5 points excluded from all reporting paths (auto/manual/delins);Failed strict QC",,Yes
27021230,14841_2024,chr7,151855194,CCA,C,PRKAG2,AD,c.114+21311_114+21312delTG,Not provided,,,,NM_016203.4,1/15,intron_variant,MODIFIER,Het,5,0.400,Hypertrophic cardiomyopathy,No,,No,Not provided,No,Not provided,Not provided,Not provided,0,Not provided,0,0,N/A,Not provided,Not provided,0,Not provided,0,Not provided,No database evidence,0.0,Unknown,-1.000,Not provided,Not provided,Not provided,[],[],unknown,No,"{""PM2_Moderate"": 2}",2,VUS,"No ClinVar submissions | No HGMD entry | raw_total=0.000, applied=None",No ClinVar submissions,No HGMD entry,0.000,,,,,PM2_Moderate: gnomAD max AF=0 < threshold 0.0001 for MOI AD,,,,,,,,,,,,No,No,,,"Cluster id=22 detected (members=chr7:151855185:C:CCACCCTCT:27021230;chr7:151855194:CCA:C:27021230) - no Pathogenic/LP present; delins NOT flagged; requires P/LP to consider delins.;Delins/overlap cluster (id=22) detected but not all members meet P/LP or >5pts -> not auto-escalated (possible carrier).;Failed strict QC: heterozygous variant on chr7 with DP=5 (min=10), AF=0.400 (min=0.2);Filtered: VUS with <5 points excluded from all reporting paths (auto/manual/delins);Failed strict QC",,Yes
27021230,14841_2024,chr7,151855208,C,A,PRKAG2,AD,c.114+21299G>T,Not provided,,,,NM_016203.4,1/15,intron_variant,MODIFIER,Het,6,0.333,Hypertrophic cardiomyopathy,No,,No,Not provided,No,Not provided,Not provided,Not provided,0,Not provided,0,0,N/A,Not provided,Not provided,0,Not provided,0,Not provided,No database evidence,0.0,Unknown,-1.000,Not provided,Not provided,Not provided,[],[],unknown,No,"{""PM2_Moderate"": 2}",2,VUS,"No ClinVar submissions | No HGMD entry | raw_total=0.000, applied=None",No ClinVar submissions,No HGMD entry,0.000,,,,,PM2_Moderate: gnomAD max AF=0 < threshold 0.0001 for MOI AD,,,,,,,,,,,,No,No,,,"Failed strict QC: heterozygous variant on chr7 with DP=6 (min=10), AF=0.333 (min=0.2);Filtered: VUS with <5 points excluded from all reporting paths (auto/manual/delins);Failed strict QC",,Yes
27021230,14841_2024,chr7,151855270,C,T,PRKAG2,AD,c.114+21237G>A,Not provided,,,,NM_016203.4,1/15,intron_variant,MODIFIER,Het,7,0.286,Hypertrophic cardiomyopathy,No,,No,Not provided,No,Not provided,Not provided,Not provided,0,Not provided,0,0,N/A,Not provided,Not provided,0,Not provided,0,Not provided,No database evidence,0.0,Unknown,-1.000,Not provided,Not provided,Not provided,[],[],unknown,No,"{""PM2_Moderate"": 2}",2,VUS,"No ClinVar submissions | No HGMD entry | raw_total=0.000, applied=None",No ClinVar submissions,No HGMD entry,0.000,,,,,PM2_Moderate: gnomAD max AF=0 < threshold 0.0001 for MOI AD,,,,,,,,,,,,No,No,,,"Failed strict QC: heterozygous variant on chr7 with DP=7 (min=10), AF=0.286 (min=0.2);Filtered: VUS with <5 points excluded from all reporting paths (auto/manual/delins);Failed strict QC",,Yes
27021230,14841_2024,chr7,151855442,CCA,C,PRKAG2,AD,c.114+21063_114+21064delTG,Not provided,,,,NM_016203.4,1/15,intron_variant,MODIFIER,Het,6,0.333,Hypertrophic cardiomyopathy,No,,No,Not provided,No,Not provided,Not provided,Not provided,0,Not provided,0,0,N/A,Not provided,Not provided,0,Not provided,0,Not provided,No database evidence,0.0,Unknown,-1.000,Not provided,Not provided,Not provided,[],[],unknown,No,"{""PM2_Moderate"": 2}",2,VUS,"No ClinVar submissions | No HGMD entry | raw_total=0.000, applied=None",No ClinVar submissions,No HGMD entry,0.000,,,,,PM2_Moderate: gnomAD max AF=0 < threshold 0.0001 for MOI AD,,,,,,,,,,,,No,No,,,"Failed strict QC: heterozygous variant on chr7 with DP=6 (min=10), AF=0.333 (min=0.2);Filtered: VUS with <5 points excluded from all reporting paths (auto/manual/delins);Failed strict QC",,Yes
