sample,Family_ID,chrom,pos,ref,alt,gene,Inheritance,HGVSc,HGVSp,AA_ref,AA_alt,AA_pos,tid,Exon,Consequence,Impact,Zygosity,DP,Sample_AF,acmg_disease_association,Special_Guidance,Rules_applied,clinvar_phenotype_match,clinvar_phenotype_info,hgmd_phenotype_match,hgmd_phenotype_info,clinvar_trait,clinvar_sig,clinvar_stars,clinvar_consensus_class,clinvar_consensus_stars,clinvar_aggregate_stars,clinvar_phenotype_match_method,hgmd_class,hgmd_phenotype,hgmd_publication_count,hgmd_rankscore,hgmd_dmsupported,internal_db_sig,database_summary,gnomAD_AF,gnomAD_version,REVEL,CADD,SpliceAI,AlphaMissense,ps1_matches,pm5_matches,phase,is_delins_part,criteria_points_ext,total_ext_points,extended_class,PP5ext_BP5ext_expl,PP5_clin_block,PP5_hgmd_block,PP5_raw_total,PP5_applied,PVS1_expl,PS1_expl,PM1_expl,PM2_expl,PM3_expl,PM4_expl,PM5_expl,PP1_expl,PP3_expl,BA1_expl,BS1_expl,BS2_expl,BP4_expl,BP6_expl,BP7_expl,in_auto_report,in_manual_review,auto_report_reasons,manual_reasons,comments,filtered_reasons,filtered_out
7132150,7579_2025,chr1,45325091,A,G,MUTYH,AR,c.*4215T>C,Not provided,,,,NM_001048171.2,,downstream_gene_variant,MODIFIER,Het,34,0.412,MUTYH-associated polyposis,No,,No,Not provided,No,Not provided,Not provided,Not provided,0,Not provided,0,0,N/A,Not provided,Not provided,0,Not provided,0,Not provided,No database evidence,0.0,Unknown,-1.000,Not provided,Not provided,Not provided,[],[],unknown,No,"{""PM2_Moderate"": 2}",2,VUS,"No ClinVar submissions | No HGMD entry | raw_total=0.000, applied=None",No ClinVar submissions,No HGMD entry,0.000,,,,,PM2_Moderate: gnomAD max AF=0 < threshold 0.005 for MOI AR,,,,,,,,,,,,No,No,,,Filtered: VUS with <5 points excluded from all reporting paths (auto/manual/delins),,Yes
7132150,7579_2025,chr1,45332553,G,T,MUTYH,AR,c.606+21C>A,Not provided,,,,NM_001048171.2,8/15,intron_variant,MODIFIER,Het,88,0.432,MUTYH-associated polyposis,No,,Yes,Gastric cancer;C3272841:Familial adenomatous polyposis 2;Familial adenomatous polyposis 2;Hereditary cancer-predisposing syndrome,Yes,MUTYH-associated polyposis,Gastric cancer;C3272841:Familial adenomatous polyposis 2;Familial adenomatous polyposis 2;Hereditary cancer-predisposing syndrome,likely benign;benign;benign,1;1;1,Likely benign,1,1,conditions_csv_phenotype_match,DM?,MUTYH-associated polyposis,1,Not provided,0,Not provided,ClinVar: Sig=likely benign;benign;benign; ClinVar: Trait=Gastric cancer;C3272841:Familial adenomatous polyposis 2;Familial adenomatous polyposis 2;Hereditary cancer-predisposing syndrome; HGMD: Phen=MUTYH-associated polyposis,0.0,Unknown,-1.000,Not provided,Not provided,Not provided,[],[],unknown,No,"{""PM2_Moderate"": 2, ""BP5ext_Supporting"": -1}",1,VUS,"sig=benign (-3 points), stars=1 (0.75 coef), clinvar_phenotype_match=Yes, clin=-2.250 | class=DM? (1 points), pubs=1, dm_supported=0 (0/1), coef=0.5, hgmd_phenotype_match=Yes, hgmd=0.500 | raw_total=-1.750, applied=BP5ext_Supporting","sig=benign (-3 points), stars=1 (0.75 coef), clinvar_phenotype_match=Yes, clin=-2.250","class=DM? (1 points), pubs=1, dm_supported=0 (0/1), coef=0.5, hgmd_phenotype_match=Yes, hgmd=0.500",-1.750,BP5ext_Supporting,,,,PM2_Moderate: gnomAD max AF=0 < threshold 0.005 for MOI AR,,,,,,,,,,,,No,No,,,Filtered: VUS with <5 points excluded from all reporting paths (auto/manual/delins),,Yes
7132150,7579_2025,chr1,45343345,G,A,MUTYH,AR,c.-3133C>T,Not provided,,,,NM_001048171.2,,upstream_gene_variant,MODIFIER,Het,75,0.467,MUTYH-associated polyposis,No,,No,Pontocerebellar hypoplasia type 7;Pontocerebellar hypoplasia type 7,No,Not provided,Pontocerebellar hypoplasia type 7;Pontocerebellar hypoplasia type 7,likely benign;likely benign,1;1,Likely benign,1,1,conditions_csv_phenotype_match,Not provided,Not provided,0,Not provided,0,Not provided,ClinVar: Sig=likely benign;likely benign; ClinVar: Trait=Pontocerebellar hypoplasia type 7;Pontocerebellar hypoplasia type 7,0.0,Unknown,-1.000,Not provided,Not provided,Not provided,[],[],unknown,No,"{""PM2_Moderate"": 2, ""BP5ext_Supporting"": -1}",1,VUS,"sig=likely benign (-2 points), stars=1 (0.75 coef), clinvar_phenotype_match=No [PENALTY APPLIED], clin=-1.000 | No HGMD entry | raw_total=-1.000, applied=BP5ext_Supporting","sig=likely benign (-2 points), stars=1 (0.75 coef), clinvar_phenotype_match=No [PENALTY APPLIED], clin=-1.000",No HGMD entry,-1.000,BP5ext_Supporting,,,,PM2_Moderate: gnomAD max AF=0 < threshold 0.005 for MOI AR,,,,,,,,,,,,No,No,,,Filtered: VUS with <5 points excluded from all reporting paths (auto/manual/delins),,Yes
7132150,7579_2025,chr1,115736181,A,G,CASQ2,AR,c.532+2043T>C,Not provided,,,,NM_001232.4,4/10,intron_variant,MODIFIER,Het,59,0.559,Catecholaminergic polymorphic ventricular tachycardia,No,,No,Not provided,No,Not provided,Not provided,Not provided,0,Not provided,0,0,N/A,Not provided,Not provided,0,Not provided,0,Not provided,No database evidence,0.0,Unknown,-1.000,Not provided,Not provided,Not provided,[],[],unknown,No,"{""PM2_Moderate"": 2}",2,VUS,"No ClinVar submissions | No HGMD entry | raw_total=0.000, applied=None",No ClinVar submissions,No HGMD entry,0.000,,,,,PM2_Moderate: gnomAD max AF=0 < threshold 0.005 for MOI AR,,,,,,,,,,,,No,No,,,Filtered: VUS with <5 points excluded from all reporting paths (auto/manual/delins),,Yes
7132150,7579_2025,chr1,115739061,T,TA,CASQ2,AR,c.421-727_421-726insT,Not provided,,,,NM_001232.4,3/10,intron_variant,MODIFIER,Het,55,0.436,Catecholaminergic polymorphic ventricular tachycardia,No,,No,Not provided,No,Not provided,Not provided,Not provided,0,Not provided,0,0,N/A,Not provided,Not provided,0,Not provided,0,Not provided,No database evidence,0.0,Unknown,-1.000,Not provided,Not provided,Not provided,[],[],unknown,No,"{""PM2_Moderate"": 2}",2,VUS,"No ClinVar submissions | No HGMD entry | raw_total=0.000, applied=None",No ClinVar submissions,No HGMD entry,0.000,,,,,PM2_Moderate: gnomAD max AF=0 < threshold 0.005 for MOI AR,,,,,,,,,,,,No,No,,,Filtered: VUS with <5 points excluded from all reporting paths (auto/manual/delins),,Yes
7132150,7579_2025,chr1,115743982,CA,C,CASQ2,AR,c.319+845delT,Not provided,,,,NM_001232.4,2/10,intron_variant,MODIFIER,Het,46,0.413,Catecholaminergic polymorphic ventricular tachycardia,No,,No,Not provided,No,Not provided,Not provided,Not provided,0,Not provided,0,0,N/A,Not provided,Not provided,0,Not provided,0,Not provided,No database evidence,0.0,Unknown,-1.000,Not provided,Not provided,Not provided,[],[],unknown,No,"{""PM2_Moderate"": 2}",2,VUS,"No ClinVar submissions | No HGMD entry | raw_total=0.000, applied=None",No ClinVar submissions,No HGMD entry,0.000,,,,,PM2_Moderate: gnomAD max AF=0 < threshold 0.005 for MOI AR,,,,,,,,,,,,No,No,,,Filtered: VUS with <5 points excluded from all reporting paths (auto/manual/delins),,Yes
7132150,7579_2025,chr1,156100987,T,A,LMNA,AD,c.-207+10405T>A,Not provided,,,,NM_001282625.2,3/12,intron_variant,MODIFIER,Het,64,0.484,Dilated cardiomyopathy,No,,No,Not provided,No,Not provided,Not provided,Not provided,0,Not provided,0,0,N/A,Not provided,Not provided,0,Not provided,0,Not provided,No database evidence,0.000053,v3,-1.000,Not provided,Not provided,Not provided,[],[],unknown,No,"{""PM2_Moderate"": 2}",2,VUS,"No ClinVar submissions | No HGMD entry | raw_total=0.000, applied=None",No ClinVar submissions,No HGMD entry,0.000,,,,,PM2_Moderate: gnomAD max AF=5.26177e-05 < threshold 0.0001 for MOI AD,,,,,,,,,,,,No,No,,,Filtered: VUS with <5 points excluded from all reporting paths (auto/manual/delins),,Yes
7132150,7579_2025,chr1,156109798,A,ATG,LMNA,AD,c.-5121_-5120insTG,Not provided,,,,NM_005572.4,,upstream_gene_variant,MODIFIER,Het,69,0.406,Dilated cardiomyopathy,No,,No,Not provided,No,Not provided,Not provided,Not provided,0,Not provided,0,0,N/A,Not provided,Not provided,0,Not provided,0,Not provided,No database evidence,0.0,Unknown,-1.000,Not provided,Not provided,Not provided,[],[],unknown,No,"{""PM2_Moderate"": 2}",2,VUS,"No ClinVar submissions | No HGMD entry | raw_total=0.000, applied=None",No ClinVar submissions,No HGMD entry,0.000,,,,,PM2_Moderate: gnomAD max AF=0 < threshold 0.0001 for MOI AD,,,,,,,,,,,,No,No,,,Filtered: VUS with <5 points excluded from all reporting paths (auto/manual/delins),,Yes
7132150,7579_2025,chr1,156139581,C,T,LMNA,AD,c.1656-189C>T,Not provided,,,,NM_001257374.3,12/12,intron_variant,MODIFIER,Het,63,0.524,Dilated cardiomyopathy,No,,No,Not provided,No,Not provided,Not provided,Not provided,0,Not provided,0,0,N/A,Not provided,Not provided,0,Not provided,0,Not provided,No database evidence,0.000079,v3,-1.000,Not provided,Not provided,Not provided,[],[],unknown,No,"{""PM2_Moderate"": 2}",2,VUS,"No ClinVar submissions | No HGMD entry | raw_total=0.000, applied=None",No ClinVar submissions,No HGMD entry,0.000,,,,,PM2_Moderate: gnomAD max AF=7.90056e-05 < threshold 0.0001 for MOI AD,,,,,,,,,,,,No,No,,,Filtered: VUS with <5 points excluded from all reporting paths (auto/manual/delins),,Yes
7132150,7579_2025,chr1,156142503,G,A,LMNA,AD,c.*2664G>A,Not provided,,,,NM_001257374.3,,downstream_gene_variant,MODIFIER,Het,67,0.493,Dilated cardiomyopathy,No,,No,Not provided,No,Not provided,Not provided,Not provided,0,Not provided,0,0,N/A,Not provided,Not provided,0,Not provided,0,Not provided,No database evidence,0.0,Unknown,-1.000,Not provided,Not provided,Not provided,[],[],unknown,No,"{""PM2_Moderate"": 2}",2,VUS,"No ClinVar submissions | No HGMD entry | raw_total=0.000, applied=None",No ClinVar submissions,No HGMD entry,0.000,,,,,PM2_Moderate: gnomAD max AF=0 < threshold 0.0001 for MOI AD,,,,,,,,,,,,No,No,,,Filtered: VUS with <5 points excluded from all reporting paths (auto/manual/delins),,Yes
7132150,7579_2025,chr1,161377331,G,A,SDHC,AD,c.*14791G>A,Not provided,,,,NM_001035511.2,,downstream_gene_variant,MODIFIER,Het,62,0.484,Hereditary paraganglioma-pheochromocytoma syndrome,No,,No,Not provided,No,Not provided,Not provided,Not provided,0,Not provided,0,0,N/A,Not provided,Not provided,0,Not provided,0,Not provided,No database evidence,0.0,Unknown,-1.000,Not provided,Not provided,Not provided,[],[],unknown,No,"{""PM2_Moderate"": 2}",2,VUS,"No ClinVar submissions | No HGMD entry | raw_total=0.000, applied=None",No ClinVar submissions,No HGMD entry,0.000,,,,,PM2_Moderate: gnomAD max AF=0 < threshold 0.0001 for MOI AD,,,,,,,,,,,,No,No,,,Filtered: VUS with <5 points excluded from all reporting paths (auto/manual/delins),,Yes
7132150,7579_2025,chr1,201054790,A,T,CACNA1S,AD,c.3610-229T>A,Not provided,,,,NM_000069.3,28/43,intron_variant,MODIFIER,Het,59,0.424,Malignant hyperthermia,No,,No,Not provided,No,Not provided,Not provided,Not provided,0,Not provided,0,0,N/A,Not provided,Not provided,0,Not provided,0,Not provided,No database evidence,0.000092,v3,-1.000,Not provided,Not provided,Not provided,[],[],unknown,No,"{""PM2_Moderate"": 2}",2,VUS,"No ClinVar submissions | No HGMD entry | raw_total=0.000, applied=None",No ClinVar submissions,No HGMD entry,0.000,,,,,PM2_Moderate: gnomAD max AF=9.19842e-05 < threshold 0.0001 for MOI AD,,,,,,,,,,,,No,No,,,Filtered: VUS with <5 points excluded from all reporting paths (auto/manual/delins),,Yes
7132150,7579_2025,chr1,237061276,CAT,C,RYR2,AD,c.48+18708_48+18709delAT,Not provided,,,,NM_001035.3,1/104,intron_variant,MODIFIER,Het,66,0.470,Catecholaminergic polymorphic ventricular tachycardia,No,,No,Not provided,No,Not provided,Not provided,Not provided,0,Not provided,0,0,N/A,Not provided,Not provided,0,Not provided,0,Not provided,No database evidence,0.0,Unknown,-1.000,Not provided,Not provided,Not provided,[],[],unknown,No,"{""PM2_Moderate"": 2}",2,VUS,"No ClinVar submissions | No HGMD entry | raw_total=0.000, applied=None",No ClinVar submissions,No HGMD entry,0.000,,,,,PM2_Moderate: gnomAD max AF=0 < threshold 0.0001 for MOI AD,,,,,,,,,,,,No,No,,,Cluster id=1 detected (members=chr1:237061276:CAT:C:7132150;chr1:237061287:CTATCT:C:7132150;chr1:237061279:CT:C:7132150) - no Pathogenic/LP present; delins NOT flagged; requires P/LP to consider delins.;Delins/overlap cluster (id=1) detected but not all members meet P/LP or >5pts -> not auto-escalated (possible carrier).;Filtered: VUS with <5 points excluded from all reporting paths (auto/manual/delins),,Yes
7132150,7579_2025,chr1,237061279,CT,C,RYR2,AD,c.48+18711delT,Not provided,,,,NM_001035.3,1/104,intron_variant,MODIFIER,Het,66,0.470,Catecholaminergic polymorphic ventricular tachycardia,No,,No,Not provided,No,Not provided,Not provided,Not provided,0,Not provided,0,0,N/A,Not provided,Not provided,0,Not provided,0,Not provided,No database evidence,0.0,Unknown,-1.000,Not provided,Not provided,Not provided,[],[],unknown,No,"{""PM2_Moderate"": 2}",2,VUS,"No ClinVar submissions | No HGMD entry | raw_total=0.000, applied=None",No ClinVar submissions,No HGMD entry,0.000,,,,,PM2_Moderate: gnomAD max AF=0 < threshold 0.0001 for MOI AD,,,,,,,,,,,,No,No,,,Cluster id=1 detected (members=chr1:237061276:CAT:C:7132150;chr1:237061287:CTATCT:C:7132150;chr1:237061279:CT:C:7132150) - no Pathogenic/LP present; delins NOT flagged; requires P/LP to consider delins.;Delins/overlap cluster (id=1) detected but not all members meet P/LP or >5pts -> not auto-escalated (possible carrier).;Filtered: VUS with <5 points excluded from all reporting paths (auto/manual/delins),,Yes
7132150,7579_2025,chr1,237061287,CTATCT,C,RYR2,AD,c.48+18719_48+18723delTATCT,Not provided,,,,NM_001035.3,1/104,intron_variant,MODIFIER,Het,66,0.470,Catecholaminergic polymorphic ventricular tachycardia,No,,No,Not provided,No,Not provided,Not provided,Not provided,0,Not provided,0,0,N/A,Not provided,Not provided,0,Not provided,0,Not provided,No database evidence,0.0,Unknown,-1.000,Not provided,0.000,Not provided,[],[],unknown,No,"{""PM2_Moderate"": 2}",2,VUS,"No ClinVar submissions | No HGMD entry | raw_total=0.000, applied=None",No ClinVar submissions,No HGMD entry,0.000,,,,,PM2_Moderate: gnomAD max AF=0 < threshold 0.0001 for MOI AD,,,,,,,,,,,,No,No,,,Cluster id=1 detected (members=chr1:237061276:CAT:C:7132150;chr1:237061287:CTATCT:C:7132150;chr1:237061279:CT:C:7132150) - no Pathogenic/LP present; delins NOT flagged; requires P/LP to consider delins.;Delins/overlap cluster (id=1) detected but not all members meet P/LP or >5pts -> not auto-escalated (possible carrier).;Filtered: VUS with <5 points excluded from all reporting paths (auto/manual/delins),,Yes
7132150,7579_2025,chr1,237076013,C,T,RYR2,AD,c.48+33444C>T,Not provided,,,,NM_001035.3,1/104,intron_variant,MODIFIER,Hom,12,0.833,Catecholaminergic polymorphic ventricular tachycardia,No,,No,Not provided,No,Not provided,Not provided,Not provided,0,Not provided,0,0,N/A,Not provided,Not provided,0,Not provided,0,Not provided,No database evidence,0.0,Unknown,-1.000,Not provided,Not provided,Not provided,[],[],unknown,No,"{""PM2_Moderate"": 2}",2,VUS,"No ClinVar submissions | No HGMD entry | raw_total=0.000, applied=None",No ClinVar submissions,No HGMD entry,0.000,,,,,PM2_Moderate: gnomAD max AF=0 < threshold 0.0001 for MOI AD,,,,,,,,,,,,No,No,,,Filtered: VUS with <5 points excluded from all reporting paths (auto/manual/delins),,Yes
7132150,7579_2025,chr1,237091404,C,T,RYR2,AD,c.48+48835C>T,Not provided,,,,NM_001035.3,1/104,intron_variant,MODIFIER,Het,37,0.486,Catecholaminergic polymorphic ventricular tachycardia,No,,No,Not provided,No,Not provided,Not provided,Not provided,0,Not provided,0,0,N/A,Not provided,Not provided,0,Not provided,0,Not provided,No database evidence,0.0,Unknown,-1.000,Not provided,Not provided,Not provided,[],[],unknown,No,"{""PM2_Moderate"": 2}",2,VUS,"No ClinVar submissions | No HGMD entry | raw_total=0.000, applied=None",No ClinVar submissions,No HGMD entry,0.000,,,,,PM2_Moderate: gnomAD max AF=0 < threshold 0.0001 for MOI AD,,,,,,,,,,,,No,No,,,Filtered: VUS with <5 points excluded from all reporting paths (auto/manual/delins),,Yes
7132150,7579_2025,chr1,237141426,TC,T,RYR2,AD,c.48+98859delC,Not provided,,,,NM_001035.3,1/104,intron_variant,MODIFIER,Het,72,0.556,Catecholaminergic polymorphic ventricular tachycardia,No,,No,Not provided,No,Not provided,Not provided,Not provided,0,Not provided,0,0,N/A,Not provided,Not provided,0,Not provided,0,Not provided,No database evidence,0.0,Unknown,-1.000,Not provided,Not provided,Not provided,[],[],unknown,No,"{""PM2_Moderate"": 2}",2,VUS,"No ClinVar submissions | No HGMD entry | raw_total=0.000, applied=None",No ClinVar submissions,No HGMD entry,0.000,,,,,PM2_Moderate: gnomAD max AF=0 < threshold 0.0001 for MOI AD,,,,,,,,,,,,No,No,,,Filtered: VUS with <5 points excluded from all reporting paths (auto/manual/delins),,Yes
7132150,7579_2025,chr1,237157589,A,G,RYR2,AD,c.49-112908A>G,Not provided,,,,NM_001035.3,1/104,intron_variant,MODIFIER,Het,58,0.552,Catecholaminergic polymorphic ventricular tachycardia,No,,No,Not provided,No,Not provided,Not provided,Not provided,0,Not provided,0,0,N/A,Not provided,Not provided,0,Not provided,0,Not provided,No database evidence,0.0,Unknown,-1.000,Not provided,Not provided,Not provided,[],[],unknown,No,"{""PM2_Moderate"": 2}",2,VUS,"No ClinVar submissions | No HGMD entry | raw_total=0.000, applied=None",No ClinVar submissions,No HGMD entry,0.000,,,,,PM2_Moderate: gnomAD max AF=0 < threshold 0.0001 for MOI AD,,,,,,,,,,,,No,No,,,Filtered: VUS with <5 points excluded from all reporting paths (auto/manual/delins),,Yes
7132150,7579_2025,chr1,237169288,CT,C,RYR2,AD,c.49-101199delT,Not provided,,,,NM_001035.3,1/104,intron_variant,MODIFIER,Het,53,0.566,Catecholaminergic polymorphic ventricular tachycardia,No,,No,Not provided,No,Not provided,Not provided,Not provided,0,Not provided,0,0,N/A,Not provided,Not provided,0,Not provided,0,Not provided,No database evidence,0.0,Unknown,-1.000,Not provided,Not provided,Not provided,[],[],unknown,No,"{""PM2_Moderate"": 2}",2,VUS,"No ClinVar submissions | No HGMD entry | raw_total=0.000, applied=None",No ClinVar submissions,No HGMD entry,0.000,,,,,PM2_Moderate: gnomAD max AF=0 < threshold 0.0001 for MOI AD,,,,,,,,,,,,No,No,,,Filtered: VUS with <5 points excluded from all reporting paths (auto/manual/delins),,Yes
7132150,7579_2025,chr1,237176242,G,GA,RYR2,AD,c.49-94248dupA,Not provided,,,,NM_001035.3,1/104,intron_variant,MODIFIER,Het,76,0.671,Catecholaminergic polymorphic ventricular tachycardia,No,,No,Not provided,No,Not provided,Not provided,Not provided,0,Not provided,0,0,N/A,Not provided,Not provided,0,Not provided,0,Not provided,No database evidence,0.0,Unknown,-1.000,Not provided,Not provided,Not provided,[],[],unknown,No,"{""PM2_Moderate"": 2}",2,VUS,"No ClinVar submissions | No HGMD entry | raw_total=0.000, applied=None",No ClinVar submissions,No HGMD entry,0.000,,,,,PM2_Moderate: gnomAD max AF=0 < threshold 0.0001 for MOI AD,,,,,,,,,,,,No,No,,,Filtered: VUS with <5 points excluded from all reporting paths (auto/manual/delins),,Yes
7132150,7579_2025,chr1,237213915,C,T,RYR2,AD,c.49-56582C>T,Not provided,,,,NM_001035.3,1/104,intron_variant,MODIFIER,Het,11,0.273,Catecholaminergic polymorphic ventricular tachycardia,No,,No,Not provided,No,Not provided,Not provided,Not provided,0,Not provided,0,0,N/A,Not provided,Not provided,0,Not provided,0,Not provided,No database evidence,0.0,Unknown,-1.000,Not provided,Not provided,Not provided,[],[],unknown,No,"{""PM2_Moderate"": 2}",2,VUS,"No ClinVar submissions | No HGMD entry | raw_total=0.000, applied=None",No ClinVar submissions,No HGMD entry,0.000,,,,,PM2_Moderate: gnomAD max AF=0 < threshold 0.0001 for MOI AD,,,,,,,,,,,,No,No,,,Filtered: VUS with <5 points excluded from all reporting paths (auto/manual/delins),,Yes
7132150,7579_2025,chr1,237216513,G,A,RYR2,AD,c.49-53984G>A,Not provided,,,,NM_001035.3,1/104,intron_variant,MODIFIER,Het,52,0.558,Catecholaminergic polymorphic ventricular tachycardia,No,,No,Not provided,No,Not provided,Not provided,Not provided,0,Not provided,0,0,N/A,Not provided,Not provided,0,Not provided,0,Not provided,No database evidence,0.0,Unknown,-1.000,Not provided,Not provided,Not provided,[],[],unknown,No,"{""PM2_Moderate"": 2}",2,VUS,"No ClinVar submissions | No HGMD entry | raw_total=0.000, applied=None",No ClinVar submissions,No HGMD entry,0.000,,,,,PM2_Moderate: gnomAD max AF=0 < threshold 0.0001 for MOI AD,,,,,,,,,,,,No,No,,,Filtered: VUS with <5 points excluded from all reporting paths (auto/manual/delins),,Yes
7132150,7579_2025,chr1,237248282,G,GCC,RYR2,AD,c.49-22199_49-22198dupCC,Not provided,,,,NM_001035.3,1/104,intron_variant,MODIFIER,Het,13,0.462,Catecholaminergic polymorphic ventricular tachycardia,No,,No,Not provided,No,Not provided,Not provided,Not provided,0,Not provided,0,0,N/A,Not provided,Not provided,0,Not provided,0,Not provided,No database evidence,0.000071,v3,-1.000,Not provided,0.000,Not provided,[],[],unknown,No,"{""PM2_Moderate"": 2}",2,VUS,"No ClinVar submissions | No HGMD entry | raw_total=0.000, applied=None",No ClinVar submissions,No HGMD entry,0.000,,,,,PM2_Moderate: gnomAD max AF=7.10934e-05 < threshold 0.0001 for MOI AD,,,,,,,,,,,,No,No,,,Filtered: VUS with <5 points excluded from all reporting paths (auto/manual/delins),,Yes
7132150,7579_2025,chr1,237284491,A,G,RYR2,AD,c.168+13875A>G,Not provided,,,,NM_001035.3,2/104,intron_variant,MODIFIER,Het,57,0.246,Catecholaminergic polymorphic ventricular tachycardia,No,,No,Not provided,No,Not provided,Not provided,Not provided,0,Not provided,0,0,N/A,Not provided,Not provided,0,Not provided,0,Not provided,No database evidence,0.0,Unknown,-1.000,Not provided,Not provided,Not provided,[],[],unknown,No,"{""PM2_Moderate"": 2}",2,VUS,"No ClinVar submissions | No HGMD entry | raw_total=0.000, applied=None",No ClinVar submissions,No HGMD entry,0.000,,,,,PM2_Moderate: gnomAD max AF=0 < threshold 0.0001 for MOI AD,,,,,,,,,,,,No,No,,,Cluster id=2 detected (members=chr1:237284491:A:G:7132150;chr1:237284494:AAAT:A:7132150;chr1:237284505:A:T:7132150) - no Pathogenic/LP present; delins NOT flagged; requires P/LP to consider delins.;Delins/overlap cluster (id=2) detected but not all members meet P/LP or >5pts -> not auto-escalated (possible carrier).;Filtered: VUS with <5 points excluded from all reporting paths (auto/manual/delins),,Yes
7132150,7579_2025,chr1,237284494,AAAT,A,RYR2,AD,c.168+13880_168+13882delATA,Not provided,,,,NM_001035.3,2/104,intron_variant,MODIFIER,Het,57,0.246,Catecholaminergic polymorphic ventricular tachycardia,No,,No,Not provided,No,Not provided,Not provided,Not provided,0,Not provided,0,0,N/A,Not provided,Not provided,0,Not provided,0,Not provided,No database evidence,0.0,Unknown,-1.000,Not provided,Not provided,Not provided,[],[],unknown,No,"{""PM2_Moderate"": 2}",2,VUS,"No ClinVar submissions | No HGMD entry | raw_total=0.000, applied=None",No ClinVar submissions,No HGMD entry,0.000,,,,,PM2_Moderate: gnomAD max AF=0 < threshold 0.0001 for MOI AD,,,,,,,,,,,,No,No,,,Cluster id=2 detected (members=chr1:237284491:A:G:7132150;chr1:237284494:AAAT:A:7132150;chr1:237284505:A:T:7132150) - no Pathogenic/LP present; delins NOT flagged; requires P/LP to consider delins.;Delins/overlap cluster (id=2) detected but not all members meet P/LP or >5pts -> not auto-escalated (possible carrier).;Filtered: VUS with <5 points excluded from all reporting paths (auto/manual/delins),,Yes
7132150,7579_2025,chr1,237284505,A,T,RYR2,AD,c.168+13889A>T,Not provided,,,,NM_001035.3,2/104,intron_variant,MODIFIER,Het,55,0.291,Catecholaminergic polymorphic ventricular tachycardia,No,,No,Not provided,No,Not provided,Not provided,Not provided,0,Not provided,0,0,N/A,Not provided,Not provided,0,Not provided,0,Not provided,No database evidence,0.000042,v3,-1.000,Not provided,Not provided,Not provided,[],[],unknown,No,"{""PM2_Moderate"": 2}",2,VUS,"No ClinVar submissions | No HGMD entry | raw_total=0.000, applied=None",No ClinVar submissions,No HGMD entry,0.000,,,,,PM2_Moderate: gnomAD max AF=4.22559e-05 < threshold 0.0001 for MOI AD,,,,,,,,,,,,No,No,,,Cluster id=2 detected (members=chr1:237284491:A:G:7132150;chr1:237284494:AAAT:A:7132150;chr1:237284505:A:T:7132150) - no Pathogenic/LP present; delins NOT flagged; requires P/LP to consider delins.;Delins/overlap cluster (id=2) detected but not all members meet P/LP or >5pts -> not auto-escalated (possible carrier).;Filtered: VUS with <5 points excluded from all reporting paths (auto/manual/delins),,Yes
7132150,7579_2025,chr1,237284677,T,TACACACAC,RYR2,AD,c.168+14062_168+14063insCACACACA,Not provided,,,,NM_001035.3,2/104,intron_variant,MODIFIER,Het,41,0.220,Catecholaminergic polymorphic ventricular tachycardia,No,,No,Not provided,No,Not provided,Not provided,Not provided,0,Not provided,0,0,N/A,Not provided,Not provided,0,Not provided,0,Not provided,No database evidence,0.0,Unknown,-1.000,Not provided,0.000,Not provided,[],[],unknown,No,"{""PM2_Moderate"": 2}",2,VUS,"No ClinVar submissions | No HGMD entry | raw_total=0.000, applied=None",No ClinVar submissions,No HGMD entry,0.000,,,,,PM2_Moderate: gnomAD max AF=0 < threshold 0.0001 for MOI AD,,,,,,,,,,,,No,No,,,Cluster id=3 detected (members=chr1:237284677:T:TACACACAC:7132150;chr1:237284681:T:C:7132150;chr1:237284682:G:A:7132150;chr1:237284683:T:C:7132150) - no Pathogenic/LP present; delins NOT flagged; requires P/LP to consider delins.;Delins/overlap cluster (id=3) detected but not all members meet P/LP or >5pts -> not auto-escalated (possible carrier).;Filtered: VUS with <5 points excluded from all reporting paths (auto/manual/delins),,Yes
7132150,7579_2025,chr1,237284681,T,C,RYR2,AD,c.168+14065T>C,Not provided,,,,NM_001035.3,2/104,intron_variant,MODIFIER,Het,38,0.263,Catecholaminergic polymorphic ventricular tachycardia,No,,No,Not provided,No,Not provided,Not provided,Not provided,0,Not provided,0,0,N/A,Not provided,Not provided,0,Not provided,0,Not provided,No database evidence,0.0,Unknown,-1.000,Not provided,Not provided,Not provided,[],[],unknown,No,"{""PM2_Moderate"": 2}",2,VUS,"No ClinVar submissions | No HGMD entry | raw_total=0.000, applied=None",No ClinVar submissions,No HGMD entry,0.000,,,,,PM2_Moderate: gnomAD max AF=0 < threshold 0.0001 for MOI AD,,,,,,,,,,,,No,No,,,Cluster id=3 detected (members=chr1:237284677:T:TACACACAC:7132150;chr1:237284681:T:C:7132150;chr1:237284682:G:A:7132150;chr1:237284683:T:C:7132150) - no Pathogenic/LP present; delins NOT flagged; requires P/LP to consider delins.;Delins/overlap cluster (id=3) detected but not all members meet P/LP or >5pts -> not auto-escalated (possible carrier).;Filtered: VUS with <5 points excluded from all reporting paths (auto/manual/delins),,Yes
7132150,7579_2025,chr1,237284682,G,A,RYR2,AD,c.168+14066G>A,Not provided,,,,NM_001035.3,2/104,intron_variant,MODIFIER,Het,38,0.263,Catecholaminergic polymorphic ventricular tachycardia,No,,No,Not provided,No,Not provided,Not provided,Not provided,0,Not provided,0,0,N/A,Not provided,Not provided,0,Not provided,0,Not provided,No database evidence,0.000072,v3,-1.000,Not provided,Not provided,Not provided,[],[],unknown,No,"{""PM2_Moderate"": 2}",2,VUS,"No ClinVar submissions | No HGMD entry | raw_total=0.000, applied=None",No ClinVar submissions,No HGMD entry,0.000,,,,,PM2_Moderate: gnomAD max AF=7.24743e-05 < threshold 0.0001 for MOI AD,,,,,,,,,,,,No,No,,,Cluster id=3 detected (members=chr1:237284677:T:TACACACAC:7132150;chr1:237284681:T:C:7132150;chr1:237284682:G:A:7132150;chr1:237284683:T:C:7132150) - no Pathogenic/LP present; delins NOT flagged; requires P/LP to consider delins.;Delins/overlap cluster (id=3) detected but not all members meet P/LP or >5pts -> not auto-escalated (possible carrier).;Filtered: VUS with <5 points excluded from all reporting paths (auto/manual/delins),,Yes
7132150,7579_2025,chr1,237284683,T,C,RYR2,AD,c.168+14067T>C,Not provided,,,,NM_001035.3,2/104,intron_variant,MODIFIER,Het,54,0.222,Catecholaminergic polymorphic ventricular tachycardia,No,,No,Not provided,No,Not provided,Not provided,Not provided,0,Not provided,0,0,N/A,Not provided,Not provided,0,Not provided,0,Not provided,No database evidence,0.0,Unknown,-1.000,Not provided,Not provided,Not provided,[],[],unknown,No,"{""PM2_Moderate"": 2}",2,VUS,"No ClinVar submissions | No HGMD entry | raw_total=0.000, applied=None",No ClinVar submissions,No HGMD entry,0.000,,,,,PM2_Moderate: gnomAD max AF=0 < threshold 0.0001 for MOI AD,,,,,,,,,,,,No,No,,,Cluster id=3 detected (members=chr1:237284677:T:TACACACAC:7132150;chr1:237284681:T:C:7132150;chr1:237284682:G:A:7132150;chr1:237284683:T:C:7132150) - no Pathogenic/LP present; delins NOT flagged; requires P/LP to consider delins.;Delins/overlap cluster (id=3) detected but not all members meet P/LP or >5pts -> not auto-escalated (possible carrier).;Filtered: VUS with <5 points excluded from all reporting paths (auto/manual/delins),,Yes
7132150,7579_2025,chr1,237286519,T,TGCAC,RYR2,AD,c.168+15903_168+15904insGCAC,Not provided,,,,NM_001035.3,2/104,intron_variant,MODIFIER,Het,47,0.213,Catecholaminergic polymorphic ventricular tachycardia,No,,No,Not provided,No,Not provided,Not provided,Not provided,0,Not provided,0,0,N/A,Not provided,Not provided,0,Not provided,0,Not provided,No database evidence,0.000007,v3,-1.000,Not provided,0.000,Not provided,[],[],unknown,No,"{""PM2_Moderate"": 2}",2,VUS,"No ClinVar submissions | No HGMD entry | raw_total=0.000, applied=None",No ClinVar submissions,No HGMD entry,0.000,,,,,PM2_Moderate: gnomAD max AF=6.62164e-06 < threshold 0.0001 for MOI AD,,,,,,,,,,,,No,No,,,Cluster id=4 detected (members=chr1:237286519:T:TGCAC:7132150;chr1:237286523:T:G:7132150) - no Pathogenic/LP present; delins NOT flagged; requires P/LP to consider delins.;Delins/overlap cluster (id=4) detected but not all members meet P/LP or >5pts -> not auto-escalated (possible carrier).;Filtered: VUS with <5 points excluded from all reporting paths (auto/manual/delins),,Yes
7132150,7579_2025,chr1,237286523,T,G,RYR2,AD,c.168+15907T>G,Not provided,,,,NM_001035.3,2/104,intron_variant,MODIFIER,Het,46,0.217,Catecholaminergic polymorphic ventricular tachycardia,No,,No,Not provided,No,Not provided,Not provided,Not provided,0,Not provided,0,0,N/A,Not provided,Not provided,0,Not provided,0,Not provided,No database evidence,0.000049,v3,-1.000,Not provided,Not provided,Not provided,[],[],unknown,No,"{""PM2_Moderate"": 2}",2,VUS,"No ClinVar submissions | No HGMD entry | raw_total=0.000, applied=None",No ClinVar submissions,No HGMD entry,0.000,,,,,PM2_Moderate: gnomAD max AF=4.86287e-05 < threshold 0.0001 for MOI AD,,,,,,,,,,,,No,No,,,Cluster id=4 detected (members=chr1:237286519:T:TGCAC:7132150;chr1:237286523:T:G:7132150) - no Pathogenic/LP present; delins NOT flagged; requires P/LP to consider delins.;Delins/overlap cluster (id=4) detected but not all members meet P/LP or >5pts -> not auto-escalated (possible carrier).;Filtered: VUS with <5 points excluded from all reporting paths (auto/manual/delins),,Yes
7132150,7579_2025,chr1,237286535,AATGTG,A,RYR2,AD,c.168+15920_168+15924delATGTG,Not provided,,,,NM_001035.3,2/104,intron_variant,MODIFIER,Het,45,0.222,Catecholaminergic polymorphic ventricular tachycardia,No,,No,Not provided,No,Not provided,Not provided,Not provided,0,Not provided,0,0,N/A,Not provided,Not provided,0,Not provided,0,Not provided,No database evidence,0.0,Unknown,-1.000,Not provided,0.000,Not provided,[],[],unknown,No,"{""PM2_Moderate"": 2}",2,VUS,"No ClinVar submissions | No HGMD entry | raw_total=0.000, applied=None",No ClinVar submissions,No HGMD entry,0.000,,,,,PM2_Moderate: gnomAD max AF=0 < threshold 0.0001 for MOI AD,,,,,,,,,,,,No,No,,,Filtered: VUS with <5 points excluded from all reporting paths (auto/manual/delins),,Yes
7132150,7579_2025,chr1,237286553,ATTC,A,RYR2,AD,c.168+15940_168+15942delCTT,Not provided,,,,NM_001035.3,2/104,intron_variant,MODIFIER,Het,39,0.256,Catecholaminergic polymorphic ventricular tachycardia,No,,No,Not provided,No,Not provided,Not provided,Not provided,0,Not provided,0,0,N/A,Not provided,Not provided,0,Not provided,0,Not provided,No database evidence,0.000014,v3,-1.000,Not provided,Not provided,Not provided,[],[],unknown,No,"{""PM2_Moderate"": 2}",2,VUS,"No ClinVar submissions | No HGMD entry | raw_total=0.000, applied=None",No ClinVar submissions,No HGMD entry,0.000,,,,,PM2_Moderate: gnomAD max AF=1.37521e-05 < threshold 0.0001 for MOI AD,,,,,,,,,,,,No,No,,,Filtered: VUS with <5 points excluded from all reporting paths (auto/manual/delins),,Yes
7132150,7579_2025,chr1,237288321,A,G,RYR2,AD,c.168+17705A>G,Not provided,,,,NM_001035.3,2/104,intron_variant,MODIFIER,Het,72,0.583,Catecholaminergic polymorphic ventricular tachycardia,No,,No,Not provided,No,Not provided,Not provided,Not provided,0,Not provided,0,0,N/A,Not provided,Not provided,0,Not provided,0,Not provided,No database evidence,0.0,Unknown,-1.000,Not provided,Not provided,Not provided,[],[],unknown,No,"{""PM2_Moderate"": 2}",2,VUS,"No ClinVar submissions | No HGMD entry | raw_total=0.000, applied=None",No ClinVar submissions,No HGMD entry,0.000,,,,,PM2_Moderate: gnomAD max AF=0 < threshold 0.0001 for MOI AD,,,,,,,,,,,,No,No,,,Filtered: VUS with <5 points excluded from all reporting paths (auto/manual/delins),,Yes
7132150,7579_2025,chr1,237337768,A,G,RYR2,AD,c.273+6786A>G,Not provided,,,,NM_001035.3,3/104,intron_variant,MODIFIER,Het,73,0.479,Catecholaminergic polymorphic ventricular tachycardia,No,,No,Not provided,No,Not provided,Not provided,Not provided,0,Not provided,0,0,N/A,Not provided,Not provided,0,Not provided,0,Not provided,No database evidence,0.0,Unknown,-1.000,Not provided,Not provided,Not provided,[],[],unknown,No,"{""PM2_Moderate"": 2}",2,VUS,"No ClinVar submissions | No HGMD entry | raw_total=0.000, applied=None",No ClinVar submissions,No HGMD entry,0.000,,,,,PM2_Moderate: gnomAD max AF=0 < threshold 0.0001 for MOI AD,,,,,,,,,,,,No,No,,,Filtered: VUS with <5 points excluded from all reporting paths (auto/manual/delins),,Yes
7132150,7579_2025,chr1,237376542,TG,T,RYR2,AD,c.464-780delG,Not provided,,,,NM_001035.3,7/104,intron_variant,MODIFIER,Het,44,0.477,Catecholaminergic polymorphic ventricular tachycardia,No,,No,Not provided,No,Not provided,Not provided,Not provided,0,Not provided,0,0,N/A,Not provided,Not provided,0,Not provided,0,Not provided,No database evidence,0.0,Unknown,-1.000,Not provided,Not provided,Not provided,[],[],unknown,No,"{""PM2_Moderate"": 2}",2,VUS,"No ClinVar submissions | No HGMD entry | raw_total=0.000, applied=None",No ClinVar submissions,No HGMD entry,0.000,,,,,PM2_Moderate: gnomAD max AF=0 < threshold 0.0001 for MOI AD,,,,,,,,,,,,No,No,,,Filtered: VUS with <5 points excluded from all reporting paths (auto/manual/delins),,Yes
7132150,7579_2025,chr1,237380359,AAT,A,RYR2,AD,c.576+2986_576+2987delTA,Not provided,,,,NM_001035.3,8/104,intron_variant,MODIFIER,Het,72,0.458,Catecholaminergic polymorphic ventricular tachycardia,No,,No,Not provided,No,Not provided,Not provided,Not provided,0,Not provided,0,0,N/A,Not provided,Not provided,0,Not provided,0,Not provided,No database evidence,0.0,Unknown,-1.000,Not provided,Not provided,Not provided,[],[],unknown,No,"{""PM2_Moderate"": 2}",2,VUS,"No ClinVar submissions | No HGMD entry | raw_total=0.000, applied=None",No ClinVar submissions,No HGMD entry,0.000,,,,,PM2_Moderate: gnomAD max AF=0 < threshold 0.0001 for MOI AD,,,,,,,,,,,,No,No,,,Filtered: VUS with <5 points excluded from all reporting paths (auto/manual/delins),,Yes
7132150,7579_2025,chr1,237388413,A,G,RYR2,AD,c.773+230A>G,Not provided,,,,NM_001035.3,10/104,intron_variant,MODIFIER,Het,73,0.534,Catecholaminergic polymorphic ventricular tachycardia,No,,No,Not provided,No,Not provided,Not provided,Not provided,0,Not provided,0,0,N/A,Not provided,Not provided,0,Not provided,0,Not provided,No database evidence,0.0,Unknown,-1.000,Not provided,Not provided,Not provided,[],[],unknown,No,"{""PM2_Moderate"": 2}",2,VUS,"No ClinVar submissions | No HGMD entry | raw_total=0.000, applied=None",No ClinVar submissions,No HGMD entry,0.000,,,,,PM2_Moderate: gnomAD max AF=0 < threshold 0.0001 for MOI AD,,,,,,,,,,,,No,No,,,Filtered: VUS with <5 points excluded from all reporting paths (auto/manual/delins),,Yes
7132150,7579_2025,chr1,237402801,ACT,A,RYR2,AD,c.774-14246_774-14245delTC,Not provided,,,,NM_001035.3,10/104,intron_variant,MODIFIER,Het,58,0.534,Catecholaminergic polymorphic ventricular tachycardia,No,,No,Not provided,No,Not provided,Not provided,Not provided,0,Not provided,0,0,N/A,Not provided,Not provided,0,Not provided,0,Not provided,No database evidence,0.0,Unknown,-1.000,Not provided,Not provided,Not provided,[],[],unknown,No,"{""PM2_Moderate"": 2}",2,VUS,"No ClinVar submissions | No HGMD entry | raw_total=0.000, applied=None",No ClinVar submissions,No HGMD entry,0.000,,,,,PM2_Moderate: gnomAD max AF=0 < threshold 0.0001 for MOI AD,,,,,,,,,,,,No,No,,,Filtered: VUS with <5 points excluded from all reporting paths (auto/manual/delins),,Yes
7132150,7579_2025,chr1,237402895,C,A,RYR2,AD,c.774-14154C>A,Not provided,,,,NM_001035.3,10/104,intron_variant,MODIFIER,Het,61,0.426,Catecholaminergic polymorphic ventricular tachycardia,No,,No,Not provided,No,Not provided,Not provided,Not provided,0,Not provided,0,0,N/A,Not provided,Not provided,0,Not provided,0,Not provided,No database evidence,0.000013,v3,-1.000,Not provided,Not provided,Not provided,[],[],unknown,No,"{""PM2_Moderate"": 2}",2,VUS,"No ClinVar submissions | No HGMD entry | raw_total=0.000, applied=None",No ClinVar submissions,No HGMD entry,0.000,,,,,PM2_Moderate: gnomAD max AF=1.3419e-05 < threshold 0.0001 for MOI AD,,,,,,,,,,,,No,No,,,Cluster id=5 detected (members=chr1:237402895:C:A:7132150;chr1:237402906:T:TGA:7132150) - no Pathogenic/LP present; delins NOT flagged; requires P/LP to consider delins.;Delins/overlap cluster (id=5) detected but not all members meet P/LP or >5pts -> not auto-escalated (possible carrier).;Filtered: VUS with <5 points excluded from all reporting paths (auto/manual/delins),,Yes
7132150,7579_2025,chr1,237402906,T,TGA,RYR2,AD,c.774-14142_774-14141insAG,Not provided,,,,NM_001035.3,10/104,intron_variant,MODIFIER,Het,65,0.446,Catecholaminergic polymorphic ventricular tachycardia,No,,No,Not provided,No,Not provided,Not provided,Not provided,0,Not provided,0,0,N/A,Not provided,Not provided,0,Not provided,0,Not provided,No database evidence,0.000013,v3,-1.000,Not provided,0.000,Not provided,[],[],unknown,No,"{""PM2_Moderate"": 2}",2,VUS,"No ClinVar submissions | No HGMD entry | raw_total=0.000, applied=None",No ClinVar submissions,No HGMD entry,0.000,,,,,PM2_Moderate: gnomAD max AF=1.31505e-05 < threshold 0.0001 for MOI AD,,,,,,,,,,,,No,No,,,Cluster id=5 detected (members=chr1:237402895:C:A:7132150;chr1:237402906:T:TGA:7132150) - no Pathogenic/LP present; delins NOT flagged; requires P/LP to consider delins.;Delins/overlap cluster (id=5) detected but not all members meet P/LP or >5pts -> not auto-escalated (possible carrier).;Filtered: VUS with <5 points excluded from all reporting paths (auto/manual/delins),,Yes
7132150,7579_2025,chr1,237404480,T,C,RYR2,AD,c.774-12569T>C,Not provided,,,,NM_001035.3,10/104,intron_variant,MODIFIER,Het,68,0.426,Catecholaminergic polymorphic ventricular tachycardia,No,,No,Not provided,No,Not provided,Not provided,Not provided,0,Not provided,0,0,N/A,Not provided,Not provided,0,Not provided,0,Not provided,No database evidence,0.0,Unknown,-1.000,Not provided,Not provided,Not provided,[],[],unknown,No,"{""PM2_Moderate"": 2}",2,VUS,"No ClinVar submissions | No HGMD entry | raw_total=0.000, applied=None",No ClinVar submissions,No HGMD entry,0.000,,,,,PM2_Moderate: gnomAD max AF=0 < threshold 0.0001 for MOI AD,,,,,,,,,,,,No,No,,,Filtered: VUS with <5 points excluded from all reporting paths (auto/manual/delins),,Yes
7132150,7579_2025,chr1,237450233,C,T,RYR2,AD,c.1293-4158C>T,Not provided,,,,NM_001035.3,14/104,intron_variant,MODIFIER,Het,57,0.517,Catecholaminergic polymorphic ventricular tachycardia,No,,No,Not provided,No,Not provided,Not provided,Not provided,0,Not provided,0,0,N/A,Not provided,Not provided,0,Not provided,0,Not provided,No database evidence,0.0,Unknown,-1.000,Not provided,Not provided,Not provided,[],[],unknown,No,"{""PM2_Moderate"": 2}",2,VUS,"No ClinVar submissions | No HGMD entry | raw_total=0.000, applied=None",No ClinVar submissions,No HGMD entry,0.000,,,,,PM2_Moderate: gnomAD max AF=0 < threshold 0.0001 for MOI AD,,,,,,,,,,,,No,No,,,Filtered: VUS with <5 points excluded from all reporting paths (auto/manual/delins),,Yes
7132150,7579_2025,chr1,237473442,T,TTC,RYR2,AD,c.1708+4256_1708+4257insCT,Not provided,,,,NM_001035.3,17/104,intron_variant,MODIFIER,Het,32,0.281,Catecholaminergic polymorphic ventricular tachycardia,No,,No,Not provided,No,Not provided,Not provided,Not provided,0,Not provided,0,0,N/A,Not provided,Not provided,0,Not provided,0,Not provided,No database evidence,0.0,Unknown,-1.000,Not provided,0.000,Not provided,[],[],unknown,No,"{""PM2_Moderate"": 2}",2,VUS,"No ClinVar submissions | No HGMD entry | raw_total=0.000, applied=None",No ClinVar submissions,No HGMD entry,0.000,,,,,PM2_Moderate: gnomAD max AF=0 < threshold 0.0001 for MOI AD,,,,,,,,,,,,No,No,,,Filtered: VUS with <5 points excluded from all reporting paths (auto/manual/delins),,Yes
7132150,7579_2025,chr1,237490195,C,T,RYR2,AD,c.1709-1611C>T,Not provided,,,,NM_001035.3,17/104,intron_variant,MODIFIER,Het,59,0.583,Catecholaminergic polymorphic ventricular tachycardia,No,,No,Not provided,No,Not provided,Not provided,Not provided,0,Not provided,0,0,N/A,Not provided,Not provided,0,Not provided,0,Not provided,No database evidence,0.0,Unknown,-1.000,Not provided,Not provided,Not provided,[],[],unknown,No,"{""PM2_Moderate"": 2}",2,VUS,"No ClinVar submissions | No HGMD entry | raw_total=0.000, applied=None",No ClinVar submissions,No HGMD entry,0.000,,,,,PM2_Moderate: gnomAD max AF=0 < threshold 0.0001 for MOI AD,,,,,,,,,,,,No,No,,,Filtered: VUS with <5 points excluded from all reporting paths (auto/manual/delins),,Yes
7132150,7579_2025,chr1,237493533,A,T,RYR2,AD,c.1961+446A>T,Not provided,,,,NM_001035.3,19/104,intron_variant,MODIFIER,Het,58,0.397,Catecholaminergic polymorphic ventricular tachycardia,No,,No,Not provided,No,Not provided,Not provided,Not provided,0,Not provided,0,0,N/A,Not provided,Not provided,0,Not provided,0,Not provided,No database evidence,0.0,Unknown,-1.000,Not provided,Not provided,Not provided,[],[],unknown,No,"{""PM2_Moderate"": 2}",2,VUS,"No ClinVar submissions | No HGMD entry | raw_total=0.000, applied=None",No ClinVar submissions,No HGMD entry,0.000,,,,,PM2_Moderate: gnomAD max AF=0 < threshold 0.0001 for MOI AD,,,,,,,,,,,,No,No,,,Filtered: VUS with <5 points excluded from all reporting paths (auto/manual/delins),,Yes
7132150,7579_2025,chr1,237503777,G,A,RYR2,AD,c.2613+272G>A,Not provided,,,,NM_001035.3,22/104,intron_variant,MODIFIER,Het,50,0.500,Catecholaminergic polymorphic ventricular tachycardia,No,,No,Not provided,No,Not provided,Not provided,Not provided,0,Not provided,0,0,N/A,Not provided,Not provided,0,Not provided,0,Not provided,No database evidence,0.0,Unknown,-1.000,Not provided,Not provided,Not provided,[],[],unknown,No,"{""PM2_Moderate"": 2}",2,VUS,"No ClinVar submissions | No HGMD entry | raw_total=0.000, applied=None",No ClinVar submissions,No HGMD entry,0.000,,,,,PM2_Moderate: gnomAD max AF=0 < threshold 0.0001 for MOI AD,,,,,,,,,,,,No,No,,,Filtered: VUS with <5 points excluded from all reporting paths (auto/manual/delins),,Yes
7132150,7579_2025,chr1,237530310,C,CAA,RYR2,AD,c.2823-103_2823-102dupAA,Not provided,,,,NM_001035.3,24/104,intron_variant,MODIFIER,Het,54,0.370,Catecholaminergic polymorphic ventricular tachycardia,No,,No,Not provided,No,Not provided,Not provided,Not provided,0,Not provided,0,0,N/A,Not provided,Not provided,0,Not provided,0,Not provided,No database evidence,0.0,Unknown,-1.000,Not provided,0.000,Not provided,[],[],unknown,No,"{""PM2_Moderate"": 2}",2,VUS,"No ClinVar submissions | No HGMD entry | raw_total=0.000, applied=None",No ClinVar submissions,No HGMD entry,0.000,,,,,PM2_Moderate: gnomAD max AF=0 < threshold 0.0001 for MOI AD,,,,,,,,,,,,No,No,,,Filtered: VUS with <5 points excluded from all reporting paths (auto/manual/delins),,Yes
7132150,7579_2025,chr1,237605975,G,A,RYR2,AD,c.4683+3864G>A,Not provided,,,,NM_001035.3,35/104,intron_variant,MODIFIER,Het,47,0.362,Catecholaminergic polymorphic ventricular tachycardia,No,,No,Not provided,No,Not provided,Not provided,Not provided,0,Not provided,0,0,N/A,Not provided,Not provided,0,Not provided,0,Not provided,No database evidence,0.0,Unknown,-1.000,Not provided,Not provided,Not provided,[],[],unknown,No,"{""PM2_Moderate"": 2}",2,VUS,"No ClinVar submissions | No HGMD entry | raw_total=0.000, applied=None",No ClinVar submissions,No HGMD entry,0.000,,,,,PM2_Moderate: gnomAD max AF=0 < threshold 0.0001 for MOI AD,,,,,,,,,,,,No,No,,,Filtered: VUS with <5 points excluded from all reporting paths (auto/manual/delins),,Yes
7132150,7579_2025,chr1,237612025,T,A,RYR2,AD,c.4910+1037T>A,Not provided,,,,NM_001035.3,36/104,intron_variant,MODIFIER,Het,68,0.456,Catecholaminergic polymorphic ventricular tachycardia,No,,No,Not provided,No,Not provided,Not provided,Not provided,0,Not provided,0,0,N/A,Not provided,Not provided,0,Not provided,0,Not provided,No database evidence,0.000066,v3,-1.000,Not provided,Not provided,Not provided,[],[],unknown,No,"{""PM2_Moderate"": 2}",2,VUS,"No ClinVar submissions | No HGMD entry | raw_total=0.000, applied=None",No ClinVar submissions,No HGMD entry,0.000,,,,,PM2_Moderate: gnomAD max AF=6.57307e-05 < threshold 0.0001 for MOI AD,,,,,,,,,,,,No,No,,,Filtered: VUS with <5 points excluded from all reporting paths (auto/manual/delins),,Yes
7132150,7579_2025,chr1,237623375,C,G,RYR2,AD,c.5917-390C>G,Not provided,,,,NM_001035.3,38/104,intron_variant,MODIFIER,Het,15,0.400,Catecholaminergic polymorphic ventricular tachycardia,No,,No,Not provided,No,Not provided,Not provided,Not provided,0,Not provided,0,0,N/A,Not provided,Not provided,0,Not provided,0,Not provided,No database evidence,0.0,Unknown,-1.000,Not provided,Not provided,Not provided,[],[],unknown,No,"{""PM2_Moderate"": 2}",2,VUS,"No ClinVar submissions | No HGMD entry | raw_total=0.000, applied=None",No ClinVar submissions,No HGMD entry,0.000,,,,,PM2_Moderate: gnomAD max AF=0 < threshold 0.0001 for MOI AD,,,,,,,,,,,,No,No,,,Cluster id=7 detected (members=chr1:237623375:C:G:7132150;chr1:237623379:C:G:7132150;chr1:237623383:CTTT:C:7132150) - no Pathogenic/LP present; delins NOT flagged; requires P/LP to consider delins.;Delins/overlap cluster (id=7) detected but not all members meet P/LP or >5pts -> not auto-escalated (possible carrier).;Filtered: VUS with <5 points excluded from all reporting paths (auto/manual/delins),,Yes
7132150,7579_2025,chr1,237623379,C,G,RYR2,AD,c.5917-386C>G,Not provided,,,,NM_001035.3,38/104,intron_variant,MODIFIER,Het,16,0.375,Catecholaminergic polymorphic ventricular tachycardia,No,,No,Not provided,No,Not provided,Not provided,Not provided,0,Not provided,0,0,N/A,Not provided,Not provided,0,Not provided,0,Not provided,No database evidence,0.0,Unknown,-1.000,Not provided,Not provided,Not provided,[],[],unknown,No,"{""PM2_Moderate"": 2}",2,VUS,"No ClinVar submissions | No HGMD entry | raw_total=0.000, applied=None",No ClinVar submissions,No HGMD entry,0.000,,,,,PM2_Moderate: gnomAD max AF=0 < threshold 0.0001 for MOI AD,,,,,,,,,,,,No,No,,,Cluster id=7 detected (members=chr1:237623375:C:G:7132150;chr1:237623379:C:G:7132150;chr1:237623383:CTTT:C:7132150) - no Pathogenic/LP present; delins NOT flagged; requires P/LP to consider delins.;Delins/overlap cluster (id=7) detected but not all members meet P/LP or >5pts -> not auto-escalated (possible carrier).;Filtered: VUS with <5 points excluded from all reporting paths (auto/manual/delins),,Yes
7132150,7579_2025,chr1,237623383,CTTT,C,RYR2,AD,c.5917-359_5917-357delTTT,Not provided,,,,NM_001035.3,38/104,intron_variant,MODIFIER,Het,16,0.500,Catecholaminergic polymorphic ventricular tachycardia,No,,No,Not provided,No,Not provided,Not provided,Not provided,0,Not provided,0,0,N/A,Not provided,Not provided,0,Not provided,0,Not provided,No database evidence,0.000055,v3,-1.000,Not provided,Not provided,Not provided,[],[],unknown,No,"{""PM2_Moderate"": 2}",2,VUS,"No ClinVar submissions | No HGMD entry | raw_total=0.000, applied=None",No ClinVar submissions,No HGMD entry,0.000,,,,,PM2_Moderate: gnomAD max AF=5.51258e-05 < threshold 0.0001 for MOI AD,,,,,,,,,,,,No,No,,,Cluster id=7 detected (members=chr1:237623375:C:G:7132150;chr1:237623379:C:G:7132150;chr1:237623383:CTTT:C:7132150) - no Pathogenic/LP present; delins NOT flagged; requires P/LP to consider delins.;Delins/overlap cluster (id=7) detected but not all members meet P/LP or >5pts -> not auto-escalated (possible carrier).;Filtered: VUS with <5 points excluded from all reporting paths (auto/manual/delins),,Yes
7132150,7579_2025,chr1,237626562,C,T,RYR2,AD,c.6166+758C>T,Not provided,,,,NM_001035.3,40/104,intron_variant,MODIFIER,Het,11,0.273,Catecholaminergic polymorphic ventricular tachycardia,No,,No,Not provided,No,Not provided,Not provided,Not provided,0,Not provided,0,0,N/A,Not provided,Not provided,0,Not provided,0,Not provided,No database evidence,0.000086,v3,-1.000,Not provided,Not provided,Not provided,[],[],unknown,No,"{""PM2_Moderate"": 2}",2,VUS,"No ClinVar submissions | No HGMD entry | raw_total=0.000, applied=None",No ClinVar submissions,No HGMD entry,0.000,,,,,PM2_Moderate: gnomAD max AF=8.58959e-05 < threshold 0.0001 for MOI AD,,,,,,,,,,,,No,No,,,Filtered: VUS with <5 points excluded from all reporting paths (auto/manual/delins),,Yes
7132150,7579_2025,chr1,237631408,C,T,RYR2,AD,c.6441-19C>T,Not provided,,,,NM_001035.3,41/104,intron_variant,MODIFIER,Het,39,0.462,Catecholaminergic polymorphic ventricular tachycardia,No,,Yes,Catecholaminergic polymorphic ventricular tachycardia 1,No,Not provided,Catecholaminergic polymorphic ventricular tachycardia 1,benign,1,Benign,1,1,conditions_csv_phenotype_match,Not provided,Not provided,0,Not provided,0,Not provided,ClinVar: Sig=benign; ClinVar: Trait=Catecholaminergic polymorphic ventricular tachycardia 1,0.0,Unknown,-1.000,Not provided,Not provided,Not provided,[],[],unknown,No,"{""PM2_Moderate"": 2, ""BP5ext_Moderate"": -2}",0,VUS,"sig=benign (-3 points), stars=1 (0.75 coef), clinvar_phenotype_match=Yes, clin=-2.250 | No HGMD entry | raw_total=-2.250, applied=BP5ext_Moderate","sig=benign (-3 points), stars=1 (0.75 coef), clinvar_phenotype_match=Yes, clin=-2.250",No HGMD entry,-2.250,BP5ext_Moderate,,,,PM2_Moderate: gnomAD max AF=0 < threshold 0.0001 for MOI AD,,,,,,,,,,,,No,No,,,Filtered: VUS with <5 points excluded from all reporting paths (auto/manual/delins),,Yes
7132150,7579_2025,chr1,237631843,T,C,RYR2,AD,c.6555+302T>C,Not provided,,,,NM_001035.3,42/104,intron_variant,MODIFIER,Het,35,0.571,Catecholaminergic polymorphic ventricular tachycardia,No,,No,Not provided,No,Not provided,Not provided,Not provided,0,Not provided,0,0,N/A,Not provided,Not provided,0,Not provided,0,Not provided,No database evidence,0.0,Unknown,-1.000,Not provided,Not provided,Not provided,[],[],unknown,No,"{""PM2_Moderate"": 2}",2,VUS,"No ClinVar submissions | No HGMD entry | raw_total=0.000, applied=None",No ClinVar submissions,No HGMD entry,0.000,,,,,PM2_Moderate: gnomAD max AF=0 < threshold 0.0001 for MOI AD,,,,,,,,,,,,No,No,,,Filtered: VUS with <5 points excluded from all reporting paths (auto/manual/delins),,Yes
7132150,7579_2025,chr1,237641475,T,C,RYR2,AD,c.7221+473T>C,Not provided,,,,NM_001035.3,47/104,intron_variant,MODIFIER,Het,14,0.214,Catecholaminergic polymorphic ventricular tachycardia,No,,No,Not provided,No,Not provided,Not provided,Not provided,0,Not provided,0,0,N/A,Not provided,Not provided,0,Not provided,0,Not provided,No database evidence,0.0,Unknown,-1.000,Not provided,Not provided,Not provided,[],[],unknown,No,"{""PM2_Moderate"": 2}",2,VUS,"No ClinVar submissions | No HGMD entry | raw_total=0.000, applied=None",No ClinVar submissions,No HGMD entry,0.000,,,,,PM2_Moderate: gnomAD max AF=0 < threshold 0.0001 for MOI AD,,,,,,,,,,,,No,No,,,Cluster id=8 detected (members=chr1:237641475:T:C:7132150;chr1:237641477:C:T:7132150) - no Pathogenic/LP present; delins NOT flagged; requires P/LP to consider delins.;Delins/overlap cluster (id=8) detected but not all members meet P/LP or >5pts -> not auto-escalated (possible carrier).;Filtered: VUS with <5 points excluded from all reporting paths (auto/manual/delins),,Yes
7132150,7579_2025,chr1,237641477,C,T,RYR2,AD,c.7221+475C>T,Not provided,,,,NM_001035.3,47/104,intron_variant,MODIFIER,Het,11,0.273,Catecholaminergic polymorphic ventricular tachycardia,No,,No,Not provided,No,Not provided,Not provided,Not provided,0,Not provided,0,0,N/A,Not provided,Not provided,0,Not provided,0,Not provided,No database evidence,0.0,Unknown,-1.000,Not provided,Not provided,Not provided,[],[],unknown,No,"{""PM2_Moderate"": 2}",2,VUS,"No ClinVar submissions | No HGMD entry | raw_total=0.000, applied=None",No ClinVar submissions,No HGMD entry,0.000,,,,,PM2_Moderate: gnomAD max AF=0 < threshold 0.0001 for MOI AD,,,,,,,,,,,,No,No,,,Cluster id=8 detected (members=chr1:237641475:T:C:7132150;chr1:237641477:C:T:7132150) - no Pathogenic/LP present; delins NOT flagged; requires P/LP to consider delins.;Delins/overlap cluster (id=8) detected but not all members meet P/LP or >5pts -> not auto-escalated (possible carrier).;Filtered: VUS with <5 points excluded from all reporting paths (auto/manual/delins),,Yes
7132150,7579_2025,chr1,237648435,C,T,RYR2,AD,c.7343-9C>T,Not provided,,,,NM_001035.3,48/104,intron_variant,MODIFIER,Het,80,0.488,Catecholaminergic polymorphic ventricular tachycardia,No,,Yes,Catecholaminergic polymorphic ventricular tachycardia 1;C1832931:Arrhythmogenic right ventricular dysplasia 2;C5542154:Ventricular arrhythmias due to cardiac ryanodine receptor calcium release deficiency syndrome;Catecholaminergic polymorphic ventricular tachycardia 1;na:RYR2-related disorder;Cardiomyopathy;Catecholaminergic polymorphic ventricular tachycardia,No,Not provided,Catecholaminergic polymorphic ventricular tachycardia 1;C1832931:Arrhythmogenic right ventricular dysplasia 2;C5542154:Ventricular arrhythmias due to cardiac ryanodine receptor calcium release deficiency syndrome;Catecholaminergic polymorphic ventricular tachycardia 1;na:RYR2-related disorder;Cardiomyopathy;Catecholaminergic polymorphic ventricular tachycardia,likely benign;benign;likely benign;benign;benign,1;1;1;1;1,Likely benign,1,1,conditions_csv_phenotype_match,Not provided,Not provided,0,Not provided,0,Not provided,ClinVar: Sig=likely benign;benign;likely benign;benign;benign; ClinVar: Trait=Catecholaminergic polymorphic ventricular tachycardia 1;C1832931:Arrhythmogenic right ventricular dysplasia 2;C5542154:Ventricular arrhythmias due to cardiac ryanodine receptor calcium release deficiency syndrome;Catecholaminergic polymorphic ventricular tachycardia 1;na:RYR2-related disorder;Cardiomyopathy;Catecholaminergic polymorphic ventricular tachycardia,0.0,Unknown,-1.000,Not provided,Not provided,Not provided,[],[],unknown,No,"{""PM2_Moderate"": 2, ""BP5ext_Moderate"": -2}",0,VUS,"sig=benign (-3 points), stars=1 (0.75 coef), clinvar_phenotype_match=Yes, clin=-2.250 | No HGMD entry | raw_total=-2.250, applied=BP5ext_Moderate","sig=benign (-3 points), stars=1 (0.75 coef), clinvar_phenotype_match=Yes, clin=-2.250",No HGMD entry,-2.250,BP5ext_Moderate,,,,PM2_Moderate: gnomAD max AF=0 < threshold 0.0001 for MOI AD,,,,,,,,,,,,No,No,,,Filtered: VUS with <5 points excluded from all reporting paths (auto/manual/delins),,Yes
7132150,7579_2025,chr1,237689366,G,T,RYR2,AD,c.9067+1862G>T,Not provided,,,,NM_001035.3,63/104,intron_variant,MODIFIER,Het,63,0.492,Catecholaminergic polymorphic ventricular tachycardia,No,,No,Not provided,No,Not provided,Not provided,Not provided,0,Not provided,0,0,N/A,Not provided,Not provided,0,Not provided,0,Not provided,No database evidence,0.0,Unknown,-1.000,Not provided,Not provided,Not provided,[],[],unknown,No,"{""PM2_Moderate"": 2}",2,VUS,"No ClinVar submissions | No HGMD entry | raw_total=0.000, applied=None",No ClinVar submissions,No HGMD entry,0.000,,,,,PM2_Moderate: gnomAD max AF=0 < threshold 0.0001 for MOI AD,,,,,,,,,,,,No,No,,,Filtered: VUS with <5 points excluded from all reporting paths (auto/manual/delins),,Yes
7132150,7579_2025,chr1,237704736,CA,C,RYR2,AD,c.9450-468delA,Not provided,,,,NM_001035.3,66/104,intron_variant,MODIFIER,Het,38,0.395,Catecholaminergic polymorphic ventricular tachycardia,No,,No,Not provided,No,Not provided,Not provided,Not provided,0,Not provided,0,0,N/A,Not provided,Not provided,0,Not provided,0,Not provided,No database evidence,0.0,Unknown,-1.000,Not provided,Not provided,Not provided,[],[],unknown,No,"{""PM2_Moderate"": 2}",2,VUS,"No ClinVar submissions | No HGMD entry | raw_total=0.000, applied=None",No ClinVar submissions,No HGMD entry,0.000,,,,,PM2_Moderate: gnomAD max AF=0 < threshold 0.0001 for MOI AD,,,,,,,,,,,,No,No,,,Filtered: VUS with <5 points excluded from all reporting paths (auto/manual/delins),,Yes
7132150,7579_2025,chr1,237733273,G,A,RYR2,AD,c.11040-432G>A,Not provided,,,,NM_001035.3,78/104,intron_variant,MODIFIER,Het,45,0.511,Catecholaminergic polymorphic ventricular tachycardia,No,,No,Not provided,No,Not provided,Not provided,Not provided,0,Not provided,0,0,N/A,Not provided,Not provided,0,Not provided,0,Not provided,No database evidence,0.0,Unknown,-1.000,Not provided,Not provided,Not provided,[],[],unknown,No,"{""PM2_Moderate"": 2}",2,VUS,"No ClinVar submissions | No HGMD entry | raw_total=0.000, applied=None",No ClinVar submissions,No HGMD entry,0.000,,,,,PM2_Moderate: gnomAD max AF=0 < threshold 0.0001 for MOI AD,,,,,,,,,,,,No,No,,,Filtered: VUS with <5 points excluded from all reporting paths (auto/manual/delins),,Yes
7132150,7579_2025,chr1,237760930,G,GT,RYR2,AD,c.11403-16dupT,Not provided,,,,NM_001035.3,83/104,intron_variant,MODIFIER,Het,52,0.538,Catecholaminergic polymorphic ventricular tachycardia,No,,No,Not provided,No,Not provided,Not provided,Not provided,0,Not provided,0,0,N/A,Not provided,Not provided,0,Not provided,0,Not provided,No database evidence,0.0,Unknown,-1.000,Not provided,Not provided,Not provided,[],[],unknown,No,"{""PM2_Moderate"": 2}",2,VUS,"No ClinVar submissions | No HGMD entry | raw_total=0.000, applied=None",No ClinVar submissions,No HGMD entry,0.000,,,,,PM2_Moderate: gnomAD max AF=0 < threshold 0.0001 for MOI AD,,,,,,,,,,,,No,No,,,Filtered: VUS with <5 points excluded from all reporting paths (auto/manual/delins),,Yes
7132150,7579_2025,chr1,237787530,T,TG,RYR2,AD,c.13329-457dupG,Not provided,,,,NM_001035.3,91/104,intron_variant,MODIFIER,Het,45,0.489,Catecholaminergic polymorphic ventricular tachycardia,No,,No,Not provided,No,Not provided,Not provided,Not provided,0,Not provided,0,0,N/A,Not provided,Not provided,0,Not provided,0,Not provided,No database evidence,0.0,Unknown,-1.000,Not provided,Not provided,Not provided,[],[],unknown,No,"{""PM2_Moderate"": 2}",2,VUS,"No ClinVar submissions | No HGMD entry | raw_total=0.000, applied=None",No ClinVar submissions,No HGMD entry,0.000,,,,,PM2_Moderate: gnomAD max AF=0 < threshold 0.0001 for MOI AD,,,,,,,,,,,,No,No,,,Filtered: VUS with <5 points excluded from all reporting paths (auto/manual/delins),,Yes
7132150,7579_2025,chr1,237805576,G,T,RYR2,AD,c.14152-561G>T,Not provided,,,,NM_001035.3,98/104,intron_variant,MODIFIER,Het,39,0.436,Catecholaminergic polymorphic ventricular tachycardia,No,,No,Not provided,No,Not provided,Not provided,Not provided,0,Not provided,0,0,N/A,Not provided,Not provided,0,Not provided,0,Not provided,No database evidence,0.0,Unknown,-1.000,Not provided,Not provided,Not provided,[],[],unknown,No,"{""PM2_Moderate"": 2}",2,VUS,"No ClinVar submissions | No HGMD entry | raw_total=0.000, applied=None",No ClinVar submissions,No HGMD entry,0.000,,,,,PM2_Moderate: gnomAD max AF=0 < threshold 0.0001 for MOI AD,,,,,,,,,,,,No,No,,,Cluster id=9 detected (members=chr1:237805576:G:T:7132150;chr1:237805580:C:T:7132150;chr1:237805581:A:T:7132150;chr1:237805582:A:T:7132150;chr1:237805593:A:T:7132150;chr1:237805595:A:T:7132150;chr1:237805594:A:T:7132150;chr1:237805591:A:T:7132150;chr1:237805589:A:T:7132150;chr1:237805584:A:T:7132150;chr1:237805585:A:T:7132150;chr1:237805596:A:T:7132150;chr1:237805586:A:T:7132150;chr1:237805592:A:T:7132150;chr1:237805588:A:T:7132150;chr1:237805587:A:T:7132150;chr1:237805598:A:G:7132150;chr1:237805597:A:T:7132150;chr1:237805590:A:T:7132150;chr1:237805583:A:T:7132150) - no Pathogenic/LP present; delins NOT flagged; requires P/LP to consider delins.;Delins/overlap cluster (id=9) detected but not all members meet P/LP or >5pts -> not auto-escalated (possible carrier).;Filtered: VUS with <5 points excluded from all reporting paths (auto/manual/delins),,Yes
7132150,7579_2025,chr1,237805580,C,T,RYR2,AD,c.14152-557C>T,Not provided,,,,NM_001035.3,98/104,intron_variant,MODIFIER,Het,37,0.351,Catecholaminergic polymorphic ventricular tachycardia,No,,No,Not provided,No,Not provided,Not provided,Not provided,0,Not provided,0,0,N/A,Not provided,Not provided,0,Not provided,0,Not provided,No database evidence,0.0,Unknown,-1.000,Not provided,Not provided,Not provided,[],[],unknown,No,"{""PM2_Moderate"": 2}",2,VUS,"No ClinVar submissions | No HGMD entry | raw_total=0.000, applied=None",No ClinVar submissions,No HGMD entry,0.000,,,,,PM2_Moderate: gnomAD max AF=0 < threshold 0.0001 for MOI AD,,,,,,,,,,,,No,No,,,Cluster id=9 detected (members=chr1:237805576:G:T:7132150;chr1:237805580:C:T:7132150;chr1:237805581:A:T:7132150;chr1:237805582:A:T:7132150;chr1:237805593:A:T:7132150;chr1:237805595:A:T:7132150;chr1:237805594:A:T:7132150;chr1:237805591:A:T:7132150;chr1:237805589:A:T:7132150;chr1:237805584:A:T:7132150;chr1:237805585:A:T:7132150;chr1:237805596:A:T:7132150;chr1:237805586:A:T:7132150;chr1:237805592:A:T:7132150;chr1:237805588:A:T:7132150;chr1:237805587:A:T:7132150;chr1:237805598:A:G:7132150;chr1:237805597:A:T:7132150;chr1:237805590:A:T:7132150;chr1:237805583:A:T:7132150) - no Pathogenic/LP present; delins NOT flagged; requires P/LP to consider delins.;Delins/overlap cluster (id=9) detected but not all members meet P/LP or >5pts -> not auto-escalated (possible carrier).;Filtered: VUS with <5 points excluded from all reporting paths (auto/manual/delins),,Yes
7132150,7579_2025,chr1,237805581,A,T,RYR2,AD,c.14152-556A>T,Not provided,,,,NM_001035.3,98/104,intron_variant,MODIFIER,Het,37,0.351,Catecholaminergic polymorphic ventricular tachycardia,No,,No,Not provided,No,Not provided,Not provided,Not provided,0,Not provided,0,0,N/A,Not provided,Not provided,0,Not provided,0,Not provided,No database evidence,0.0,Unknown,-1.000,Not provided,Not provided,Not provided,[],[],unknown,No,"{""PM2_Moderate"": 2}",2,VUS,"No ClinVar submissions | No HGMD entry | raw_total=0.000, applied=None",No ClinVar submissions,No HGMD entry,0.000,,,,,PM2_Moderate: gnomAD max AF=0 < threshold 0.0001 for MOI AD,,,,,,,,,,,,No,No,,,Cluster id=9 detected (members=chr1:237805576:G:T:7132150;chr1:237805580:C:T:7132150;chr1:237805581:A:T:7132150;chr1:237805582:A:T:7132150;chr1:237805593:A:T:7132150;chr1:237805595:A:T:7132150;chr1:237805594:A:T:7132150;chr1:237805591:A:T:7132150;chr1:237805589:A:T:7132150;chr1:237805584:A:T:7132150;chr1:237805585:A:T:7132150;chr1:237805596:A:T:7132150;chr1:237805586:A:T:7132150;chr1:237805592:A:T:7132150;chr1:237805588:A:T:7132150;chr1:237805587:A:T:7132150;chr1:237805598:A:G:7132150;chr1:237805597:A:T:7132150;chr1:237805590:A:T:7132150;chr1:237805583:A:T:7132150) - no Pathogenic/LP present; delins NOT flagged; requires P/LP to consider delins.;Delins/overlap cluster (id=9) detected but not all members meet P/LP or >5pts -> not auto-escalated (possible carrier).;Filtered: VUS with <5 points excluded from all reporting paths (auto/manual/delins),,Yes
7132150,7579_2025,chr1,237805582,A,T,RYR2,AD,c.14152-555A>T,Not provided,,,,NM_001035.3,98/104,intron_variant,MODIFIER,Het,37,0.351,Catecholaminergic polymorphic ventricular tachycardia,No,,No,Not provided,No,Not provided,Not provided,Not provided,0,Not provided,0,0,N/A,Not provided,Not provided,0,Not provided,0,Not provided,No database evidence,0.0,Unknown,-1.000,Not provided,Not provided,Not provided,[],[],unknown,No,"{""PM2_Moderate"": 2}",2,VUS,"No ClinVar submissions | No HGMD entry | raw_total=0.000, applied=None",No ClinVar submissions,No HGMD entry,0.000,,,,,PM2_Moderate: gnomAD max AF=0 < threshold 0.0001 for MOI AD,,,,,,,,,,,,No,No,,,Cluster id=9 detected (members=chr1:237805576:G:T:7132150;chr1:237805580:C:T:7132150;chr1:237805581:A:T:7132150;chr1:237805582:A:T:7132150;chr1:237805593:A:T:7132150;chr1:237805595:A:T:7132150;chr1:237805594:A:T:7132150;chr1:237805591:A:T:7132150;chr1:237805589:A:T:7132150;chr1:237805584:A:T:7132150;chr1:237805585:A:T:7132150;chr1:237805596:A:T:7132150;chr1:237805586:A:T:7132150;chr1:237805592:A:T:7132150;chr1:237805588:A:T:7132150;chr1:237805587:A:T:7132150;chr1:237805598:A:G:7132150;chr1:237805597:A:T:7132150;chr1:237805590:A:T:7132150;chr1:237805583:A:T:7132150) - no Pathogenic/LP present; delins NOT flagged; requires P/LP to consider delins.;Delins/overlap cluster (id=9) detected but not all members meet P/LP or >5pts -> not auto-escalated (possible carrier).;Filtered: VUS with <5 points excluded from all reporting paths (auto/manual/delins),,Yes
7132150,7579_2025,chr1,237805583,A,T,RYR2,AD,c.14152-554A>T,Not provided,,,,NM_001035.3,98/104,intron_variant,MODIFIER,Het,37,0.351,Catecholaminergic polymorphic ventricular tachycardia,No,,No,Not provided,No,Not provided,Not provided,Not provided,0,Not provided,0,0,N/A,Not provided,Not provided,0,Not provided,0,Not provided,No database evidence,0.0,Unknown,-1.000,Not provided,Not provided,Not provided,[],[],unknown,No,"{""PM2_Moderate"": 2}",2,VUS,"No ClinVar submissions | No HGMD entry | raw_total=0.000, applied=None",No ClinVar submissions,No HGMD entry,0.000,,,,,PM2_Moderate: gnomAD max AF=0 < threshold 0.0001 for MOI AD,,,,,,,,,,,,No,No,,,Cluster id=9 detected (members=chr1:237805576:G:T:7132150;chr1:237805580:C:T:7132150;chr1:237805581:A:T:7132150;chr1:237805582:A:T:7132150;chr1:237805593:A:T:7132150;chr1:237805595:A:T:7132150;chr1:237805594:A:T:7132150;chr1:237805591:A:T:7132150;chr1:237805589:A:T:7132150;chr1:237805584:A:T:7132150;chr1:237805585:A:T:7132150;chr1:237805596:A:T:7132150;chr1:237805586:A:T:7132150;chr1:237805592:A:T:7132150;chr1:237805588:A:T:7132150;chr1:237805587:A:T:7132150;chr1:237805598:A:G:7132150;chr1:237805597:A:T:7132150;chr1:237805590:A:T:7132150;chr1:237805583:A:T:7132150) - no Pathogenic/LP present; delins NOT flagged; requires P/LP to consider delins.;Delins/overlap cluster (id=9) detected but not all members meet P/LP or >5pts -> not auto-escalated (possible carrier).;Filtered: VUS with <5 points excluded from all reporting paths (auto/manual/delins),,Yes
7132150,7579_2025,chr1,237805584,A,T,RYR2,AD,c.14152-553A>T,Not provided,,,,NM_001035.3,98/104,intron_variant,MODIFIER,Het,37,0.351,Catecholaminergic polymorphic ventricular tachycardia,No,,No,Not provided,No,Not provided,Not provided,Not provided,0,Not provided,0,0,N/A,Not provided,Not provided,0,Not provided,0,Not provided,No database evidence,0.0,Unknown,-1.000,Not provided,Not provided,Not provided,[],[],unknown,No,"{""PM2_Moderate"": 2}",2,VUS,"No ClinVar submissions | No HGMD entry | raw_total=0.000, applied=None",No ClinVar submissions,No HGMD entry,0.000,,,,,PM2_Moderate: gnomAD max AF=0 < threshold 0.0001 for MOI AD,,,,,,,,,,,,No,No,,,Cluster id=9 detected (members=chr1:237805576:G:T:7132150;chr1:237805580:C:T:7132150;chr1:237805581:A:T:7132150;chr1:237805582:A:T:7132150;chr1:237805593:A:T:7132150;chr1:237805595:A:T:7132150;chr1:237805594:A:T:7132150;chr1:237805591:A:T:7132150;chr1:237805589:A:T:7132150;chr1:237805584:A:T:7132150;chr1:237805585:A:T:7132150;chr1:237805596:A:T:7132150;chr1:237805586:A:T:7132150;chr1:237805592:A:T:7132150;chr1:237805588:A:T:7132150;chr1:237805587:A:T:7132150;chr1:237805598:A:G:7132150;chr1:237805597:A:T:7132150;chr1:237805590:A:T:7132150;chr1:237805583:A:T:7132150) - no Pathogenic/LP present; delins NOT flagged; requires P/LP to consider delins.;Delins/overlap cluster (id=9) detected but not all members meet P/LP or >5pts -> not auto-escalated (possible carrier).;Filtered: VUS with <5 points excluded from all reporting paths (auto/manual/delins),,Yes
7132150,7579_2025,chr1,237805585,A,T,RYR2,AD,c.14152-552A>T,Not provided,,,,NM_001035.3,98/104,intron_variant,MODIFIER,Het,37,0.351,Catecholaminergic polymorphic ventricular tachycardia,No,,No,Not provided,No,Not provided,Not provided,Not provided,0,Not provided,0,0,N/A,Not provided,Not provided,0,Not provided,0,Not provided,No database evidence,0.0,Unknown,-1.000,Not provided,Not provided,Not provided,[],[],unknown,No,"{""PM2_Moderate"": 2}",2,VUS,"No ClinVar submissions | No HGMD entry | raw_total=0.000, applied=None",No ClinVar submissions,No HGMD entry,0.000,,,,,PM2_Moderate: gnomAD max AF=0 < threshold 0.0001 for MOI AD,,,,,,,,,,,,No,No,,,Cluster id=9 detected (members=chr1:237805576:G:T:7132150;chr1:237805580:C:T:7132150;chr1:237805581:A:T:7132150;chr1:237805582:A:T:7132150;chr1:237805593:A:T:7132150;chr1:237805595:A:T:7132150;chr1:237805594:A:T:7132150;chr1:237805591:A:T:7132150;chr1:237805589:A:T:7132150;chr1:237805584:A:T:7132150;chr1:237805585:A:T:7132150;chr1:237805596:A:T:7132150;chr1:237805586:A:T:7132150;chr1:237805592:A:T:7132150;chr1:237805588:A:T:7132150;chr1:237805587:A:T:7132150;chr1:237805598:A:G:7132150;chr1:237805597:A:T:7132150;chr1:237805590:A:T:7132150;chr1:237805583:A:T:7132150) - no Pathogenic/LP present; delins NOT flagged; requires P/LP to consider delins.;Delins/overlap cluster (id=9) detected but not all members meet P/LP or >5pts -> not auto-escalated (possible carrier).;Filtered: VUS with <5 points excluded from all reporting paths (auto/manual/delins),,Yes
7132150,7579_2025,chr1,237805586,A,T,RYR2,AD,c.14152-551A>T,Not provided,,,,NM_001035.3,98/104,intron_variant,MODIFIER,Het,37,0.351,Catecholaminergic polymorphic ventricular tachycardia,No,,No,Not provided,No,Not provided,Not provided,Not provided,0,Not provided,0,0,N/A,Not provided,Not provided,0,Not provided,0,Not provided,No database evidence,0.0,Unknown,-1.000,Not provided,Not provided,Not provided,[],[],unknown,No,"{""PM2_Moderate"": 2}",2,VUS,"No ClinVar submissions | No HGMD entry | raw_total=0.000, applied=None",No ClinVar submissions,No HGMD entry,0.000,,,,,PM2_Moderate: gnomAD max AF=0 < threshold 0.0001 for MOI AD,,,,,,,,,,,,No,No,,,Cluster id=9 detected (members=chr1:237805576:G:T:7132150;chr1:237805580:C:T:7132150;chr1:237805581:A:T:7132150;chr1:237805582:A:T:7132150;chr1:237805593:A:T:7132150;chr1:237805595:A:T:7132150;chr1:237805594:A:T:7132150;chr1:237805591:A:T:7132150;chr1:237805589:A:T:7132150;chr1:237805584:A:T:7132150;chr1:237805585:A:T:7132150;chr1:237805596:A:T:7132150;chr1:237805586:A:T:7132150;chr1:237805592:A:T:7132150;chr1:237805588:A:T:7132150;chr1:237805587:A:T:7132150;chr1:237805598:A:G:7132150;chr1:237805597:A:T:7132150;chr1:237805590:A:T:7132150;chr1:237805583:A:T:7132150) - no Pathogenic/LP present; delins NOT flagged; requires P/LP to consider delins.;Delins/overlap cluster (id=9) detected but not all members meet P/LP or >5pts -> not auto-escalated (possible carrier).;Filtered: VUS with <5 points excluded from all reporting paths (auto/manual/delins),,Yes
7132150,7579_2025,chr1,237805587,A,T,RYR2,AD,c.14152-550A>T,Not provided,,,,NM_001035.3,98/104,intron_variant,MODIFIER,Het,37,0.351,Catecholaminergic polymorphic ventricular tachycardia,No,,No,Not provided,No,Not provided,Not provided,Not provided,0,Not provided,0,0,N/A,Not provided,Not provided,0,Not provided,0,Not provided,No database evidence,0.0,Unknown,-1.000,Not provided,Not provided,Not provided,[],[],unknown,No,"{""PM2_Moderate"": 2}",2,VUS,"No ClinVar submissions | No HGMD entry | raw_total=0.000, applied=None",No ClinVar submissions,No HGMD entry,0.000,,,,,PM2_Moderate: gnomAD max AF=0 < threshold 0.0001 for MOI AD,,,,,,,,,,,,No,No,,,Cluster id=9 detected (members=chr1:237805576:G:T:7132150;chr1:237805580:C:T:7132150;chr1:237805581:A:T:7132150;chr1:237805582:A:T:7132150;chr1:237805593:A:T:7132150;chr1:237805595:A:T:7132150;chr1:237805594:A:T:7132150;chr1:237805591:A:T:7132150;chr1:237805589:A:T:7132150;chr1:237805584:A:T:7132150;chr1:237805585:A:T:7132150;chr1:237805596:A:T:7132150;chr1:237805586:A:T:7132150;chr1:237805592:A:T:7132150;chr1:237805588:A:T:7132150;chr1:237805587:A:T:7132150;chr1:237805598:A:G:7132150;chr1:237805597:A:T:7132150;chr1:237805590:A:T:7132150;chr1:237805583:A:T:7132150) - no Pathogenic/LP present; delins NOT flagged; requires P/LP to consider delins.;Delins/overlap cluster (id=9) detected but not all members meet P/LP or >5pts -> not auto-escalated (possible carrier).;Filtered: VUS with <5 points excluded from all reporting paths (auto/manual/delins),,Yes
7132150,7579_2025,chr1,237805588,A,T,RYR2,AD,c.14152-549A>T,Not provided,,,,NM_001035.3,98/104,intron_variant,MODIFIER,Het,38,0.342,Catecholaminergic polymorphic ventricular tachycardia,No,,No,Not provided,No,Not provided,Not provided,Not provided,0,Not provided,0,0,N/A,Not provided,Not provided,0,Not provided,0,Not provided,No database evidence,0.0,Unknown,-1.000,Not provided,Not provided,Not provided,[],[],unknown,No,"{""PM2_Moderate"": 2}",2,VUS,"No ClinVar submissions | No HGMD entry | raw_total=0.000, applied=None",No ClinVar submissions,No HGMD entry,0.000,,,,,PM2_Moderate: gnomAD max AF=0 < threshold 0.0001 for MOI AD,,,,,,,,,,,,No,No,,,Cluster id=9 detected (members=chr1:237805576:G:T:7132150;chr1:237805580:C:T:7132150;chr1:237805581:A:T:7132150;chr1:237805582:A:T:7132150;chr1:237805593:A:T:7132150;chr1:237805595:A:T:7132150;chr1:237805594:A:T:7132150;chr1:237805591:A:T:7132150;chr1:237805589:A:T:7132150;chr1:237805584:A:T:7132150;chr1:237805585:A:T:7132150;chr1:237805596:A:T:7132150;chr1:237805586:A:T:7132150;chr1:237805592:A:T:7132150;chr1:237805588:A:T:7132150;chr1:237805587:A:T:7132150;chr1:237805598:A:G:7132150;chr1:237805597:A:T:7132150;chr1:237805590:A:T:7132150;chr1:237805583:A:T:7132150) - no Pathogenic/LP present; delins NOT flagged; requires P/LP to consider delins.;Delins/overlap cluster (id=9) detected but not all members meet P/LP or >5pts -> not auto-escalated (possible carrier).;Filtered: VUS with <5 points excluded from all reporting paths (auto/manual/delins),,Yes
7132150,7579_2025,chr1,237805589,A,T,RYR2,AD,c.14152-548A>T,Not provided,,,,NM_001035.3,98/104,intron_variant,MODIFIER,Het,39,0.333,Catecholaminergic polymorphic ventricular tachycardia,No,,No,Not provided,No,Not provided,Not provided,Not provided,0,Not provided,0,0,N/A,Not provided,Not provided,0,Not provided,0,Not provided,No database evidence,0.0,Unknown,-1.000,Not provided,Not provided,Not provided,[],[],unknown,No,"{""PM2_Moderate"": 2}",2,VUS,"No ClinVar submissions | No HGMD entry | raw_total=0.000, applied=None",No ClinVar submissions,No HGMD entry,0.000,,,,,PM2_Moderate: gnomAD max AF=0 < threshold 0.0001 for MOI AD,,,,,,,,,,,,No,No,,,Cluster id=9 detected (members=chr1:237805576:G:T:7132150;chr1:237805580:C:T:7132150;chr1:237805581:A:T:7132150;chr1:237805582:A:T:7132150;chr1:237805593:A:T:7132150;chr1:237805595:A:T:7132150;chr1:237805594:A:T:7132150;chr1:237805591:A:T:7132150;chr1:237805589:A:T:7132150;chr1:237805584:A:T:7132150;chr1:237805585:A:T:7132150;chr1:237805596:A:T:7132150;chr1:237805586:A:T:7132150;chr1:237805592:A:T:7132150;chr1:237805588:A:T:7132150;chr1:237805587:A:T:7132150;chr1:237805598:A:G:7132150;chr1:237805597:A:T:7132150;chr1:237805590:A:T:7132150;chr1:237805583:A:T:7132150) - no Pathogenic/LP present; delins NOT flagged; requires P/LP to consider delins.;Delins/overlap cluster (id=9) detected but not all members meet P/LP or >5pts -> not auto-escalated (possible carrier).;Filtered: VUS with <5 points excluded from all reporting paths (auto/manual/delins),,Yes
7132150,7579_2025,chr1,237805590,A,T,RYR2,AD,c.14152-547A>T,Not provided,,,,NM_001035.3,98/104,intron_variant,MODIFIER,Het,38,0.316,Catecholaminergic polymorphic ventricular tachycardia,No,,No,Not provided,No,Not provided,Not provided,Not provided,0,Not provided,0,0,N/A,Not provided,Not provided,0,Not provided,0,Not provided,No database evidence,0.0,Unknown,-1.000,Not provided,Not provided,Not provided,[],[],unknown,No,"{""PM2_Moderate"": 2}",2,VUS,"No ClinVar submissions | No HGMD entry | raw_total=0.000, applied=None",No ClinVar submissions,No HGMD entry,0.000,,,,,PM2_Moderate: gnomAD max AF=0 < threshold 0.0001 for MOI AD,,,,,,,,,,,,No,No,,,Cluster id=9 detected (members=chr1:237805576:G:T:7132150;chr1:237805580:C:T:7132150;chr1:237805581:A:T:7132150;chr1:237805582:A:T:7132150;chr1:237805593:A:T:7132150;chr1:237805595:A:T:7132150;chr1:237805594:A:T:7132150;chr1:237805591:A:T:7132150;chr1:237805589:A:T:7132150;chr1:237805584:A:T:7132150;chr1:237805585:A:T:7132150;chr1:237805596:A:T:7132150;chr1:237805586:A:T:7132150;chr1:237805592:A:T:7132150;chr1:237805588:A:T:7132150;chr1:237805587:A:T:7132150;chr1:237805598:A:G:7132150;chr1:237805597:A:T:7132150;chr1:237805590:A:T:7132150;chr1:237805583:A:T:7132150) - no Pathogenic/LP present; delins NOT flagged; requires P/LP to consider delins.;Delins/overlap cluster (id=9) detected but not all members meet P/LP or >5pts -> not auto-escalated (possible carrier).;Filtered: VUS with <5 points excluded from all reporting paths (auto/manual/delins),,Yes
7132150,7579_2025,chr1,237805591,A,T,RYR2,AD,c.14152-546A>T,Not provided,,,,NM_001035.3,98/104,intron_variant,MODIFIER,Het,39,0.333,Catecholaminergic polymorphic ventricular tachycardia,No,,No,Not provided,No,Not provided,Not provided,Not provided,0,Not provided,0,0,N/A,Not provided,Not provided,0,Not provided,0,Not provided,No database evidence,0.0,Unknown,-1.000,Not provided,Not provided,Not provided,[],[],unknown,No,"{""PM2_Moderate"": 2}",2,VUS,"No ClinVar submissions | No HGMD entry | raw_total=0.000, applied=None",No ClinVar submissions,No HGMD entry,0.000,,,,,PM2_Moderate: gnomAD max AF=0 < threshold 0.0001 for MOI AD,,,,,,,,,,,,No,No,,,Cluster id=9 detected (members=chr1:237805576:G:T:7132150;chr1:237805580:C:T:7132150;chr1:237805581:A:T:7132150;chr1:237805582:A:T:7132150;chr1:237805593:A:T:7132150;chr1:237805595:A:T:7132150;chr1:237805594:A:T:7132150;chr1:237805591:A:T:7132150;chr1:237805589:A:T:7132150;chr1:237805584:A:T:7132150;chr1:237805585:A:T:7132150;chr1:237805596:A:T:7132150;chr1:237805586:A:T:7132150;chr1:237805592:A:T:7132150;chr1:237805588:A:T:7132150;chr1:237805587:A:T:7132150;chr1:237805598:A:G:7132150;chr1:237805597:A:T:7132150;chr1:237805590:A:T:7132150;chr1:237805583:A:T:7132150) - no Pathogenic/LP present; delins NOT flagged; requires P/LP to consider delins.;Delins/overlap cluster (id=9) detected but not all members meet P/LP or >5pts -> not auto-escalated (possible carrier).;Filtered: VUS with <5 points excluded from all reporting paths (auto/manual/delins),,Yes
7132150,7579_2025,chr1,237805592,A,T,RYR2,AD,c.14152-545A>T,Not provided,,,,NM_001035.3,98/104,intron_variant,MODIFIER,Het,40,0.325,Catecholaminergic polymorphic ventricular tachycardia,No,,No,Not provided,No,Not provided,Not provided,Not provided,0,Not provided,0,0,N/A,Not provided,Not provided,0,Not provided,0,Not provided,No database evidence,0.0,Unknown,-1.000,Not provided,Not provided,Not provided,[],[],unknown,No,"{""PM2_Moderate"": 2}",2,VUS,"No ClinVar submissions | No HGMD entry | raw_total=0.000, applied=None",No ClinVar submissions,No HGMD entry,0.000,,,,,PM2_Moderate: gnomAD max AF=0 < threshold 0.0001 for MOI AD,,,,,,,,,,,,No,No,,,Cluster id=9 detected (members=chr1:237805576:G:T:7132150;chr1:237805580:C:T:7132150;chr1:237805581:A:T:7132150;chr1:237805582:A:T:7132150;chr1:237805593:A:T:7132150;chr1:237805595:A:T:7132150;chr1:237805594:A:T:7132150;chr1:237805591:A:T:7132150;chr1:237805589:A:T:7132150;chr1:237805584:A:T:7132150;chr1:237805585:A:T:7132150;chr1:237805596:A:T:7132150;chr1:237805586:A:T:7132150;chr1:237805592:A:T:7132150;chr1:237805588:A:T:7132150;chr1:237805587:A:T:7132150;chr1:237805598:A:G:7132150;chr1:237805597:A:T:7132150;chr1:237805590:A:T:7132150;chr1:237805583:A:T:7132150) - no Pathogenic/LP present; delins NOT flagged; requires P/LP to consider delins.;Delins/overlap cluster (id=9) detected but not all members meet P/LP or >5pts -> not auto-escalated (possible carrier).;Filtered: VUS with <5 points excluded from all reporting paths (auto/manual/delins),,Yes
7132150,7579_2025,chr1,237805593,A,T,RYR2,AD,c.14152-544A>T,Not provided,,,,NM_001035.3,98/104,intron_variant,MODIFIER,Het,40,0.325,Catecholaminergic polymorphic ventricular tachycardia,No,,No,Not provided,No,Not provided,Not provided,Not provided,0,Not provided,0,0,N/A,Not provided,Not provided,0,Not provided,0,Not provided,No database evidence,0.0,Unknown,-1.000,Not provided,Not provided,Not provided,[],[],unknown,No,"{""PM2_Moderate"": 2}",2,VUS,"No ClinVar submissions | No HGMD entry | raw_total=0.000, applied=None",No ClinVar submissions,No HGMD entry,0.000,,,,,PM2_Moderate: gnomAD max AF=0 < threshold 0.0001 for MOI AD,,,,,,,,,,,,No,No,,,Cluster id=9 detected (members=chr1:237805576:G:T:7132150;chr1:237805580:C:T:7132150;chr1:237805581:A:T:7132150;chr1:237805582:A:T:7132150;chr1:237805593:A:T:7132150;chr1:237805595:A:T:7132150;chr1:237805594:A:T:7132150;chr1:237805591:A:T:7132150;chr1:237805589:A:T:7132150;chr1:237805584:A:T:7132150;chr1:237805585:A:T:7132150;chr1:237805596:A:T:7132150;chr1:237805586:A:T:7132150;chr1:237805592:A:T:7132150;chr1:237805588:A:T:7132150;chr1:237805587:A:T:7132150;chr1:237805598:A:G:7132150;chr1:237805597:A:T:7132150;chr1:237805590:A:T:7132150;chr1:237805583:A:T:7132150) - no Pathogenic/LP present; delins NOT flagged; requires P/LP to consider delins.;Delins/overlap cluster (id=9) detected but not all members meet P/LP or >5pts -> not auto-escalated (possible carrier).;Filtered: VUS with <5 points excluded from all reporting paths (auto/manual/delins),,Yes
7132150,7579_2025,chr1,237805594,A,T,RYR2,AD,c.14152-543A>T,Not provided,,,,NM_001035.3,98/104,intron_variant,MODIFIER,Het,40,0.325,Catecholaminergic polymorphic ventricular tachycardia,No,,No,Not provided,No,Not provided,Not provided,Not provided,0,Not provided,0,0,N/A,Not provided,Not provided,0,Not provided,0,Not provided,No database evidence,0.0,Unknown,-1.000,Not provided,Not provided,Not provided,[],[],unknown,No,"{""PM2_Moderate"": 2}",2,VUS,"No ClinVar submissions | No HGMD entry | raw_total=0.000, applied=None",No ClinVar submissions,No HGMD entry,0.000,,,,,PM2_Moderate: gnomAD max AF=0 < threshold 0.0001 for MOI AD,,,,,,,,,,,,No,No,,,Cluster id=9 detected (members=chr1:237805576:G:T:7132150;chr1:237805580:C:T:7132150;chr1:237805581:A:T:7132150;chr1:237805582:A:T:7132150;chr1:237805593:A:T:7132150;chr1:237805595:A:T:7132150;chr1:237805594:A:T:7132150;chr1:237805591:A:T:7132150;chr1:237805589:A:T:7132150;chr1:237805584:A:T:7132150;chr1:237805585:A:T:7132150;chr1:237805596:A:T:7132150;chr1:237805586:A:T:7132150;chr1:237805592:A:T:7132150;chr1:237805588:A:T:7132150;chr1:237805587:A:T:7132150;chr1:237805598:A:G:7132150;chr1:237805597:A:T:7132150;chr1:237805590:A:T:7132150;chr1:237805583:A:T:7132150) - no Pathogenic/LP present; delins NOT flagged; requires P/LP to consider delins.;Delins/overlap cluster (id=9) detected but not all members meet P/LP or >5pts -> not auto-escalated (possible carrier).;Filtered: VUS with <5 points excluded from all reporting paths (auto/manual/delins),,Yes
7132150,7579_2025,chr1,237805595,A,T,RYR2,AD,c.14152-542A>T,Not provided,,,,NM_001035.3,98/104,intron_variant,MODIFIER,Het,40,0.325,Catecholaminergic polymorphic ventricular tachycardia,No,,No,Not provided,No,Not provided,Not provided,Not provided,0,Not provided,0,0,N/A,Not provided,Not provided,0,Not provided,0,Not provided,No database evidence,0.0,Unknown,-1.000,Not provided,Not provided,Not provided,[],[],unknown,No,"{""PM2_Moderate"": 2}",2,VUS,"No ClinVar submissions | No HGMD entry | raw_total=0.000, applied=None",No ClinVar submissions,No HGMD entry,0.000,,,,,PM2_Moderate: gnomAD max AF=0 < threshold 0.0001 for MOI AD,,,,,,,,,,,,No,No,,,Cluster id=9 detected (members=chr1:237805576:G:T:7132150;chr1:237805580:C:T:7132150;chr1:237805581:A:T:7132150;chr1:237805582:A:T:7132150;chr1:237805593:A:T:7132150;chr1:237805595:A:T:7132150;chr1:237805594:A:T:7132150;chr1:237805591:A:T:7132150;chr1:237805589:A:T:7132150;chr1:237805584:A:T:7132150;chr1:237805585:A:T:7132150;chr1:237805596:A:T:7132150;chr1:237805586:A:T:7132150;chr1:237805592:A:T:7132150;chr1:237805588:A:T:7132150;chr1:237805587:A:T:7132150;chr1:237805598:A:G:7132150;chr1:237805597:A:T:7132150;chr1:237805590:A:T:7132150;chr1:237805583:A:T:7132150) - no Pathogenic/LP present; delins NOT flagged; requires P/LP to consider delins.;Delins/overlap cluster (id=9) detected but not all members meet P/LP or >5pts -> not auto-escalated (possible carrier).;Filtered: VUS with <5 points excluded from all reporting paths (auto/manual/delins),,Yes
7132150,7579_2025,chr1,237805596,A,T,RYR2,AD,c.14152-541A>T,Not provided,,,,NM_001035.3,98/104,intron_variant,MODIFIER,Het,40,0.325,Catecholaminergic polymorphic ventricular tachycardia,No,,No,Not provided,No,Not provided,Not provided,Not provided,0,Not provided,0,0,N/A,Not provided,Not provided,0,Not provided,0,Not provided,No database evidence,0.0,Unknown,-1.000,Not provided,Not provided,Not provided,[],[],unknown,No,"{""PM2_Moderate"": 2}",2,VUS,"No ClinVar submissions | No HGMD entry | raw_total=0.000, applied=None",No ClinVar submissions,No HGMD entry,0.000,,,,,PM2_Moderate: gnomAD max AF=0 < threshold 0.0001 for MOI AD,,,,,,,,,,,,No,No,,,Cluster id=9 detected (members=chr1:237805576:G:T:7132150;chr1:237805580:C:T:7132150;chr1:237805581:A:T:7132150;chr1:237805582:A:T:7132150;chr1:237805593:A:T:7132150;chr1:237805595:A:T:7132150;chr1:237805594:A:T:7132150;chr1:237805591:A:T:7132150;chr1:237805589:A:T:7132150;chr1:237805584:A:T:7132150;chr1:237805585:A:T:7132150;chr1:237805596:A:T:7132150;chr1:237805586:A:T:7132150;chr1:237805592:A:T:7132150;chr1:237805588:A:T:7132150;chr1:237805587:A:T:7132150;chr1:237805598:A:G:7132150;chr1:237805597:A:T:7132150;chr1:237805590:A:T:7132150;chr1:237805583:A:T:7132150) - no Pathogenic/LP present; delins NOT flagged; requires P/LP to consider delins.;Delins/overlap cluster (id=9) detected but not all members meet P/LP or >5pts -> not auto-escalated (possible carrier).;Filtered: VUS with <5 points excluded from all reporting paths (auto/manual/delins),,Yes
7132150,7579_2025,chr1,237805597,A,T,RYR2,AD,c.14152-540A>T,Not provided,,,,NM_001035.3,98/104,intron_variant,MODIFIER,Het,40,0.325,Catecholaminergic polymorphic ventricular tachycardia,No,,No,Not provided,No,Not provided,Not provided,Not provided,0,Not provided,0,0,N/A,Not provided,Not provided,0,Not provided,0,Not provided,No database evidence,0.000010,v3,-1.000,Not provided,Not provided,Not provided,[],[],unknown,No,"{""PM2_Moderate"": 2}",2,VUS,"No ClinVar submissions | No HGMD entry | raw_total=0.000, applied=None",No ClinVar submissions,No HGMD entry,0.000,,,,,PM2_Moderate: gnomAD max AF=9.82762e-06 < threshold 0.0001 for MOI AD,,,,,,,,,,,,No,No,,,Cluster id=9 detected (members=chr1:237805576:G:T:7132150;chr1:237805580:C:T:7132150;chr1:237805581:A:T:7132150;chr1:237805582:A:T:7132150;chr1:237805593:A:T:7132150;chr1:237805595:A:T:7132150;chr1:237805594:A:T:7132150;chr1:237805591:A:T:7132150;chr1:237805589:A:T:7132150;chr1:237805584:A:T:7132150;chr1:237805585:A:T:7132150;chr1:237805596:A:T:7132150;chr1:237805586:A:T:7132150;chr1:237805592:A:T:7132150;chr1:237805588:A:T:7132150;chr1:237805587:A:T:7132150;chr1:237805598:A:G:7132150;chr1:237805597:A:T:7132150;chr1:237805590:A:T:7132150;chr1:237805583:A:T:7132150) - no Pathogenic/LP present; delins NOT flagged; requires P/LP to consider delins.;Delins/overlap cluster (id=9) detected but not all members meet P/LP or >5pts -> not auto-escalated (possible carrier).;Filtered: VUS with <5 points excluded from all reporting paths (auto/manual/delins),,Yes
7132150,7579_2025,chr1,237805598,A,G,RYR2,AD,c.14152-539A>G,Not provided,,,,NM_001035.3,98/104,intron_variant,MODIFIER,Het,39,0.333,Catecholaminergic polymorphic ventricular tachycardia,No,,No,Not provided,No,Not provided,Not provided,Not provided,0,Not provided,0,0,N/A,Not provided,Not provided,0,Not provided,0,Not provided,No database evidence,0.0,Unknown,-1.000,Not provided,Not provided,Not provided,[],[],unknown,No,"{""PM2_Moderate"": 2}",2,VUS,"No ClinVar submissions | No HGMD entry | raw_total=0.000, applied=None",No ClinVar submissions,No HGMD entry,0.000,,,,,PM2_Moderate: gnomAD max AF=0 < threshold 0.0001 for MOI AD,,,,,,,,,,,,No,No,,,Cluster id=9 detected (members=chr1:237805576:G:T:7132150;chr1:237805580:C:T:7132150;chr1:237805581:A:T:7132150;chr1:237805582:A:T:7132150;chr1:237805593:A:T:7132150;chr1:237805595:A:T:7132150;chr1:237805594:A:T:7132150;chr1:237805591:A:T:7132150;chr1:237805589:A:T:7132150;chr1:237805584:A:T:7132150;chr1:237805585:A:T:7132150;chr1:237805596:A:T:7132150;chr1:237805586:A:T:7132150;chr1:237805592:A:T:7132150;chr1:237805588:A:T:7132150;chr1:237805587:A:T:7132150;chr1:237805598:A:G:7132150;chr1:237805597:A:T:7132150;chr1:237805590:A:T:7132150;chr1:237805583:A:T:7132150) - no Pathogenic/LP present; delins NOT flagged; requires P/LP to consider delins.;Delins/overlap cluster (id=9) detected but not all members meet P/LP or >5pts -> not auto-escalated (possible carrier).;Filtered: VUS with <5 points excluded from all reporting paths (auto/manual/delins),,Yes
7132150,7579_2025,chr1,237807459,C,G,RYR2,AD,c.14298+1176C>G,Not provided,,,,NM_001035.3,99/104,intron_variant,MODIFIER,Het,49,0.551,Catecholaminergic polymorphic ventricular tachycardia,No,,No,Not provided,No,Not provided,Not provided,Not provided,0,Not provided,0,0,N/A,Not provided,Not provided,0,Not provided,0,Not provided,No database evidence,0.0,Unknown,-1.000,Not provided,Not provided,Not provided,[],[],unknown,No,"{""PM2_Moderate"": 2}",2,VUS,"No ClinVar submissions | No HGMD entry | raw_total=0.000, applied=None",No ClinVar submissions,No HGMD entry,0.000,,,,,PM2_Moderate: gnomAD max AF=0 < threshold 0.0001 for MOI AD,,,,,,,,,,,,No,No,,,Filtered: VUS with <5 points excluded from all reporting paths (auto/manual/delins),,Yes
7132150,7579_2025,chr1,237827807,T,G,RYR2,AD,c.14591-574T>G,Not provided,,,,NM_001035.3,101/104,intron_variant,MODIFIER,Het,19,0.789,Catecholaminergic polymorphic ventricular tachycardia,No,,No,Not provided,No,Not provided,Not provided,Not provided,0,Not provided,0,0,N/A,Not provided,Not provided,0,Not provided,0,Not provided,No database evidence,0.0,Unknown,-1.000,Not provided,Not provided,Not provided,[],[],unknown,No,"{""PM2_Moderate"": 2}",2,VUS,"No ClinVar submissions | No HGMD entry | raw_total=0.000, applied=None",No ClinVar submissions,No HGMD entry,0.000,,,,,PM2_Moderate: gnomAD max AF=0 < threshold 0.0001 for MOI AD,,,,,,,,,,,,No,No,,,Filtered: VUS with <5 points excluded from all reporting paths (auto/manual/delins),,Yes
7132150,7579_2025,chr1,237827915,T,C,RYR2,AD,c.14591-466T>C,Not provided,,,,NM_001035.3,101/104,intron_variant,MODIFIER,Het,28,0.500,Catecholaminergic polymorphic ventricular tachycardia,No,,No,Not provided,No,Not provided,Not provided,Not provided,0,Not provided,0,0,N/A,Not provided,Not provided,0,Not provided,0,Not provided,No database evidence,0.0,Unknown,-1.000,Not provided,Not provided,Not provided,[],[],unknown,No,"{""PM2_Moderate"": 2}",2,VUS,"No ClinVar submissions | No HGMD entry | raw_total=0.000, applied=None",No ClinVar submissions,No HGMD entry,0.000,,,,,PM2_Moderate: gnomAD max AF=0 < threshold 0.0001 for MOI AD,,,,,,,,,,,,No,No,,,Filtered: VUS with <5 points excluded from all reporting paths (auto/manual/delins),,Yes
7132150,7579_2025,chr10,43075944,CG,C,RET,AD,c.-1314delG,Not provided,,,,NM_020630.6,,upstream_gene_variant,MODIFIER,Het,71,0.563,Familial medullary thyroid cancer; Multiple endocrine neoplasia type 2A; Multiple endocrine neoplasia type 2B,No,,No,Not provided,No,Not provided,Not provided,Not provided,0,Not provided,0,0,N/A,Not provided,Not provided,0,Not provided,0,Not provided,No database evidence,0.0,Unknown,-1.000,Not provided,Not provided,Not provided,[],[],unknown,No,"{""PM2_Moderate"": 2}",2,VUS,"No ClinVar submissions | No HGMD entry | raw_total=0.000, applied=None",No ClinVar submissions,No HGMD entry,0.000,,,,,PM2_Moderate: gnomAD max AF=0 < threshold 0.0001 for MOI AD,,,,,,,,,,,,No,No,,,Filtered: VUS with <5 points excluded from all reporting paths (auto/manual/delins),,Yes
7132150,7579_2025,chr10,43103083,AGT,A,RET,AD,c.625+458_625+459delTG,Not provided,,,,NM_020630.6,3/18,intron_variant,MODIFIER,Het,53,0.611,Familial medullary thyroid cancer; Multiple endocrine neoplasia type 2A; Multiple endocrine neoplasia type 2B,No,,No,Not provided,No,Not provided,Not provided,Not provided,0,Not provided,0,0,N/A,Not provided,Not provided,0,Not provided,0,Not provided,No database evidence,0.000007,v3,-1.000,Not provided,Not provided,Not provided,[],[],unknown,No,"{""PM2_Moderate"": 2}",2,VUS,"No ClinVar submissions | No HGMD entry | raw_total=0.000, applied=None",No ClinVar submissions,No HGMD entry,0.000,,,,,PM2_Moderate: gnomAD max AF=6.56961e-06 < threshold 0.0001 for MOI AD,,,,,,,,,,,,No,No,,,Filtered: VUS with <5 points excluded from all reporting paths (auto/manual/delins),,Yes
7132150,7579_2025,chr10,43116418,G,A,RET,AD,c.2137-166G>A,Not provided,,,,NM_020630.6,11/18,intron_variant,MODIFIER,Het,80,0.562,Familial medullary thyroid cancer; Multiple endocrine neoplasia type 2A; Multiple endocrine neoplasia type 2B,No,,No,Not provided,No,Not provided,Not provided,Not provided,0,Not provided,0,0,N/A,Not provided,Not provided,0,Not provided,0,Not provided,No database evidence,0.0,Unknown,-1.000,Not provided,Not provided,Not provided,[],[],unknown,No,"{""PM2_Moderate"": 2}",2,VUS,"No ClinVar submissions | No HGMD entry | raw_total=0.000, applied=None",No ClinVar submissions,No HGMD entry,0.000,,,,,PM2_Moderate: gnomAD max AF=0 < threshold 0.0001 for MOI AD,,,,,,,,,,,,No,No,,,Filtered: VUS with <5 points excluded from all reporting paths (auto/manual/delins),,Yes
7132150,7579_2025,chr10,43124838,C,T,RET,AD,c.2940-45C>T,Not provided,,,,NM_020630.6,17/18,intron_variant,MODIFIER,Het,87,0.540,Familial medullary thyroid cancer; Multiple endocrine neoplasia type 2A; Multiple endocrine neoplasia type 2B,No,,No,Not provided,No,Not provided,Not provided,Not provided,0,Not provided,0,0,N/A,Not provided,Not provided,0,Not provided,0,Not provided,No database evidence,0.0,Unknown,-1.000,Not provided,Not provided,Not provided,[],[],unknown,No,"{""PM2_Moderate"": 2}",2,VUS,"No ClinVar submissions | No HGMD entry | raw_total=0.000, applied=None",No ClinVar submissions,No HGMD entry,0.000,,,,,PM2_Moderate: gnomAD max AF=0 < threshold 0.0001 for MOI AD,,,,,,,,,,,,No,No,,,Filtered: VUS with <5 points excluded from all reporting paths (auto/manual/delins),,Yes
7132150,7579_2025,chr10,86790162,C,CAAAAA,BMPR1A,AD,c.-268+33266_-268+33270dupAAAAA,Not provided,,,,NM_004329.3,1/12,intron_variant,MODIFIER,Het,12,0.250,Juvenile polyposis syndrome,No,,No,Not provided,No,Not provided,Not provided,Not provided,0,Not provided,0,0,N/A,Not provided,Not provided,0,Not provided,0,Not provided,No database evidence,0.0,Unknown,-1.000,Not provided,0.000,Not provided,[],[],unknown,No,"{""PM2_Moderate"": 2}",2,VUS,"No ClinVar submissions | No HGMD entry | raw_total=0.000, applied=None",No ClinVar submissions,No HGMD entry,0.000,,,,,PM2_Moderate: gnomAD max AF=0 < threshold 0.0001 for MOI AD,,,,,,,,,,,,No,No,,,Filtered: VUS with <5 points excluded from all reporting paths (auto/manual/delins),,Yes
7132150,7579_2025,chr10,86792623,CTG,C,BMPR1A,AD,c.-268+35706_-268+35707delGT,Not provided,,,,NM_004329.3,1/12,intron_variant,MODIFIER,Het,71,0.521,Juvenile polyposis syndrome,No,,No,Not provided,No,Not provided,Not provided,Not provided,0,Not provided,0,0,N/A,Not provided,Not provided,0,Not provided,0,Not provided,No database evidence,0.0,Unknown,-1.000,Not provided,Not provided,Not provided,[],[],unknown,No,"{""PM2_Moderate"": 2}",2,VUS,"No ClinVar submissions | No HGMD entry | raw_total=0.000, applied=None",No ClinVar submissions,No HGMD entry,0.000,,,,,PM2_Moderate: gnomAD max AF=0 < threshold 0.0001 for MOI AD,,,,,,,,,,,,No,No,,,Filtered: VUS with <5 points excluded from all reporting paths (auto/manual/delins),,Yes
7132150,7579_2025,chr10,86815286,A,T,BMPR1A,AD,c.-267-23579A>T,Not provided,,,,NM_004329.3,1/12,intron_variant,MODIFIER,Het,59,0.559,Juvenile polyposis syndrome,No,,No,Not provided,No,Not provided,Not provided,Not provided,0,Not provided,0,0,N/A,Not provided,Not provided,0,Not provided,0,Not provided,No database evidence,0.0,Unknown,-1.000,Not provided,Not provided,Not provided,[],[],unknown,No,"{""PM2_Moderate"": 2}",2,VUS,"No ClinVar submissions | No HGMD entry | raw_total=0.000, applied=None",No ClinVar submissions,No HGMD entry,0.000,,,,,PM2_Moderate: gnomAD max AF=0 < threshold 0.0001 for MOI AD,,,,,,,,,,,,No,No,,,Filtered: VUS with <5 points excluded from all reporting paths (auto/manual/delins),,Yes
7132150,7579_2025,chr10,87863494,G,C,PTEN,AD,c.-456G>C,Not provided,,,,NM_001304717.5,,upstream_gene_variant,MODIFIER,Het,44,0.455,PTEN hamartoma tumor syndrome,No,,Yes,Seizure;Hereditary cancer-predisposing syndrome;Hereditary cancer-predisposing syndrome;PTEN hamartoma tumor syndrome,No,Not provided,Seizure;Hereditary cancer-predisposing syndrome;Hereditary cancer-predisposing syndrome;PTEN hamartoma tumor syndrome,uncertain significance;likely benign;uncertain significance;likely benign,0;0;0;0,Uncertain significance,0,0,conditions_csv_phenotype_match,Not provided,Not provided,0,Not provided,0,Not provided,ClinVar: Sig=uncertain significance;likely benign;uncertain significance;likely benign; ClinVar: Trait=Seizure;Hereditary cancer-predisposing syndrome;Hereditary cancer-predisposing syndrome;PTEN hamartoma tumor syndrome,0.0,Unknown,-1.000,Not provided,Not provided,Not provided,[],[],unknown,No,"{""PM2_Moderate"": 2, ""BP5ext_Moderate"": -2}",0,VUS,"sig=likely benign (-2 points), stars=3 (1.25 coef), clinvar_phenotype_match=Yes, clin=-2.500 | No HGMD entry | raw_total=-2.500, applied=BP5ext_Moderate","sig=likely benign (-2 points), stars=3 (1.25 coef), clinvar_phenotype_match=Yes, clin=-2.500",No HGMD entry,-2.500,BP5ext_Moderate,,,,PM2_Moderate: gnomAD max AF=0 < threshold 0.0001 for MOI AD,,,,,,,,,,,,No,No,,,Database conflict (ClinVar): Benign vs VUS detected -> conservative -1 point applied (info in comments).;Filtered: VUS with <5 points excluded from all reporting paths (auto/manual/delins),,Yes
7132150,7579_2025,chr10,87956686,T,C,PTEN,AD,c.1154-1167T>C,Not provided,,,,NM_001304717.5,7/9,intron_variant,MODIFIER,Het,52,0.365,PTEN hamartoma tumor syndrome,No,,No,Not provided,No,Not provided,Not provided,Not provided,0,Not provided,0,0,N/A,Not provided,Not provided,0,Not provided,0,Not provided,No database evidence,0.0,Unknown,-1.000,Not provided,Not provided,Not provided,[],[],unknown,No,"{""PM2_Moderate"": 2}",2,VUS,"No ClinVar submissions | No HGMD entry | raw_total=0.000, applied=None",No ClinVar submissions,No HGMD entry,0.000,,,,,PM2_Moderate: gnomAD max AF=0 < threshold 0.0001 for MOI AD,,,,,,,,,,,,No,No,,,Filtered: VUS with <5 points excluded from all reporting paths (auto/manual/delins),,Yes
7132150,7579_2025,chr10,88962965,AT,A,ACTA2,AD,c.-23-14013delA,Not provided,,,,NM_001141945.2,1/8,intron_variant,MODIFIER,Het,56,0.357,Familial thoracic aortic aneurysm,Yes,"No include rule matched; rules require explicit inclusion (whitelist);Include if Impact is ""MODERATE"" or ""LOW"";No include rule matched; rules require explicit inclusion (whitelist);Include if Impact is ""MODERATE"" or ""LOW"";No include rule matched; rules require explicit inclusion (whitelist);Include if Impact is ""MODERATE"" or ""LOW""",No,Not provided,No,Not provided,Not provided,Not provided,0,Not provided,0,0,N/A,Not provided,Not provided,0,Not provided,0,Not provided,No database evidence,0.0,Unknown,-1.000,Not provided,Not provided,Not provided,[],[],unknown,No,"{""PM2_Moderate"": 2}",2,VUS,"No ClinVar submissions | No HGMD entry | raw_total=0.000, applied=None",No ClinVar submissions,No HGMD entry,0.000,,,,,PM2_Moderate: gnomAD max AF=0 < threshold 0.0001 for MOI AD,,,,,,,,,,,,No,No,,,"Filtered: VUS with <5 points excluded from all reporting paths (auto/manual/delins);Filtered by gene 'Rules' (exclude): No include rule matched; rules require explicit inclusion (whitelist); Include if Impact is ""MODERATE"" or ""LOW""","Filtered: VUS with <5 points excluded from all reporting paths (auto/manual/delins);Filtered by gene 'Rules' (exclude): No include rule matched; rules require explicit inclusion (whitelist); Include if Impact is ""MODERATE"" or ""LOW""",Yes
7132150,7579_2025,chr10,88962967,ATAT,A,ACTA2,AD,c.-23-14017_-23-14015delATA,Not provided,,,,NM_001141945.2,1/8,intron_variant,MODIFIER,Het,56,0.357,Familial thoracic aortic aneurysm,Yes,"No include rule matched; rules require explicit inclusion (whitelist);Include if Impact is ""MODERATE"" or ""LOW"";No include rule matched; rules require explicit inclusion (whitelist);Include if Impact is ""MODERATE"" or ""LOW"";No include rule matched; rules require explicit inclusion (whitelist);Include if Impact is ""MODERATE"" or ""LOW""",No,Not provided,No,Not provided,Not provided,Not provided,0,Not provided,0,0,N/A,Not provided,Not provided,0,Not provided,0,Not provided,No database evidence,0.0,Unknown,-1.000,Not provided,Not provided,Not provided,[],[],unknown,No,"{""PM2_Moderate"": 2}",2,VUS,"No ClinVar submissions | No HGMD entry | raw_total=0.000, applied=None",No ClinVar submissions,No HGMD entry,0.000,,,,,PM2_Moderate: gnomAD max AF=0 < threshold 0.0001 for MOI AD,,,,,,,,,,,,No,No,,,"Filtered: VUS with <5 points excluded from all reporting paths (auto/manual/delins);Filtered by gene 'Rules' (exclude): No include rule matched; rules require explicit inclusion (whitelist); Include if Impact is ""MODERATE"" or ""LOW""","Filtered: VUS with <5 points excluded from all reporting paths (auto/manual/delins);Filtered by gene 'Rules' (exclude): No include rule matched; rules require explicit inclusion (whitelist); Include if Impact is ""MODERATE"" or ""LOW""",Yes
7132150,7579_2025,chr10,88983636,AAAACAC,A,ACTA2,AD,c.-24+7297_-24+7302delGTGTTT,Not provided,,,,NM_001141945.2,1/8,intron_variant,MODIFIER,Het,32,0.594,Familial thoracic aortic aneurysm,Yes,"No include rule matched; rules require explicit inclusion (whitelist);Include if Impact is ""MODERATE"" or ""LOW"";No include rule matched; rules require explicit inclusion (whitelist);Include if Impact is ""MODERATE"" or ""LOW"";No include rule matched; rules require explicit inclusion (whitelist);Include if Impact is ""MODERATE"" or ""LOW""",No,Not provided,No,Not provided,Not provided,Not provided,0,Not provided,0,0,N/A,Not provided,Not provided,0,Not provided,0,Not provided,No database evidence,0.0,Unknown,-1.000,Not provided,Not provided,Not provided,[],[],unknown,No,"{""PM2_Moderate"": 2}",2,VUS,"No ClinVar submissions | No HGMD entry | raw_total=0.000, applied=None",No ClinVar submissions,No HGMD entry,0.000,,,,,PM2_Moderate: gnomAD max AF=0 < threshold 0.0001 for MOI AD,,,,,,,,,,,,No,No,,,"Filtered: VUS with <5 points excluded from all reporting paths (auto/manual/delins);Filtered by gene 'Rules' (exclude): No include rule matched; rules require explicit inclusion (whitelist); Include if Impact is ""MODERATE"" or ""LOW""","Filtered: VUS with <5 points excluded from all reporting paths (auto/manual/delins);Filtered by gene 'Rules' (exclude): No include rule matched; rules require explicit inclusion (whitelist); Include if Impact is ""MODERATE"" or ""LOW""",Yes
7132150,7579_2025,chr10,110642207,C,T,RBM20,AD,c.-2248C>T,Not provided,,,,NM_001134363.3,,upstream_gene_variant,MODIFIER,Het,67,0.478,Dliated cardiomyopathy,No,,No,Not provided,No,Not provided,Not provided,Not provided,0,Not provided,0,0,N/A,Not provided,Not provided,0,Not provided,0,Not provided,No database evidence,0.000007,v3,-1.000,Not provided,Not provided,Not provided,[],[],unknown,No,"{""PM2_Moderate"": 2}",2,VUS,"No ClinVar submissions | No HGMD entry | raw_total=0.000, applied=None",No ClinVar submissions,No HGMD entry,0.000,,,,,PM2_Moderate: gnomAD max AF=6.57376e-06 < threshold 0.0001 for MOI AD,,,,,,,,,,,,No,No,,,Filtered: VUS with <5 points excluded from all reporting paths (auto/manual/delins),,Yes
7132150,7579_2025,chr10,110680561,C,T,RBM20,AD,c.191+35916C>T,Not provided,,,,NM_001134363.3,1/13,intron_variant,MODIFIER,Het,60,0.450,Dliated cardiomyopathy,No,,No,Not provided,No,Not provided,Not provided,Not provided,0,Not provided,0,0,N/A,Not provided,Not provided,0,Not provided,0,Not provided,No database evidence,0.0,Unknown,-1.000,Not provided,Not provided,Not provided,[],[],unknown,No,"{""PM2_Moderate"": 2}",2,VUS,"No ClinVar submissions | No HGMD entry | raw_total=0.000, applied=None",No ClinVar submissions,No HGMD entry,0.000,,,,,PM2_Moderate: gnomAD max AF=0 < threshold 0.0001 for MOI AD,,,,,,,,,,,,No,No,,,Filtered: VUS with <5 points excluded from all reporting paths (auto/manual/delins),,Yes
7132150,7579_2025,chr10,110694172,G,C,RBM20,AD,c.191+49527G>C,Not provided,,,,NM_001134363.3,1/13,intron_variant,MODIFIER,Het,56,0.446,Dliated cardiomyopathy,No,,No,Not provided,No,Not provided,Not provided,Not provided,0,Not provided,0,0,N/A,Not provided,Not provided,0,Not provided,0,Not provided,No database evidence,0.0,Unknown,-1.000,Not provided,Not provided,Not provided,[],[],unknown,No,"{""PM2_Moderate"": 2}",2,VUS,"No ClinVar submissions | No HGMD entry | raw_total=0.000, applied=None",No ClinVar submissions,No HGMD entry,0.000,,,,,PM2_Moderate: gnomAD max AF=0 < threshold 0.0001 for MOI AD,,,,,,,,,,,,No,No,,,Filtered: VUS with <5 points excluded from all reporting paths (auto/manual/delins),,Yes
7132150,7579_2025,chr10,110803772,C,T,RBM20,AD,c.1800+3854C>T,Not provided,,,,NM_001134363.3,7/13,intron_variant,MODIFIER,Het,13,0.308,Dliated cardiomyopathy,No,,No,Not provided,No,Not provided,Not provided,Not provided,0,Not provided,0,0,N/A,Not provided,Not provided,0,Not provided,0,Not provided,No database evidence,0.000076,v3,-1.000,Not provided,Not provided,Not provided,[],[],unknown,No,"{""PM2_Moderate"": 2}",2,VUS,"No ClinVar submissions | No HGMD entry | raw_total=0.000, applied=None",No ClinVar submissions,No HGMD entry,0.000,,,,,PM2_Moderate: gnomAD max AF=7.55579e-05 < threshold 0.0001 for MOI AD,,,,,,,,,,,,No,No,,,Filtered: VUS with <5 points excluded from all reporting paths (auto/manual/delins),,Yes
7132150,7579_2025,chr10,110811842,G,A,RBM20,AD,c.1881-436G>A,Not provided,,,,NM_001134363.3,8/13,intron_variant,MODIFIER,Het,77,0.481,Dliated cardiomyopathy,No,,No,Not provided,No,Not provided,Not provided,Not provided,0,Not provided,0,0,N/A,Not provided,Not provided,0,Not provided,0,Not provided,No database evidence,0.000020,v3,-1.000,Not provided,Not provided,Not provided,[],[],unknown,No,"{""PM2_Moderate"": 2}",2,VUS,"No ClinVar submissions | No HGMD entry | raw_total=0.000, applied=None",No ClinVar submissions,No HGMD entry,0.000,,,,,PM2_Moderate: gnomAD max AF=1.97205e-05 < threshold 0.0001 for MOI AD,,,,,,,,,,,,No,No,,,Filtered: VUS with <5 points excluded from all reporting paths (auto/manual/delins),,Yes
7132150,7579_2025,chr10,110817091,T,C,RBM20,AD,c.2551-2981T>C,Not provided,,,,NM_001134363.3,9/13,intron_variant,MODIFIER,Het,76,0.447,Dliated cardiomyopathy,No,,No,Not provided,No,Not provided,Not provided,Not provided,0,Not provided,0,0,N/A,Not provided,Not provided,0,Not provided,0,Not provided,No database evidence,0.0,Unknown,-1.000,Not provided,Not provided,Not provided,[],[],unknown,No,"{""PM2_Moderate"": 2}",2,VUS,"No ClinVar submissions | No HGMD entry | raw_total=0.000, applied=None",No ClinVar submissions,No HGMD entry,0.000,,,,,PM2_Moderate: gnomAD max AF=0 < threshold 0.0001 for MOI AD,,,,,,,,,,,,No,No,,,Filtered: VUS with <5 points excluded from all reporting paths (auto/manual/delins),,Yes
7132150,7579_2025,chr11,2460165,C,G,KCNQ1,AD,c.-1545C>G,Not provided,,,,NM_181798.1,,upstream_gene_variant,MODIFIER,Het,56,0.393,Long-QT syndrome type 1,No,,No,Not provided,No,Not provided,Not provided,Not provided,0,Not provided,0,0,N/A,Not provided,Not provided,0,Not provided,0,Not provided,No database evidence,0.0,Unknown,-1.000,Not provided,Not provided,Not provided,[],[],unknown,No,"{""PM2_Moderate"": 2}",2,VUS,"No ClinVar submissions | No HGMD entry | raw_total=0.000, applied=None",No ClinVar submissions,No HGMD entry,0.000,,,,,PM2_Moderate: gnomAD max AF=0 < threshold 0.0001 for MOI AD,,,,,,,,,,,,No,No,,,Filtered: VUS with <5 points excluded from all reporting paths (auto/manual/delins),,Yes
7132150,7579_2025,chr11,2499533,C,CA,KCNQ1,AD,c.6-28388dupA,Not provided,,,,NM_181798.1,1/15,intron_variant,MODIFIER,Het,40,0.250,Long-QT syndrome type 1,No,,No,Not provided,No,Not provided,Not provided,Not provided,0,Not provided,0,0,N/A,Not provided,Not provided,0,Not provided,0,Not provided,No database evidence,0.0,Unknown,-1.000,Not provided,Not provided,Not provided,[],[],unknown,No,"{""PM2_Moderate"": 2}",2,VUS,"No ClinVar submissions | No HGMD entry | raw_total=0.000, applied=None",No ClinVar submissions,No HGMD entry,0.000,,,,,PM2_Moderate: gnomAD max AF=0 < threshold 0.0001 for MOI AD,,,,,,,,,,,,No,No,,,Filtered: VUS with <5 points excluded from all reporting paths (auto/manual/delins),,Yes
7132150,7579_2025,chr11,2556345,C,T,KCNQ1,AD,c.97-14283C>T,Not provided,,,,NM_181798.1,2/15,intron_variant,MODIFIER,Het,76,0.526,Long-QT syndrome type 1,No,,No,Not provided,No,Not provided,Not provided,Not provided,0,Not provided,0,0,N/A,Not provided,Not provided,0,Not provided,0,Not provided,No database evidence,0.0,Unknown,-1.000,Not provided,Not provided,Not provided,[],[],unknown,No,"{""PM2_Moderate"": 2}",2,VUS,"No ClinVar submissions | No HGMD entry | raw_total=0.000, applied=None",No ClinVar submissions,No HGMD entry,0.000,,,,,PM2_Moderate: gnomAD max AF=0 < threshold 0.0001 for MOI AD,,,,,,,,,,,,No,No,,,Filtered: VUS with <5 points excluded from all reporting paths (auto/manual/delins),,Yes
7132150,7579_2025,chr11,2632138,G,A,KCNQ1,AD,c.1013-29823G>A,Not provided,,,,NM_181798.1,10/15,intron_variant,MODIFIER,Het,44,0.409,Long-QT syndrome type 1,No,,No,Not provided,No,Not provided,Not provided,Not provided,0,Not provided,0,0,N/A,Not provided,Not provided,0,Not provided,0,Not provided,No database evidence,0.0,Unknown,-1.000,Not provided,Not provided,Not provided,[],[],unknown,No,"{""PM2_Moderate"": 2}",2,VUS,"No ClinVar submissions | No HGMD entry | raw_total=0.000, applied=None",No ClinVar submissions,No HGMD entry,0.000,,,,,PM2_Moderate: gnomAD max AF=0 < threshold 0.0001 for MOI AD,,,,,,,,,,,,No,No,,,Filtered: VUS with <5 points excluded from all reporting paths (auto/manual/delins),,Yes
7132150,7579_2025,chr11,2632771,G,C,KCNQ1,AD,c.1013-29190G>C,Not provided,,,,NM_181798.1,10/15,intron_variant,MODIFIER,Het,59,0.424,Long-QT syndrome type 1,No,,No,Not provided,No,Not provided,Not provided,Not provided,0,Not provided,0,0,N/A,Not provided,Not provided,0,Not provided,0,Not provided,No database evidence,0.0,Unknown,-1.000,Not provided,Not provided,Not provided,[],[],unknown,No,"{""PM2_Moderate"": 2}",2,VUS,"No ClinVar submissions | No HGMD entry | raw_total=0.000, applied=None",No ClinVar submissions,No HGMD entry,0.000,,,,,PM2_Moderate: gnomAD max AF=0 < threshold 0.0001 for MOI AD,,,,,,,,,,,,No,No,,,Filtered: VUS with <5 points excluded from all reporting paths (auto/manual/delins),,Yes
7132150,7579_2025,chr11,2703355,C,CAGGT,KCNQ1,AD,c.1133+41275_1133+41278dupAGGT,Not provided,,,,NM_181798.1,11/15,intron_variant,MODIFIER,Het,65,0.477,Long-QT syndrome type 1,No,,No,Not provided,No,Not provided,Not provided,Not provided,0,Not provided,0,0,N/A,Not provided,Not provided,0,Not provided,0,Not provided,No database evidence,0.0,Unknown,-1.000,Not provided,0.090,Not provided,[],[],unknown,No,"{""PM2_Moderate"": 2}",2,VUS,"No ClinVar submissions | No HGMD entry | raw_total=0.000, applied=None",No ClinVar submissions,No HGMD entry,0.000,,,,,PM2_Moderate: gnomAD max AF=0 < threshold 0.0001 for MOI AD,,,,,,,,,,,,No,No,,,Filtered: VUS with <5 points excluded from all reporting paths (auto/manual/delins),,Yes
7132150,7579_2025,chr11,2733844,T,A,KCNQ1,AD,c.1134-35000T>A,Not provided,,,,NM_181798.1,11/15,intron_variant,MODIFIER,Het,18,0.500,Long-QT syndrome type 1,No,,No,Not provided,No,Not provided,Not provided,Not provided,0,Not provided,0,0,N/A,Not provided,Not provided,0,Not provided,0,Not provided,No database evidence,0.0,Unknown,-1.000,Not provided,Not provided,Not provided,[],[],unknown,No,"{""PM2_Moderate"": 2}",2,VUS,"No ClinVar submissions | No HGMD entry | raw_total=0.000, applied=None",No ClinVar submissions,No HGMD entry,0.000,,,,,PM2_Moderate: gnomAD max AF=0 < threshold 0.0001 for MOI AD,,,,,,,,,,,,No,No,,,Filtered: VUS with <5 points excluded from all reporting paths (auto/manual/delins),,Yes
7132150,7579_2025,chr11,2820114,C,A,KCNQ1,AD,c.1414-27653C>A,Not provided,,,,NM_181798.1,15/15,intron_variant,MODIFIER,Het,44,0.409,Long-QT syndrome type 1,No,,No,Not provided,No,Not provided,Not provided,Not provided,0,Not provided,0,0,N/A,Not provided,Not provided,0,Not provided,0,Not provided,No database evidence,0.0,Unknown,-1.000,Not provided,Not provided,Not provided,[],[],unknown,No,"{""PM2_Moderate"": 2}",2,VUS,"No ClinVar submissions | No HGMD entry | raw_total=0.000, applied=None",No ClinVar submissions,No HGMD entry,0.000,,,,,PM2_Moderate: gnomAD max AF=0 < threshold 0.0001 for MOI AD,,,,,,,,,,,,No,No,,,Filtered: VUS with <5 points excluded from all reporting paths (auto/manual/delins),,Yes
7132150,7579_2025,chr11,32417259,A,G,WT1,AD,c.314+318T>C,Not provided,,,,NM_001198552.2,4/8,intron_variant,MODIFIER,Het,77,0.468,WT1-related Wilms tumor,No,,No,Not provided,No,Not provided,Not provided,Not provided,0,Not provided,0,0,N/A,Not provided,Not provided,0,Not provided,0,Not provided,No database evidence,0.0,Unknown,-1.000,Not provided,Not provided,Not provided,[],[],unknown,No,"{""PM2_Moderate"": 2}",2,VUS,"No ClinVar submissions | No HGMD entry | raw_total=0.000, applied=None",No ClinVar submissions,No HGMD entry,0.000,,,,,PM2_Moderate: gnomAD max AF=0 < threshold 0.0001 for MOI AD,,,,,,,,,,,,No,No,,,Filtered: VUS with <5 points excluded from all reporting paths (auto/manual/delins),,Yes
7132150,7579_2025,chr11,32419854,C,T,WT1,AD,c.237-2200G>A,Not provided,,,,NM_001198552.2,3/8,intron_variant,MODIFIER,Het,57,0.544,WT1-related Wilms tumor,No,,No,Not provided,No,Not provided,Not provided,Not provided,0,Not provided,0,0,N/A,Not provided,Not provided,0,Not provided,0,Not provided,No database evidence,0.0,Unknown,-1.000,Not provided,Not provided,Not provided,[],[],unknown,No,"{""PM2_Moderate"": 2}",2,VUS,"No ClinVar submissions | No HGMD entry | raw_total=0.000, applied=None",No ClinVar submissions,No HGMD entry,0.000,,,,,PM2_Moderate: gnomAD max AF=0 < threshold 0.0001 for MOI AD,,,,,,,,,,,,No,No,,,Filtered: VUS with <5 points excluded from all reporting paths (auto/manual/delins),,Yes
7132150,7579_2025,chr11,61429942,C,T,SDHAF2,AD,c.-205C>T,Not provided,,,,NM_017841.4,,upstream_gene_variant,MODIFIER,Het,38,0.500,Hereditary paraganglioma-pheochromocytoma syndrome,No,,No,Not provided,No,Not provided,Not provided,Not provided,0,Not provided,0,0,N/A,Not provided,Not provided,0,Not provided,0,Not provided,No database evidence,0.000007,v3,-1.000,Not provided,Not provided,Not provided,[],[],unknown,No,"{""PM2_Moderate"": 2}",2,VUS,"No ClinVar submissions | No HGMD entry | raw_total=0.000, applied=None",No ClinVar submissions,No HGMD entry,0.000,,,,,PM2_Moderate: gnomAD max AF=6.58363e-06 < threshold 0.0001 for MOI AD,,,,,,,,,,,,No,No,,,Filtered: VUS with <5 points excluded from all reporting paths (auto/manual/delins),,Yes
7132150,7579_2025,chr11,64811350,TATATA,T,MEN1,AD,c.-749_-745delTATAT,Not provided,,,,NM_130799.3,,upstream_gene_variant,MODIFIER,Het,13,0.462,Multiple endocrine neoplasia type 1,No,,No,Not provided,No,Not provided,Not provided,Not provided,0,Not provided,0,0,N/A,Not provided,Not provided,0,Not provided,0,Not provided,No database evidence,0.000034,v3,-1.000,Not provided,Not provided,Not provided,[],[],unknown,No,"{""PM2_Moderate"": 2}",2,VUS,"No ClinVar submissions | No HGMD entry | raw_total=0.000, applied=None",No ClinVar submissions,No HGMD entry,0.000,,,,,PM2_Moderate: gnomAD max AF=3.39789e-05 < threshold 0.0001 for MOI AD,,,,,,,,,,,,No,No,,,Cluster id=12 detected (members=chr11:64811350:TATATA:T:7132150;chr11:64811355:ATTTT:A:7132150) - no Pathogenic/LP present; delins NOT flagged; requires P/LP to consider delins.;Delins/overlap cluster (id=12) detected but not all members meet P/LP or >5pts -> not auto-escalated (possible carrier).;Filtered: VUS with <5 points excluded from all reporting paths (auto/manual/delins),,Yes
7132150,7579_2025,chr12,32895193,A,G,PKP2,AD,c.223+1316T>C,Not provided,,,,NM_004572.4,1/13,intron_variant,MODIFIER,Het,78,0.449,Arrhythmogenic right ventricular cardiomyopathy,No,,No,Not provided,No,Not provided,Not provided,Not provided,0,Not provided,0,0,N/A,Not provided,Not provided,0,Not provided,0,Not provided,No database evidence,0.000014,v3,-1.000,Not provided,Not provided,Not provided,[],[],unknown,No,"{""PM2_Moderate"": 2}",2,VUS,"No ClinVar submissions | No HGMD entry | raw_total=0.000, applied=None",No ClinVar submissions,No HGMD entry,0.000,,,,,PM2_Moderate: gnomAD max AF=1.38173e-05 < threshold 0.0001 for MOI AD,,,,,,,,,,,,No,No,,,Filtered: VUS with <5 points excluded from all reporting paths (auto/manual/delins),,Yes
7132150,7579_2025,chr12,51922555,A,T,ACVRL1,AD,c.*1662A>T,Not provided,,,,NM_001077401.2,9/9,3_prime_UTR_variant,MODIFIER,Het,81,0.432,Hereditary hemorrhagic telangiectasia,No,,Yes,"Telangiectasia, hereditary hemorrhagic, type 2",No,Not provided,"Telangiectasia, hereditary hemorrhagic, type 2",uncertain significance,1,Uncertain significance,1,1,conditions_csv_phenotype_match,Not provided,Not provided,0,Not provided,0,Not provided,"ClinVar: Sig=uncertain significance; ClinVar: Trait=Telangiectasia, hereditary hemorrhagic, type 2",0.0,Unknown,-1.000,Not provided,Not provided,Not provided,[],[],unknown,No,"{""PM2_Moderate"": 2, ""BP5ext_Supporting"": -1}",1,VUS,"sig=uncertain significance (-1 points), stars=1 (0.75 coef), clinvar_phenotype_match=Yes, clin=-0.750 | No HGMD entry | raw_total=-0.750, applied=BP5ext_Supporting","sig=uncertain significance (-1 points), stars=1 (0.75 coef), clinvar_phenotype_match=Yes, clin=-0.750",No HGMD entry,-0.750,BP5ext_Supporting,,,,PM2_Moderate: gnomAD max AF=0 < threshold 0.0001 for MOI AD,,,,,,,,,,,,No,No,,,Filtered: VUS with <5 points excluded from all reporting paths (auto/manual/delins),,Yes
7132150,7579_2025,chr12,110905991,T,TA,MYL2,AD,c.*5085_*5086insT,Not provided,,,,NM_000432.4,,downstream_gene_variant,MODIFIER,Het,28,0.345,Hypertrophic cardiomyopathy,No,,No,Not provided,No,Not provided,Not provided,Not provided,0,Not provided,0,0,N/A,Not provided,Not provided,0,Not provided,0,Not provided,No database evidence,0.0,Unknown,-1.000,Not provided,Not provided,Not provided,[],[],unknown,No,"{""PM2_Moderate"": 2}",2,VUS,"No ClinVar submissions | No HGMD entry | raw_total=0.000, applied=None",No ClinVar submissions,No HGMD entry,0.000,,,,,PM2_Moderate: gnomAD max AF=0 < threshold 0.0001 for MOI AD,,,,,,,,,,,,No,No,,,Filtered: VUS with <5 points excluded from all reporting paths (auto/manual/delins),,Yes
7132150,7579_2025,chr12,120975453,C,T,HNF1A,AD,c.-3316C>T,Not provided,,,,NM_001306179.2,,upstream_gene_variant,MODIFIER,Het,28,0.607,Maturity-Onset of Diabetes of the Young,No,,No,Not provided,No,Not provided,Not provided,Not provided,0,Not provided,0,0,N/A,Not provided,Not provided,0,Not provided,0,Not provided,No database evidence,0.000060,v3,-1.000,Not provided,Not provided,Not provided,[],[],unknown,No,"{""PM2_Moderate"": 2}",2,VUS,"No ClinVar submissions | No HGMD entry | raw_total=0.000, applied=None",No ClinVar submissions,No HGMD entry,0.000,,,,,PM2_Moderate: gnomAD max AF=5.97713e-05 < threshold 0.0001 for MOI AD,,,,,,,,,,,,No,No,,,Filtered: VUS with <5 points excluded from all reporting paths (auto/manual/delins),,Yes
7132150,7579_2025,chr12,120987233,G,A,HNF1A,AD,c.327-1600G>A,Not provided,,,,NM_001306179.2,1/9,intron_variant,MODIFIER,Het,57,0.509,Maturity-Onset of Diabetes of the Young,No,,No,Not provided,No,Not provided,Not provided,Not provided,0,Not provided,0,0,N/A,Not provided,Not provided,0,Not provided,0,Not provided,No database evidence,0.0,Unknown,-1.000,Not provided,Not provided,Not provided,[],[],unknown,No,"{""PM2_Moderate"": 2}",2,VUS,"No ClinVar submissions | No HGMD entry | raw_total=0.000, applied=None",No ClinVar submissions,No HGMD entry,0.000,,,,,PM2_Moderate: gnomAD max AF=0 < threshold 0.0001 for MOI AD,,,,,,,,,,,,No,No,,,Filtered: VUS with <5 points excluded from all reporting paths (auto/manual/delins),,Yes
7132150,7579_2025,chr12,120988261,C,T,HNF1A,AD,c.327-572C>T,Not provided,,,,NM_001306179.2,1/9,intron_variant,MODIFIER,Hom,10,1.000,Maturity-Onset of Diabetes of the Young,No,,No,Not provided,No,Not provided,Not provided,Not provided,0,Not provided,0,0,N/A,Not provided,Not provided,0,Not provided,0,Not provided,No database evidence,0.0,Unknown,-1.000,Not provided,Not provided,Not provided,[],[],unknown,No,"{""PM2_Moderate"": 2}",2,VUS,"No ClinVar submissions | No HGMD entry | raw_total=0.000, applied=None",No ClinVar submissions,No HGMD entry,0.000,,,,,PM2_Moderate: gnomAD max AF=0 < threshold 0.0001 for MOI AD,,,,,,,,,,,,No,No,,,Filtered: VUS with <5 points excluded from all reporting paths (auto/manual/delins),,Yes
7132150,7579_2025,chr13,32348303,C,T,BRCA2,AD,c.7007+1407C>T,Not provided,,,,NM_000059.4,13/26,intron_variant,MODIFIER,Hom,15,1.000,Hereditary breast and ovarian cancer,No,,Yes,"Breast-ovarian cancer, familial, susceptibility to, 2",No,Not provided,"Breast-ovarian cancer, familial, susceptibility to, 2",benign,3,Benign,3,3,conditions_csv_phenotype_match,Not provided,Not provided,0,Not provided,0,Not provided,"ClinVar: Sig=benign; ClinVar: Trait=Breast-ovarian cancer, familial, susceptibility to, 2",0.0,Unknown,-1.000,Not provided,Not provided,Not provided,[],[],unknown,No,"{""PM2_Moderate"": 2, ""BP5ext_Moderate"": -2}",0,VUS,"sig=benign (-3 points), stars=3 (1.25 coef), clinvar_phenotype_match=Yes, clin=-3.750 | No HGMD entry | raw_total=-3.750, applied=BP5ext_Moderate","sig=benign (-3 points), stars=3 (1.25 coef), clinvar_phenotype_match=Yes, clin=-3.750",No HGMD entry,-3.750,BP5ext_Moderate,,,,PM2_Moderate: gnomAD max AF=0 < threshold 0.0001 for MOI AD,,,,,,,,,,,,No,No,,,Filtered: VUS with <5 points excluded from all reporting paths (auto/manual/delins);Filtered: HQ Benign (ClinVar≥2★ or HGMD benign or Internal DB benign),Filtered: VUS with <5 points excluded from all reporting paths (auto/manual/delins);Filtered: HQ Benign (ClinVar≥2★ or HGMD benign or Internal DB benign),Yes
7132150,7579_2025,chr13,32368806,T,TTG,BRCA2,AD,c.8332-1595_8332-1594insGT,Not provided,,,,NM_000059.4,18/26,intron_variant,MODIFIER,Hom,9,0.778,Hereditary breast and ovarian cancer,No,,No,Not provided,No,Not provided,Not provided,Not provided,0,Not provided,0,0,N/A,Not provided,Not provided,0,Not provided,0,Not provided,No database evidence,0.0,Unknown,-1.000,Not provided,0.000,Not provided,[],[],unknown,No,"{""PM2_Moderate"": 2}",2,VUS,"No ClinVar submissions | No HGMD entry | raw_total=0.000, applied=None",No ClinVar submissions,No HGMD entry,0.000,,,,,PM2_Moderate: gnomAD max AF=0 < threshold 0.0001 for MOI AD,,,,,,,,,,,,No,No,,,Cluster id=13 detected (members=chr13:32368806:T:TTG:7132150;chr13:32368808:TGG:T:7132150) - no Pathogenic/LP present; delins NOT flagged; requires P/LP to consider delins.;Delins/overlap cluster (id=13) detected but not all members meet P/LP or >5pts -> not auto-escalated (possible carrier).;Filtered: VUS with <5 points excluded from all reporting paths (auto/manual/delins),,Yes
7132150,7579_2025,chr13,32368808,TGG,T,BRCA2,AD,c.8332-1593_8332-1592delGG,Not provided,,,,NM_000059.4,18/26,intron_variant,MODIFIER,Hom,9,1.000,Hereditary breast and ovarian cancer,No,,No,Not provided,No,Not provided,Not provided,Not provided,0,Not provided,0,0,N/A,Not provided,Not provided,0,Not provided,0,Not provided,No database evidence,0.0,Unknown,-1.000,Not provided,Not provided,Not provided,[],[],unknown,No,"{""PM2_Moderate"": 2}",2,VUS,"No ClinVar submissions | No HGMD entry | raw_total=0.000, applied=None",No ClinVar submissions,No HGMD entry,0.000,,,,,PM2_Moderate: gnomAD max AF=0 < threshold 0.0001 for MOI AD,,,,,,,,,,,,No,No,,,Cluster id=13 detected (members=chr13:32368806:T:TTG:7132150;chr13:32368808:TGG:T:7132150) - no Pathogenic/LP present; delins NOT flagged; requires P/LP to consider delins.;Delins/overlap cluster (id=13) detected but not all members meet P/LP or >5pts -> not auto-escalated (possible carrier).;Filtered: VUS with <5 points excluded from all reporting paths (auto/manual/delins),,Yes
7132150,7579_2025,chr13,32399523,C,T,BRCA2,AD,c.*753C>T,Not provided,,,,NM_000059.4,27/27,3_prime_UTR_variant,MODIFIER,Het,52,0.500,Hereditary breast and ovarian cancer,No,,Yes,"Breast-ovarian cancer, familial, susceptibility to, 2;Fanconi anemia complementation group D1",No,Not provided,"Breast-ovarian cancer, familial, susceptibility to, 2;Fanconi anemia complementation group D1",uncertain significance;uncertain significance,1;1,Uncertain significance,1,1,conditions_csv_phenotype_match,Not provided,Not provided,0,Not provided,0,Not provided,"ClinVar: Sig=uncertain significance;uncertain significance; ClinVar: Trait=Breast-ovarian cancer, familial, susceptibility to, 2;Fanconi anemia complementation group D1",0.0,Unknown,-1.000,Not provided,Not provided,Not provided,[],[],unknown,No,"{""PM2_Moderate"": 2, ""BP5ext_Supporting"": -1}",1,VUS,"sig=uncertain significance (-1 points), stars=1 (0.75 coef), clinvar_phenotype_match=Yes, clin=-0.750 | No HGMD entry | raw_total=-0.750, applied=BP5ext_Supporting","sig=uncertain significance (-1 points), stars=1 (0.75 coef), clinvar_phenotype_match=Yes, clin=-0.750",No HGMD entry,-0.750,BP5ext_Supporting,,,,PM2_Moderate: gnomAD max AF=0 < threshold 0.0001 for MOI AD,,,,,,,,,,,,No,No,,,Filtered: VUS with <5 points excluded from all reporting paths (auto/manual/delins),,Yes
7132150,7579_2025,chr13,48300336,A,ATATATATATTTTTTTTTTTTTTTTTTTT,RB1,AD,c.-3577_-3576insTATATATATTTTTTTTTTTTTTTTTTTT,Not provided,,,,NM_000321.3,,upstream_gene_variant,MODIFIER,Hom,21,0.238,Retinoblastoma,No,,No,Not provided,No,Not provided,Not provided,Not provided,0,Not provided,0,0,N/A,Not provided,Not provided,0,Not provided,0,Not provided,No database evidence,0.0,Unknown,-1.000,Not provided,0.000,Not provided,[],[],unknown,No,"{""PM2_Moderate"": 2}",2,VUS,"No ClinVar submissions | No HGMD entry | raw_total=0.000, applied=None",No ClinVar submissions,No HGMD entry,0.000,,,,,PM2_Moderate: gnomAD max AF=0 < threshold 0.0001 for MOI AD,,,,,,,,,,,,No,No,,,Filtered: VUS with <5 points excluded from all reporting paths (auto/manual/delins),,Yes
7132150,7579_2025,chr13,48371884,A,G,RB1,AD,c.1128-1521A>G,Not provided,,,,NM_000321.3,11/26,intron_variant,MODIFIER,Het,63,0.460,Retinoblastoma,No,,No,Not provided,No,Not provided,Not provided,Not provided,0,Not provided,0,0,N/A,Not provided,Not provided,0,Not provided,0,Not provided,No database evidence,0.0,Unknown,-1.000,Not provided,Not provided,Not provided,[],[],unknown,No,"{""PM2_Moderate"": 2}",2,VUS,"No ClinVar submissions | No HGMD entry | raw_total=0.000, applied=None",No ClinVar submissions,No HGMD entry,0.000,,,,,PM2_Moderate: gnomAD max AF=0 < threshold 0.0001 for MOI AD,,,,,,,,,,,,No,No,,,Filtered: VUS with <5 points excluded from all reporting paths (auto/manual/delins),,Yes
7132150,7579_2025,chr13,48427171,A,ATCT,RB1,AD,c.1696-25821_1696-25819dupTCT,Not provided,,,,NM_000321.3,17/26,intron_variant,MODIFIER,Het,51,0.294,Retinoblastoma,No,,No,Not provided,No,Not provided,Not provided,Not provided,0,Not provided,0,0,N/A,Not provided,Not provided,0,Not provided,0,Not provided,No database evidence,0.0,Unknown,-1.000,Not provided,0.010,Not provided,[],[],unknown,No,"{""PM2_Moderate"": 2}",2,VUS,"No ClinVar submissions | No HGMD entry | raw_total=0.000, applied=None",No ClinVar submissions,No HGMD entry,0.000,,,,,PM2_Moderate: gnomAD max AF=0 < threshold 0.0001 for MOI AD,,,,,,,,,,,,No,No,,,Filtered: VUS with <5 points excluded from all reporting paths (auto/manual/delins),,Yes
7132150,7579_2025,chr13,48427578,C,T,RB1,AD,c.1696-25415C>T,Not provided,,,,NM_000321.3,17/26,intron_variant,MODIFIER,Hom,5,1.000,Retinoblastoma,No,,No,Not provided,No,Not provided,Not provided,Not provided,0,Not provided,0,0,N/A,Not provided,Not provided,0,Not provided,0,Not provided,No database evidence,0.0,Unknown,-1.000,Not provided,Not provided,Not provided,[],[],unknown,No,"{""PM2_Moderate"": 2}",2,VUS,"No ClinVar submissions | No HGMD entry | raw_total=0.000, applied=None",No ClinVar submissions,No HGMD entry,0.000,,,,,PM2_Moderate: gnomAD max AF=0 < threshold 0.0001 for MOI AD,,,,,,,,,,,,No,No,,,Filtered: VUS with <5 points excluded from all reporting paths (auto/manual/delins),,Yes
7132150,7579_2025,chr13,48443028,C,T,RB1,AD,c.1696-9965C>T,Not provided,,,,NM_000321.3,17/26,intron_variant,MODIFIER,Het,31,0.645,Retinoblastoma,No,,No,Not provided,No,Not provided,Not provided,Not provided,0,Not provided,0,0,N/A,Not provided,Not provided,0,Not provided,0,Not provided,No database evidence,0.0,Unknown,-1.000,Not provided,Not provided,Not provided,[],[],unknown,No,"{""PM2_Moderate"": 2}",2,VUS,"No ClinVar submissions | No HGMD entry | raw_total=0.000, applied=None",No ClinVar submissions,No HGMD entry,0.000,,,,,PM2_Moderate: gnomAD max AF=0 < threshold 0.0001 for MOI AD,,,,,,,,,,,,No,No,,,Filtered: VUS with <5 points excluded from all reporting paths (auto/manual/delins),,Yes
7132150,7579_2025,chr13,48459979,C,T,RB1,AD,c.2106+146C>T,Not provided,,,,NM_000321.3,20/26,intron_variant,MODIFIER,Hom,7,0.571,Retinoblastoma,No,,No,Not provided,No,Not provided,Not provided,Not provided,0,Not provided,0,0,N/A,Not provided,Not provided,0,Not provided,0,Not provided,No database evidence,0.0,Unknown,-1.000,Not provided,Not provided,Not provided,[],[],unknown,No,"{""PM2_Moderate"": 2}",2,VUS,"No ClinVar submissions | No HGMD entry | raw_total=0.000, applied=None",No ClinVar submissions,No HGMD entry,0.000,,,,,PM2_Moderate: gnomAD max AF=0 < threshold 0.0001 for MOI AD,,,,,,,,,,,,No,No,,,Filtered: VUS with <5 points excluded from all reporting paths (auto/manual/delins),,Yes
7132150,7579_2025,chr13,48468027,A,G,RB1,AD,c.2489+2659A>G,Not provided,,,,NM_000321.3,23/26,intron_variant,MODIFIER,Hom,10,1.000,Retinoblastoma,No,,No,Not provided,No,Not provided,Not provided,Not provided,0,Not provided,0,0,N/A,Not provided,Not provided,0,Not provided,0,Not provided,No database evidence,0.0,Unknown,-1.000,Not provided,Not provided,Not provided,[],[],unknown,No,"{""PM2_Moderate"": 2}",2,VUS,"No ClinVar submissions | No HGMD entry | raw_total=0.000, applied=None",No ClinVar submissions,No HGMD entry,0.000,,,,,PM2_Moderate: gnomAD max AF=0 < threshold 0.0001 for MOI AD,,,,,,,,,,,,No,No,,,Filtered: VUS with <5 points excluded from all reporting paths (auto/manual/delins),,Yes
7132150,7579_2025,chr13,48469543,T,C,RB1,AD,c.2490-3817T>C,Not provided,,,,NM_000321.3,23/26,intron_variant,MODIFIER,Het,12,0.250,Retinoblastoma,No,,No,Not provided,No,Not provided,Not provided,Not provided,0,Not provided,0,0,N/A,Not provided,Not provided,0,Not provided,0,Not provided,No database evidence,0.0,Unknown,-1.000,Not provided,Not provided,Not provided,[],[],unknown,No,"{""PM2_Moderate"": 2}",2,VUS,"No ClinVar submissions | No HGMD entry | raw_total=0.000, applied=None",No ClinVar submissions,No HGMD entry,0.000,,,,,PM2_Moderate: gnomAD max AF=0 < threshold 0.0001 for MOI AD,,,,,,,,,,,,No,No,,,Filtered: VUS with <5 points excluded from all reporting paths (auto/manual/delins),,Yes
7132150,7579_2025,chr13,52002601,GGA,G,ATP7B,AR,c.51+8684_51+8685delTC,Not provided,,,,NM_000053.4,1/20,intron_variant,MODIFIER,Het,11,0.545,Wilson disease,No,,No,Not provided,No,Not provided,Not provided,Not provided,0,Not provided,0,0,N/A,Not provided,Not provided,0,Not provided,0,Not provided,No database evidence,0.0,Unknown,-1.000,Not provided,Not provided,Not provided,[],[],unknown,No,"{""PM2_Moderate"": 2}",2,VUS,"No ClinVar submissions | No HGMD entry | raw_total=0.000, applied=None",No ClinVar submissions,No HGMD entry,0.000,,,,,PM2_Moderate: gnomAD max AF=0 < threshold 0.005 for MOI AR,,,,,,,,,,,,No,No,,,Filtered: VUS with <5 points excluded from all reporting paths (auto/manual/delins),,Yes
7132150,7579_2025,chr14,65037402,CCTTTTTTTT,C,MAX,AD,c.145-31127_145-31119delAAAAAAAAG,Not provided,,,,NM_001271069.2,2/2,intron_variant,MODIFIER,Hom,9,1.000,Hereditary paraganglioma-pheochromocytoma syndrome,No,,No,Not provided,No,Not provided,Not provided,Not provided,0,Not provided,0,0,N/A,Not provided,Not provided,0,Not provided,0,Not provided,No database evidence,0.0,Unknown,-1.000,Not provided,0.000,Not provided,[],[],unknown,No,"{""PM2_Moderate"": 2}",2,VUS,"No ClinVar submissions | No HGMD entry | raw_total=0.000, applied=None",No ClinVar submissions,No HGMD entry,0.000,,,,,PM2_Moderate: gnomAD max AF=0 < threshold 0.0001 for MOI AD,,,,,,,,,,,,No,No,,,Filtered: VUS with <5 points excluded from all reporting paths (auto/manual/delins),,Yes
7132150,7579_2025,chr14,65079505,C,T,MAX,AD,c.*4675G>A,Not provided,,,,NM_145114.3,,downstream_gene_variant,MODIFIER,Het,75,0.467,Hereditary paraganglioma-pheochromocytoma syndrome,No,,No,Not provided,No,Not provided,Not provided,Not provided,0,Not provided,0,0,N/A,Not provided,Not provided,0,Not provided,0,Not provided,No database evidence,0.0,Unknown,-1.000,Not provided,Not provided,Not provided,[],[],unknown,No,"{""PM2_Moderate"": 2}",2,VUS,"No ClinVar submissions | No HGMD entry | raw_total=0.000, applied=None",No ClinVar submissions,No HGMD entry,0.000,,,,,PM2_Moderate: gnomAD max AF=0 < threshold 0.0001 for MOI AD,,,,,,,,,,,,No,No,,,Filtered: VUS with <5 points excluded from all reporting paths (auto/manual/delins),,Yes
7132150,7579_2025,chr14,65101443,A,T,MAX,AD,c.63+103T>A,Not provided,,,,NM_145114.3,2/3,intron_variant,MODIFIER,Het,67,0.552,Hereditary paraganglioma-pheochromocytoma syndrome,No,,No,Not provided,No,Not provided,Not provided,Not provided,0,Not provided,0,0,N/A,Not provided,Not provided,0,Not provided,0,Not provided,No database evidence,0.000046,v3,-1.000,Not provided,Not provided,Not provided,[],[],unknown,No,"{""PM2_Moderate"": 2}",2,VUS,"No ClinVar submissions | No HGMD entry | raw_total=0.000, applied=None",No ClinVar submissions,No HGMD entry,0.000,,,,,PM2_Moderate: gnomAD max AF=4.60157e-05 < threshold 0.0001 for MOI AD,,,,,,,,,,,,No,No,,,Cluster id=14 detected (members=chr14:65101443:A:T:7132150;chr14:65101444:C:A:7132150) - no Pathogenic/LP present; delins NOT flagged; requires P/LP to consider delins.;Delins/overlap cluster (id=14) detected but not all members meet P/LP or >5pts -> not auto-escalated (possible carrier).;Filtered: VUS with <5 points excluded from all reporting paths (auto/manual/delins),,Yes
7132150,7579_2025,chr14,65101444,C,A,MAX,AD,c.63+102G>T,Not provided,,,,NM_145114.3,2/3,intron_variant,MODIFIER,Het,66,0.561,Hereditary paraganglioma-pheochromocytoma syndrome,No,,No,Not provided,No,Not provided,Not provided,Not provided,0,Not provided,0,0,N/A,Not provided,Not provided,0,Not provided,0,Not provided,No database evidence,0.000046,v3,-1.000,Not provided,Not provided,Not provided,[],[],unknown,No,"{""PM2_Moderate"": 2}",2,VUS,"No ClinVar submissions | No HGMD entry | raw_total=0.000, applied=None",No ClinVar submissions,No HGMD entry,0.000,,,,,PM2_Moderate: gnomAD max AF=4.60557e-05 < threshold 0.0001 for MOI AD,,,,,,,,,,,,No,No,,,Cluster id=14 detected (members=chr14:65101443:A:T:7132150;chr14:65101444:C:A:7132150) - no Pathogenic/LP present; delins NOT flagged; requires P/LP to consider delins.;Delins/overlap cluster (id=14) detected but not all members meet P/LP or >5pts -> not auto-escalated (possible carrier).;Filtered: VUS with <5 points excluded from all reporting paths (auto/manual/delins),,Yes
7132150,7579_2025,chr14,65102743,C,GGG,MAX,AD,c.-404delGinsCCC,Not provided,,,,NM_145114.3,,upstream_gene_variant,MODIFIER,Het,13,0.385,Hereditary paraganglioma-pheochromocytoma syndrome,No,,No,Not provided,No,Not provided,Not provided,Not provided,0,Not provided,0,0,N/A,Not provided,Not provided,0,Not provided,0,Not provided,No database evidence,0.0,Unknown,-1.000,Not provided,Not provided,Not provided,[],[],unknown,No,"{""PM2_Moderate"": 2}",2,VUS,"No ClinVar submissions | No HGMD entry | raw_total=0.000, applied=None",No ClinVar submissions,No HGMD entry,0.000,,,,,PM2_Moderate: gnomAD max AF=0 < threshold 0.0001 for MOI AD,,,,,,,,,,,,No,No,,,Cluster id=15 detected (members=chr14:65102743:C:GGG:7132150;chr14:65102745:G:GGT:7132150;chr14:65102745:G:GT:7132150) - no Pathogenic/LP present; delins NOT flagged; requires P/LP to consider delins.;Delins/overlap cluster (id=15) detected but not all members meet P/LP or >5pts -> not auto-escalated (possible carrier).;Filtered: VUS with <5 points excluded from all reporting paths (auto/manual/delins),,Yes
7132150,7579_2025,chr14,65102745,G,GGT,MAX,AD,c.-407_-406insAC,Not provided,,,,NM_145114.3,,upstream_gene_variant,MODIFIER,Het,13,0.308,Hereditary paraganglioma-pheochromocytoma syndrome,No,,No,Not provided,No,Not provided,Not provided,Not provided,0,Not provided,0,0,N/A,Not provided,Not provided,0,Not provided,0,Not provided,No database evidence,0.0,Unknown,-1.000,Not provided,Not provided,Not provided,[],[],unknown,No,"{""PM2_Moderate"": 2}",2,VUS,"No ClinVar submissions | No HGMD entry | raw_total=0.000, applied=None",No ClinVar submissions,No HGMD entry,0.000,,,,,PM2_Moderate: gnomAD max AF=0 < threshold 0.0001 for MOI AD,,,,,,,,,,,,No,No,,,Cluster id=15 detected (members=chr14:65102743:C:GGG:7132150;chr14:65102745:G:GGT:7132150;chr14:65102745:G:GT:7132150) - no Pathogenic/LP present; delins NOT flagged; requires P/LP to consider delins.;Delins/overlap cluster (id=15) detected but not all members meet P/LP or >5pts -> not auto-escalated (possible carrier).;Filtered: VUS with <5 points excluded from all reporting paths (auto/manual/delins),,Yes
7132150,7579_2025,chr14,65102745,G,GT,MAX,AD,c.-407_-406insA,Not provided,,,,NM_145114.3,,upstream_gene_variant,MODIFIER,Het,13,0.231,Hereditary paraganglioma-pheochromocytoma syndrome,No,,No,Not provided,No,Not provided,Not provided,Not provided,0,Not provided,0,0,N/A,Not provided,Not provided,0,Not provided,0,Not provided,No database evidence,0.0,Unknown,-1.000,Not provided,Not provided,Not provided,[],[],unknown,No,"{""PM2_Moderate"": 2}",2,VUS,"No ClinVar submissions | No HGMD entry | raw_total=0.000, applied=None",No ClinVar submissions,No HGMD entry,0.000,,,,,PM2_Moderate: gnomAD max AF=0 < threshold 0.0001 for MOI AD,,,,,,,,,,,,No,No,,,Cluster id=15 detected (members=chr14:65102743:C:GGG:7132150;chr14:65102745:G:GGT:7132150;chr14:65102745:G:GT:7132150) - no Pathogenic/LP present; delins NOT flagged; requires P/LP to consider delins.;Delins/overlap cluster (id=15) detected but not all members meet P/LP or >5pts -> not auto-escalated (possible carrier).;Filtered: VUS with <5 points excluded from all reporting paths (auto/manual/delins),,Yes
7132150,7579_2025,chr15,48416133,G,A,FBN1,AD,c.7820-366C>T,Not provided,,,,NM_000138.5,63/65,intron_variant,MODIFIER,Het,71,0.408,Marfan syndrome,No,,No,Not provided,No,Not provided,Not provided,Not provided,0,Not provided,0,0,N/A,Not provided,Not provided,0,Not provided,0,Not provided,No database evidence,0.0,Unknown,-1.000,Not provided,Not provided,Not provided,[],[],unknown,No,"{""PM2_Moderate"": 2}",2,VUS,"No ClinVar submissions | No HGMD entry | raw_total=0.000, applied=None",No ClinVar submissions,No HGMD entry,0.000,,,,,PM2_Moderate: gnomAD max AF=0 < threshold 0.0001 for MOI AD,,,,,,,,,,,,No,No,,,Filtered: VUS with <5 points excluded from all reporting paths (auto/manual/delins),,Yes
7132150,7579_2025,chr15,48512158,C,G,FBN1,AD,c.1588+1391G>C,Not provided,,,,NM_000138.5,13/65,intron_variant,MODIFIER,Het,69,0.522,Marfan syndrome,No,,No,Not provided,No,Not provided,Not provided,Not provided,0,Not provided,0,0,N/A,Not provided,Not provided,0,Not provided,0,Not provided,No database evidence,0.0,Unknown,-1.000,Not provided,Not provided,Not provided,[],[],unknown,No,"{""PM2_Moderate"": 2}",2,VUS,"No ClinVar submissions | No HGMD entry | raw_total=0.000, applied=None",No ClinVar submissions,No HGMD entry,0.000,,,,,PM2_Moderate: gnomAD max AF=0 < threshold 0.0001 for MOI AD,,,,,,,,,,,,No,No,,,Filtered: VUS with <5 points excluded from all reporting paths (auto/manual/delins),,Yes
7132150,7579_2025,chr15,48546636,C,T,FBN1,AD,c.539-8828G>A,Not provided,,,,NM_000138.5,6/65,intron_variant,MODIFIER,Het,73,0.562,Marfan syndrome,No,,No,Not provided,No,Not provided,Not provided,Not provided,0,Not provided,0,0,N/A,Not provided,Not provided,0,Not provided,0,Not provided,No database evidence,0.0,Unknown,-1.000,Not provided,Not provided,Not provided,[],[],unknown,No,"{""PM2_Moderate"": 2}",2,VUS,"No ClinVar submissions | No HGMD entry | raw_total=0.000, applied=None",No ClinVar submissions,No HGMD entry,0.000,,,,,PM2_Moderate: gnomAD max AF=0 < threshold 0.0001 for MOI AD,,,,,,,,,,,,No,No,,,Filtered: VUS with <5 points excluded from all reporting paths (auto/manual/delins),,Yes
7132150,7579_2025,chr15,48596311,G,A,FBN1,AD,c.510C>T,p.Tyr170Tyr,Tyr,Tyr,170,NM_000138.5,6/66,synonymous_variant,LOW,Het,79,0.544,Marfan syndrome,No,,Yes,"Familial thoracic aortic aneurysm and aortic dissection;Familial thoracic aortic aneurysm and aortic dissection;Marfan syndrome;Marfan syndrome;Marfan syndrome;C4707243:Familial thoracic aortic aneurysm and aortic dissection;Acromicric dysplasia;Weill-Marchesani syndrome;Stiff skin syndrome;Geleophysic dysplasia;Ectopia lentis 1, isolated, autosomal dominant",No,Not provided,"Familial thoracic aortic aneurysm and aortic dissection;Familial thoracic aortic aneurysm and aortic dissection;Marfan syndrome;Marfan syndrome;Marfan syndrome;C4707243:Familial thoracic aortic aneurysm and aortic dissection;Acromicric dysplasia;Weill-Marchesani syndrome;Stiff skin syndrome;Geleophysic dysplasia;Ectopia lentis 1, isolated, autosomal dominant",likely benign;benign;benign;likely benign;likely benign;likely benign;likely benign;likely benign;likely benign;likely benign,2;2;2;2;2;2;2;2;2;2,Benign,2,2,conditions_csv_phenotype_match,Not provided,Not provided,0,Not provided,0,Not provided,"ClinVar: Sig=likely benign;benign;benign;likely benign;likely benign;likely benign;likely benign;likely benign;likely benign;likely benign; ClinVar: Trait=Familial thoracic aortic aneurysm and aortic dissection;Familial thoracic aortic aneurysm and aortic dissection;Marfan syndrome;Marfan syndrome;Marfan syndrome;C4707243:Familial thoracic aortic aneurysm and aortic dissection;Acromicric dysplasia;Weill-Marchesani syndrome;Stiff skin syndrome;Geleophysic dysplasia;Ectopia lentis 1, isolated, autosomal dominant",0.0,Unknown,-1.000,Not provided,Not provided,Not provided,[],[],unknown,No,"{""PM2_Moderate"": 2, ""BP5ext_Moderate"": -2}",0,VUS,"sig=benign (-3 points), stars=2 (1.0 coef), clinvar_phenotype_match=Yes, clin=-3.000 | No HGMD entry | raw_total=-3.000, applied=BP5ext_Moderate","sig=benign (-3 points), stars=2 (1.0 coef), clinvar_phenotype_match=Yes, clin=-3.000",No HGMD entry,-3.000,BP5ext_Moderate,,,,PM2_Moderate: gnomAD max AF=0 < threshold 0.0001 for MOI AD,,,,,,,,,,,,No,No,,,Filtered: VUS with <5 points excluded from all reporting paths (auto/manual/delins),,Yes
7132150,7579_2025,chr15,48597692,A,G,FBN1,AD,c.443-1314T>C,Not provided,,,,NM_000138.5,5/65,intron_variant,MODIFIER,Het,80,0.538,Marfan syndrome,No,,No,Not provided,No,Not provided,Not provided,Not provided,0,Not provided,0,0,N/A,Not provided,Not provided,0,Not provided,0,Not provided,No database evidence,0.0,Unknown,-1.000,Not provided,Not provided,Not provided,[],[],unknown,No,"{""PM2_Moderate"": 2}",2,VUS,"No ClinVar submissions | No HGMD entry | raw_total=0.000, applied=None",No ClinVar submissions,No HGMD entry,0.000,,,,,PM2_Moderate: gnomAD max AF=0 < threshold 0.0001 for MOI AD,,,,,,,,,,,,No,No,,,Filtered: VUS with <5 points excluded from all reporting paths (auto/manual/delins),,Yes
7132150,7579_2025,chr15,48628300,G,GA,FBN1,AD,c.165-15209dupT,Not provided,,,,NM_000138.5,2/65,intron_variant,MODIFIER,Het,59,0.492,Marfan syndrome,No,,No,Not provided,No,Not provided,Not provided,Not provided,0,Not provided,0,0,N/A,Not provided,Not provided,0,Not provided,0,Not provided,No database evidence,0.0,Unknown,-1.000,Not provided,Not provided,Not provided,[],[],unknown,No,"{""PM2_Moderate"": 2}",2,VUS,"No ClinVar submissions | No HGMD entry | raw_total=0.000, applied=None",No ClinVar submissions,No HGMD entry,0.000,,,,,PM2_Moderate: gnomAD max AF=0 < threshold 0.0001 for MOI AD,,,,,,,,,,,,No,No,,,Filtered: VUS with <5 points excluded from all reporting paths (auto/manual/delins),,Yes
7132150,7579_2025,chr15,63041131,G,A,TPM1,AD,c.-1699G>A,Not provided,,,,NM_000366.6,,upstream_gene_variant,MODIFIER,Het,71,0.465,Hypertrophic cardiomyopathy,No,,No,Not provided,No,Not provided,Not provided,Not provided,0,Not provided,0,0,N/A,Not provided,Not provided,0,Not provided,0,Not provided,No database evidence,0.0,Unknown,-1.000,Not provided,Not provided,Not provided,[],[],unknown,No,"{""PM2_Moderate"": 2}",2,VUS,"No ClinVar submissions | No HGMD entry | raw_total=0.000, applied=None",No ClinVar submissions,No HGMD entry,0.000,,,,,PM2_Moderate: gnomAD max AF=0 < threshold 0.0001 for MOI AD,,,,,,,,,,,,No,No,,,Filtered: VUS with <5 points excluded from all reporting paths (auto/manual/delins),,Yes
7132150,7579_2025,chr15,67106507,G,T,SMAD3,AD,c.206+40147G>T,Not provided,,,,NM_005902.4,1/8,intron_variant,MODIFIER,Het,90,0.516,Loeys-Dietz syndrome,No,,No,Not provided,No,Not provided,Not provided,Not provided,0,Not provided,0,0,N/A,Not provided,Not provided,0,Not provided,0,Not provided,No database evidence,0.0,Unknown,-1.000,Not provided,Not provided,Not provided,[],[],unknown,No,"{""PM2_Moderate"": 2}",2,VUS,"No ClinVar submissions | No HGMD entry | raw_total=0.000, applied=None",No ClinVar submissions,No HGMD entry,0.000,,,,,PM2_Moderate: gnomAD max AF=0 < threshold 0.0001 for MOI AD,,,,,,,,,,,,No,No,,,Filtered: VUS with <5 points excluded from all reporting paths (auto/manual/delins),,Yes
7132150,7579_2025,chr15,67155844,G,A,SMAD3,AD,c.75-9051G>A,Not provided,,,,NM_001145103.2,1/8,intron_variant,MODIFIER,Het,60,0.567,Loeys-Dietz syndrome,No,,No,Not provided,No,Not provided,Not provided,Not provided,0,Not provided,0,0,N/A,Not provided,Not provided,0,Not provided,0,Not provided,No database evidence,0.0,Unknown,-1.000,Not provided,Not provided,Not provided,[],[],unknown,No,"{""PM2_Moderate"": 2}",2,VUS,"No ClinVar submissions | No HGMD entry | raw_total=0.000, applied=None",No ClinVar submissions,No HGMD entry,0.000,,,,,PM2_Moderate: gnomAD max AF=0 < threshold 0.0001 for MOI AD,,,,,,,,,,,,No,No,,,Filtered: VUS with <5 points excluded from all reporting paths (auto/manual/delins),,Yes
7132150,7579_2025,chr15,67160770,CAAAAAAAAAAAA,C,SMAD3,AD,c.75-4094_75-4083delAAAAAAAAAAAA,Not provided,,,,NM_001145103.2,1/8,intron_variant,MODIFIER,Het,31,0.355,Loeys-Dietz syndrome,No,,No,Not provided,No,Not provided,Not provided,Not provided,0,Not provided,0,0,N/A,Not provided,Not provided,0,Not provided,0,Not provided,No database evidence,0.0,Unknown,-1.000,Not provided,0.000,Not provided,[],[],unknown,No,"{""PM2_Moderate"": 2}",2,VUS,"No ClinVar submissions | No HGMD entry | raw_total=0.000, applied=None",No ClinVar submissions,No HGMD entry,0.000,,,,,PM2_Moderate: gnomAD max AF=0 < threshold 0.0001 for MOI AD,,,,,,,,,,,,No,No,,,Filtered: VUS with <5 points excluded from all reporting paths (auto/manual/delins),,Yes
7132150,7579_2025,chr15,67183032,T,TATATATATA,SMAD3,AD,c.739+1579_739+1580insATATATATA,Not provided,,,,NM_001145103.2,6/8,intron_variant,MODIFIER,Het,51,0.451,Loeys-Dietz syndrome,No,,No,Not provided,No,Not provided,Not provided,Not provided,0,Not provided,0,0,N/A,Not provided,Not provided,0,Not provided,0,Not provided,No database evidence,0.0,Unknown,-1.000,Not provided,0.000,Not provided,[],[],unknown,No,"{""PM2_Moderate"": 2}",2,VUS,"No ClinVar submissions | No HGMD entry | raw_total=0.000, applied=None",No ClinVar submissions,No HGMD entry,0.000,,,,,PM2_Moderate: gnomAD max AF=0 < threshold 0.0001 for MOI AD,,,,,,,,,,,,No,No,,,Cluster id=16 detected (members=chr15:67183032:T:TATATATATA:7132150;chr15:67183038:T:A:7132150) - no Pathogenic/LP present; delins NOT flagged; requires P/LP to consider delins.;Delins/overlap cluster (id=16) detected but not all members meet P/LP or >5pts -> not auto-escalated (possible carrier).;Filtered: VUS with <5 points excluded from all reporting paths (auto/manual/delins),,Yes
7132150,7579_2025,chr15,67183038,T,A,SMAD3,AD,c.739+1585T>A,Not provided,,,,NM_001145103.2,6/8,intron_variant,MODIFIER,Het,48,0.479,Loeys-Dietz syndrome,No,,No,Not provided,No,Not provided,Not provided,Not provided,0,Not provided,0,0,N/A,Not provided,Not provided,0,Not provided,0,Not provided,No database evidence,0.0,Unknown,-1.000,Not provided,Not provided,Not provided,[],[],unknown,No,"{""PM2_Moderate"": 2}",2,VUS,"No ClinVar submissions | No HGMD entry | raw_total=0.000, applied=None",No ClinVar submissions,No HGMD entry,0.000,,,,,PM2_Moderate: gnomAD max AF=0 < threshold 0.0001 for MOI AD,,,,,,,,,,,,No,No,,,Cluster id=16 detected (members=chr15:67183032:T:TATATATATA:7132150;chr15:67183038:T:A:7132150) - no Pathogenic/LP present; delins NOT flagged; requires P/LP to consider delins.;Delins/overlap cluster (id=16) detected but not all members meet P/LP or >5pts -> not auto-escalated (possible carrier).;Filtered: VUS with <5 points excluded from all reporting paths (auto/manual/delins),,Yes
7132150,7579_2025,chr16,2086511,C,A,TSC2,AD,c.4681+132C>A,Not provided,,,,NM_001318832.2,35/39,intron_variant,MODIFIER,Het,80,0.575,Tuberous sclerosis complex,No,,No,Not provided,No,Not provided,Not provided,Not provided,0,Not provided,0,0,N/A,Not provided,Not provided,0,Not provided,0,Not provided,No database evidence,0.000013,v3,-1.000,Not provided,Not provided,Not provided,[],[],unknown,No,"{""PM2_Moderate"": 2}",2,VUS,"No ClinVar submissions | No HGMD entry | raw_total=0.000, applied=None",No ClinVar submissions,No HGMD entry,0.000,,,,,PM2_Moderate: gnomAD max AF=1.31413e-05 < threshold 0.0001 for MOI AD,,,,,,,,,,,,No,No,,,Filtered: VUS with <5 points excluded from all reporting paths (auto/manual/delins),,Yes
7132150,7579_2025,chr16,15730965,A,C,MYH11,AD,c.3651+1599T>G,Not provided,,,,NM_022844.3,27/41,intron_variant,MODIFIER,Het,85,0.459,Familial thoracic aortic aneurysm,No,,No,Not provided,No,Not provided,Not provided,Not provided,0,Not provided,0,0,N/A,Not provided,Not provided,0,Not provided,0,Not provided,No database evidence,0.0,Unknown,-1.000,Not provided,Not provided,Not provided,[],[],unknown,No,"{""PM2_Moderate"": 2}",2,VUS,"No ClinVar submissions | No HGMD entry | raw_total=0.000, applied=None",No ClinVar submissions,No HGMD entry,0.000,,,,,PM2_Moderate: gnomAD max AF=0 < threshold 0.0001 for MOI AD,,,,,,,,,,,,No,No,,,Filtered: VUS with <5 points excluded from all reporting paths (auto/manual/delins),,Yes
7132150,7579_2025,chr16,15776295,G,A,MYH11,AD,c.791-119C>T,Not provided,,,,NM_022844.3,7/41,intron_variant,MODIFIER,Het,76,0.526,Familial thoracic aortic aneurysm,No,,No,Not provided,No,Not provided,Not provided,Not provided,0,Not provided,0,0,N/A,Not provided,Not provided,0,Not provided,0,Not provided,No database evidence,0.0,Unknown,-1.000,Not provided,Not provided,Not provided,[],[],unknown,No,"{""PM2_Moderate"": 2}",2,VUS,"No ClinVar submissions | No HGMD entry | raw_total=0.000, applied=None",No ClinVar submissions,No HGMD entry,0.000,,,,,PM2_Moderate: gnomAD max AF=0 < threshold 0.0001 for MOI AD,,,,,,,,,,,,No,No,,,Filtered: VUS with <5 points excluded from all reporting paths (auto/manual/delins),,Yes
7132150,7579_2025,chr16,15845140,C,T,MYH11,AD,c.-17-6871G>A,Not provided,,,,NM_022844.3,1/41,intron_variant,MODIFIER,Het,56,0.429,Familial thoracic aortic aneurysm,No,,No,Not provided,No,Not provided,Not provided,Not provided,0,Not provided,0,0,N/A,Not provided,Not provided,0,Not provided,0,Not provided,No database evidence,0.0,Unknown,-1.000,Not provided,Not provided,Not provided,[],[],unknown,No,"{""PM2_Moderate"": 2}",2,VUS,"No ClinVar submissions | No HGMD entry | raw_total=0.000, applied=None",No ClinVar submissions,No HGMD entry,0.000,,,,,PM2_Moderate: gnomAD max AF=0 < threshold 0.0001 for MOI AD,,,,,,,,,,,,No,No,,,Filtered: VUS with <5 points excluded from all reporting paths (auto/manual/delins),,Yes
7132150,7579_2025,chr16,23645137,A,ATATATATATATAT,PALB2,AD,c.-3981_-3980insATATATATATATA,Not provided,,,,NM_024675.4,,upstream_gene_variant,MODIFIER,Het,20,0.550,Hereditary breast cancer,No,,No,Not provided,No,Not provided,Not provided,Not provided,0,Not provided,0,0,N/A,Not provided,Not provided,0,Not provided,0,Not provided,No database evidence,0.0,Unknown,-1.000,Not provided,0.020,Not provided,[],[],unknown,No,"{""PM2_Moderate"": 2}",2,VUS,"No ClinVar submissions | No HGMD entry | raw_total=0.000, applied=None",No ClinVar submissions,No HGMD entry,0.000,,,,,PM2_Moderate: gnomAD max AF=0 < threshold 0.0001 for MOI AD,,,,,,,,,,,,No,No,,,Cluster id=17 detected (members=chr16:23645137:A:ATATATATATATAT:7132150;chr16:23645137:A:TT:7132150) - no Pathogenic/LP present; delins NOT flagged; requires P/LP to consider delins.;Delins/overlap cluster (id=17) detected but not all members meet P/LP or >5pts -> not auto-escalated (possible carrier).;Filtered: VUS with <5 points excluded from all reporting paths (auto/manual/delins),,Yes
7132150,7579_2025,chr16,23645137,A,TT,PALB2,AD,c.-3980delTinsAA,Not provided,,,,NM_024675.4,,upstream_gene_variant,MODIFIER,Het,20,0.250,Hereditary breast cancer,No,,No,Not provided,No,Not provided,Not provided,Not provided,0,Not provided,0,0,N/A,Not provided,Not provided,0,Not provided,0,Not provided,No database evidence,0.0,Unknown,-1.000,Not provided,Not provided,Not provided,[],[],unknown,No,"{""PM2_Moderate"": 2}",2,VUS,"No ClinVar submissions | No HGMD entry | raw_total=0.000, applied=None",No ClinVar submissions,No HGMD entry,0.000,,,,,PM2_Moderate: gnomAD max AF=0 < threshold 0.0001 for MOI AD,,,,,,,,,,,,No,No,,,Cluster id=17 detected (members=chr16:23645137:A:ATATATATATATAT:7132150;chr16:23645137:A:TT:7132150) - no Pathogenic/LP present; delins NOT flagged; requires P/LP to consider delins.;Delins/overlap cluster (id=17) detected but not all members meet P/LP or >5pts -> not auto-escalated (possible carrier).;Filtered: VUS with <5 points excluded from all reporting paths (auto/manual/delins),,Yes
7132150,7579_2025,chr17,7691297,G,GGGACAGAGGGGTGA,TP53,AD,c.-3963_-3950dupTCACCCCTCTGTCC,Not provided,,,,NM_000546.6,,upstream_gene_variant,MODIFIER,Het,53,0.226,Li-Fraumeni syndrome,No,,No,Not provided,No,Not provided,Not provided,Not provided,0,Not provided,0,0,N/A,Not provided,Not provided,0,Not provided,0,Not provided,No database evidence,0.000020,v3,-1.000,Not provided,0.000,Not provided,[],[],unknown,No,"{""PM2_Moderate"": 2}",2,VUS,"No ClinVar submissions | No HGMD entry | raw_total=0.000, applied=None",No ClinVar submissions,No HGMD entry,0.000,,,,,PM2_Moderate: gnomAD max AF=1.97197e-05 < threshold 0.0001 for MOI AD,,,,,,,,,,,,No,No,,,Filtered: VUS with <5 points excluded from all reporting paths (auto/manual/delins),,Yes
7132150,7579_2025,chr17,43054583,G,A,BRCA1,AD,c.5340+2469C>T,Not provided,,,,NM_007300.4,20/23,intron_variant,MODIFIER,Het,61,0.590,Hereditary breast and ovarian cancer,No,,No,Not provided,No,Not provided,Not provided,Not provided,0,Not provided,0,0,N/A,Not provided,Not provided,0,Not provided,0,Not provided,No database evidence,0.0,Unknown,-1.000,Not provided,Not provided,Not provided,[],[],unknown,No,"{""PM2_Moderate"": 2}",2,VUS,"No ClinVar submissions | No HGMD entry | raw_total=0.000, applied=None",No ClinVar submissions,No HGMD entry,0.000,,,,,PM2_Moderate: gnomAD max AF=0 < threshold 0.0001 for MOI AD,,,,,,,,,,,,No,No,,,Filtered: VUS with <5 points excluded from all reporting paths (auto/manual/delins),,Yes
7132150,7579_2025,chr17,43093010,G,A,BRCA1,AD,c.2521C>T,p.Arg841Trp,Arg,Trp,841,NM_007300.4,10/24,missense_variant,MODERATE,Het,65,0.477,Hereditary breast and ovarian cancer,No,,Yes,"Hereditary breast ovarian cancer syndrome;Hereditary breast ovarian cancer syndrome;Breast-ovarian cancer, familial, susceptibility to, 1;Breast-ovarian cancer, familial, susceptibility to, 1;Hereditary cancer-predisposing syndrome;Familial cancer of breast;Breast-ovarian cancer, familial, susceptibility to, 1;Familial cancer of breast;CN221562:Breast and/or ovarian cancer;Hereditary cancer-predisposing syndrome;Familial cancer of breast;C2676676:Breast-ovarian cancer, familial, susceptibility to, 1;C3280442:Pancreatic cancer, susceptibility to, 4;C4554406:Fanconi anemia, complementation group S",Yes,Ovarian cancer,"Hereditary breast ovarian cancer syndrome;Hereditary breast ovarian cancer syndrome;Breast-ovarian cancer, familial, susceptibility to, 1;Breast-ovarian cancer, familial, susceptibility to, 1;Hereditary cancer-predisposing syndrome;Familial cancer of breast;Breast-ovarian cancer, familial, susceptibility to, 1;Familial cancer of breast;CN221562:Breast and/or ovarian cancer;Hereditary cancer-predisposing syndrome;Familial cancer of breast;C2676676:Breast-ovarian cancer, familial, susceptibility to, 1;C3280442:Pancreatic cancer, susceptibility to, 4;C4554406:Fanconi anemia, complementation group S",benign;likely benign;likely benign;benign;benign;benign;uncertain significance;likely benign;benign;likely benign;benign,2;2;2;2;2;2;2;2;2;2;2,Benign,2,2,conditions_csv_phenotype_match,DM?,Ovarian cancer,23,0.1,12,Not provided,"ClinVar: Sig=benign;likely benign;likely benign;benign;benign;benign;uncertain significance;likely benign;benign;likely benign;benign; ClinVar: Trait=Hereditary breast ovarian cancer syndrome;Hereditary breast ovarian cancer syndrome;Breast-ovarian cancer, familial, susceptibility to, 1;Breast-ovarian cancer, familial, susceptibility to, 1;Hereditary cancer-predisposing syndrome;Familial cancer of breast;Breast-ovarian cancer, familial, susceptibility to, 1;Familial cancer of breast;CN221562:Breast and/or ovarian cancer;Hereditary cancer-predisposing syndrome;Familial cancer of breast;C2676676:Breast-ovarian cancer, familial, susceptibility to, 1;C3280442:Pancreatic cancer, susceptibility to, 4;C4554406:Fanconi anemia, complementation group S; HGMD: Phen=Ovarian cancer",0.0,Unknown,0.355,Not provided,Not provided,Not provided,[],[],unknown,No,"{""PM2_Moderate"": 2, ""BP5ext_Moderate"": -2}",0,VUS,"sig=benign (-3 points), stars=2 (1.0 coef), clinvar_phenotype_match=Yes, clin=-3.000 | class=DM? (1 points), pubs=23, dm_supported=12 (12/23), coef=1.0, hgmd_phenotype_match=Yes, hgmd=1.000 | raw_total=-2.000, applied=BP5ext_Moderate","sig=benign (-3 points), stars=2 (1.0 coef), clinvar_phenotype_match=Yes, clin=-3.000","class=DM? (1 points), pubs=23, dm_supported=12 (12/23), coef=1.0, hgmd_phenotype_match=Yes, hgmd=1.000",-2.000,BP5ext_Moderate,,,,PM2_Moderate: gnomAD max AF=0 < threshold 0.0001 for MOI AD,,,,,,,,,,,,No,No,,,Database conflict (ClinVar): Benign vs VUS detected -> conservative -1 point applied (info in comments).;Filtered: VUS with <5 points excluded from all reporting paths (auto/manual/delins),,Yes
7132150,7579_2025,chr18,31499972,G,T,DSG2,AD,c.45+1676G>T,Not provided,,,,NM_001943.5,1/14,intron_variant,MODIFIER,Het,49,0.449,Arrhythmogenic right ventricular cardiomyopathy,No,,No,Not provided,No,Not provided,Not provided,Not provided,0,Not provided,0,0,N/A,Not provided,Not provided,0,Not provided,0,Not provided,No database evidence,0.000007,v3,-1.000,Not provided,Not provided,Not provided,[],[],unknown,No,"{""PM2_Moderate"": 2}",2,VUS,"No ClinVar submissions | No HGMD entry | raw_total=0.000, applied=None",No ClinVar submissions,No HGMD entry,0.000,,,,,PM2_Moderate: gnomAD max AF=7.05149e-06 < threshold 0.0001 for MOI AD,,,,,,,,,,,,No,No,,,Filtered: VUS with <5 points excluded from all reporting paths (auto/manual/delins),,Yes
7132150,7579_2025,chr18,51068475,A,G,SMAD4,AD,c.1308+1288A>G,Not provided,,,,NM_005359.6,10/11,intron_variant,MODIFIER,Het,82,0.573,Juvenile polyposis syndrome; Hereditary hemorrhagic telangiectasia,Yes,"RULES_PRESENT_NO_MATCH: Exclude if HGVSp contains any of: [""p.Arg496Cys"", ""p.Ile500Val"", ""p.Ile500Thr"", ""p.Ile500Met""];RULES_PRESENT_NO_MATCH: Exclude if HGVSp contains any of: [""p.Arg496Cys"", ""p.Ile500Val"", ""p.Ile500Thr"", ""p.Ile500Met""]",No,Not provided,No,Not provided,Not provided,Not provided,0,Not provided,0,0,N/A,Not provided,Not provided,0,Not provided,0,Not provided,No database evidence,0.0,Unknown,-1.000,Not provided,Not provided,Not provided,[],[],unknown,No,"{""PM2_Moderate"": 2}",2,VUS,"No ClinVar submissions | No HGMD entry | raw_total=0.000, applied=None",No ClinVar submissions,No HGMD entry,0.000,,,,,PM2_Moderate: gnomAD max AF=0 < threshold 0.0001 for MOI AD,,,,,,,,,,,,No,No,,,Filtered: VUS with <5 points excluded from all reporting paths (auto/manual/delins),,Yes
7132150,7579_2025,chr18,51073406,C,T,SMAD4,AD,c.1309-3232C>T,Not provided,,,,NM_005359.6,10/11,intron_variant,MODIFIER,Het,67,0.493,Juvenile polyposis syndrome; Hereditary hemorrhagic telangiectasia,Yes,"RULES_PRESENT_NO_MATCH: Exclude if HGVSp contains any of: [""p.Arg496Cys"", ""p.Ile500Val"", ""p.Ile500Thr"", ""p.Ile500Met""];RULES_PRESENT_NO_MATCH: Exclude if HGVSp contains any of: [""p.Arg496Cys"", ""p.Ile500Val"", ""p.Ile500Thr"", ""p.Ile500Met""]",No,Not provided,No,Not provided,Not provided,Not provided,0,Not provided,0,0,N/A,Not provided,Not provided,0,Not provided,0,Not provided,No database evidence,0.0,Unknown,-1.000,Not provided,Not provided,Not provided,[],[],unknown,No,"{""PM2_Moderate"": 2}",2,VUS,"No ClinVar submissions | No HGMD entry | raw_total=0.000, applied=None",No ClinVar submissions,No HGMD entry,0.000,,,,,PM2_Moderate: gnomAD max AF=0 < threshold 0.0001 for MOI AD,,,,,,,,,,,,No,No,,,Filtered: VUS with <5 points excluded from all reporting paths (auto/manual/delins),,Yes
7132150,7579_2025,chr18,51087718,T,C,SMAD4,AD,c.*9251T>C,Not provided,,,,NM_005359.6,,downstream_gene_variant,MODIFIER,Het,33,0.394,Juvenile polyposis syndrome; Hereditary hemorrhagic telangiectasia,Yes,"RULES_PRESENT_NO_MATCH: Exclude if HGVSp contains any of: [""p.Arg496Cys"", ""p.Ile500Val"", ""p.Ile500Thr"", ""p.Ile500Met""];RULES_PRESENT_NO_MATCH: Exclude if HGVSp contains any of: [""p.Arg496Cys"", ""p.Ile500Val"", ""p.Ile500Thr"", ""p.Ile500Met""]",No,Not provided,No,Not provided,Not provided,Not provided,0,Not provided,0,0,N/A,Not provided,Not provided,0,Not provided,0,Not provided,No database evidence,0.0,Unknown,-1.000,Not provided,Not provided,Not provided,[],[],unknown,No,"{""PM2_Moderate"": 2}",2,VUS,"No ClinVar submissions | No HGMD entry | raw_total=0.000, applied=None",No ClinVar submissions,No HGMD entry,0.000,,,,,PM2_Moderate: gnomAD max AF=0 < threshold 0.0001 for MOI AD,,,,,,,,,,,,No,No,,,Filtered: VUS with <5 points excluded from all reporting paths (auto/manual/delins),,Yes
7132150,7579_2025,chr19,11110420,C,T,LDLR,AD,c.941-232C>T,Not provided,,,,NM_000527.5,6/17,intron_variant,MODIFIER,Het,54,0.519,Familial hypercholesterolemia,No,,No,Not provided,No,Not provided,Not provided,Not provided,0,Not provided,0,0,N/A,Not provided,Not provided,0,Not provided,0,Not provided,No database evidence,0.000079,v3,-1.000,Not provided,Not provided,Not provided,[],[],unknown,No,"{""PM2_Moderate"": 2}",2,VUS,"No ClinVar submissions | No HGMD entry | raw_total=0.000, applied=None",No ClinVar submissions,No HGMD entry,0.000,,,,,PM2_Moderate: gnomAD max AF=7.89557e-05 < threshold 0.0001 for MOI AD,,,,,,,,,,,,No,No,,,Filtered: VUS with <5 points excluded from all reporting paths (auto/manual/delins),,Yes
7132150,7579_2025,chr19,11126474,C,T,LDLR,AD,c.2312-1534C>T,Not provided,,,,NM_000527.5,15/17,intron_variant,MODIFIER,Het,48,0.500,Familial hypercholesterolemia,No,,No,Not provided,No,Not provided,Not provided,Not provided,0,Not provided,0,0,N/A,Not provided,Not provided,0,Not provided,0,Not provided,No database evidence,0.000020,v3,-1.000,Not provided,Not provided,Not provided,[],[],unknown,No,"{""PM2_Moderate"": 2}",2,VUS,"No ClinVar submissions | No HGMD entry | raw_total=0.000, applied=None",No ClinVar submissions,No HGMD entry,0.000,,,,,PM2_Moderate: gnomAD max AF=2.01283e-05 < threshold 0.0001 for MOI AD,,,,,,,,,,,,No,No,,,Filtered: VUS with <5 points excluded from all reporting paths (auto/manual/delins),,Yes
7132150,7579_2025,chr19,11132685,C,T,LDLR,AD,c.*1369C>T,Not provided,,,,NM_000527.5,18/18,3_prime_UTR_variant,MODIFIER,Het,45,0.511,Familial hypercholesterolemia,No,,No,"na:LDLR-related disorder;Hypercholesterolemia, familial, 1",Yes,Hypercholesterolaemia,"na:LDLR-related disorder;Hypercholesterolemia, familial, 1",uncertain significance;uncertain significance,0;0,Uncertain significance,0,0,conditions_csv_phenotype_match,DM,Hypercholesterolaemia,2,Not provided,0,Not provided,"ClinVar: Sig=uncertain significance;uncertain significance; ClinVar: Trait=na:LDLR-related disorder;Hypercholesterolemia, familial, 1; HGMD: Phen=Hypercholesterolaemia",0.000032,v2,-1.000,Not provided,Not provided,Not provided,[],[],unknown,No,"{""PM2_Moderate"": 2}",2,VUS,"sig=uncertain significance (-1 points), stars=1 (0.75 coef), clinvar_phenotype_match=No, clin=-0.750 | class=DM (3 points), pubs=2, dm_supported=0 (0/2), coef=0.5, hgmd_phenotype_match=Yes, hgmd=1.500 | raw_total=0.750, applied=None","sig=uncertain significance (-1 points), stars=1 (0.75 coef), clinvar_phenotype_match=No, clin=-0.750","class=DM (3 points), pubs=2, dm_supported=0 (0/2), coef=0.5, hgmd_phenotype_match=Yes, hgmd=1.500",0.750,,,,,PM2_Moderate: gnomAD max AF=3.18492e-05 < threshold 0.0001 for MOI AD,,,,,,,,,,,,No,No,,,Filtered: VUS with <5 points excluded from all reporting paths (auto/manual/delins),,Yes
7132150,7579_2025,chr19,11133524,T,C,LDLR,AD,c.*2208T>C,Not provided,,,,NM_000527.5,18/18,3_prime_UTR_variant,MODIFIER,Het,71,0.479,Familial hypercholesterolemia,No,,No,"na:LDLR-related disorder;Hypercholesterolemia, familial, 1",No,Not provided,"na:LDLR-related disorder;Hypercholesterolemia, familial, 1",likely benign;uncertain significance,0;0,Likely benign,0,0,conditions_csv_phenotype_match,Not provided,Not provided,0,Not provided,0,Not provided,"ClinVar: Sig=likely benign;uncertain significance; ClinVar: Trait=na:LDLR-related disorder;Hypercholesterolemia, familial, 1",0.000059,v3,-1.000,Not provided,Not provided,Not provided,[],[],unknown,No,"{""PM2_Moderate"": 2, ""BP5ext_Supporting"": -1}",1,VUS,"sig=likely benign (-2 points), stars=1 (0.75 coef), clinvar_phenotype_match=No [PENALTY APPLIED], clin=-1.000 | No HGMD entry | raw_total=-1.000, applied=BP5ext_Supporting","sig=likely benign (-2 points), stars=1 (0.75 coef), clinvar_phenotype_match=No [PENALTY APPLIED], clin=-1.000",No HGMD entry,-1.000,BP5ext_Supporting,,,,PM2_Moderate: gnomAD max AF=5.92885e-05 < threshold 0.0001 for MOI AD,,,,,,,,,,,,No,No,,,Database conflict (ClinVar): Benign vs VUS detected -> conservative -1 point applied (info in comments).;Filtered: VUS with <5 points excluded from all reporting paths (auto/manual/delins),,Yes
7132150,7579_2025,chr19,38441402,C,T,RYR1,AD,c.165+538C>T,Not provided,,,,NM_000540.3,2/105,intron_variant,MODIFIER,Het,31,0.323,Malignant hyperthermia,No,,No,Not provided,No,Not provided,Not provided,Not provided,0,Not provided,0,0,N/A,Not provided,Not provided,0,Not provided,0,Not provided,No database evidence,0.0,Unknown,-1.000,Not provided,Not provided,Not provided,[],[],unknown,No,"{""PM2_Moderate"": 2}",2,VUS,"No ClinVar submissions | No HGMD entry | raw_total=0.000, applied=None",No ClinVar submissions,No HGMD entry,0.000,,,,,PM2_Moderate: gnomAD max AF=0 < threshold 0.0001 for MOI AD,,,,,,,,,,,,No,No,,,Filtered: VUS with <5 points excluded from all reporting paths (auto/manual/delins),,Yes
7132150,7579_2025,chr19,38463141,G,GCCC,RYR1,AD,c.2578-270_2578-268dupCCC,Not provided,,,,NM_000540.3,20/105,intron_variant,MODIFIER,Het,13,0.308,Malignant hyperthermia,No,,No,Not provided,No,Not provided,Not provided,Not provided,0,Not provided,0,0,N/A,Not provided,Not provided,0,Not provided,0,Not provided,No database evidence,0.0,Unknown,-1.000,Not provided,0.010,Not provided,[],[],unknown,No,"{""PM2_Moderate"": 2}",2,VUS,"No ClinVar submissions | No HGMD entry | raw_total=0.000, applied=None",No ClinVar submissions,No HGMD entry,0.000,,,,,PM2_Moderate: gnomAD max AF=0 < threshold 0.0001 for MOI AD,,,,,,,,,,,,No,No,,,Filtered: VUS with <5 points excluded from all reporting paths (auto/manual/delins),,Yes
7132150,7579_2025,chr19,38518420,A,G,RYR1,AD,c.10018+729A>G,Not provided,,,,NM_000540.3,66/105,intron_variant,MODIFIER,Het,34,0.618,Malignant hyperthermia,No,,No,Not provided,No,Not provided,Not provided,Not provided,0,Not provided,0,0,N/A,Not provided,Not provided,0,Not provided,0,Not provided,No database evidence,0.0,Unknown,-1.000,Not provided,Not provided,Not provided,[],[],unknown,No,"{""PM2_Moderate"": 2}",2,VUS,"No ClinVar submissions | No HGMD entry | raw_total=0.000, applied=None",No ClinVar submissions,No HGMD entry,0.000,,,,,PM2_Moderate: gnomAD max AF=0 < threshold 0.0001 for MOI AD,,,,,,,,,,,,No,No,,,Filtered: VUS with <5 points excluded from all reporting paths (auto/manual/delins),,Yes
7132150,7579_2025,chr19,38580395,C,T,RYR1,AD,c.14537C>T,p.Ala4846Val,Ala,Val,4846,NM_000540.3,101/106,missense_variant,MODERATE,Het,67,0.463,Malignant hyperthermia,No,,No,"CN239331:RYR1-related disorder;Malignant hyperthermia, susceptibility to, 1;Central core myopathy",No,"Myotonic dystrophy, type 1","CN239331:RYR1-related disorder;Malignant hyperthermia, susceptibility to, 1;Central core myopathy",pathogenic;uncertain significance;pathogenic,1;1;1,Pathogenic,1,1,conditions_csv_phenotype_match,DM,"Myotonic dystrophy, type 1",4,0.47916666666666674,3,Not provided,"ClinVar: Sig=pathogenic;uncertain significance;pathogenic; ClinVar: Trait=CN239331:RYR1-related disorder;Malignant hyperthermia, susceptibility to, 1;Central core myopathy; HGMD: Phen=Myotonic dystrophy, type 1",0.0,Unknown,0.875,Not provided,Not provided,Not provided,[],[],unknown,No,"{""PM2_Moderate"": 2, ""PP3_Supporting"": 1, ""PP5ext_Moderate"": 2}",5,VUS,"sig=pathogenic (3 points), stars=1 (0.75 coef), clinvar_phenotype_match=No [PENALTY APPLIED], clin=1.000 | class=DM (3 points), pubs=4, dm_supported=3 (3/4), coef=1.5, hgmd_phenotype_match=No [PENALTY APPLIED], hgmd=1.000 | raw_total=2.000, applied=PP5ext_Moderate","sig=pathogenic (3 points), stars=1 (0.75 coef), clinvar_phenotype_match=No [PENALTY APPLIED], clin=1.000","class=DM (3 points), pubs=4, dm_supported=3 (3/4), coef=1.5, hgmd_phenotype_match=No [PENALTY APPLIED], hgmd=1.000",2.000,PP5ext_Moderate,,,,PM2_Moderate: gnomAD max AF=0 < threshold 0.0001 for MOI AD,,,,,PP3_Supporting: REVEL=0.875 or AlphaMissense=-1.000 >= supporting thresholds,,,,,,,No,No,,,"HGMD phenotype 'Myotonic dystrophy, type 1' mismatches ACMG disease but ClinVar trait 'CN239331:RYR1-related disorder;C2930980:Malignant hyperthermia, susceptibility to, 1;C5830701:Central core myopathy' matches; no manual escalation.",,Yes
7132150,7579_2025,chr19,38590385,AAAAAAAAAAAT,A,RYR1,AD,c.*2966_*2976delAAAAAAAAAAT,Not provided,,,,NM_000540.3,,downstream_gene_variant,MODIFIER,Het,41,0.488,Malignant hyperthermia,No,,No,Not provided,No,Not provided,Not provided,Not provided,0,Not provided,0,0,N/A,Not provided,Not provided,0,Not provided,0,Not provided,No database evidence,0.0,Unknown,-1.000,Not provided,0.000,Not provided,[],[],unknown,No,"{""PM2_Moderate"": 2}",2,VUS,"No ClinVar submissions | No HGMD entry | raw_total=0.000, applied=None",No ClinVar submissions,No HGMD entry,0.000,,,,,PM2_Moderate: gnomAD max AF=0 < threshold 0.0001 for MOI AD,,,,,,,,,,,,No,No,,,Cluster id=18 detected (members=chr19:38590385:AAAAAAAAAAAT:A:7132150;chr19:38590391:A:AT:7132150;chr19:38590392:A:ATAT:7132150) - no Pathogenic/LP present; delins NOT flagged; requires P/LP to consider delins.;Delins/overlap cluster (id=18) detected but not all members meet P/LP or >5pts -> not auto-escalated (possible carrier).;Filtered: VUS with <5 points excluded from all reporting paths (auto/manual/delins),,Yes
7132150,7579_2025,chr19,38590391,A,AT,RYR1,AD,c.*2971_*2972insT,Not provided,,,,NM_000540.3,,downstream_gene_variant,MODIFIER,Het,17,0.882,Malignant hyperthermia,No,,No,Not provided,No,Not provided,Not provided,Not provided,0,Not provided,0,0,N/A,Not provided,Not provided,0,Not provided,0,Not provided,No database evidence,0.0,Unknown,-1.000,Not provided,Not provided,Not provided,[],[],unknown,No,"{""PM2_Moderate"": 2}",2,VUS,"No ClinVar submissions | No HGMD entry | raw_total=0.000, applied=None",No ClinVar submissions,No HGMD entry,0.000,,,,,PM2_Moderate: gnomAD max AF=0 < threshold 0.0001 for MOI AD,,,,,,,,,,,,No,No,,,Cluster id=18 detected (members=chr19:38590385:AAAAAAAAAAAT:A:7132150;chr19:38590391:A:AT:7132150;chr19:38590392:A:ATAT:7132150) - no Pathogenic/LP present; delins NOT flagged; requires P/LP to consider delins.;Delins/overlap cluster (id=18) detected but not all members meet P/LP or >5pts -> not auto-escalated (possible carrier).;Filtered: VUS with <5 points excluded from all reporting paths (auto/manual/delins),,Yes
7132150,7579_2025,chr19,38590392,A,ATAT,RYR1,AD,c.*2972_*2973insTAT,Not provided,,,,NM_000540.3,,downstream_gene_variant,MODIFIER,Het,17,0.941,Malignant hyperthermia,No,,No,Not provided,No,Not provided,Not provided,Not provided,0,Not provided,0,0,N/A,Not provided,Not provided,0,Not provided,0,Not provided,No database evidence,0.0,Unknown,-1.000,Not provided,0.000,Not provided,[],[],unknown,No,"{""PM2_Moderate"": 2}",2,VUS,"No ClinVar submissions | No HGMD entry | raw_total=0.000, applied=None",No ClinVar submissions,No HGMD entry,0.000,,,,,PM2_Moderate: gnomAD max AF=0 < threshold 0.0001 for MOI AD,,,,,,,,,,,,No,No,,,Cluster id=18 detected (members=chr19:38590385:AAAAAAAAAAAT:A:7132150;chr19:38590391:A:AT:7132150;chr19:38590392:A:ATAT:7132150) - no Pathogenic/LP present; delins NOT flagged; requires P/LP to consider delins.;Delins/overlap cluster (id=18) detected but not all members meet P/LP or >5pts -> not auto-escalated (possible carrier).;Filtered: VUS with <5 points excluded from all reporting paths (auto/manual/delins),,Yes
7132150,7579_2025,chr19,55155410,C,G,TNNI3,AD,c.283-580G>C,Not provided,,,,NM_000363.5,5/7,intron_variant,MODIFIER,Het,18,0.222,Hypertrophic cardiomyopathy,No,,No,Not provided,No,Not provided,Not provided,Not provided,0,Not provided,0,0,N/A,Not provided,Not provided,0,Not provided,0,Not provided,No database evidence,0.0,Unknown,-1.000,Not provided,Not provided,Not provided,[],[],unknown,No,"{""PM2_Moderate"": 2}",2,VUS,"No ClinVar submissions | No HGMD entry | raw_total=0.000, applied=None",No ClinVar submissions,No HGMD entry,0.000,,,,,PM2_Moderate: gnomAD max AF=0 < threshold 0.0001 for MOI AD,,,,,,,,,,,,No,No,,,Cluster id=19 detected (members=chr19:55155410:C:G:7132150;chr19:55155420:A:G:7132150) - no Pathogenic/LP present; delins NOT flagged; requires P/LP to consider delins.;Delins/overlap cluster (id=19) detected but not all members meet P/LP or >5pts -> not auto-escalated (possible carrier).;Filtered: VUS with <5 points excluded from all reporting paths (auto/manual/delins),,Yes
7132150,7579_2025,chr19,55155420,A,G,TNNI3,AD,c.283-590T>C,Not provided,,,,NM_000363.5,5/7,intron_variant,MODIFIER,Het,17,0.294,Hypertrophic cardiomyopathy,No,,No,Not provided,No,Not provided,Not provided,Not provided,0,Not provided,0,0,N/A,Not provided,Not provided,0,Not provided,0,Not provided,No database evidence,0.0,Unknown,-1.000,Not provided,Not provided,Not provided,[],[],unknown,No,"{""PM2_Moderate"": 2}",2,VUS,"No ClinVar submissions | No HGMD entry | raw_total=0.000, applied=None",No ClinVar submissions,No HGMD entry,0.000,,,,,PM2_Moderate: gnomAD max AF=0 < threshold 0.0001 for MOI AD,,,,,,,,,,,,No,No,,,Cluster id=19 detected (members=chr19:55155410:C:G:7132150;chr19:55155420:A:G:7132150) - no Pathogenic/LP present; delins NOT flagged; requires P/LP to consider delins.;Delins/overlap cluster (id=19) detected but not all members meet P/LP or >5pts -> not auto-escalated (possible carrier).;Filtered: VUS with <5 points excluded from all reporting paths (auto/manual/delins),,Yes
7132150,7579_2025,chr19,55155456,G,A,TNNI3,AD,c.283-626C>T,Not provided,,,,NM_000363.5,5/7,intron_variant,MODIFIER,Het,13,0.692,Hypertrophic cardiomyopathy,No,,No,Not provided,No,Not provided,Not provided,Not provided,0,Not provided,0,0,N/A,Not provided,Not provided,0,Not provided,0,Not provided,No database evidence,0.0,Unknown,-1.000,Not provided,Not provided,Not provided,[],[],unknown,No,"{""PM2_Moderate"": 2}",2,VUS,"No ClinVar submissions | No HGMD entry | raw_total=0.000, applied=None",No ClinVar submissions,No HGMD entry,0.000,,,,,PM2_Moderate: gnomAD max AF=0 < threshold 0.0001 for MOI AD,,,,,,,,,,,,No,No,,,Filtered: VUS with <5 points excluded from all reporting paths (auto/manual/delins),,Yes
7132150,7579_2025,chr19,55155482,G,C,TNNI3,AD,c.283-652C>G,Not provided,,,,NM_000363.5,5/7,intron_variant,MODIFIER,Hom,10,1.000,Hypertrophic cardiomyopathy,No,,No,Not provided,No,Not provided,Not provided,Not provided,0,Not provided,0,0,N/A,Not provided,Not provided,0,Not provided,0,Not provided,No database evidence,0.0,Unknown,-1.000,Not provided,Not provided,Not provided,[],[],unknown,No,"{""PM2_Moderate"": 2}",2,VUS,"No ClinVar submissions | No HGMD entry | raw_total=0.000, applied=None",No ClinVar submissions,No HGMD entry,0.000,,,,,PM2_Moderate: gnomAD max AF=0 < threshold 0.0001 for MOI AD,,,,,,,,,,,,No,No,,,Cluster id=20 detected (members=chr19:55155482:G:C:7132150;chr19:55155492:G:A:7132150;chr19:55155501:A:C:7132150;chr19:55155511:T:A:7132150) - no Pathogenic/LP present; delins NOT flagged; requires P/LP to consider delins.;Delins/overlap cluster (id=20) detected but not all members meet P/LP or >5pts -> not auto-escalated (possible carrier).;Filtered: VUS with <5 points excluded from all reporting paths (auto/manual/delins),,Yes
7132150,7579_2025,chr19,55155492,G,A,TNNI3,AD,c.283-662C>T,Not provided,,,,NM_000363.5,5/7,intron_variant,MODIFIER,Hom,9,1.000,Hypertrophic cardiomyopathy,No,,No,Not provided,No,Not provided,Not provided,Not provided,0,Not provided,0,0,N/A,Not provided,Not provided,0,Not provided,0,Not provided,No database evidence,0.000032,v2,-1.000,Not provided,Not provided,Not provided,[],[],unknown,No,"{""PM2_Moderate"": 2}",2,VUS,"No ClinVar submissions | No HGMD entry | raw_total=0.000, applied=None",No ClinVar submissions,No HGMD entry,0.000,,,,,PM2_Moderate: gnomAD max AF=3.19326e-05 < threshold 0.0001 for MOI AD,,,,,,,,,,,,No,No,,,Cluster id=20 detected (members=chr19:55155482:G:C:7132150;chr19:55155492:G:A:7132150;chr19:55155501:A:C:7132150;chr19:55155511:T:A:7132150) - no Pathogenic/LP present; delins NOT flagged; requires P/LP to consider delins.;Delins/overlap cluster (id=20) detected but not all members meet P/LP or >5pts -> not auto-escalated (possible carrier).;Filtered: VUS with <5 points excluded from all reporting paths (auto/manual/delins),,Yes
7132150,7579_2025,chr19,55155501,A,C,TNNI3,AD,c.283-671T>G,Not provided,,,,NM_000363.5,5/7,intron_variant,MODIFIER,Hom,10,1.000,Hypertrophic cardiomyopathy,No,,No,Not provided,No,Not provided,Not provided,Not provided,0,Not provided,0,0,N/A,Not provided,Not provided,0,Not provided,0,Not provided,No database evidence,0.0,Unknown,-1.000,Not provided,Not provided,Not provided,[],[],unknown,No,"{""PM2_Moderate"": 2}",2,VUS,"No ClinVar submissions | No HGMD entry | raw_total=0.000, applied=None",No ClinVar submissions,No HGMD entry,0.000,,,,,PM2_Moderate: gnomAD max AF=0 < threshold 0.0001 for MOI AD,,,,,,,,,,,,No,No,,,Cluster id=20 detected (members=chr19:55155482:G:C:7132150;chr19:55155492:G:A:7132150;chr19:55155501:A:C:7132150;chr19:55155511:T:A:7132150) - no Pathogenic/LP present; delins NOT flagged; requires P/LP to consider delins.;Delins/overlap cluster (id=20) detected but not all members meet P/LP or >5pts -> not auto-escalated (possible carrier).;Filtered: VUS with <5 points excluded from all reporting paths (auto/manual/delins),,Yes
7132150,7579_2025,chr19,55155511,T,A,TNNI3,AD,c.283-681A>T,Not provided,,,,NM_000363.5,5/7,intron_variant,MODIFIER,Hom,11,1.000,Hypertrophic cardiomyopathy,No,,No,Not provided,No,Not provided,Not provided,Not provided,0,Not provided,0,0,N/A,Not provided,Not provided,0,Not provided,0,Not provided,No database evidence,0.0,Unknown,-1.000,Not provided,Not provided,Not provided,[],[],unknown,No,"{""PM2_Moderate"": 2}",2,VUS,"No ClinVar submissions | No HGMD entry | raw_total=0.000, applied=None",No ClinVar submissions,No HGMD entry,0.000,,,,,PM2_Moderate: gnomAD max AF=0 < threshold 0.0001 for MOI AD,,,,,,,,,,,,No,No,,,Cluster id=20 detected (members=chr19:55155482:G:C:7132150;chr19:55155492:G:A:7132150;chr19:55155501:A:C:7132150;chr19:55155511:T:A:7132150) - no Pathogenic/LP present; delins NOT flagged; requires P/LP to consider delins.;Delins/overlap cluster (id=20) detected but not all members meet P/LP or >5pts -> not auto-escalated (possible carrier).;Filtered: VUS with <5 points excluded from all reporting paths (auto/manual/delins),,Yes
7132150,7579_2025,chr19,55155528,G,A,TNNI3,AD,c.282+673C>T,Not provided,,,,NM_000363.5,5/7,intron_variant,MODIFIER,Het,14,0.286,Hypertrophic cardiomyopathy,No,,No,Not provided,No,Not provided,Not provided,Not provided,0,Not provided,0,0,N/A,Not provided,Not provided,0,Not provided,0,Not provided,No database evidence,0.0,Unknown,-1.000,Not provided,Not provided,Not provided,[],[],unknown,No,"{""PM2_Moderate"": 2}",2,VUS,"No ClinVar submissions | No HGMD entry | raw_total=0.000, applied=None",No ClinVar submissions,No HGMD entry,0.000,,,,,PM2_Moderate: gnomAD max AF=0 < threshold 0.0001 for MOI AD,,,,,,,,,,,,No,No,,,Filtered: VUS with <5 points excluded from all reporting paths (auto/manual/delins),,Yes
7132150,7579_2025,chr19,55155545,T,C,TNNI3,AD,c.282+656A>G,Not provided,,,,NM_000363.5,5/7,intron_variant,MODIFIER,Hom,18,0.500,Hypertrophic cardiomyopathy,No,,No,Not provided,No,Not provided,Not provided,Not provided,0,Not provided,0,0,N/A,Not provided,Not provided,0,Not provided,0,Not provided,No database evidence,0.0,Unknown,-1.000,Not provided,Not provided,Not provided,[],[],unknown,No,"{""PM2_Moderate"": 2}",2,VUS,"No ClinVar submissions | No HGMD entry | raw_total=0.000, applied=None",No ClinVar submissions,No HGMD entry,0.000,,,,,PM2_Moderate: gnomAD max AF=0 < threshold 0.0001 for MOI AD,,,,,,,,,,,,No,No,,,Filtered: VUS with <5 points excluded from all reporting paths (auto/manual/delins),,Yes
7132150,7579_2025,chr2,21001217,T,A,APOB,AD,c.*513A>T,Not provided,,,,NM_000384.3,,downstream_gene_variant,MODIFIER,Het,16,0.375,Familial hypercholesterolemia,Yes,"No include rule matched; rules require explicit inclusion (whitelist);Include if Impact is ""MODERATE"" or ""LOW"";No include rule matched; rules require explicit inclusion (whitelist);Include if Impact is ""MODERATE"" or ""LOW"";No include rule matched; rules require explicit inclusion (whitelist);Include if Impact is ""MODERATE"" or ""LOW""",No,Not provided,No,Not provided,Not provided,Not provided,0,Not provided,0,0,N/A,Not provided,Not provided,0,Not provided,0,Not provided,No database evidence,0.0,Unknown,-1.000,Not provided,Not provided,Not provided,[],[],unknown,No,"{""PM2_Moderate"": 2}",2,VUS,"No ClinVar submissions | No HGMD entry | raw_total=0.000, applied=None",No ClinVar submissions,No HGMD entry,0.000,,,,,PM2_Moderate: gnomAD max AF=0 < threshold 0.0001 for MOI AD,,,,,,,,,,,,No,No,,,"Filtered: VUS with <5 points excluded from all reporting paths (auto/manual/delins);Filtered by gene 'Rules' (exclude): No include rule matched; rules require explicit inclusion (whitelist); Include if Impact is ""MODERATE"" or ""LOW""","Filtered: VUS with <5 points excluded from all reporting paths (auto/manual/delins);Filtered by gene 'Rules' (exclude): No include rule matched; rules require explicit inclusion (whitelist); Include if Impact is ""MODERATE"" or ""LOW""",Yes
7132150,7579_2025,chr2,21001218,A,T,APOB,AD,c.*512T>A,Not provided,,,,NM_000384.3,,downstream_gene_variant,MODIFIER,Het,16,0.375,Familial hypercholesterolemia,Yes,"No include rule matched; rules require explicit inclusion (whitelist);Include if Impact is ""MODERATE"" or ""LOW"";No include rule matched; rules require explicit inclusion (whitelist);Include if Impact is ""MODERATE"" or ""LOW"";No include rule matched; rules require explicit inclusion (whitelist);Include if Impact is ""MODERATE"" or ""LOW""",No,Not provided,No,Not provided,Not provided,Not provided,0,Not provided,0,0,N/A,Not provided,Not provided,0,Not provided,0,Not provided,No database evidence,0.0,Unknown,-1.000,Not provided,Not provided,Not provided,[],[],unknown,No,"{""PM2_Moderate"": 2}",2,VUS,"No ClinVar submissions | No HGMD entry | raw_total=0.000, applied=None",No ClinVar submissions,No HGMD entry,0.000,,,,,PM2_Moderate: gnomAD max AF=0 < threshold 0.0001 for MOI AD,,,,,,,,,,,,No,No,,,"Filtered: VUS with <5 points excluded from all reporting paths (auto/manual/delins);Filtered by gene 'Rules' (exclude): No include rule matched; rules require explicit inclusion (whitelist); Include if Impact is ""MODERATE"" or ""LOW""","Filtered: VUS with <5 points excluded from all reporting paths (auto/manual/delins);Filtered by gene 'Rules' (exclude): No include rule matched; rules require explicit inclusion (whitelist); Include if Impact is ""MODERATE"" or ""LOW""",Yes
7132150,7579_2025,chr2,21001219,T,A,APOB,AD,c.*511A>T,Not provided,,,,NM_000384.3,,downstream_gene_variant,MODIFIER,Het,16,0.375,Familial hypercholesterolemia,Yes,"No include rule matched; rules require explicit inclusion (whitelist);Include if Impact is ""MODERATE"" or ""LOW"";No include rule matched; rules require explicit inclusion (whitelist);Include if Impact is ""MODERATE"" or ""LOW"";No include rule matched; rules require explicit inclusion (whitelist);Include if Impact is ""MODERATE"" or ""LOW""",No,Not provided,No,Not provided,Not provided,Not provided,0,Not provided,0,0,N/A,Not provided,Not provided,0,Not provided,0,Not provided,No database evidence,0.0,Unknown,-1.000,Not provided,Not provided,Not provided,[],[],unknown,No,"{""PM2_Moderate"": 2}",2,VUS,"No ClinVar submissions | No HGMD entry | raw_total=0.000, applied=None",No ClinVar submissions,No HGMD entry,0.000,,,,,PM2_Moderate: gnomAD max AF=0 < threshold 0.0001 for MOI AD,,,,,,,,,,,,No,No,,,"Filtered: VUS with <5 points excluded from all reporting paths (auto/manual/delins);Filtered by gene 'Rules' (exclude): No include rule matched; rules require explicit inclusion (whitelist); Include if Impact is ""MODERATE"" or ""LOW""","Filtered: VUS with <5 points excluded from all reporting paths (auto/manual/delins);Filtered by gene 'Rules' (exclude): No include rule matched; rules require explicit inclusion (whitelist); Include if Impact is ""MODERATE"" or ""LOW""",Yes
7132150,7579_2025,chr2,47170659,G,A,CALM2,AD,c.178+75C>T,Not provided,,,,NM_001305624.1,3/6,intron_variant,MODIFIER,Het,64,0.578,Long-QT syndrome type 15; Catecholaminergic polymorphic ventricular tachycardia,No,,No,Not provided,No,Not provided,Not provided,Not provided,0,Not provided,0,0,N/A,Not provided,Not provided,0,Not provided,0,Not provided,No database evidence,0.000072,v3,-1.000,Not provided,Not provided,Not provided,[],[],unknown,No,"{""PM2_Moderate"": 2}",2,VUS,"No ClinVar submissions | No HGMD entry | raw_total=0.000, applied=None",No ClinVar submissions,No HGMD entry,0.000,,,,,PM2_Moderate: gnomAD max AF=7.23199e-05 < threshold 0.0001 for MOI AD,,,,,,,,,,,,No,No,,,Filtered: VUS with <5 points excluded from all reporting paths (auto/manual/delins),,Yes
7132150,7579_2025,chr2,47432389,C,T,MSH2,AD,c.1276+2448C>T,Not provided,,,,NM_000251.3,7/15,intron_variant,MODIFIER,Het,50,0.620,Lynch syndrome,No,,No,Not provided,No,Not provided,Not provided,Not provided,0,Not provided,0,0,N/A,Not provided,Not provided,0,Not provided,0,Not provided,No database evidence,0.0,Unknown,-1.000,Not provided,Not provided,Not provided,[],[],unknown,No,"{""PM2_Moderate"": 2}",2,VUS,"No ClinVar submissions | No HGMD entry | raw_total=0.000, applied=None",No ClinVar submissions,No HGMD entry,0.000,,,,,PM2_Moderate: gnomAD max AF=0 < threshold 0.0001 for MOI AD,,,,,,,,,,,,No,No,,,Filtered: VUS with <5 points excluded from all reporting paths (auto/manual/delins),,Yes
7132150,7579_2025,chr2,47465131,C,T,MSH2,AD,c.1511-1527C>T,Not provided,,,,NM_000251.3,9/15,intron_variant,MODIFIER,Het,59,0.583,Lynch syndrome,No,,No,Not provided,No,Not provided,Not provided,Not provided,0,Not provided,0,0,N/A,Not provided,Not provided,0,Not provided,0,Not provided,No database evidence,0.0,Unknown,-1.000,Not provided,Not provided,Not provided,[],[],unknown,No,"{""PM2_Moderate"": 2}",2,VUS,"No ClinVar submissions | No HGMD entry | raw_total=0.000, applied=None",No ClinVar submissions,No HGMD entry,0.000,,,,,PM2_Moderate: gnomAD max AF=0 < threshold 0.0001 for MOI AD,,,,,,,,,,,,No,No,,,Filtered: VUS with <5 points excluded from all reporting paths (auto/manual/delins),,Yes
7132150,7579_2025,chr2,47467979,TTATTTAAAAAATTTTAAATTA,T,MSH2,AD,c.1661+1181_1661+1201delAATTTTAAATTATATTTAAAA,Not provided,,,,NM_000251.3,10/15,intron_variant,MODIFIER,Het,67,0.478,Lynch syndrome,No,,No,Not provided,No,Not provided,Not provided,Not provided,0,Not provided,0,0,N/A,Not provided,Not provided,0,Not provided,0,Not provided,No database evidence,0.0,Unknown,-1.000,Not provided,0.000,Not provided,[],[],unknown,No,"{""PM2_Moderate"": 2}",2,VUS,"No ClinVar submissions | No HGMD entry | raw_total=0.000, applied=None",No ClinVar submissions,No HGMD entry,0.000,,,,,PM2_Moderate: gnomAD max AF=0 < threshold 0.0001 for MOI AD,,,,,,,,,,,,No,No,,,Filtered: VUS with <5 points excluded from all reporting paths (auto/manual/delins),,Yes
7132150,7579_2025,chr2,47782045,GCTTT,G,MSH6,AD,c.-1188_-1185delCTTT,Not provided,,,,NM_000179.3,,upstream_gene_variant,MODIFIER,Het,60,0.433,Lynch syndrome,No,,No,Not provided,No,Not provided,Not provided,Not provided,0,Not provided,0,0,N/A,Not provided,Not provided,0,Not provided,0,Not provided,No database evidence,0.0,Unknown,-1.000,Not provided,Not provided,Not provided,[],[],unknown,No,"{""PM2_Moderate"": 2}",2,VUS,"No ClinVar submissions | No HGMD entry | raw_total=0.000, applied=None",No ClinVar submissions,No HGMD entry,0.000,,,,,PM2_Moderate: gnomAD max AF=0 < threshold 0.0001 for MOI AD,,,,,,,,,,,,No,No,,,Filtered: VUS with <5 points excluded from all reporting paths (auto/manual/delins),,Yes
7132150,7579_2025,chr2,178696552,T,C,TTN,AD,c.27071-283A>G,Not provided,,,,NM_133378.4,110/311,intron_variant,MODIFIER,Het,55,0.509,Dilated cardiomyopathy (truncating variants only),Yes,RULES_PRESENT_NO_MATCH: Exclude if Impact is MODERATE;RULES_PRESENT_NO_MATCH: Exclude if Impact is MODERATE,No,Not provided,No,Not provided,Not provided,Not provided,0,Not provided,0,0,N/A,Not provided,Not provided,0,Not provided,0,Not provided,No database evidence,0.0,Unknown,-1.000,Not provided,Not provided,Not provided,[],[],unknown,No,"{""PM2_Moderate"": 2}",2,VUS,"No ClinVar submissions | No HGMD entry | raw_total=0.000, applied=None",No ClinVar submissions,No HGMD entry,0.000,,,,,PM2_Moderate: gnomAD max AF=0 < threshold 0.0001 for MOI AD,,,,,,,,,,,,No,No,,,Filtered: VUS with <5 points excluded from all reporting paths (auto/manual/delins),,Yes
7132150,7579_2025,chr2,178714335,G,A,TTN,AD,c.22707C>T,p.Asn7569Asn,Asn,Asn,7569,NM_133378.4,88/312,synonymous_variant,LOW,Het,63,0.508,Dilated cardiomyopathy (truncating variants only),Yes,RULES_PRESENT_NO_MATCH: Exclude if Impact is MODERATE;RULES_PRESENT_NO_MATCH: Exclude if Impact is MODERATE,Yes,"Autosomal recessive limb-girdle muscular dystrophy type 2J;C1858763:Dilated cardiomyopathy 1G;Early-onset myopathy with fatal cardiomyopathy;Autosomal recessive limb-girdle muscular dystrophy type 2J;Dilated cardiomyopathy 1G;Myopathy, myofibrillar, 9, with early respiratory failure;Tibial muscular dystrophy;Cardiomyopathy",No,Not provided,"Autosomal recessive limb-girdle muscular dystrophy type 2J;C1858763:Dilated cardiomyopathy 1G;Early-onset myopathy with fatal cardiomyopathy;Autosomal recessive limb-girdle muscular dystrophy type 2J;Dilated cardiomyopathy 1G;Myopathy, myofibrillar, 9, with early respiratory failure;Tibial muscular dystrophy;Cardiomyopathy",benign;uncertain significance;uncertain significance;uncertain significance;benign;benign;likely benign,1;1;1;1;1;1;1,Benign,1,1,conditions_csv_phenotype_match,Not provided,Not provided,0,Not provided,0,Not provided,"ClinVar: Sig=benign;uncertain significance;uncertain significance;uncertain significance;benign;benign;likely benign; ClinVar: Trait=Autosomal recessive limb-girdle muscular dystrophy type 2J;C1858763:Dilated cardiomyopathy 1G;Early-onset myopathy with fatal cardiomyopathy;Autosomal recessive limb-girdle muscular dystrophy type 2J;Dilated cardiomyopathy 1G;Myopathy, myofibrillar, 9, with early respiratory failure;Tibial muscular dystrophy;Cardiomyopathy",0.0,Unknown,-1.000,Not provided,Not provided,Not provided,[],[],unknown,No,"{""PM2_Moderate"": 2, ""BP5ext_Moderate"": -2}",0,VUS,"sig=benign (-3 points), stars=1 (0.75 coef), clinvar_phenotype_match=Yes, clin=-2.250 | No HGMD entry | raw_total=-2.250, applied=BP5ext_Moderate","sig=benign (-3 points), stars=1 (0.75 coef), clinvar_phenotype_match=Yes, clin=-2.250",No HGMD entry,-2.250,BP5ext_Moderate,,,,PM2_Moderate: gnomAD max AF=0 < threshold 0.0001 for MOI AD,,,,,,,,,,,,No,No,,,Database conflict (ClinVar): Benign vs VUS detected -> conservative -1 point applied (info in comments).;Filtered: VUS with <5 points excluded from all reporting paths (auto/manual/delins),,Yes
7132150,7579_2025,chr2,178791506,C,T,TTN,AD,c.1662+566G>A,Not provided,,,,NM_133378.4,10/311,intron_variant,MODIFIER,Het,67,0.507,Dilated cardiomyopathy (truncating variants only),Yes,RULES_PRESENT_NO_MATCH: Exclude if Impact is MODERATE;RULES_PRESENT_NO_MATCH: Exclude if Impact is MODERATE,No,Not provided,No,Not provided,Not provided,Not provided,0,Not provided,0,0,N/A,Not provided,Not provided,0,Not provided,0,Not provided,No database evidence,0.0,Unknown,-1.000,Not provided,Not provided,Not provided,[],[],unknown,No,"{""PM2_Moderate"": 2}",2,VUS,"No ClinVar submissions | No HGMD entry | raw_total=0.000, applied=None",No ClinVar submissions,No HGMD entry,0.000,,,,,PM2_Moderate: gnomAD max AF=0 < threshold 0.0001 for MOI AD,,,,,,,,,,,,No,No,,,Filtered: VUS with <5 points excluded from all reporting paths (auto/manual/delins),,Yes
7132150,7579_2025,chr2,178799102,AG,A,TTN,AD,c.914+384delC,Not provided,,,,NM_133378.4,6/311,intron_variant,MODIFIER,Het,76,0.447,Dilated cardiomyopathy (truncating variants only),Yes,RULES_PRESENT_NO_MATCH: Exclude if Impact is MODERATE;RULES_PRESENT_NO_MATCH: Exclude if Impact is MODERATE,No,Not provided,No,Not provided,Not provided,Not provided,0,Not provided,0,0,N/A,Not provided,Not provided,0,Not provided,0,Not provided,No database evidence,0.0,Unknown,-1.000,Not provided,Not provided,Not provided,[],[],unknown,No,"{""PM2_Moderate"": 2}",2,VUS,"No ClinVar submissions | No HGMD entry | raw_total=0.000, applied=None",No ClinVar submissions,No HGMD entry,0.000,,,,,PM2_Moderate: gnomAD max AF=0 < threshold 0.0001 for MOI AD,,,,,,,,,,,,No,No,,,Filtered: VUS with <5 points excluded from all reporting paths (auto/manual/delins),,Yes
7132150,7579_2025,chr2,188999824,T,A,COL3A1,AD,c.2230-18T>A,Not provided,,,,NM_000090.4,31/50,intron_variant,MODIFIER,Het,69,0.435,"Ehlers-Danlos syndrome, vascular type",No,,Yes,"Ehlers-Danlos syndrome, type 4",No,Not provided,"Ehlers-Danlos syndrome, type 4",likely benign,1,Likely benign,1,1,conditions_csv_phenotype_match,Not provided,Not provided,0,Not provided,0,Not provided,"ClinVar: Sig=likely benign; ClinVar: Trait=Ehlers-Danlos syndrome, type 4",0.0,Unknown,-1.000,Not provided,Not provided,Not provided,[],[],unknown,No,"{""PM2_Moderate"": 2, ""BP5ext_Supporting"": -1}",1,VUS,"sig=likely benign (-2 points), stars=1 (0.75 coef), clinvar_phenotype_match=Yes, clin=-1.500 | No HGMD entry | raw_total=-1.500, applied=BP5ext_Supporting","sig=likely benign (-2 points), stars=1 (0.75 coef), clinvar_phenotype_match=Yes, clin=-1.500",No HGMD entry,-1.500,BP5ext_Supporting,,,,PM2_Moderate: gnomAD max AF=0 < threshold 0.0001 for MOI AD,,,,,,,,,,,,No,No,,,Filtered: VUS with <5 points excluded from all reporting paths (auto/manual/delins),,Yes
7132150,7579_2025,chr2,189014418,A,G,COL3A1,AD,c.*2644A>G,Not provided,,,,NM_000090.4,,downstream_gene_variant,MODIFIER,Het,48,0.542,"Ehlers-Danlos syndrome, vascular type",No,,No,Not provided,No,Not provided,Not provided,Not provided,0,Not provided,0,0,N/A,Not provided,Not provided,0,Not provided,0,Not provided,No database evidence,0.0,Unknown,-1.000,Not provided,Not provided,Not provided,[],[],unknown,No,"{""PM2_Moderate"": 2}",2,VUS,"No ClinVar submissions | No HGMD entry | raw_total=0.000, applied=None",No ClinVar submissions,No HGMD entry,0.000,,,,,PM2_Moderate: gnomAD max AF=0 < threshold 0.0001 for MOI AD,,,,,,,,,,,,No,No,,,Filtered: VUS with <5 points excluded from all reporting paths (auto/manual/delins),,Yes
7132150,7579_2025,chr22,29637225,T,C,NF2,AD,c.240+349T>C,Not provided,,,,NM_181825.3,2/15,intron_variant,MODIFIER,Het,75,0.533,NF2-related schwannomatosis,No,,No,Not provided,No,Not provided,Not provided,Not provided,0,Not provided,0,0,N/A,Not provided,Not provided,0,Not provided,0,Not provided,No database evidence,0.0,Unknown,-1.000,Not provided,Not provided,Not provided,[],[],unknown,No,"{""PM2_Moderate"": 2}",2,VUS,"No ClinVar submissions | No HGMD entry | raw_total=0.000, applied=None",No ClinVar submissions,No HGMD entry,0.000,,,,,PM2_Moderate: gnomAD max AF=0 < threshold 0.0001 for MOI AD,,,,,,,,,,,,No,No,,,Filtered: VUS with <5 points excluded from all reporting paths (auto/manual/delins),,Yes
7132150,7579_2025,chr22,29643309,T,A,NF2,AD,c.447+1024T>A,Not provided,,,,NM_181825.3,4/15,intron_variant,MODIFIER,Het,35,0.429,NF2-related schwannomatosis,No,,No,Not provided,No,Not provided,Not provided,Not provided,0,Not provided,0,0,N/A,Not provided,Not provided,0,Not provided,0,Not provided,No database evidence,0.0,Unknown,-1.000,Not provided,Not provided,Not provided,[],[],unknown,No,"{""PM2_Moderate"": 2}",2,VUS,"No ClinVar submissions | No HGMD entry | raw_total=0.000, applied=None",No ClinVar submissions,No HGMD entry,0.000,,,,,PM2_Moderate: gnomAD max AF=0 < threshold 0.0001 for MOI AD,,,,,,,,,,,,No,No,,,Filtered: VUS with <5 points excluded from all reporting paths (auto/manual/delins),,Yes
7132150,7579_2025,chr22,29656179,A,G,NF2,AD,c.599+503A>G,Not provided,,,,NM_181825.3,6/15,intron_variant,MODIFIER,Het,46,0.500,NF2-related schwannomatosis,No,,No,Not provided,No,Not provided,Not provided,Not provided,0,Not provided,0,0,N/A,Not provided,Not provided,0,Not provided,0,Not provided,No database evidence,0.000013,v3,-1.000,Not provided,Not provided,Not provided,[],[],unknown,No,"{""PM2_Moderate"": 2}",2,VUS,"No ClinVar submissions | No HGMD entry | raw_total=0.000, applied=None",No ClinVar submissions,No HGMD entry,0.000,,,,,PM2_Moderate: gnomAD max AF=1.31633e-05 < threshold 0.0001 for MOI AD,,,,,,,,,,,,No,No,,,Filtered: VUS with <5 points excluded from all reporting paths (auto/manual/delins),,Yes
7132150,7579_2025,chr22,29668874,C,T,NF2,AD,c.999+428C>T,Not provided,,,,NM_181825.3,10/15,intron_variant,MODIFIER,Het,73,0.548,NF2-related schwannomatosis,No,,No,Not provided,No,Not provided,Not provided,Not provided,0,Not provided,0,0,N/A,Not provided,Not provided,0,Not provided,0,Not provided,No database evidence,0.0,Unknown,-1.000,Not provided,Not provided,Not provided,[],[],unknown,No,"{""PM2_Moderate"": 2}",2,VUS,"No ClinVar submissions | No HGMD entry | raw_total=0.000, applied=None",No ClinVar submissions,No HGMD entry,0.000,,,,,PM2_Moderate: gnomAD max AF=0 < threshold 0.0001 for MOI AD,,,,,,,,,,,,No,No,,,Filtered: VUS with <5 points excluded from all reporting paths (auto/manual/delins),,Yes
7132150,7579_2025,chr3,15626187,C,A,BTD,AR,c.-16-9237C>A,Not provided,,,,NM_001370658.1,1/3,intron_variant,MODIFIER,Het,67,0.388,Biotinidase deficiency,No,,No,Not provided,No,Not provided,Not provided,Not provided,0,Not provided,0,0,N/A,Not provided,Not provided,0,Not provided,0,Not provided,No database evidence,0.000007,v3,-1.000,Not provided,Not provided,Not provided,[],[],unknown,No,"{""PM2_Moderate"": 2}",2,VUS,"No ClinVar submissions | No HGMD entry | raw_total=0.000, applied=None",No ClinVar submissions,No HGMD entry,0.000,,,,,PM2_Moderate: gnomAD max AF=6.56953e-06 < threshold 0.005 for MOI AR,,,,,,,,,,,,No,No,,,Filtered: VUS with <5 points excluded from all reporting paths (auto/manual/delins),,Yes
7132150,7579_2025,chr3,15674614,A,C,BTD,AR,c.1015+29683A>C,Not provided,,,,NM_001370752.1,4/4,intron_variant,MODIFIER,Het,58,0.610,Biotinidase deficiency,No,,No,Not provided,No,Not provided,Not provided,Not provided,0,Not provided,0,0,N/A,Not provided,Not provided,0,Not provided,0,Not provided,No database evidence,0.0,Unknown,-1.000,Not provided,Not provided,Not provided,[],[],unknown,No,"{""PM2_Moderate"": 2}",2,VUS,"No ClinVar submissions | No HGMD entry | raw_total=0.000, applied=None",No ClinVar submissions,No HGMD entry,0.000,,,,,PM2_Moderate: gnomAD max AF=0 < threshold 0.005 for MOI AR,,,,,,,,,,,,No,No,,,Filtered: VUS with <5 points excluded from all reporting paths (auto/manual/delins),,Yes
7132150,7579_2025,chr3,30655349,G,A,TGFBR2,AD,c.529+4889G>A,Not provided,,,,NM_001024847.2,4/7,intron_variant,MODIFIER,Het,73,0.507,Loeys-Dietz syndrome,No,,No,Not provided,No,Not provided,Not provided,Not provided,0,Not provided,0,0,N/A,Not provided,Not provided,0,Not provided,0,Not provided,No database evidence,0.0,Unknown,-1.000,Not provided,Not provided,Not provided,[],[],unknown,No,"{""PM2_Moderate"": 2}",2,VUS,"No ClinVar submissions | No HGMD entry | raw_total=0.000, applied=None",No ClinVar submissions,No HGMD entry,0.000,,,,,PM2_Moderate: gnomAD max AF=0 < threshold 0.0001 for MOI AD,,,,,,,,,,,,No,No,,,Filtered: VUS with <5 points excluded from all reporting paths (auto/manual/delins),,Yes
7132150,7579_2025,chr3,30678526,C,T,TGFBR2,AD,c.1471+4280C>T,Not provided,,,,NM_001024847.2,6/7,intron_variant,MODIFIER,Het,36,0.500,Loeys-Dietz syndrome,No,,No,Not provided,No,Not provided,Not provided,Not provided,0,Not provided,0,0,N/A,Not provided,Not provided,0,Not provided,0,Not provided,No database evidence,0.0,Unknown,-1.000,Not provided,Not provided,Not provided,[],[],unknown,No,"{""PM2_Moderate"": 2}",2,VUS,"No ClinVar submissions | No HGMD entry | raw_total=0.000, applied=None",No ClinVar submissions,No HGMD entry,0.000,,,,,PM2_Moderate: gnomAD max AF=0 < threshold 0.0001 for MOI AD,,,,,,,,,,,,No,No,,,Filtered: VUS with <5 points excluded from all reporting paths (auto/manual/delins),,Yes
7132150,7579_2025,chr3,37025608,ATT,A,MLH1,AD,c.1039-9_1039-8delTT,Not provided,,,,NM_000249.4,11/18,splice_region_variant&intron_variant,LOW,Het,16,0.250,Lynch syndrome,No,,No,"Colorectal cancer, hereditary nonpolyposis, type 2",No,Not provided,"Colorectal cancer, hereditary nonpolyposis, type 2",benign,1,Benign,1,1,conditions_csv_phenotype_match,Not provided,Not provided,0,Not provided,0,Not provided,"ClinVar: Sig=benign; ClinVar: Trait=Colorectal cancer, hereditary nonpolyposis, type 2",0.0,Unknown,-1.000,Not provided,Not provided,Not provided,[],[],unknown,No,"{""PM2_Moderate"": 2, ""BP5ext_Supporting"": -1}",1,VUS,"sig=benign (-3 points), stars=1 (0.75 coef), clinvar_phenotype_match=No [PENALTY APPLIED], clin=-1.000 | No HGMD entry | raw_total=-1.000, applied=BP5ext_Supporting","sig=benign (-3 points), stars=1 (0.75 coef), clinvar_phenotype_match=No [PENALTY APPLIED], clin=-1.000",No HGMD entry,-1.000,BP5ext_Supporting,,,,PM2_Moderate: gnomAD max AF=0 < threshold 0.0001 for MOI AD,,,,,,,,,,,,No,No,,,Filtered: VUS with <5 points excluded from all reporting paths (auto/manual/delins),,Yes
7132150,7579_2025,chr3,37046608,TA,T,MLH1,AD,c.1732-910delA,Not provided,,,,NM_000249.4,15/18,intron_variant,MODIFIER,Het,53,0.434,Lynch syndrome,No,,No,Not provided,No,Not provided,Not provided,Not provided,0,Not provided,0,0,N/A,Not provided,Not provided,0,Not provided,0,Not provided,No database evidence,0.0,Unknown,-1.000,Not provided,Not provided,Not provided,[],[],unknown,No,"{""PM2_Moderate"": 2}",2,VUS,"No ClinVar submissions | No HGMD entry | raw_total=0.000, applied=None",No ClinVar submissions,No HGMD entry,0.000,,,,,PM2_Moderate: gnomAD max AF=0 < threshold 0.0001 for MOI AD,,,,,,,,,,,,No,No,,,Cluster id=22 detected (members=chr3:37046608:TA:T:7132150;chr3:37046613:T:TTATATATATATA:7132150) - no Pathogenic/LP present; delins NOT flagged; requires P/LP to consider delins.;Delins/overlap cluster (id=22) detected but not all members meet P/LP or >5pts -> not auto-escalated (possible carrier).;Filtered: VUS with <5 points excluded from all reporting paths (auto/manual/delins),,Yes
7132150,7579_2025,chr3,37046613,T,TTATATATATATA,MLH1,AD,c.1732-905_1732-904insATATATATATAT,Not provided,,,,NM_000249.4,15/18,intron_variant,MODIFIER,Het,53,0.509,Lynch syndrome,No,,No,Not provided,No,Not provided,Not provided,Not provided,0,Not provided,0,0,N/A,Not provided,Not provided,0,Not provided,0,Not provided,No database evidence,0.0,Unknown,-1.000,Not provided,0.000,Not provided,[],[],unknown,No,"{""PM2_Moderate"": 2}",2,VUS,"No ClinVar submissions | No HGMD entry | raw_total=0.000, applied=None",No ClinVar submissions,No HGMD entry,0.000,,,,,PM2_Moderate: gnomAD max AF=0 < threshold 0.0001 for MOI AD,,,,,,,,,,,,No,No,,,Cluster id=22 detected (members=chr3:37046608:TA:T:7132150;chr3:37046613:T:TTATATATATATA:7132150) - no Pathogenic/LP present; delins NOT flagged; requires P/LP to consider delins.;Delins/overlap cluster (id=22) detected but not all members meet P/LP or >5pts -> not auto-escalated (possible carrier).;Filtered: VUS with <5 points excluded from all reporting paths (auto/manual/delins),,Yes
7132150,7579_2025,chr3,37048014,C,CA,MLH1,AD,c.1896+346dupA,Not provided,,,,NM_000249.4,16/18,intron_variant,MODIFIER,Het,49,0.367,Lynch syndrome,No,,No,Not provided,No,Not provided,Not provided,Not provided,0,Not provided,0,0,N/A,Not provided,Not provided,0,Not provided,0,Not provided,No database evidence,0.0,Unknown,-1.000,Not provided,Not provided,Not provided,[],[],unknown,No,"{""PM2_Moderate"": 2}",2,VUS,"No ClinVar submissions | No HGMD entry | raw_total=0.000, applied=None",No ClinVar submissions,No HGMD entry,0.000,,,,,PM2_Moderate: gnomAD max AF=0 < threshold 0.0001 for MOI AD,,,,,,,,,,,,No,No,,,Filtered: VUS with <5 points excluded from all reporting paths (auto/manual/delins),,Yes
7132150,7579_2025,chr3,38549575,G,A,SCN5A,AD,c.*746C>T,Not provided,,,,NM_198056.3,28/28,3_prime_UTR_variant,MODIFIER,Het,70,0.457,Long QT syndrome type 3; Brugada syndrome; Dilated cardiomyopathy,No,,No,Not provided,No,Not provided,Not provided,Not provided,0,Not provided,0,0,N/A,Not provided,Not provided,0,Not provided,0,Not provided,No database evidence,0.000046,v3,-1.000,Not provided,Not provided,Not provided,[],[],unknown,No,"{""PM2_Moderate"": 2}",2,VUS,"No ClinVar submissions | No HGMD entry | raw_total=0.000, applied=None",No ClinVar submissions,No HGMD entry,0.000,,,,,PM2_Moderate: gnomAD max AF=4.598e-05 < threshold 0.0001 for MOI AD,,,,,,,,,,,,No,No,,,Filtered: VUS with <5 points excluded from all reporting paths (auto/manual/delins),,Yes
7132150,7579_2025,chr3,38551646,G,GGGGGT,SCN5A,AD,c.4814-89_4814-88insACCCC,Not provided,,,,NM_198056.3,27/27,intron_variant,MODIFIER,Het,58,0.310,Long QT syndrome type 3; Brugada syndrome; Dilated cardiomyopathy,No,,No,Not provided,No,Not provided,Not provided,Not provided,0,Not provided,0,0,N/A,Not provided,Not provided,0,Not provided,0,Not provided,No database evidence,0.0,Unknown,-1.000,Not provided,0.000,Not provided,[],[],unknown,No,"{""PM2_Moderate"": 2}",2,VUS,"No ClinVar submissions | No HGMD entry | raw_total=0.000, applied=None",No ClinVar submissions,No HGMD entry,0.000,,,,,PM2_Moderate: gnomAD max AF=0 < threshold 0.0001 for MOI AD,,,,,,,,,,,,No,No,,,Filtered: VUS with <5 points excluded from all reporting paths (auto/manual/delins),,Yes
7132150,7579_2025,chr3,38555057,T,TTATATA,SCN5A,AD,c.4543-514_4543-509dupTATATA,Not provided,,,,NM_198056.3,26/27,intron_variant,MODIFIER,Hom,20,0.600,Long QT syndrome type 3; Brugada syndrome; Dilated cardiomyopathy,No,,No,Not provided,No,Not provided,Not provided,Not provided,0,Not provided,0,0,N/A,Not provided,Not provided,0,Not provided,0,Not provided,No database evidence,0.0,Unknown,-1.000,Not provided,0.000,Not provided,[],[],unknown,No,"{""PM2_Moderate"": 2}",2,VUS,"No ClinVar submissions | No HGMD entry | raw_total=0.000, applied=None",No ClinVar submissions,No HGMD entry,0.000,,,,,PM2_Moderate: gnomAD max AF=0 < threshold 0.0001 for MOI AD,,,,,,,,,,,,No,No,,,Filtered: VUS with <5 points excluded from all reporting paths (auto/manual/delins),,Yes
7132150,7579_2025,chr3,38557115,C,A,SCN5A,AD,c.4299+116G>T,Not provided,,,,NM_198056.3,24/27,intron_variant,MODIFIER,Het,83,0.530,Long QT syndrome type 3; Brugada syndrome; Dilated cardiomyopathy,No,,No,Not provided,No,Not provided,Not provided,Not provided,0,Not provided,0,0,N/A,Not provided,Not provided,0,Not provided,0,Not provided,No database evidence,0.0,Unknown,-1.000,Not provided,Not provided,Not provided,[],[],unknown,No,"{""PM2_Moderate"": 2}",2,VUS,"No ClinVar submissions | No HGMD entry | raw_total=0.000, applied=None",No ClinVar submissions,No HGMD entry,0.000,,,,,PM2_Moderate: gnomAD max AF=0 < threshold 0.0001 for MOI AD,,,,,,,,,,,,No,No,,,Filtered: VUS with <5 points excluded from all reporting paths (auto/manual/delins),,Yes
7132150,7579_2025,chr3,38577783,T,TTG,SCN5A,AD,c.3391-1003_3391-1002insCA,Not provided,,,,NM_198056.3,18/27,intron_variant,MODIFIER,Hom,59,0.915,Long QT syndrome type 3; Brugada syndrome; Dilated cardiomyopathy,No,,No,Not provided,No,Not provided,Not provided,Not provided,0,Not provided,0,0,N/A,Not provided,Not provided,0,Not provided,0,Not provided,No database evidence,0.0,Unknown,-1.000,Not provided,0.050,Not provided,[],[],unknown,No,"{""PM2_Moderate"": 2}",2,VUS,"No ClinVar submissions | No HGMD entry | raw_total=0.000, applied=None",No ClinVar submissions,No HGMD entry,0.000,,,,,PM2_Moderate: gnomAD max AF=0 < threshold 0.0001 for MOI AD,,,,,,,,,,,,No,No,,,Cluster id=23 detected (members=chr3:38577783:T:TTG:7132150;chr3:38577784:A:G:7132150;chr3:38577785:C:G:7132150) - no Pathogenic/LP present; delins NOT flagged; requires P/LP to consider delins.;Delins/overlap cluster (id=23) detected but not all members meet P/LP or >5pts -> not auto-escalated (possible carrier).;Filtered: VUS with <5 points excluded from all reporting paths (auto/manual/delins),,Yes
7132150,7579_2025,chr3,38577784,A,G,SCN5A,AD,c.3391-1003T>C,Not provided,,,,NM_198056.3,18/27,intron_variant,MODIFIER,Hom,57,1.000,Long QT syndrome type 3; Brugada syndrome; Dilated cardiomyopathy,No,,No,Not provided,No,Not provided,Not provided,Not provided,0,Not provided,0,0,N/A,Not provided,Not provided,0,Not provided,0,Not provided,No database evidence,0.0,Unknown,-1.000,Not provided,Not provided,Not provided,[],[],unknown,No,"{""PM2_Moderate"": 2}",2,VUS,"No ClinVar submissions | No HGMD entry | raw_total=0.000, applied=None",No ClinVar submissions,No HGMD entry,0.000,,,,,PM2_Moderate: gnomAD max AF=0 < threshold 0.0001 for MOI AD,,,,,,,,,,,,No,No,,,Cluster id=23 detected (members=chr3:38577783:T:TTG:7132150;chr3:38577784:A:G:7132150;chr3:38577785:C:G:7132150) - no Pathogenic/LP present; delins NOT flagged; requires P/LP to consider delins.;Delins/overlap cluster (id=23) detected but not all members meet P/LP or >5pts -> not auto-escalated (possible carrier).;Filtered: VUS with <5 points excluded from all reporting paths (auto/manual/delins),,Yes
7132150,7579_2025,chr3,38577785,C,G,SCN5A,AD,c.3391-1004G>C,Not provided,,,,NM_198056.3,18/27,intron_variant,MODIFIER,Hom,57,0.982,Long QT syndrome type 3; Brugada syndrome; Dilated cardiomyopathy,No,,No,Not provided,No,Not provided,Not provided,Not provided,0,Not provided,0,0,N/A,Not provided,Not provided,0,Not provided,0,Not provided,No database evidence,0.0,Unknown,-1.000,Not provided,Not provided,Not provided,[],[],unknown,No,"{""PM2_Moderate"": 2}",2,VUS,"No ClinVar submissions | No HGMD entry | raw_total=0.000, applied=None",No ClinVar submissions,No HGMD entry,0.000,,,,,PM2_Moderate: gnomAD max AF=0 < threshold 0.0001 for MOI AD,,,,,,,,,,,,No,No,,,Cluster id=23 detected (members=chr3:38577783:T:TTG:7132150;chr3:38577784:A:G:7132150;chr3:38577785:C:G:7132150) - no Pathogenic/LP present; delins NOT flagged; requires P/LP to consider delins.;Delins/overlap cluster (id=23) detected but not all members meet P/LP or >5pts -> not auto-escalated (possible carrier).;Filtered: VUS with <5 points excluded from all reporting paths (auto/manual/delins),,Yes
7132150,7579_2025,chr3,38612984,G,A,SCN5A,AD,c.703+759C>T,Not provided,,,,NM_198056.3,6/27,intron_variant,MODIFIER,Het,72,0.528,Long QT syndrome type 3; Brugada syndrome; Dilated cardiomyopathy,No,,No,Not provided,No,Not provided,Not provided,Not provided,0,Not provided,0,0,N/A,Not provided,Not provided,0,Not provided,0,Not provided,No database evidence,0.0,Unknown,-1.000,Not provided,Not provided,Not provided,[],[],unknown,No,"{""PM2_Moderate"": 2}",2,VUS,"No ClinVar submissions | No HGMD entry | raw_total=0.000, applied=None",No ClinVar submissions,No HGMD entry,0.000,,,,,PM2_Moderate: gnomAD max AF=0 < threshold 0.0001 for MOI AD,,,,,,,,,,,,No,No,,,Filtered: VUS with <5 points excluded from all reporting paths (auto/manual/delins),,Yes
7132150,7579_2025,chr3,38614154,C,G,SCN5A,AD,c.612-320G>C,Not provided,,,,NM_198056.3,5/27,intron_variant,MODIFIER,Het,66,0.515,Long QT syndrome type 3; Brugada syndrome; Dilated cardiomyopathy,No,,No,Not provided,No,Not provided,Not provided,Not provided,0,Not provided,0,0,N/A,Not provided,Not provided,0,Not provided,0,Not provided,No database evidence,0.0,Unknown,-1.000,Not provided,Not provided,Not provided,[],[],unknown,No,"{""PM2_Moderate"": 2}",2,VUS,"No ClinVar submissions | No HGMD entry | raw_total=0.000, applied=None",No ClinVar submissions,No HGMD entry,0.000,,,,,PM2_Moderate: gnomAD max AF=0 < threshold 0.0001 for MOI AD,,,,,,,,,,,,No,No,,,Filtered: VUS with <5 points excluded from all reporting paths (auto/manual/delins),,Yes
7132150,7579_2025,chr5,112746534,G,T,APC,AD,c.166-19792G>T,Not provided,,,,NM_001127511.3,1/13,intron_variant,MODIFIER,Het,46,0.478,Familial adenomatous polyposis,Yes,"RULES_PRESENT_NO_MATCH: Exclude if Consequence contains ""5_prime_UTR_variant"";RULES_PRESENT_NO_MATCH: Exclude if Consequence contains ""5_prime_UTR_variant""",No,Not provided,No,Not provided,Not provided,Not provided,0,Not provided,0,0,N/A,Not provided,Not provided,0,Not provided,0,Not provided,No database evidence,0.000026,v3,-1.000,Not provided,Not provided,Not provided,[],[],unknown,No,"{""PM2_Moderate"": 2}",2,VUS,"No ClinVar submissions | No HGMD entry | raw_total=0.000, applied=None",No ClinVar submissions,No HGMD entry,0.000,,,,,PM2_Moderate: gnomAD max AF=2.62902e-05 < threshold 0.0001 for MOI AD,,,,,,,,,,,,No,No,,,Filtered: VUS with <5 points excluded from all reporting paths (auto/manual/delins),,Yes
7132150,7579_2025,chr5,112824015,C,A,APC,AD,c.1354+2024C>A,Not provided,,,,NM_001127511.3,9/13,intron_variant,MODIFIER,Het,48,0.417,Familial adenomatous polyposis,Yes,"RULES_PRESENT_NO_MATCH: Exclude if Consequence contains ""5_prime_UTR_variant"";RULES_PRESENT_NO_MATCH: Exclude if Consequence contains ""5_prime_UTR_variant""",No,Not provided,No,Not provided,Not provided,Not provided,0,Not provided,0,0,N/A,Not provided,Not provided,0,Not provided,0,Not provided,No database evidence,0.000066,v3,-1.000,Not provided,Not provided,Not provided,[],[],unknown,No,"{""PM2_Moderate"": 2}",2,VUS,"No ClinVar submissions | No HGMD entry | raw_total=0.000, applied=None",No ClinVar submissions,No HGMD entry,0.000,,,,,PM2_Moderate: gnomAD max AF=6.56935e-05 < threshold 0.0001 for MOI AD,,,,,,,,,,,,No,No,,,Filtered: VUS with <5 points excluded from all reporting paths (auto/manual/delins),,Yes
7132150,7579_2025,chr6,7541558,C,G,DSP,AD,c.-358C>G,Not provided,,,,NM_004415.4,,upstream_gene_variant,MODIFIER,Het,27,0.259,Arrhythmogenic right ventricular cardiomyopathy; Dilated cardiomyopathy,No,,No,Not provided,No,Not provided,Not provided,Not provided,0,Not provided,0,0,N/A,Not provided,Not provided,0,Not provided,0,Not provided,No database evidence,0.0,Unknown,-1.000,Not provided,Not provided,Not provided,[],[],unknown,No,"{""PM2_Moderate"": 2}",2,VUS,"No ClinVar submissions | No HGMD entry | raw_total=0.000, applied=None",No ClinVar submissions,No HGMD entry,0.000,,,,,PM2_Moderate: gnomAD max AF=0 < threshold 0.0001 for MOI AD,,,,,,,,,,,,No,No,,,Filtered: VUS with <5 points excluded from all reporting paths (auto/manual/delins),,Yes
7132150,7579_2025,chr6,7563332,C,T,DSP,AD,c.727-404C>T,Not provided,,,,NM_004415.4,5/23,intron_variant,MODIFIER,Het,37,0.459,Arrhythmogenic right ventricular cardiomyopathy; Dilated cardiomyopathy,No,,No,Not provided,No,Not provided,Not provided,Not provided,0,Not provided,0,0,N/A,Not provided,Not provided,0,Not provided,0,Not provided,No database evidence,0.000069,v3,-1.000,Not provided,Not provided,Not provided,[],[],unknown,No,"{""PM2_Moderate"": 2}",2,VUS,"No ClinVar submissions | No HGMD entry | raw_total=0.000, applied=None",No ClinVar submissions,No HGMD entry,0.000,,,,,PM2_Moderate: gnomAD max AF=6.85981e-05 < threshold 0.0001 for MOI AD,,,,,,,,,,,,No,No,,,Filtered: VUS with <5 points excluded from all reporting paths (auto/manual/delins),,Yes
7132150,7579_2025,chr6,123257260,G,A,TRDN,AR,c.1871-1358C>T,Not provided,,,,NM_006073.4,35/40,intron_variant,MODIFIER,Het,59,0.508,Catecholaminergic polymorphic ventricular tachycardia; Long QT syndrome,No,,No,Not provided,No,Not provided,Not provided,Not provided,0,Not provided,0,0,N/A,Not provided,Not provided,0,Not provided,0,Not provided,No database evidence,0.000092,v3,-1.000,Not provided,Not provided,Not provided,[],[],unknown,No,"{""PM2_Moderate"": 2}",2,VUS,"No ClinVar submissions | No HGMD entry | raw_total=0.000, applied=None",No ClinVar submissions,No HGMD entry,0.000,,,,,PM2_Moderate: gnomAD max AF=9.23178e-05 < threshold 0.005 for MOI AR,,,,,,,,,,,,No,No,,,Filtered: VUS with <5 points excluded from all reporting paths (auto/manual/delins),,Yes
7132150,7579_2025,chr6,123266483,A,AAT,TRDN,AR,c.1784-1147_1784-1146dupAT,Not provided,,,,NM_006073.4,32/40,intron_variant,MODIFIER,Het,15,0.333,Catecholaminergic polymorphic ventricular tachycardia; Long QT syndrome,No,,No,Not provided,No,Not provided,Not provided,Not provided,0,Not provided,0,0,N/A,Not provided,Not provided,0,Not provided,0,Not provided,No database evidence,0.0,Unknown,-1.000,Not provided,0.000,Not provided,[],[],unknown,No,"{""PM2_Moderate"": 2}",2,VUS,"No ClinVar submissions | No HGMD entry | raw_total=0.000, applied=None",No ClinVar submissions,No HGMD entry,0.000,,,,,PM2_Moderate: gnomAD max AF=0 < threshold 0.005 for MOI AR,,,,,,,,,,,,No,No,,,Filtered: VUS with <5 points excluded from all reporting paths (auto/manual/delins),,Yes
7132150,7579_2025,chr6,123266529,AAT,A,TRDN,AR,c.1783+1176_1783+1177delAT,Not provided,,,,NM_006073.4,32/40,intron_variant,MODIFIER,Het,14,0.429,Catecholaminergic polymorphic ventricular tachycardia; Long QT syndrome,No,,No,Not provided,No,Not provided,Not provided,Not provided,0,Not provided,0,0,N/A,Not provided,Not provided,0,Not provided,0,Not provided,No database evidence,0.000074,v3,-1.000,Not provided,Not provided,Not provided,[],[],unknown,No,"{""PM2_Moderate"": 2}",2,VUS,"No ClinVar submissions | No HGMD entry | raw_total=0.000, applied=None",No ClinVar submissions,No HGMD entry,0.000,,,,,PM2_Moderate: gnomAD max AF=7.36269e-05 < threshold 0.005 for MOI AR,,,,,,,,,,,,No,No,,,Filtered: VUS with <5 points excluded from all reporting paths (auto/manual/delins),,Yes
7132150,7579_2025,chr6,123266615,AT,A,TRDN,AR,c.1783+1091delA,Not provided,,,,NM_006073.4,32/40,intron_variant,MODIFIER,Het,21,0.476,Catecholaminergic polymorphic ventricular tachycardia; Long QT syndrome,No,,No,Not provided,No,Not provided,Not provided,Not provided,0,Not provided,0,0,N/A,Not provided,Not provided,0,Not provided,0,Not provided,No database evidence,0.0,Unknown,-1.000,Not provided,Not provided,Not provided,[],[],unknown,No,"{""PM2_Moderate"": 2}",2,VUS,"No ClinVar submissions | No HGMD entry | raw_total=0.000, applied=None",No ClinVar submissions,No HGMD entry,0.000,,,,,PM2_Moderate: gnomAD max AF=0 < threshold 0.005 for MOI AR,,,,,,,,,,,,No,No,,,Cluster id=24 detected (members=chr6:123266615:AT:A:7132150;chr6:123266618:TA:T:7132150;chr6:123266619:A:AAT:7132150) - no Pathogenic/LP present; delins NOT flagged; requires P/LP to consider delins.;Delins/overlap cluster (id=24) detected but not all members meet P/LP or >5pts -> not auto-escalated (possible carrier).;Filtered: VUS with <5 points excluded from all reporting paths (auto/manual/delins),,Yes
7132150,7579_2025,chr6,123266618,TA,T,TRDN,AR,c.1783+1088delT,Not provided,,,,NM_006073.4,32/40,intron_variant,MODIFIER,Het,20,0.500,Catecholaminergic polymorphic ventricular tachycardia; Long QT syndrome,No,,No,Not provided,No,Not provided,Not provided,Not provided,0,Not provided,0,0,N/A,Not provided,Not provided,0,Not provided,0,Not provided,No database evidence,0.0,Unknown,-1.000,Not provided,Not provided,Not provided,[],[],unknown,No,"{""PM2_Moderate"": 2}",2,VUS,"No ClinVar submissions | No HGMD entry | raw_total=0.000, applied=None",No ClinVar submissions,No HGMD entry,0.000,,,,,PM2_Moderate: gnomAD max AF=0 < threshold 0.005 for MOI AR,,,,,,,,,,,,No,No,,,Cluster id=24 detected (members=chr6:123266615:AT:A:7132150;chr6:123266618:TA:T:7132150;chr6:123266619:A:AAT:7132150) - no Pathogenic/LP present; delins NOT flagged; requires P/LP to consider delins.;Delins/overlap cluster (id=24) detected but not all members meet P/LP or >5pts -> not auto-escalated (possible carrier).;Filtered: VUS with <5 points excluded from all reporting paths (auto/manual/delins),,Yes
7132150,7579_2025,chr6,123266619,A,AAT,TRDN,AR,c.1783+1086_1783+1087dupAT,Not provided,,,,NM_006073.4,32/40,intron_variant,MODIFIER,Het,12,0.500,Catecholaminergic polymorphic ventricular tachycardia; Long QT syndrome,No,,No,Not provided,No,Not provided,Not provided,Not provided,0,Not provided,0,0,N/A,Not provided,Not provided,0,Not provided,0,Not provided,No database evidence,0.0,Unknown,-1.000,Not provided,0.000,Not provided,[],[],unknown,No,"{""PM2_Moderate"": 2}",2,VUS,"No ClinVar submissions | No HGMD entry | raw_total=0.000, applied=None",No ClinVar submissions,No HGMD entry,0.000,,,,,PM2_Moderate: gnomAD max AF=0 < threshold 0.005 for MOI AR,,,,,,,,,,,,No,No,,,Cluster id=24 detected (members=chr6:123266615:AT:A:7132150;chr6:123266618:TA:T:7132150;chr6:123266619:A:AAT:7132150) - no Pathogenic/LP present; delins NOT flagged; requires P/LP to consider delins.;Delins/overlap cluster (id=24) detected but not all members meet P/LP or >5pts -> not auto-escalated (possible carrier).;Filtered: VUS with <5 points excluded from all reporting paths (auto/manual/delins),,Yes
7132150,7579_2025,chr6,123266642,TA,T,TRDN,AR,c.1783+1064delT,Not provided,,,,NM_006073.4,32/40,intron_variant,MODIFIER,Het,23,0.391,Catecholaminergic polymorphic ventricular tachycardia; Long QT syndrome,No,,No,Not provided,No,Not provided,Not provided,Not provided,0,Not provided,0,0,N/A,Not provided,Not provided,0,Not provided,0,Not provided,No database evidence,0.0,Unknown,-1.000,Not provided,Not provided,Not provided,[],[],unknown,No,"{""PM2_Moderate"": 2}",2,VUS,"No ClinVar submissions | No HGMD entry | raw_total=0.000, applied=None",No ClinVar submissions,No HGMD entry,0.000,,,,,PM2_Moderate: gnomAD max AF=0 < threshold 0.005 for MOI AR,,,,,,,,,,,,No,No,,,Filtered: VUS with <5 points excluded from all reporting paths (auto/manual/delins),,Yes
7132150,7579_2025,chr6,123292632,C,A,TRDN,AR,c.1511-13550G>T,Not provided,,,,NM_006073.4,24/40,intron_variant,MODIFIER,Het,75,0.533,Catecholaminergic polymorphic ventricular tachycardia; Long QT syndrome,No,,No,Not provided,No,Not provided,Not provided,Not provided,0,Not provided,0,0,N/A,Not provided,Not provided,0,Not provided,0,Not provided,No database evidence,0.0,Unknown,-1.000,Not provided,Not provided,Not provided,[],[],unknown,No,"{""PM2_Moderate"": 2}",2,VUS,"No ClinVar submissions | No HGMD entry | raw_total=0.000, applied=None",No ClinVar submissions,No HGMD entry,0.000,,,,,PM2_Moderate: gnomAD max AF=0 < threshold 0.005 for MOI AR,,,,,,,,,,,,No,No,,,Filtered: VUS with <5 points excluded from all reporting paths (auto/manual/delins),,Yes
7132150,7579_2025,chr6,123325759,T,C,TRDN,AR,c.1471+6120A>G,Not provided,,,,NM_006073.4,23/40,intron_variant,MODIFIER,Het,56,0.411,Catecholaminergic polymorphic ventricular tachycardia; Long QT syndrome,No,,No,Not provided,No,Not provided,Not provided,Not provided,0,Not provided,0,0,N/A,Not provided,Not provided,0,Not provided,0,Not provided,No database evidence,0.0,Unknown,-1.000,Not provided,Not provided,Not provided,[],[],unknown,No,"{""PM2_Moderate"": 2}",2,VUS,"No ClinVar submissions | No HGMD entry | raw_total=0.000, applied=None",No ClinVar submissions,No HGMD entry,0.000,,,,,PM2_Moderate: gnomAD max AF=0 < threshold 0.005 for MOI AR,,,,,,,,,,,,No,No,,,Filtered: VUS with <5 points excluded from all reporting paths (auto/manual/delins),,Yes
7132150,7579_2025,chr6,123366539,C,T,TRDN,AR,c.1274-357G>A,Not provided,,,,NM_006073.4,19/40,intron_variant,MODIFIER,Het,53,0.491,Catecholaminergic polymorphic ventricular tachycardia; Long QT syndrome,No,,No,Not provided,No,Not provided,Not provided,Not provided,0,Not provided,0,0,N/A,Not provided,Not provided,0,Not provided,0,Not provided,No database evidence,0.0,Unknown,-1.000,Not provided,Not provided,Not provided,[],[],unknown,No,"{""PM2_Moderate"": 2}",2,VUS,"No ClinVar submissions | No HGMD entry | raw_total=0.000, applied=None",No ClinVar submissions,No HGMD entry,0.000,,,,,PM2_Moderate: gnomAD max AF=0 < threshold 0.005 for MOI AR,,,,,,,,,,,,No,No,,,Filtered: VUS with <5 points excluded from all reporting paths (auto/manual/delins),,Yes
7132150,7579_2025,chr6,123420389,T,TA,TRDN,AR,c.1051+17673_1051+17674insT,Not provided,,,,NM_006073.4,12/40,intron_variant,MODIFIER,Het,65,0.523,Catecholaminergic polymorphic ventricular tachycardia; Long QT syndrome,No,,No,Not provided,No,Not provided,Not provided,Not provided,0,Not provided,0,0,N/A,Not provided,Not provided,0,Not provided,0,Not provided,No database evidence,0.0,Unknown,-1.000,Not provided,Not provided,Not provided,[],[],unknown,No,"{""PM2_Moderate"": 2}",2,VUS,"No ClinVar submissions | No HGMD entry | raw_total=0.000, applied=None",No ClinVar submissions,No HGMD entry,0.000,,,,,PM2_Moderate: gnomAD max AF=0 < threshold 0.005 for MOI AR,,,,,,,,,,,,No,No,,,Cluster id=25 detected (members=chr6:123420389:T:TA:7132150;chr6:123420390:T:A:7132150;chr6:123420391:T:A:7132150) - no Pathogenic/LP present; delins NOT flagged; requires P/LP to consider delins.;Delins/overlap cluster (id=25) detected but not all members meet P/LP or >5pts -> not auto-escalated (possible carrier).;Filtered: VUS with <5 points excluded from all reporting paths (auto/manual/delins),,Yes
7132150,7579_2025,chr6,123420390,T,A,TRDN,AR,c.1051+17673A>T,Not provided,,,,NM_006073.4,12/40,intron_variant,MODIFIER,Het,65,0.523,Catecholaminergic polymorphic ventricular tachycardia; Long QT syndrome,No,,No,Not provided,No,Not provided,Not provided,Not provided,0,Not provided,0,0,N/A,Not provided,Not provided,0,Not provided,0,Not provided,No database evidence,0.0,Unknown,-1.000,Not provided,Not provided,Not provided,[],[],unknown,No,"{""PM2_Moderate"": 2}",2,VUS,"No ClinVar submissions | No HGMD entry | raw_total=0.000, applied=None",No ClinVar submissions,No HGMD entry,0.000,,,,,PM2_Moderate: gnomAD max AF=0 < threshold 0.005 for MOI AR,,,,,,,,,,,,No,No,,,Cluster id=25 detected (members=chr6:123420389:T:TA:7132150;chr6:123420390:T:A:7132150;chr6:123420391:T:A:7132150) - no Pathogenic/LP present; delins NOT flagged; requires P/LP to consider delins.;Delins/overlap cluster (id=25) detected but not all members meet P/LP or >5pts -> not auto-escalated (possible carrier).;Filtered: VUS with <5 points excluded from all reporting paths (auto/manual/delins),,Yes
7132150,7579_2025,chr6,123420391,T,A,TRDN,AR,c.1051+17672A>T,Not provided,,,,NM_006073.4,12/40,intron_variant,MODIFIER,Het,64,0.531,Catecholaminergic polymorphic ventricular tachycardia; Long QT syndrome,No,,No,Not provided,No,Not provided,Not provided,Not provided,0,Not provided,0,0,N/A,Not provided,Not provided,0,Not provided,0,Not provided,No database evidence,0.0,Unknown,-1.000,Not provided,Not provided,Not provided,[],[],unknown,No,"{""PM2_Moderate"": 2}",2,VUS,"No ClinVar submissions | No HGMD entry | raw_total=0.000, applied=None",No ClinVar submissions,No HGMD entry,0.000,,,,,PM2_Moderate: gnomAD max AF=0 < threshold 0.005 for MOI AR,,,,,,,,,,,,No,No,,,Cluster id=25 detected (members=chr6:123420389:T:TA:7132150;chr6:123420390:T:A:7132150;chr6:123420391:T:A:7132150) - no Pathogenic/LP present; delins NOT flagged; requires P/LP to consider delins.;Delins/overlap cluster (id=25) detected but not all members meet P/LP or >5pts -> not auto-escalated (possible carrier).;Filtered: VUS with <5 points excluded from all reporting paths (auto/manual/delins),,Yes
7132150,7579_2025,chr6,123463631,G,A,TRDN,AR,c.*1252C>T,Not provided,,,,NM_001256020.2,,downstream_gene_variant,MODIFIER,Het,49,0.551,Catecholaminergic polymorphic ventricular tachycardia; Long QT syndrome,No,,No,Not provided,No,Not provided,Not provided,Not provided,0,Not provided,0,0,N/A,Not provided,Not provided,0,Not provided,0,Not provided,No database evidence,0.0,Unknown,-1.000,Not provided,Not provided,Not provided,[],[],unknown,No,"{""PM2_Moderate"": 2}",2,VUS,"No ClinVar submissions | No HGMD entry | raw_total=0.000, applied=None",No ClinVar submissions,No HGMD entry,0.000,,,,,PM2_Moderate: gnomAD max AF=0 < threshold 0.005 for MOI AR,,,,,,,,,,,,No,No,,,Filtered: VUS with <5 points excluded from all reporting paths (auto/manual/delins),,Yes
7132150,7579_2025,chr6,123499719,A,AAAAAAAAAAAAAAAAAAAAT,TRDN,AR,c.793+3999_793+4000insATTTTTTTTTTTTTTTTTTT,Not provided,,,,NM_001256020.2,8/8,intron_variant,MODIFIER,Hom,18,0.611,Catecholaminergic polymorphic ventricular tachycardia; Long QT syndrome,No,,No,Not provided,No,Not provided,Not provided,Not provided,0,Not provided,0,0,N/A,Not provided,Not provided,0,Not provided,0,Not provided,No database evidence,0.0,Unknown,-1.000,Not provided,0.000,Not provided,[],[],unknown,No,"{""PM2_Moderate"": 2, ""PM3_Supporting"": 1}",3,VUS,"No ClinVar submissions | No HGMD entry | raw_total=0.000, applied=None",No ClinVar submissions,No HGMD entry,0.000,,,,,PM2_Moderate: gnomAD max AF=0 < threshold 0.005 for MOI AR,,,,,,,,,,,,No,No,,,PM3 (PM3_Supporting): total=0.50 [homozygous: +0.5];Filtered: VUS with <5 points excluded from all reporting paths (auto/manual/delins),,Yes
7132150,7579_2025,chr6,123522107,G,T,TRDN,AR,c.485-5901C>A,Not provided,,,,NM_001256020.2,5/8,intron_variant,MODIFIER,Het,72,0.514,Catecholaminergic polymorphic ventricular tachycardia; Long QT syndrome,No,,No,Not provided,No,Not provided,Not provided,Not provided,0,Not provided,0,0,N/A,Not provided,Not provided,0,Not provided,0,Not provided,No database evidence,0.0,Unknown,-1.000,Not provided,Not provided,Not provided,[],[],unknown,No,"{""PM2_Moderate"": 2}",2,VUS,"No ClinVar submissions | No HGMD entry | raw_total=0.000, applied=None",No ClinVar submissions,No HGMD entry,0.000,,,,,PM2_Moderate: gnomAD max AF=0 < threshold 0.005 for MOI AR,,,,,,,,,,,,No,No,,,Filtered: VUS with <5 points excluded from all reporting paths (auto/manual/delins),,Yes
7132150,7579_2025,chr6,123532792,A,C,TRDN,AR,c.425-2227T>G,Not provided,,,,NM_001256020.2,4/8,intron_variant,MODIFIER,Het,28,0.690,Catecholaminergic polymorphic ventricular tachycardia; Long QT syndrome,No,,No,Not provided,No,Not provided,Not provided,Not provided,0,Not provided,0,0,N/A,Not provided,Not provided,0,Not provided,0,Not provided,No database evidence,0.000037,v3,-1.000,Not provided,Not provided,Not provided,[],[],unknown,No,"{""PM2_Moderate"": 2}",2,VUS,"No ClinVar submissions | No HGMD entry | raw_total=0.000, applied=None",No ClinVar submissions,No HGMD entry,0.000,,,,,PM2_Moderate: gnomAD max AF=3.67896e-05 < threshold 0.005 for MOI AR,,,,,,,,,,,,No,No,,,Filtered: VUS with <5 points excluded from all reporting paths (auto/manual/delins),,Yes
7132150,7579_2025,chr6,123551203,G,GATATATATATATATATATATATATATATATATATATAT,TRDN,AR,c.233-2592_233-2591insATATATATATATATATATATATATATATATATATATAT,Not provided,,,,NM_001256020.2,2/8,intron_variant,MODIFIER,Het,49,0.245,Catecholaminergic polymorphic ventricular tachycardia; Long QT syndrome,No,,No,Not provided,No,Not provided,Not provided,Not provided,0,Not provided,0,0,N/A,Not provided,Not provided,0,Not provided,0,Not provided,No database evidence,0.0,Unknown,-1.000,Not provided,0.000,Not provided,[],[],unknown,No,"{""PM2_Moderate"": 2}",2,VUS,"No ClinVar submissions | No HGMD entry | raw_total=0.000, applied=None",No ClinVar submissions,No HGMD entry,0.000,,,,,PM2_Moderate: gnomAD max AF=0 < threshold 0.005 for MOI AR,,,,,,,,,,,,No,No,,,Filtered: VUS with <5 points excluded from all reporting paths (auto/manual/delins),,Yes
7132150,7579_2025,chr6,123616509,C,A,TRDN,AR,c.22+20245G>T,Not provided,,,,NM_001256020.2,1/8,intron_variant,MODIFIER,Het,63,0.508,Catecholaminergic polymorphic ventricular tachycardia; Long QT syndrome,No,,No,Not provided,No,Not provided,Not provided,Not provided,0,Not provided,0,0,N/A,Not provided,Not provided,0,Not provided,0,Not provided,No database evidence,0.0,Unknown,-1.000,Not provided,Not provided,Not provided,[],[],unknown,No,"{""PM2_Moderate"": 2}",2,VUS,"No ClinVar submissions | No HGMD entry | raw_total=0.000, applied=None",No ClinVar submissions,No HGMD entry,0.000,,,,,PM2_Moderate: gnomAD max AF=0 < threshold 0.005 for MOI AR,,,,,,,,,,,,No,No,,,Filtered: VUS with <5 points excluded from all reporting paths (auto/manual/delins),,Yes
7132150,7579_2025,chr7,5996577,TA,T,PMS2,AD,c.485+748delT,Not provided,,,,NM_001322008.2,5/12,intron_variant,MODIFIER,Het,39,0.538,Lynch syndrome,No,,No,Not provided,No,Not provided,Not provided,Not provided,0,Not provided,0,0,N/A,Not provided,Not provided,0,Not provided,0,Not provided,No database evidence,0.0,Unknown,-1.000,Not provided,Not provided,Not provided,[],[],unknown,No,"{""PM2_Moderate"": 2}",2,VUS,"No ClinVar submissions | No HGMD entry | raw_total=0.000, applied=None",No ClinVar submissions,No HGMD entry,0.000,,,,,PM2_Moderate: gnomAD max AF=0 < threshold 0.0001 for MOI AD,,,,,,,,,,,,No,No,,,Filtered: VUS with <5 points excluded from all reporting paths (auto/manual/delins),,Yes
7132150,7579_2025,chr7,128831437,G,T,FLNC,AD,c.352+448G>T,Not provided,,,,NM_001458.5,1/47,intron_variant,MODIFIER,Het,66,0.561,Dilated cardiomyopathy; Hypertrophic cardiomyopathy; Myofibrillar myopathy,No,,No,Not provided,No,Not provided,Not provided,Not provided,0,Not provided,0,0,N/A,Not provided,Not provided,0,Not provided,0,Not provided,No database evidence,0.0,Unknown,-1.000,Not provided,Not provided,Not provided,[],[],unknown,No,"{""PM2_Moderate"": 2}",2,VUS,"No ClinVar submissions | No HGMD entry | raw_total=0.000, applied=None",No ClinVar submissions,No HGMD entry,0.000,,,,,PM2_Moderate: gnomAD max AF=0 < threshold 0.0001 for MOI AD,,,,,,,,,,,,No,No,,,Filtered: VUS with <5 points excluded from all reporting paths (auto/manual/delins),,Yes
7132150,7579_2025,chr7,128856162,C,T,FLNC,AD,c.7252-356C>T,Not provided,,,,NM_001458.5,43/47,intron_variant,MODIFIER,Het,76,0.526,Dilated cardiomyopathy; Hypertrophic cardiomyopathy; Myofibrillar myopathy,No,,No,Not provided,No,Not provided,Not provided,Not provided,0,Not provided,0,0,N/A,Not provided,Not provided,0,Not provided,0,Not provided,No database evidence,0.0,Unknown,-1.000,Not provided,Not provided,Not provided,[],[],unknown,No,"{""PM2_Moderate"": 2}",2,VUS,"No ClinVar submissions | No HGMD entry | raw_total=0.000, applied=None",No ClinVar submissions,No HGMD entry,0.000,,,,,PM2_Moderate: gnomAD max AF=0 < threshold 0.0001 for MOI AD,,,,,,,,,,,,No,No,,,Filtered: VUS with <5 points excluded from all reporting paths (auto/manual/delins),,Yes
7132150,7579_2025,chr7,151603390,G,C,PRKAG2,AD,c.383-7939C>G,Not provided,,,,NM_001304527.2,3/13,intron_variant,MODIFIER,Hom,8,0.500,Hypertrophic cardiomyopathy,No,,No,Not provided,No,Not provided,Not provided,Not provided,0,Not provided,0,0,N/A,Not provided,Not provided,0,Not provided,0,Not provided,No database evidence,0.0,Unknown,-1.000,Not provided,Not provided,Not provided,[],[],unknown,No,"{""PM2_Moderate"": 2}",2,VUS,"No ClinVar submissions | No HGMD entry | raw_total=0.000, applied=None",No ClinVar submissions,No HGMD entry,0.000,,,,,PM2_Moderate: gnomAD max AF=0 < threshold 0.0001 for MOI AD,,,,,,,,,,,,No,No,,,Cluster id=26 detected (members=chr7:151603390:G:C:7132150;chr7:151603393:A:C:7132150) - no Pathogenic/LP present; delins NOT flagged; requires P/LP to consider delins.;Delins/overlap cluster (id=26) detected but not all members meet P/LP or >5pts -> not auto-escalated (possible carrier).;Filtered: VUS with <5 points excluded from all reporting paths (auto/manual/delins),,Yes
7132150,7579_2025,chr7,151603393,A,C,PRKAG2,AD,c.383-7942T>G,Not provided,,,,NM_001304527.2,3/13,intron_variant,MODIFIER,Hom,6,0.333,Hypertrophic cardiomyopathy,No,,No,Not provided,No,Not provided,Not provided,Not provided,0,Not provided,0,0,N/A,Not provided,Not provided,0,Not provided,0,Not provided,No database evidence,0.0,Unknown,-1.000,Not provided,Not provided,Not provided,[],[],unknown,No,"{""PM2_Moderate"": 2}",2,VUS,"No ClinVar submissions | No HGMD entry | raw_total=0.000, applied=None",No ClinVar submissions,No HGMD entry,0.000,,,,,PM2_Moderate: gnomAD max AF=0 < threshold 0.0001 for MOI AD,,,,,,,,,,,,No,No,,,Cluster id=26 detected (members=chr7:151603390:G:C:7132150;chr7:151603393:A:C:7132150) - no Pathogenic/LP present; delins NOT flagged; requires P/LP to consider delins.;Delins/overlap cluster (id=26) detected but not all members meet P/LP or >5pts -> not auto-escalated (possible carrier).;Filtered: VUS with <5 points excluded from all reporting paths (auto/manual/delins),,Yes
7132150,7579_2025,chr7,151603450,G,C,PRKAG2,AD,c.383-7999C>G,Not provided,,,,NM_001304527.2,3/13,intron_variant,MODIFIER,Het,22,0.636,Hypertrophic cardiomyopathy,No,,No,Not provided,No,Not provided,Not provided,Not provided,0,Not provided,0,0,N/A,Not provided,Not provided,0,Not provided,0,Not provided,No database evidence,0.0,Unknown,-1.000,Not provided,Not provided,Not provided,[],[],unknown,No,"{""PM2_Moderate"": 2}",2,VUS,"No ClinVar submissions | No HGMD entry | raw_total=0.000, applied=None",No ClinVar submissions,No HGMD entry,0.000,,,,,PM2_Moderate: gnomAD max AF=0 < threshold 0.0001 for MOI AD,,,,,,,,,,,,No,No,,,Cluster id=27 detected (members=chr7:151603450:G:C:7132150;chr7:151603453:A:C:7132150) - no Pathogenic/LP present; delins NOT flagged; requires P/LP to consider delins.;Delins/overlap cluster (id=27) detected but not all members meet P/LP or >5pts -> not auto-escalated (possible carrier).;Filtered: VUS with <5 points excluded from all reporting paths (auto/manual/delins),,Yes
7132150,7579_2025,chr7,151603453,A,C,PRKAG2,AD,c.383-8002T>G,Not provided,,,,NM_001304527.2,3/13,intron_variant,MODIFIER,Het,32,0.438,Hypertrophic cardiomyopathy,No,,No,Not provided,No,Not provided,Not provided,Not provided,0,Not provided,0,0,N/A,Not provided,Not provided,0,Not provided,0,Not provided,No database evidence,0.000051,v3,-1.000,Not provided,Not provided,Not provided,[],[],unknown,No,"{""PM2_Moderate"": 2}",2,VUS,"No ClinVar submissions | No HGMD entry | raw_total=0.000, applied=None",No ClinVar submissions,No HGMD entry,0.000,,,,,PM2_Moderate: gnomAD max AF=5.14774e-05 < threshold 0.0001 for MOI AD,,,,,,,,,,,,No,No,,,Cluster id=27 detected (members=chr7:151603450:G:C:7132150;chr7:151603453:A:C:7132150) - no Pathogenic/LP present; delins NOT flagged; requires P/LP to consider delins.;Delins/overlap cluster (id=27) detected but not all members meet P/LP or >5pts -> not auto-escalated (possible carrier).;Filtered: VUS with <5 points excluded from all reporting paths (auto/manual/delins),,Yes
7132150,7579_2025,chr7,151603546,C,T,PRKAG2,AD,c.383-8095G>A,Not provided,,,,NM_001304527.2,3/13,intron_variant,MODIFIER,Het,71,0.338,Hypertrophic cardiomyopathy,No,,No,Not provided,No,Not provided,Not provided,Not provided,0,Not provided,0,0,N/A,Not provided,Not provided,0,Not provided,0,Not provided,No database evidence,0.0,Unknown,-1.000,Not provided,Not provided,Not provided,[],[],unknown,No,"{""PM2_Moderate"": 2}",2,VUS,"No ClinVar submissions | No HGMD entry | raw_total=0.000, applied=None",No ClinVar submissions,No HGMD entry,0.000,,,,,PM2_Moderate: gnomAD max AF=0 < threshold 0.0001 for MOI AD,,,,,,,,,,,,No,No,,,Filtered: VUS with <5 points excluded from all reporting paths (auto/manual/delins),,Yes
7132150,7579_2025,chr7,151705122,C,T,PRKAG2,AD,c.95-29485G>A,Not provided,,,,NM_001304527.2,1/13,intron_variant,MODIFIER,Het,76,0.447,Hypertrophic cardiomyopathy,No,,No,Not provided,No,Not provided,Not provided,Not provided,0,Not provided,0,0,N/A,Not provided,Not provided,0,Not provided,0,Not provided,No database evidence,0.0,Unknown,-1.000,Not provided,Not provided,Not provided,[],[],unknown,No,"{""PM2_Moderate"": 2}",2,VUS,"No ClinVar submissions | No HGMD entry | raw_total=0.000, applied=None",No ClinVar submissions,No HGMD entry,0.000,,,,,PM2_Moderate: gnomAD max AF=0 < threshold 0.0001 for MOI AD,,,,,,,,,,,,No,No,,,Filtered: VUS with <5 points excluded from all reporting paths (auto/manual/delins),,Yes
7132150,7579_2025,chr7,151706359,G,C,PRKAG2,AD,c.94+29541C>G,Not provided,,,,NM_001304527.2,1/13,intron_variant,MODIFIER,Het,75,0.547,Hypertrophic cardiomyopathy,No,,No,Not provided,No,Not provided,Not provided,Not provided,0,Not provided,0,0,N/A,Not provided,Not provided,0,Not provided,0,Not provided,No database evidence,0.000066,v3,-1.000,Not provided,Not provided,Not provided,[],[],unknown,No,"{""PM2_Moderate"": 2}",2,VUS,"No ClinVar submissions | No HGMD entry | raw_total=0.000, applied=None",No ClinVar submissions,No HGMD entry,0.000,,,,,PM2_Moderate: gnomAD max AF=6.56978e-05 < threshold 0.0001 for MOI AD,,,,,,,,,,,,No,No,,,Filtered: VUS with <5 points excluded from all reporting paths (auto/manual/delins),,Yes
7132150,7579_2025,chr7,151726787,C,T,PRKAG2,AD,c.94+9113G>A,Not provided,,,,NM_001304527.2,1/13,intron_variant,MODIFIER,Het,66,0.500,Hypertrophic cardiomyopathy,No,,No,Not provided,No,Not provided,Not provided,Not provided,0,Not provided,0,0,N/A,Not provided,Not provided,0,Not provided,0,Not provided,No database evidence,0.000020,v3,-1.000,Not provided,Not provided,Not provided,[],[],unknown,No,"{""PM2_Moderate"": 2}",2,VUS,"No ClinVar submissions | No HGMD entry | raw_total=0.000, applied=None",No ClinVar submissions,No HGMD entry,0.000,,,,,PM2_Moderate: gnomAD max AF=1.97169e-05 < threshold 0.0001 for MOI AD,,,,,,,,,,,,No,No,,,Filtered: VUS with <5 points excluded from all reporting paths (auto/manual/delins),,Yes
7132150,7579_2025,chr7,151737780,A,G,PRKAG2,AD,c.-1787T>C,Not provided,,,,NM_001304527.2,,upstream_gene_variant,MODIFIER,Het,79,0.519,Hypertrophic cardiomyopathy,No,,No,Not provided,No,Not provided,Not provided,Not provided,0,Not provided,0,0,N/A,Not provided,Not provided,0,Not provided,0,Not provided,No database evidence,0.0,Unknown,-1.000,Not provided,Not provided,Not provided,[],[],unknown,No,"{""PM2_Moderate"": 2}",2,VUS,"No ClinVar submissions | No HGMD entry | raw_total=0.000, applied=None",No ClinVar submissions,No HGMD entry,0.000,,,,,PM2_Moderate: gnomAD max AF=0 < threshold 0.0001 for MOI AD,,,,,,,,,,,,No,No,,,Filtered: VUS with <5 points excluded from all reporting paths (auto/manual/delins),,Yes
7132150,7579_2025,chr7,151773023,AAGAGAG,A,PRKAG2,AD,c.466+8123_466+8128delCTCTCT,Not provided,,,,NM_016203.4,3/15,intron_variant,MODIFIER,Het,10,0.300,Hypertrophic cardiomyopathy,No,,No,Not provided,No,Not provided,Not provided,Not provided,0,Not provided,0,0,N/A,Not provided,Not provided,0,Not provided,0,Not provided,No database evidence,0.0,Unknown,-1.000,Not provided,0.000,Not provided,[],[],unknown,No,"{""PM2_Moderate"": 2}",2,VUS,"No ClinVar submissions | No HGMD entry | raw_total=0.000, applied=None",No ClinVar submissions,No HGMD entry,0.000,,,,,PM2_Moderate: gnomAD max AF=0 < threshold 0.0001 for MOI AD,,,,,,,,,,,,No,No,,,Filtered: VUS with <5 points excluded from all reporting paths (auto/manual/delins),,Yes
7132150,7579_2025,chr7,151778142,C,A,PRKAG2,AD,c.466+3010G>T,Not provided,,,,NM_016203.4,3/15,intron_variant,MODIFIER,Het,73,0.521,Hypertrophic cardiomyopathy,No,,No,Not provided,No,Not provided,Not provided,Not provided,0,Not provided,0,0,N/A,Not provided,Not provided,0,Not provided,0,Not provided,No database evidence,0.0,Unknown,-1.000,Not provided,Not provided,Not provided,[],[],unknown,No,"{""PM2_Moderate"": 2}",2,VUS,"No ClinVar submissions | No HGMD entry | raw_total=0.000, applied=None",No ClinVar submissions,No HGMD entry,0.000,,,,,PM2_Moderate: gnomAD max AF=0 < threshold 0.0001 for MOI AD,,,,,,,,,,,,No,No,,,Filtered: VUS with <5 points excluded from all reporting paths (auto/manual/delins),,Yes
7132150,7579_2025,chr7,151782362,AGGG,A,PRKAG2,AD,c.187-934_187-932delCCC,Not provided,,,,NM_016203.4,2/15,intron_variant,MODIFIER,Het,14,0.500,Hypertrophic cardiomyopathy,No,,No,Not provided,No,Not provided,Not provided,Not provided,0,Not provided,0,0,N/A,Not provided,Not provided,0,Not provided,0,Not provided,No database evidence,0.0,Unknown,-1.000,Not provided,Not provided,Not provided,[],[],unknown,No,"{""PM2_Moderate"": 2}",2,VUS,"No ClinVar submissions | No HGMD entry | raw_total=0.000, applied=None",No ClinVar submissions,No HGMD entry,0.000,,,,,PM2_Moderate: gnomAD max AF=0 < threshold 0.0001 for MOI AD,,,,,,,,,,,,No,No,,,Cluster id=28 detected (members=chr7:151782362:AGGG:A:7132150;chr7:151782366:AG:A:7132150) - no Pathogenic/LP present; delins NOT flagged; requires P/LP to consider delins.;Delins/overlap cluster (id=28) detected but not all members meet P/LP or >5pts -> not auto-escalated (possible carrier).;Filtered: VUS with <5 points excluded from all reporting paths (auto/manual/delins),,Yes
7132150,7579_2025,chr7,151782366,AG,A,PRKAG2,AD,c.187-936delC,Not provided,,,,NM_016203.4,2/15,intron_variant,MODIFIER,Het,15,0.467,Hypertrophic cardiomyopathy,No,,No,Not provided,No,Not provided,Not provided,Not provided,0,Not provided,0,0,N/A,Not provided,Not provided,0,Not provided,0,Not provided,No database evidence,0.0,Unknown,-1.000,Not provided,Not provided,Not provided,[],[],unknown,No,"{""PM2_Moderate"": 2}",2,VUS,"No ClinVar submissions | No HGMD entry | raw_total=0.000, applied=None",No ClinVar submissions,No HGMD entry,0.000,,,,,PM2_Moderate: gnomAD max AF=0 < threshold 0.0001 for MOI AD,,,,,,,,,,,,No,No,,,Cluster id=28 detected (members=chr7:151782362:AGGG:A:7132150;chr7:151782366:AG:A:7132150) - no Pathogenic/LP present; delins NOT flagged; requires P/LP to consider delins.;Delins/overlap cluster (id=28) detected but not all members meet P/LP or >5pts -> not auto-escalated (possible carrier).;Filtered: VUS with <5 points excluded from all reporting paths (auto/manual/delins),,Yes
7132150,7579_2025,chr7,151785444,G,A,PRKAG2,AD,c.186+1026C>T,Not provided,,,,NM_016203.4,2/15,intron_variant,MODIFIER,Het,87,0.494,Hypertrophic cardiomyopathy,No,,No,Not provided,No,Not provided,Not provided,Not provided,0,Not provided,0,0,N/A,Not provided,Not provided,0,Not provided,0,Not provided,No database evidence,0.000053,v3,-1.000,Not provided,Not provided,Not provided,[],[],unknown,No,"{""PM2_Moderate"": 2}",2,VUS,"No ClinVar submissions | No HGMD entry | raw_total=0.000, applied=None",No ClinVar submissions,No HGMD entry,0.000,,,,,PM2_Moderate: gnomAD max AF=5.25431e-05 < threshold 0.0001 for MOI AD,,,,,,,,,,,,No,No,,,Filtered: VUS with <5 points excluded from all reporting paths (auto/manual/delins),,Yes
7132150,7579_2025,chr7,151786725,G,A,PRKAG2,AD,c.115-184C>T,Not provided,,,,NM_016203.4,1/15,intron_variant,MODIFIER,Het,72,0.472,Hypertrophic cardiomyopathy,No,,No,Not provided,No,Not provided,Not provided,Not provided,0,Not provided,0,0,N/A,Not provided,Not provided,0,Not provided,0,Not provided,No database evidence,0.000020,v3,-1.000,Not provided,Not provided,Not provided,[],[],unknown,No,"{""PM2_Moderate"": 2}",2,VUS,"No ClinVar submissions | No HGMD entry | raw_total=0.000, applied=None",No ClinVar submissions,No HGMD entry,0.000,,,,,PM2_Moderate: gnomAD max AF=1.97156e-05 < threshold 0.0001 for MOI AD,,,,,,,,,,,,No,No,,,Filtered: VUS with <5 points excluded from all reporting paths (auto/manual/delins),,Yes
7132150,7579_2025,chr7,151820620,C,G,PRKAG2,AD,c.115-34079G>C,Not provided,,,,NM_016203.4,1/15,intron_variant,MODIFIER,Het,71,0.366,Hypertrophic cardiomyopathy,No,,No,Not provided,No,Not provided,Not provided,Not provided,0,Not provided,0,0,N/A,Not provided,Not provided,0,Not provided,0,Not provided,No database evidence,0.0,Unknown,-1.000,Not provided,Not provided,Not provided,[],[],unknown,No,"{""PM2_Moderate"": 2}",2,VUS,"No ClinVar submissions | No HGMD entry | raw_total=0.000, applied=None",No ClinVar submissions,No HGMD entry,0.000,,,,,PM2_Moderate: gnomAD max AF=0 < threshold 0.0001 for MOI AD,,,,,,,,,,,,No,No,,,Cluster id=29 detected (members=chr7:151820620:C:G:7132150;chr7:151820626:A:T:7132150) - no Pathogenic/LP present; delins NOT flagged; requires P/LP to consider delins.;Delins/overlap cluster (id=29) detected but not all members meet P/LP or >5pts -> not auto-escalated (possible carrier).;Filtered: VUS with <5 points excluded from all reporting paths (auto/manual/delins),,Yes
7132150,7579_2025,chr7,151820626,A,T,PRKAG2,AD,c.115-34085T>A,Not provided,,,,NM_016203.4,1/15,intron_variant,MODIFIER,Het,74,0.378,Hypertrophic cardiomyopathy,No,,No,Not provided,No,Not provided,Not provided,Not provided,0,Not provided,0,0,N/A,Not provided,Not provided,0,Not provided,0,Not provided,No database evidence,0.0,Unknown,-1.000,Not provided,Not provided,Not provided,[],[],unknown,No,"{""PM2_Moderate"": 2}",2,VUS,"No ClinVar submissions | No HGMD entry | raw_total=0.000, applied=None",No ClinVar submissions,No HGMD entry,0.000,,,,,PM2_Moderate: gnomAD max AF=0 < threshold 0.0001 for MOI AD,,,,,,,,,,,,No,No,,,Cluster id=29 detected (members=chr7:151820620:C:G:7132150;chr7:151820626:A:T:7132150) - no Pathogenic/LP present; delins NOT flagged; requires P/LP to consider delins.;Delins/overlap cluster (id=29) detected but not all members meet P/LP or >5pts -> not auto-escalated (possible carrier).;Filtered: VUS with <5 points excluded from all reporting paths (auto/manual/delins),,Yes
7132150,7579_2025,chr7,151820654,C,T,PRKAG2,AD,c.115-34113G>A,Not provided,,,,NM_016203.4,1/15,intron_variant,MODIFIER,Het,86,0.419,Hypertrophic cardiomyopathy,No,,No,Not provided,No,Not provided,Not provided,Not provided,0,Not provided,0,0,N/A,Not provided,Not provided,0,Not provided,0,Not provided,No database evidence,0.000057,v3,-1.000,Not provided,Not provided,Not provided,[],[],unknown,No,"{""PM2_Moderate"": 2}",2,VUS,"No ClinVar submissions | No HGMD entry | raw_total=0.000, applied=None",No ClinVar submissions,No HGMD entry,0.000,,,,,PM2_Moderate: gnomAD max AF=5.72688e-05 < threshold 0.0001 for MOI AD,,,,,,,,,,,,No,No,,,Filtered: VUS with <5 points excluded from all reporting paths (auto/manual/delins),,Yes
7132150,7579_2025,chr7,151874459,TATGTATATGTATATG,T,PRKAG2,AD,c.114+2033_114+2047delCATATACATATACAT,Not provided,,,,NM_016203.4,1/15,intron_variant,MODIFIER,Het,19,0.368,Hypertrophic cardiomyopathy,No,,No,Not provided,No,Not provided,Not provided,Not provided,0,Not provided,0,0,N/A,Not provided,Not provided,0,Not provided,0,Not provided,No database evidence,0.000089,v3,-1.000,Not provided,0.010,Not provided,[],[],unknown,No,"{""PM2_Moderate"": 2}",2,VUS,"No ClinVar submissions | No HGMD entry | raw_total=0.000, applied=None",No ClinVar submissions,No HGMD entry,0.000,,,,,PM2_Moderate: gnomAD max AF=8.85034e-05 < threshold 0.0001 for MOI AD,,,,,,,,,,,,No,No,,,Cluster id=30 detected (members=chr7:151874459:TATGTATATGTATATG:T:7132150;chr7:151874474:G:GATGTAT:7132150) - no Pathogenic/LP present; delins NOT flagged; requires P/LP to consider delins.;Delins/overlap cluster (id=30) detected but not all members meet P/LP or >5pts -> not auto-escalated (possible carrier).;Filtered: VUS with <5 points excluded from all reporting paths (auto/manual/delins),,Yes
7132150,7579_2025,chr7,151874474,G,GATGTAT,PRKAG2,AD,c.114+2027_114+2032dupATACAT,Not provided,,,,NM_016203.4,1/15,intron_variant,MODIFIER,Hom,24,0.417,Hypertrophic cardiomyopathy,No,,No,Not provided,No,Not provided,Not provided,Not provided,0,Not provided,0,0,N/A,Not provided,Not provided,0,Not provided,0,Not provided,No database evidence,0.0,Unknown,-1.000,Not provided,0.010,Not provided,[],[],unknown,No,"{""PM2_Moderate"": 2}",2,VUS,"No ClinVar submissions | No HGMD entry | raw_total=0.000, applied=None",No ClinVar submissions,No HGMD entry,0.000,,,,,PM2_Moderate: gnomAD max AF=0 < threshold 0.0001 for MOI AD,,,,,,,,,,,,No,No,,,Cluster id=30 detected (members=chr7:151874459:TATGTATATGTATATG:T:7132150;chr7:151874474:G:GATGTAT:7132150) - no Pathogenic/LP present; delins NOT flagged; requires P/LP to consider delins.;Delins/overlap cluster (id=30) detected but not all members meet P/LP or >5pts -> not auto-escalated (possible carrier).;Filtered: VUS with <5 points excluded from all reporting paths (auto/manual/delins),,Yes
7132150,7579_2025,chr7,151880459,G,A,PRKAG2,AD,c.-3839C>T,Not provided,,,,NM_016203.4,,upstream_gene_variant,MODIFIER,Het,62,0.516,Hypertrophic cardiomyopathy,No,,No,Not provided,No,Not provided,Not provided,Not provided,0,Not provided,0,0,N/A,Not provided,Not provided,0,Not provided,0,Not provided,No database evidence,0.0,Unknown,-1.000,Not provided,Not provided,Not provided,[],[],unknown,No,"{""PM2_Moderate"": 2}",2,VUS,"No ClinVar submissions | No HGMD entry | raw_total=0.000, applied=None",No ClinVar submissions,No HGMD entry,0.000,,,,,PM2_Moderate: gnomAD max AF=0 < threshold 0.0001 for MOI AD,,,,,,,,,,,,No,No,,,Filtered: VUS with <5 points excluded from all reporting paths (auto/manual/delins),,Yes
7132150,7579_2025,chr9,99150269,C,G,TGFBR1,AD,c.*964C>G,Not provided,,,,NM_004612.4,9/9,3_prime_UTR_variant,MODIFIER,Het,75,0.427,Loeys-Dietz syndrome,No,,No,Not provided,No,Not provided,Not provided,Not provided,0,Not provided,0,0,N/A,Not provided,Not provided,0,Not provided,0,Not provided,No database evidence,0.000013,v3,-1.000,Not provided,Not provided,Not provided,[],[],unknown,No,"{""PM2_Moderate"": 2}",2,VUS,"No ClinVar submissions | No HGMD entry | raw_total=0.000, applied=None",No ClinVar submissions,No HGMD entry,0.000,,,,,PM2_Moderate: gnomAD max AF=1.31492e-05 < threshold 0.0001 for MOI AD,,,,,,,,,,,,No,No,,,Filtered: VUS with <5 points excluded from all reporting paths (auto/manual/delins),,Yes
7132150,7579_2025,chr9,132922606,A,G,TSC1,AD,c.509-633T>C,Not provided,,,,NM_000368.5,6/22,intron_variant,MODIFIER,Het,74,0.560,Tuberous sclerosis complex,No,,No,Not provided,No,Not provided,Not provided,Not provided,0,Not provided,0,0,N/A,Not provided,Not provided,0,Not provided,0,Not provided,No database evidence,0.0,Unknown,-1.000,Not provided,Not provided,Not provided,[],[],unknown,No,"{""PM2_Moderate"": 2}",2,VUS,"No ClinVar submissions | No HGMD entry | raw_total=0.000, applied=None",No ClinVar submissions,No HGMD entry,0.000,,,,,PM2_Moderate: gnomAD max AF=0 < threshold 0.0001 for MOI AD,,,,,,,,,,,,No,No,,,Filtered: VUS with <5 points excluded from all reporting paths (auto/manual/delins),,Yes
7132150,7579_2025,chr9,132944886,C,T,TSC1,AD,c.-487G>A,Not provided,,,,NM_000368.5,,upstream_gene_variant,MODIFIER,Het,43,0.488,Tuberous sclerosis complex,No,,No,Not provided,No,Not provided,Not provided,Not provided,0,Not provided,0,0,N/A,Not provided,Not provided,0,Not provided,0,Not provided,No database evidence,0.0,Unknown,-1.000,Not provided,Not provided,Not provided,[],[],unknown,No,"{""PM2_Moderate"": 2}",2,VUS,"No ClinVar submissions | No HGMD entry | raw_total=0.000, applied=None",No ClinVar submissions,No HGMD entry,0.000,,,,,PM2_Moderate: gnomAD max AF=0 < threshold 0.0001 for MOI AD,,,,,,,,,,,,No,No,,,Filtered: VUS with <5 points excluded from all reporting paths (auto/manual/delins),,Yes
7132150,7579_2025,chrX,38381483,T,C,OTC,XL,c.386+54T>C,Not provided,,,,NM_000531.6,4/9,intron_variant,MODIFIER,Hemi,19,1.000,Ornithine transcarbamylase deficiency,No,,No,Not provided,No,Not provided,Not provided,Not provided,0,Not provided,0,0,N/A,Not provided,Not provided,0,Not provided,0,Not provided,No database evidence,0.0,Unknown,-1.000,Not provided,Not provided,Not provided,[],[],unknown,No,"{""PM2_Moderate"": 2}",2,VUS,"No ClinVar submissions | No HGMD entry | raw_total=0.000, applied=None",No ClinVar submissions,No HGMD entry,0.000,,,,,PM2_Moderate: gnomAD max AF=0 < threshold 0.0001 for MOI XL,,,,,,,,,,,,No,No,,,Filtered: VUS with <5 points excluded from all reporting paths (auto/manual/delins),,Yes
7132150,7579_2025,chrX,38383835,G,T,OTC,XL,c.386+2406G>T,Not provided,,,,NM_000531.6,4/9,intron_variant,MODIFIER,Hemi,15,1.000,Ornithine transcarbamylase deficiency,No,,No,Not provided,No,Not provided,Not provided,Not provided,0,Not provided,0,0,N/A,Not provided,Not provided,0,Not provided,0,Not provided,No database evidence,0.0,Unknown,-1.000,Not provided,Not provided,Not provided,[],[],unknown,No,"{""PM2_Moderate"": 2}",2,VUS,"No ClinVar submissions | No HGMD entry | raw_total=0.000, applied=None",No ClinVar submissions,No HGMD entry,0.000,,,,,PM2_Moderate: gnomAD max AF=0 < threshold 0.0001 for MOI XL,,,,,,,,,,,,No,No,,,Filtered: VUS with <5 points excluded from all reporting paths (auto/manual/delins),,Yes
7132150,7579_2025,chr1,237075677,A,C,RYR2,AD,c.48+33108A>C,Not provided,,,,NM_001035.3,1/104,intron_variant,MODIFIER,Het,8,0.250,Catecholaminergic polymorphic ventricular tachycardia,No,,No,Not provided,No,Not provided,Not provided,Not provided,0,Not provided,0,0,N/A,Not provided,Not provided,0,Not provided,0,Not provided,No database evidence,0.0,Unknown,-1.000,Not provided,Not provided,Not provided,[],[],unknown,No,"{""PM2_Moderate"": 2}",2,VUS,"No ClinVar submissions | No HGMD entry | raw_total=0.000, applied=None",No ClinVar submissions,No HGMD entry,0.000,,,,,PM2_Moderate: gnomAD max AF=0 < threshold 0.0001 for MOI AD,,,,,,,,,,,,No,No,,,"Failed strict QC: heterozygous variant on chr1 with DP=8 (min=10), AF=0.250 (min=0.2);Filtered: VUS with <5 points excluded from all reporting paths (auto/manual/delins);Failed strict QC",,Yes
7132150,7579_2025,chr1,237075692,C,T,RYR2,AD,c.48+33123C>T,Not provided,,,,NM_001035.3,1/104,intron_variant,MODIFIER,Het,8,0.250,Catecholaminergic polymorphic ventricular tachycardia,No,,No,Not provided,No,Not provided,Not provided,Not provided,0,Not provided,0,0,N/A,Not provided,Not provided,0,Not provided,0,Not provided,No database evidence,0.0,Unknown,-1.000,Not provided,Not provided,Not provided,[],[],unknown,No,"{""PM2_Moderate"": 2}",2,VUS,"No ClinVar submissions | No HGMD entry | raw_total=0.000, applied=None",No ClinVar submissions,No HGMD entry,0.000,,,,,PM2_Moderate: gnomAD max AF=0 < threshold 0.0001 for MOI AD,,,,,,,,,,,,No,No,,,"Failed strict QC: heterozygous variant on chr1 with DP=8 (min=10), AF=0.250 (min=0.2);Filtered: VUS with <5 points excluded from all reporting paths (auto/manual/delins);Failed strict QC",,Yes
7132150,7579_2025,chr1,237237945,C,CTTT,RYR2,AD,c.49-32552_49-32551insTTT,Not provided,,,,NM_001035.3,1/104,intron_variant,MODIFIER,Het,7,0.286,Catecholaminergic polymorphic ventricular tachycardia,No,,No,Not provided,No,Not provided,Not provided,Not provided,0,Not provided,0,0,N/A,Not provided,Not provided,0,Not provided,0,Not provided,No database evidence,0.0,Unknown,-1.000,Not provided,0.010,Not provided,[],[],unknown,No,"{""PM2_Moderate"": 2}",2,VUS,"No ClinVar submissions | No HGMD entry | raw_total=0.000, applied=None",No ClinVar submissions,No HGMD entry,0.000,,,,,PM2_Moderate: gnomAD max AF=0 < threshold 0.0001 for MOI AD,,,,,,,,,,,,No,No,,,"Failed strict QC: heterozygous variant on chr1 with DP=7 (min=10), AF=0.286 (min=0.2);Filtered: VUS with <5 points excluded from all reporting paths (auto/manual/delins);Failed strict QC",,Yes
7132150,7579_2025,chr1,237515736,CT,C,RYR2,AD,c.2822+3947delT,Not provided,,,,NM_001035.3,24/104,intron_variant,MODIFIER,Het,8,0.750,Catecholaminergic polymorphic ventricular tachycardia,No,,No,Not provided,No,Not provided,Not provided,Not provided,0,Not provided,0,0,N/A,Not provided,Not provided,0,Not provided,0,Not provided,No database evidence,0.0,Unknown,-1.000,Not provided,Not provided,Not provided,[],[],unknown,No,"{""PM2_Moderate"": 2}",2,VUS,"No ClinVar submissions | No HGMD entry | raw_total=0.000, applied=None",No ClinVar submissions,No HGMD entry,0.000,,,,,PM2_Moderate: gnomAD max AF=0 < threshold 0.0001 for MOI AD,,,,,,,,,,,,No,No,,,"Cluster id=6 detected (members=chr1:237515736:CT:C:7132150;chr1:237515740:C:CTCGT:7132150) - no Pathogenic/LP present; delins NOT flagged; requires P/LP to consider delins.;Delins/overlap cluster (id=6) detected but not all members meet P/LP or >5pts -> not auto-escalated (possible carrier).;Failed strict QC: heterozygous variant on chr1 with DP=8 (min=10), AF=0.750 (min=0.2);Filtered: VUS with <5 points excluded from all reporting paths (auto/manual/delins);Failed strict QC",,Yes
7132150,7579_2025,chr1,237515740,C,CTCGT,RYR2,AD,c.2822+3949_2822+3950insTCGT,Not provided,,,,NM_001035.3,24/104,intron_variant,MODIFIER,Het,7,0.286,Catecholaminergic polymorphic ventricular tachycardia,No,,No,Not provided,No,Not provided,Not provided,Not provided,0,Not provided,0,0,N/A,Not provided,Not provided,0,Not provided,0,Not provided,No database evidence,0.0,Unknown,-1.000,Not provided,0.000,Not provided,[],[],unknown,No,"{""PM2_Moderate"": 2}",2,VUS,"No ClinVar submissions | No HGMD entry | raw_total=0.000, applied=None",No ClinVar submissions,No HGMD entry,0.000,,,,,PM2_Moderate: gnomAD max AF=0 < threshold 0.0001 for MOI AD,,,,,,,,,,,,No,No,,,"Cluster id=6 detected (members=chr1:237515736:CT:C:7132150;chr1:237515740:C:CTCGT:7132150) - no Pathogenic/LP present; delins NOT flagged; requires P/LP to consider delins.;Delins/overlap cluster (id=6) detected but not all members meet P/LP or >5pts -> not auto-escalated (possible carrier).;Failed strict QC: heterozygous variant on chr1 with DP=7 (min=10), AF=0.286 (min=0.2);Filtered: VUS with <5 points excluded from all reporting paths (auto/manual/delins);Failed strict QC",,Yes
7132150,7579_2025,chr1,237565177,T,TTC,RYR2,AD,c.3215-1388_3215-1387dupCT,Not provided,,,,NM_001035.3,27/104,intron_variant,MODIFIER,Het,5,0.600,Catecholaminergic polymorphic ventricular tachycardia,No,,No,Not provided,No,Not provided,Not provided,Not provided,0,Not provided,0,0,N/A,Not provided,Not provided,0,Not provided,0,Not provided,No database evidence,0.000037,v3,-1.000,Not provided,0.000,Not provided,[],[],unknown,No,"{""PM2_Moderate"": 2}",2,VUS,"No ClinVar submissions | No HGMD entry | raw_total=0.000, applied=None",No ClinVar submissions,No HGMD entry,0.000,,,,,PM2_Moderate: gnomAD max AF=3.65337e-05 < threshold 0.0001 for MOI AD,,,,,,,,,,,,No,No,,,"Failed strict QC: heterozygous variant on chr1 with DP=5 (min=10), AF=0.600 (min=0.2);Filtered: VUS with <5 points excluded from all reporting paths (auto/manual/delins);Failed strict QC",,Yes
7132150,7579_2025,chr10,119675902,C,CT,BAG3,AD,c.910-562_910-561insT,Not provided,,,,NM_004281.4,3/3,intron_variant,MODIFIER,Het,6,0.333,Dilated cardiomyopathy; Myofibrillar myopathy,No,,No,Not provided,No,Not provided,Not provided,Not provided,0,Not provided,0,0,N/A,Not provided,Not provided,0,Not provided,0,Not provided,No database evidence,0.0,Unknown,-1.000,Not provided,Not provided,Not provided,[],[],unknown,No,"{""PM2_Moderate"": 2}",2,VUS,"No ClinVar submissions | No HGMD entry | raw_total=0.000, applied=None",No ClinVar submissions,No HGMD entry,0.000,,,,,PM2_Moderate: gnomAD max AF=0 < threshold 0.0001 for MOI AD,,,,,,,,,,,,No,No,,,"Cluster id=11 detected (members=chr10:119675902:C:CT:7132150;chr10:119675907:T:C:7132150) - no Pathogenic/LP present; delins NOT flagged; requires P/LP to consider delins.;Delins/overlap cluster (id=11) detected but not all members meet P/LP or >5pts -> not auto-escalated (possible carrier).;Failed strict QC: heterozygous variant on chr10 with DP=6 (min=10), AF=0.333 (min=0.2);Filtered: VUS with <5 points excluded from all reporting paths (auto/manual/delins);Failed strict QC",,Yes
7132150,7579_2025,chr10,119675907,T,C,BAG3,AD,c.910-557T>C,Not provided,,,,NM_004281.4,3/3,intron_variant,MODIFIER,Het,7,0.429,Dilated cardiomyopathy; Myofibrillar myopathy,No,,No,Not provided,No,Not provided,Not provided,Not provided,0,Not provided,0,0,N/A,Not provided,Not provided,0,Not provided,0,Not provided,No database evidence,0.0,Unknown,-1.000,Not provided,Not provided,Not provided,[],[],unknown,No,"{""PM2_Moderate"": 2}",2,VUS,"No ClinVar submissions | No HGMD entry | raw_total=0.000, applied=None",No ClinVar submissions,No HGMD entry,0.000,,,,,PM2_Moderate: gnomAD max AF=0 < threshold 0.0001 for MOI AD,,,,,,,,,,,,No,No,,,"Cluster id=11 detected (members=chr10:119675902:C:CT:7132150;chr10:119675907:T:C:7132150) - no Pathogenic/LP present; delins NOT flagged; requires P/LP to consider delins.;Delins/overlap cluster (id=11) detected but not all members meet P/LP or >5pts -> not auto-escalated (possible carrier).;Failed strict QC: heterozygous variant on chr10 with DP=7 (min=10), AF=0.429 (min=0.2);Filtered: VUS with <5 points excluded from all reporting paths (auto/manual/delins);Failed strict QC",,Yes
7132150,7579_2025,chr11,2733857,C,CTCTTTCTCTCT,KCNQ1,AD,c.1134-34987_1134-34986insTCTTTCTCTCT,Not provided,,,,NM_181798.1,11/15,intron_variant,MODIFIER,Het,5,0.400,Long-QT syndrome type 1,No,,No,Not provided,No,Not provided,Not provided,Not provided,0,Not provided,0,0,N/A,Not provided,Not provided,0,Not provided,0,Not provided,No database evidence,0.0,Unknown,-1.000,Not provided,0.000,Not provided,[],[],unknown,No,"{""PM2_Moderate"": 2}",2,VUS,"No ClinVar submissions | No HGMD entry | raw_total=0.000, applied=None",No ClinVar submissions,No HGMD entry,0.000,,,,,PM2_Moderate: gnomAD max AF=0 < threshold 0.0001 for MOI AD,,,,,,,,,,,,No,No,,,"Failed strict QC: heterozygous variant on chr11 with DP=5 (min=10), AF=0.400 (min=0.2);Filtered: VUS with <5 points excluded from all reporting paths (auto/manual/delins);Failed strict QC",,Yes
7132150,7579_2025,chr11,64811355,ATTTT,A,MEN1,AD,c.-753_-750delAAAA,Not provided,,,,NM_130799.3,,upstream_gene_variant,MODIFIER,Het,5,0.400,Multiple endocrine neoplasia type 1,No,,No,Not provided,No,Not provided,Not provided,Not provided,0,Not provided,0,0,N/A,Not provided,Not provided,0,Not provided,0,Not provided,No database evidence,0.0,Unknown,-1.000,Not provided,Not provided,Not provided,[],[],unknown,No,"{""PM2_Moderate"": 2}",2,VUS,"No ClinVar submissions | No HGMD entry | raw_total=0.000, applied=None",No ClinVar submissions,No HGMD entry,0.000,,,,,PM2_Moderate: gnomAD max AF=0 < threshold 0.0001 for MOI AD,,,,,,,,,,,,No,No,,,"Cluster id=12 detected (members=chr11:64811350:TATATA:T:7132150;chr11:64811355:ATTTT:A:7132150) - no Pathogenic/LP present; delins NOT flagged; requires P/LP to consider delins.;Delins/overlap cluster (id=12) detected but not all members meet P/LP or >5pts -> not auto-escalated (possible carrier).;Failed strict QC: heterozygous variant on chr11 with DP=5 (min=10), AF=0.400 (min=0.2);Filtered: VUS with <5 points excluded from all reporting paths (auto/manual/delins);Failed strict QC",,Yes
7132150,7579_2025,chr7,151841684,G,A,PRKAG2,AD,c.114+34823C>T,Not provided,,,,NM_016203.4,1/15,intron_variant,MODIFIER,Het,9,0.222,Hypertrophic cardiomyopathy,No,,No,Not provided,No,Not provided,Not provided,Not provided,0,Not provided,0,0,N/A,Not provided,Not provided,0,Not provided,0,Not provided,No database evidence,0.0,Unknown,-1.000,Not provided,Not provided,Not provided,[],[],unknown,No,"{""PM2_Moderate"": 2}",2,VUS,"No ClinVar submissions | No HGMD entry | raw_total=0.000, applied=None",No ClinVar submissions,No HGMD entry,0.000,,,,,PM2_Moderate: gnomAD max AF=0 < threshold 0.0001 for MOI AD,,,,,,,,,,,,No,No,,,"Failed strict QC: heterozygous variant on chr7 with DP=9 (min=10), AF=0.222 (min=0.2);Filtered: VUS with <5 points excluded from all reporting paths (auto/manual/delins);Failed strict QC",,Yes
7132150,7579_2025,chr7,151855046,C,T,PRKAG2,AD,c.114+21461G>A,Not provided,,,,NM_016203.4,1/15,intron_variant,MODIFIER,Het,7,0.429,Hypertrophic cardiomyopathy,No,,No,Not provided,No,Not provided,Not provided,Not provided,0,Not provided,0,0,N/A,Not provided,Not provided,0,Not provided,0,Not provided,No database evidence,0.0,Unknown,-1.000,Not provided,Not provided,Not provided,[],[],unknown,No,"{""PM2_Moderate"": 2}",2,VUS,"No ClinVar submissions | No HGMD entry | raw_total=0.000, applied=None",No ClinVar submissions,No HGMD entry,0.000,,,,,PM2_Moderate: gnomAD max AF=0 < threshold 0.0001 for MOI AD,,,,,,,,,,,,No,No,,,"Failed strict QC: heterozygous variant on chr7 with DP=7 (min=10), AF=0.429 (min=0.2);Filtered: VUS with <5 points excluded from all reporting paths (auto/manual/delins);Failed strict QC",,Yes
